"Index","AEX.Close"
"2010-01-04",343.029999
"2010-01-05",342.019989
"2010-01-06",341.480011
"2010-01-07",340.549988
"2010-01-08",341.940002
"2010-01-11",340.519989
"2010-01-12",336.769989
"2010-01-13",338.179993
"2010-01-14",340.609985
"2010-01-15",337.98999
"2010-01-18",339.029999
"2010-01-19",341.609985
"2010-01-20",336.299988
"2010-01-21",332.170013
"2010-01-22",329.480011
"2010-01-25",328.51001
"2010-01-26",329.649994
"2010-01-27",327.26001
"2010-01-28",323.950012
"2010-01-29",327.899994
"2010-02-01",331.309998
"2010-02-02",334.040009
"2010-02-03",333.029999
"2010-02-04",323.230011
"2010-02-05",315.040009
"2010-02-08",316.5
"2010-02-09",317.059998
"2010-02-10",316.100006
"2010-02-11",316.799988
"2010-02-12",315.73999
"2010-02-15",315.859985
"2010-02-16",318.839996
"2010-02-17",323.130005
"2010-02-18",324.299988
"2010-02-19",325.600006
"2010-02-22",325.119995
"2010-02-23",320.98999
"2010-02-24",320.920013
"2010-02-25",314.850006
"2010-02-26",317.73999
"2010-03-01",324.369995
"2010-03-02",328.23999
"2010-03-03",331.859985
"2010-03-04",332.450012
"2010-03-05",338.679993
"2010-03-08",338.170013
"2010-03-09",339.089996
"2010-03-10",340.970001
"2010-03-11",339.019989
"2010-03-12",339.570007
"2010-03-15",335.109985
"2010-03-16",339.26001
"2010-03-17",343.059998
"2010-03-18",341.950012
"2010-03-19",338.649994
"2010-03-22",338.130005
"2010-03-23",341.51001
"2010-03-24",341.73999
"2010-03-25",345.609985
"2010-03-26",343.809998
"2010-03-29",343.959991
"2010-03-30",343.600006
"2010-03-31",344.220001
"2010-04-01",351.440002
"2010-04-06",355.609985
"2010-04-07",353.890015
"2010-04-08",350.890015
"2010-04-09",355.890015
"2010-04-12",355.339996
"2010-04-13",354.429993
"2010-04-14",356.670013
"2010-04-15",355.570007
"2010-04-16",349.75
"2010-04-19",348.570007
"2010-04-20",354.859985
"2010-04-21",353.660004
"2010-04-22",351.309998
"2010-04-23",353.380005
"2010-04-26",357.429993
"2010-04-27",349.119995
"2010-04-28",344.549988
"2010-04-29",348.459991
"2010-04-30",345.910004
"2010-05-03",346.940002
"2010-05-04",335.859985
"2010-05-05",330.779999
"2010-05-06",326.190002
"2010-05-07",312.350006
"2010-05-10",335.23999
"2010-05-11",333.480011
"2010-05-12",336.899994
"2010-05-13",337.799988
"2010-05-14",327.23999
"2010-05-17",326.570007
"2010-05-18",331
"2010-05-19",321.450012
"2010-05-20",314.859985
"2010-05-21",313.410004
"2010-05-24",313.570007
"2010-05-25",305.029999
"2010-05-26",312
"2010-05-27",321.160004
"2010-05-28",320.640015
"2010-05-31",320.700012
"2010-06-01",321.209991
"2010-06-02",322.559998
"2010-06-03",327.029999
"2010-06-04",321.220001
"2010-06-07",317.540009
"2010-06-08",314.829987
"2010-06-09",320.630005
"2010-06-10",325.420013
"2010-06-11",325.559998
"2010-06-14",331.450012
"2010-06-15",333.820007
"2010-06-16",334.76001
"2010-06-17",335.26001
"2010-06-18",336.059998
"2010-06-21",341.040009
"2010-06-22",339.799988
"2010-06-23",335.109985
"2010-06-24",329.220001
"2010-06-25",325.98999
"2010-06-28",330.459991
"2010-06-29",319.029999
"2010-06-30",316.809998
"2010-07-01",307.869995
"2010-07-02",308.200012
"2010-07-05",306.269989
"2010-07-06",314.429993
"2010-07-07",317.559998
"2010-07-08",322.619995
"2010-07-09",324.420013
"2010-07-12",326.559998
"2010-07-13",333.76001
"2010-07-14",335.029999
"2010-07-15",329.76001
"2010-07-16",323.98999
"2010-07-19",322
"2010-07-20",320.459991
"2010-07-21",326.359985
"2010-07-22",335.200012
"2010-07-23",337.140015
"2010-07-26",337.820007
"2010-07-27",338.079987
"2010-07-28",335.029999
"2010-07-29",332.130005
"2010-07-30",330.640015
"2010-08-02",339.660004
"2010-08-03",339
"2010-08-04",339.200012
"2010-08-05",336.570007
"2010-08-06",331.190002
"2010-08-09",335.890015
"2010-08-10",333.140015
"2010-08-11",324.98999
"2010-08-12",324.119995
"2010-08-13",323.920013
"2010-08-16",323.140015
"2010-08-17",328.450012
"2010-08-18",327.670013
"2010-08-19",322.369995
"2010-08-20",318.019989
"2010-08-23",318.540009
"2010-08-24",313.390015
"2010-08-25",311.720001
"2010-08-26",314.220001
"2010-08-27",317.040009
"2010-08-30",315.549988
"2010-08-31",316.470001
"2010-09-01",325.519989
"2010-09-02",326.570007
"2010-09-03",329.350006
"2010-09-06",330.529999
"2010-09-07",327.76001
"2010-09-08",331.429993
"2010-09-09",334.589996
"2010-09-10",334.959991
"2010-09-13",337.269989
"2010-09-14",336.730011
"2010-09-15",335.859985
"2010-09-16",334.670013
"2010-09-17",334.540009
"2010-09-20",339.809998
"2010-09-21",338.940002
"2010-09-22",334.350006
"2010-09-23",332.820007
"2010-09-24",337.850006
"2010-09-27",337.170013
"2010-09-28",338.170013
"2010-09-29",335.850006
"2010-09-30",334.390015
"2010-10-01",333.779999
"2010-10-04",330.399994
"2010-10-05",335.029999
"2010-10-06",336.970001
"2010-10-07",337.670013
"2010-10-08",336.529999
"2010-10-11",337.040009
"2010-10-12",335.089996
"2010-10-13",341.720001
"2010-10-14",341.329987
"2010-10-15",341.450012
"2010-10-18",341.720001
"2010-10-19",339.149994
"2010-10-20",339.709991
"2010-10-21",341.920013
"2010-10-22",341.070007
"2010-10-25",342.529999
"2010-10-26",340.76001
"2010-10-27",337.98999
"2010-10-28",338.100006
"2010-10-29",337.230011
"2010-11-01",339.350006
"2010-11-02",342.019989
"2010-11-03",339.049988
"2010-11-04",345.149994
"2010-11-05",346.899994
"2010-11-08",346.690002
"2010-11-09",347.73999
"2010-11-10",346.089996
"2010-11-11",344.829987
"2010-11-12",343.200012
"2010-11-15",345.529999
"2010-11-16",339.209991
"2010-11-17",341.5
"2010-11-18",346.269989
"2010-11-19",344.579987
"2010-11-22",342.420013
"2010-11-23",334.820007
"2010-11-24",337.200012
"2010-11-25",338.769989
"2010-11-26",336.26001
"2010-11-29",329.670013
"2010-11-30",327.410004
"2010-12-01",335.799988
"2010-12-02",341.450012
"2010-12-03",342.190002
"2010-12-06",342.339996
"2010-12-07",346.209991
"2010-12-08",346.720001
"2010-12-09",349.380005
"2010-12-10",350.209991
"2010-12-13",351.299988
"2010-12-14",351.820007
"2010-12-15",350.790009
"2010-12-16",351.880005
"2010-12-17",352.049988
"2010-12-20",353.149994
"2010-12-21",356.140015
"2010-12-22",356.170013
"2010-12-23",356.209991
"2010-12-24",355.920013
"2010-12-27",355.570007
"2010-12-28",356.690002
"2010-12-29",358.320007
"2010-12-30",356.359985
"2011-01-03",359.859985
"2011-01-04",358.859985
"2011-01-05",357.279999
"2011-01-06",356.890015
"2011-01-07",356.440002
"2011-01-10",354.209991
"2011-01-11",358.299988
"2011-01-12",362.410004
"2011-01-13",360.790009
"2011-01-14",361.320007
"2011-01-17",361.079987
"2011-01-18",363.730011
"2011-01-19",357.959991
"2011-01-20",356.140015
"2011-01-21",361.049988
"2011-01-24",360.98999
"2011-01-25",358.76001
"2011-01-26",362.049988
"2011-01-27",364.329987
"2011-01-28",361.160004
"2011-01-31",360.75
"2011-02-01",367.109985
"2011-02-02",367.390015
"2011-02-03",364.890015
"2011-02-04",365.51001
"2011-02-07",369.850006
"2011-02-08",371.109985
"2011-02-09",369.179993
"2011-02-10",370.609985
"2011-02-11",369.649994
"2011-02-14",370.170013
"2011-02-15",370.51001
"2011-02-16",371.48999
"2011-02-17",372.98999
"2011-02-18",374.190002
"2011-02-21",370.920013
"2011-02-22",368.829987
"2011-02-23",365.23999
"2011-02-24",363.730011
"2011-02-25",366.769989
"2011-02-28",369.130005
"2011-03-01",367.950012
"2011-03-02",364.859985
"2011-03-03",367.600006
"2011-03-04",367.950012
"2011-03-07",366.079987
"2011-03-08",366.380005
"2011-03-09",366.25
"2011-03-10",362.140015
"2011-03-11",359.070007
"2011-03-14",356.320007
"2011-03-15",348.089996
"2011-03-16",343.200012
"2011-03-17",349.26001
"2011-03-18",350.410004
"2011-03-21",356.700012
"2011-03-22",356.380005
"2011-03-23",359.73999
"2011-03-24",363.390015
"2011-03-25",364.649994
"2011-03-28",364.570007
"2011-03-29",365.910004
"2011-03-30",367.869995
"2011-03-31",365.619995
"2011-04-01",369.450012
"2011-04-04",369.01001
"2011-04-05",368.959991
"2011-04-06",369.640015
"2011-04-07",367.390015
"2011-04-08",366.940002
"2011-04-11",366.470001
"2011-04-12",360.769989
"2011-04-13",362.76001
"2011-04-14",359.480011
"2011-04-15",359
"2011-04-18",352.679993
"2011-04-19",353.170013
"2011-04-20",359.869995
"2011-04-21",359.01001
"2011-04-26",359.549988
"2011-04-27",359.709991
"2011-04-28",359.48999
"2011-04-29",359.940002
"2011-05-02",361.559998
"2011-05-03",360.420013
"2011-05-04",355.910004
"2011-05-05",354.820007
"2011-05-06",359.119995
"2011-05-09",355.929993
"2011-05-10",361.049988
"2011-05-11",360.549988
"2011-05-12",357.519989
"2011-05-13",354.859985
"2011-05-16",352.299988
"2011-05-17",347.720001
"2011-05-18",349.100006
"2011-05-19",350.839996
"2011-05-20",348.23999
"2011-05-23",342.459991
"2011-05-24",343.200012
"2011-05-25",344.910004
"2011-05-26",344.470001
"2011-05-27",346.059998
"2011-05-30",346.200012
"2011-05-31",349.440002
"2011-06-01",345.950012
"2011-06-02",340.640015
"2011-06-03",340.23999
"2011-06-06",339.179993
"2011-06-07",338.929993
"2011-06-08",335.649994
"2011-06-09",338.040009
"2011-06-10",333.829987
"2011-06-13",334.029999
"2011-06-14",337.519989
"2011-06-15",334.040009
"2011-06-16",332.350006
"2011-06-17",333.109985
"2011-06-20",331.640015
"2011-06-21",336.140015
"2011-06-22",334.170013
"2011-06-23",328.570007
"2011-06-24",328.73999
"2011-06-27",328.51001
"2011-06-28",329.899994
"2011-06-29",335.279999
"2011-06-30",339.649994
"2011-07-01",342.820007
"2011-07-04",343.5
"2011-07-05",343.100006
"2011-07-06",341.619995
"2011-07-07",345.160004
"2011-07-08",342.480011
"2011-07-11",336.160004
"2011-07-12",332.119995
"2011-07-13",332.980011
"2011-07-14",330.459991
"2011-07-15",329.48999
"2011-07-18",323.170013
"2011-07-19",326.170013
"2011-07-20",330.649994
"2011-07-21",336.859985
"2011-07-22",338.600006
"2011-07-25",337.269989
"2011-07-26",336.73999
"2011-07-27",333.100006
"2011-07-28",332.559998
"2011-07-29",329.220001
"2011-08-01",324.589996
"2011-08-02",320
"2011-08-03",310.690002
"2011-08-04",300.850006
"2011-08-05",296.350006
"2011-08-08",283.359985
"2011-08-09",287.049988
"2011-08-10",277.269989
"2011-08-11",282.790009
"2011-08-12",291.899994
"2011-08-15",293.700012
"2011-08-16",291.51001
"2011-08-17",292.649994
"2011-08-18",279.579987
"2011-08-19",274.149994
"2011-08-22",276.369995
"2011-08-23",278.320007
"2011-08-24",281.579987
"2011-08-25",278.48999
"2011-08-26",276.600006
"2011-08-29",281.26001
"2011-08-30",283.640015
"2011-08-31",292.929993
"2011-09-01",293.959991
"2011-09-02",286.429993
"2011-09-05",274.450012
"2011-09-06",273.329987
"2011-09-07",281.049988
"2011-09-08",283.390015
"2011-09-09",276.100006
"2011-09-12",268.480011
"2011-09-13",270.049988
"2011-09-14",273.559998
"2011-09-15",278.519989
"2011-09-16",281.730011
"2011-09-19",274.630005
"2011-09-20",279.540009
"2011-09-21",275.679993
"2011-09-22",263.440002
"2011-09-23",264.720001
"2011-09-26",269.829987
"2011-09-27",282.040009
"2011-09-28",278.309998
"2011-09-29",283.980011
"2011-09-30",280.179993
"2011-10-03",275.640015
"2011-10-04",270.059998
"2011-10-05",278.089996
"2011-10-06",285.809998
"2011-10-07",288.309998
"2011-10-10",293.339996
"2011-10-11",292.880005
"2011-10-12",300.140015
"2011-10-13",297.390015
"2011-10-14",302.410004
"2011-10-17",299.23999
"2011-10-18",298.679993
"2011-10-19",301.679993
"2011-10-20",299.01001
"2011-10-21",305.700012
"2011-10-24",308.320007
"2011-10-25",304.980011
"2011-10-26",303.839996
"2011-10-27",315.450012
"2011-10-28",313.01001
"2011-10-31",307.5
"2011-11-01",296.190002
"2011-11-02",298.209991
"2011-11-03",304.5
"2011-11-04",301.970001
"2011-11-07",299.75
"2011-11-08",303.980011
"2011-11-09",294.399994
"2011-11-10",294.320007
"2011-11-11",300.980011
"2011-11-14",296.899994
"2011-11-15",292.929993
"2011-11-16",294.470001
"2011-11-17",290.209991
"2011-11-18",288.01001
"2011-11-21",278.839996
"2011-11-22",276.910004
"2011-11-23",272.790009
"2011-11-24",271.609985
"2011-11-25",274.369995
"2011-11-28",285.070007
"2011-11-29",287.549988
"2011-11-30",299.679993
"2011-12-01",296.970001
"2011-12-02",300.769989
"2011-12-05",305.100006
"2011-12-06",304.799988
"2011-12-07",304.309998
"2011-12-08",299.790009
"2011-12-09",304.579987
"2011-12-12",297.390015
"2011-12-13",298.559998
"2011-12-14",292.149994
"2011-12-15",294.619995
"2011-12-16",294.029999
"2011-12-19",293.899994
"2011-12-20",301.790009
"2011-12-21",300.799988
"2011-12-22",305.179993
"2011-12-23",307.790009
"2011-12-27",309.369995
"2011-12-28",306.76001
"2011-12-29",310.76001
"2011-12-30",312.470001
"2012-01-02",NA
"2012-01-03",318.040009
"2012-01-04",314.529999
"2012-01-05",311.920013
"2012-01-06",311.109985
"2012-01-09",311.76001
"2012-01-10",315.5
"2012-01-11",311.649994
"2012-01-12",310.299988
"2012-01-13",309.279999
"2012-01-16",313.230011
"2012-01-17",315.640015
"2012-01-18",315.519989
"2012-01-19",320.480011
"2012-01-20",320.309998
"2012-01-23",323.019989
"2012-01-24",320.970001
"2012-01-25",319.440002
"2012-01-26",322.820007
"2012-01-27",319.359985
"2012-01-30",315.630005
"2012-01-31",318.470001
"2012-02-01",325.149994
"2012-02-02",323.059998
"2012-02-03",326.329987
"2012-02-06",325.059998
"2012-02-07",325.970001
"2012-02-08",325.329987
"2012-02-09",325.119995
"2012-02-10",320.089996
"2012-02-13",322.609985
"2012-02-14",321.869995
"2012-02-15",322.859985
"2012-02-16",325.179993
"2012-02-17",327.929993
"2012-02-20",332.579987
"2012-02-21",330.51001
"2012-02-22",326.769989
"2012-02-23",326.220001
"2012-02-24",324.910004
"2012-02-27",324.980011
"2012-02-28",325.549988
"2012-02-29",324.25
"2012-03-01",326.549988
"2012-03-02",327.850006
"2012-03-05",325.640015
"2012-03-06",317.529999
"2012-03-07",319.640015
"2012-03-08",325.109985
"2012-03-09",326.029999
"2012-03-12",326.100006
"2012-03-13",331.48999
"2012-03-14",333.200012
"2012-03-15",335.100006
"2012-03-16",336.170013
"2012-03-19",336.119995
"2012-03-20",332.049988
"2012-03-21",330.779999
"2012-03-22",326.920013
"2012-03-23",326.190002
"2012-03-26",330.230011
"2012-03-27",328.98999
"2012-03-28",325.619995
"2012-03-29",321.089996
"2012-03-30",323.51001
"2012-04-02",326.390015
"2012-04-03",322.029999
"2012-04-04",313.869995
"2012-04-05",314.910004
"2012-04-10",305.910004
"2012-04-11",307.769989
"2012-04-12",310.880005
"2012-04-13",306.119995
"2012-04-16",306.019989
"2012-04-17",313.179993
"2012-04-18",309.98999
"2012-04-19",306.76001
"2012-04-20",309.200012
"2012-04-23",301.269989
"2012-04-24",304.679993
"2012-04-25",308
"2012-04-26",310.549988
"2012-04-27",310.75
"2012-04-30",308.299988
"2012-05-02",306.869995
"2012-05-03",306.440002
"2012-05-04",300.950012
"2012-05-07",304.73999
"2012-05-08",300.589996
"2012-05-09",300.070007
"2012-05-10",302.940002
"2012-05-11",305.279999
"2012-05-14",298.049988
"2012-05-15",296.23999
"2012-05-16",294.98999
"2012-05-17",290.230011
"2012-05-18",288.769989
"2012-05-21",290.540009
"2012-05-22",295.950012
"2012-05-23",289.160004
"2012-05-24",292.079987
"2012-05-25",292.76001
"2012-05-28",292.76001
"2012-05-29",295.269989
"2012-05-30",290.660004
"2012-05-31",290.089996
"2012-06-01",283.769989
"2012-06-04",283.070007
"2012-06-05",284.98999
"2012-06-06",291.390015
"2012-06-07",292.899994
"2012-06-08",291.730011
"2012-06-11",291.390015
"2012-06-12",292.01001
"2012-06-13",291.600006
"2012-06-14",291.980011
"2012-06-15",297.579987
"2012-06-18",297.01001
"2012-06-19",301.809998
"2012-06-20",302.950012
"2012-06-21",301.640015
"2012-06-22",298.76001
"2012-06-25",294.279999
"2012-06-26",294.049988
"2012-06-27",298.070007
"2012-06-28",297.220001
"2012-06-29",307.309998
"2012-07-02",310.269989
"2012-07-03",314.339996
"2012-07-04",314.829987
"2012-07-05",312.970001
"2012-07-06",309.839996
"2012-07-09",308.399994
"2012-07-10",312.410004
"2012-07-11",312.549988
"2012-07-12",311.420013
"2012-07-13",314.600006
"2012-07-16",315.980011
"2012-07-17",315.299988
"2012-07-18",319.160004
"2012-07-19",322.480011
"2012-07-20",319.75
"2012-07-23",312.929993
"2012-07-24",311.73999
"2012-07-25",313.089996
"2012-07-26",320.48999
"2012-07-27",323.309998
"2012-07-30",328.649994
"2012-07-31",326.470001
"2012-08-01",327.709991
"2012-08-02",322.160004
"2012-08-03",330.429993
"2012-08-06",330.399994
"2012-08-07",334.320007
"2012-08-08",332.040009
"2012-08-09",334.660004
"2012-08-10",333.5
"2012-08-13",331.380005
"2012-08-14",332.890015
"2012-08-15",333.179993
"2012-08-16",333.75
"2012-08-17",335.769989
"2012-08-20",333.850006
"2012-08-21",335.920013
"2012-08-22",332.079987
"2012-08-23",330.059998
"2012-08-24",329.640015
"2012-08-27",332.350006
"2012-08-28",329.230011
"2012-08-29",330.149994
"2012-08-30",327.540009
"2012-08-31",329.279999
"2012-09-03",331.890015
"2012-09-04",328.660004
"2012-09-05",328.829987
"2012-09-06",336.429993
"2012-09-07",337.570007
"2012-09-10",335.5
"2012-09-11",336.109985
"2012-09-12",336.100006
"2012-09-13",334.600006
"2012-09-14",338.279999
"2012-09-17",337.149994
"2012-09-18",335.470001
"2012-09-19",335.709991
"2012-09-20",334.23999
"2012-09-21",334.149994
"2012-09-24",331.839996
"2012-09-25",334.5
"2012-09-26",328.049988
"2012-09-27",329.119995
"2012-09-28",323.179993
"2012-10-01",327.519989
"2012-10-02",327.23999
"2012-10-03",327.980011
"2012-10-04",327.660004
"2012-10-05",332.529999
"2012-10-08",329.570007
"2012-10-09",327.709991
"2012-10-10",326.799988
"2012-10-11",329.549988
"2012-10-12",327.950012
"2012-10-15",329.450012
"2012-10-16",333.709991
"2012-10-17",335.690002
"2012-10-18",335.320007
"2012-10-19",334.170013
"2012-10-22",334.459991
"2012-10-23",326.75
"2012-10-24",328.48999
"2012-10-25",329.25
"2012-10-26",329.450012
"2012-10-29",328.390015
"2012-10-30",332.350006
"2012-10-31",330.76001
"2012-11-01",335.429993
"2012-11-02",337.600006
"2012-11-05",335.079987
"2012-11-06",337.369995
"2012-11-07",332.869995
"2012-11-08",332.420013
"2012-11-09",331.929993
"2012-11-12",332.329987
"2012-11-13",334.040009
"2012-11-14",330.670013
"2012-11-15",324.76001
"2012-11-16",319.839996
"2012-11-19",324.73999
"2012-11-20",326.019989
"2012-11-21",326.410004
"2012-11-22",327.700012
"2012-11-23",331.5
"2012-11-26",330.899994
"2012-11-27",332.920013
"2012-11-28",334.279999
"2012-11-29",338.100006
"2012-11-30",336.549988
"2012-12-03",337.279999
"2012-12-04",337.619995
"2012-12-05",338.850006
"2012-12-06",341.290009
"2012-12-07",342.609985
"2012-12-10",342.910004
"2012-12-11",344.119995
"2012-12-12",344.350006
"2012-12-13",343.829987
"2012-12-14",344.390015
"2012-12-17",343.339996
"2012-12-18",343.600006
"2012-12-19",345.140015
"2012-12-20",346.600006
"2012-12-21",344.119995
"2012-12-24",344.519989
"2012-12-27",344.709991
"2012-12-28",342
"2012-12-31",342.709991
"2013-01-02",350.209991
"2013-01-03",350.73999
"2013-01-04",351.730011
"2013-01-07",351.23999
"2013-01-08",349.109985
"2013-01-09",350
"2013-01-10",350.690002
"2013-01-11",350.130005
"2013-01-14",347.339996
"2013-01-15",347.859985
"2013-01-16",348.839996
"2013-01-17",351.190002
"2013-01-18",350.890015
"2013-01-21",353.070007
"2013-01-22",353.450012
"2013-01-23",353.01001
"2013-01-24",354.130005
"2013-01-25",355.73999
"2013-01-28",356.679993
"2013-01-29",358.079987
"2013-01-30",357.540009
"2013-01-31",354.350006
"2013-02-01",355.549988
"2013-02-04",349.690002
"2013-02-05",348.429993
"2013-02-06",345.859985
"2013-02-07",343.700012
"2013-02-08",345.130005
"2013-02-11",344.98999
"2013-02-12",346.200012
"2013-02-13",345.829987
"2013-02-14",345.839996
"2013-02-15",343.450012
"2013-02-18",343.230011
"2013-02-19",347.630005
"2013-02-20",343.609985
"2013-02-21",336.380005
"2013-02-22",339.869995
"2013-02-25",340.26001
"2013-02-26",335.290009
"2013-02-27",337.369995
"2013-02-28",340.529999
"2013-03-01",339.730011
"2013-03-04",339.579987
"2013-03-05",346.5
"2013-03-06",347.359985
"2013-03-07",347.869995
"2013-03-08",352.429993
"2013-03-11",351.559998
"2013-03-12",352.059998
"2013-03-13",352.019989
"2013-03-14",355.850006
"2013-03-15",353.579987
"2013-03-18",353.01001
"2013-03-19",352.049988
"2013-03-20",354.369995
"2013-03-21",352.410004
"2013-03-22",350.73999
"2013-03-25",348.720001
"2013-03-26",349.269989
"2013-03-27",346.160004
"2013-03-28",348.100006
"2013-04-02",352.5
"2013-04-03",349.600006
"2013-04-04",346.529999
"2013-04-05",340.709991
"2013-04-08",340.910004
"2013-04-09",341.350006
"2013-04-10",348.529999
"2013-04-11",351.279999
"2013-04-12",348.649994
"2013-04-15",346.299988
"2013-04-16",345.790009
"2013-04-17",340.839996
"2013-04-18",340.720001
"2013-04-19",341.679993
"2013-04-22",340.070007
"2013-04-23",349.149994
"2013-04-24",352.940002
"2013-04-25",354.040009
"2013-04-26",351.5
"2013-04-29",354.149994
"2013-04-30",351.390015
"2013-05-02",354.799988
"2013-05-03",357.609985
"2013-05-06",357.440002
"2013-05-07",356.480011
"2013-05-08",357.929993
"2013-05-09",359.149994
"2013-05-10",361.170013
"2013-05-13",361.119995
"2013-05-14",363.690002
"2013-05-15",366.070007
"2013-05-16",365.369995
"2013-05-17",368.079987
"2013-05-20",369.970001
"2013-05-21",370.440002
"2013-05-22",372.109985
"2013-05-23",365.220001
"2013-05-24",364.630005
"2013-05-27",366.559998
"2013-05-28",371.5
"2013-05-29",366.25
"2013-05-30",367.690002
"2013-05-31",363.380005
"2013-06-03",361.070007
"2013-06-04",360.420013
"2013-06-05",353.059998
"2013-06-06",349.579987
"2013-06-07",352.690002
"2013-06-10",352.859985
"2013-06-11",350.299988
"2013-06-12",347.679993
"2013-06-13",347.230011
"2013-06-14",347.980011
"2013-06-17",350.809998
"2013-06-18",351.089996
"2013-06-19",351.079987
"2013-06-20",341.880005
"2013-06-21",337.640015
"2013-06-24",332.25
"2013-06-25",335.399994
"2013-06-26",340.820007
"2013-06-27",344.75
"2013-06-28",344.589996
"2013-07-01",347.369995
"2013-07-02",347.799988
"2013-07-03",345.820007
"2013-07-04",354.51001
"2013-07-05",352.529999
"2013-07-08",357.149994
"2013-07-09",360.109985
"2013-07-10",362.040009
"2013-07-11",364.049988
"2013-07-12",364.950012
"2013-07-15",366.769989
"2013-07-16",364.119995
"2013-07-17",366.059998
"2013-07-18",368.76001
"2013-07-19",369.76001
"2013-07-22",370.390015
"2013-07-23",368.720001
"2013-07-24",371.959991
"2013-07-25",370.359985
"2013-07-26",368.309998
"2013-07-29",368.329987
"2013-07-30",368.98999
"2013-07-31",369.809998
"2013-08-01",372.390015
"2013-08-02",371.339996
"2013-08-05",372.519989
"2013-08-06",371.380005
"2013-08-07",369.609985
"2013-08-08",372.140015
"2013-08-09",375.399994
"2013-08-12",375.609985
"2013-08-13",377.640015
"2013-08-14",379.619995
"2013-08-15",375.579987
"2013-08-16",374.75
"2013-08-19",373.799988
"2013-08-20",368.929993
"2013-08-21",367.51001
"2013-08-22",371.940002
"2013-08-23",374.670013
"2013-08-26",373.48999
"2013-08-27",364.869995
"2013-08-28",364.470001
"2013-08-29",367.130005
"2013-08-30",362.929993
"2013-09-02",369.26001
"2013-09-03",367.089996
"2013-09-04",368.26001
"2013-09-05",369.950012
"2013-09-06",371.040009
"2013-09-09",369.779999
"2013-09-10",376.309998
"2013-09-11",375.049988
"2013-09-12",376.660004
"2013-09-13",376.839996
"2013-09-16",379.890015
"2013-09-17",379.809998
"2013-09-18",380.920013
"2013-09-19",382.579987
"2013-09-20",382.070007
"2013-09-23",379.549988
"2013-09-24",380.670013
"2013-09-25",379.600006
"2013-09-26",377.950012
"2013-09-27",375.769989
"2013-09-30",374.920013
"2013-10-01",377.630005
"2013-10-02",376.170013
"2013-10-03",374.829987
"2013-10-04",376.029999
"2013-10-07",373.75
"2013-10-08",370.980011
"2013-10-09",367.190002
"2013-10-10",373.910004
"2013-10-11",376.109985
"2013-10-14",376.269989
"2013-10-15",381.950012
"2013-10-16",383.329987
"2013-10-17",382.51001
"2013-10-18",385.730011
"2013-10-21",388.279999
"2013-10-22",390.190002
"2013-10-23",388.559998
"2013-10-24",390.209991
"2013-10-25",389.190002
"2013-10-28",388.799988
"2013-10-29",391.130005
"2013-10-30",391.200012
"2013-10-31",391.920013
"2013-11-01",391.200012
"2013-11-04",393.149994
"2013-11-05",391.25
"2013-11-06",393.970001
"2013-11-07",393.220001
"2013-11-08",394.070007
"2013-11-11",395.450012
"2013-11-12",393.380005
"2013-11-13",391.179993
"2013-11-14",394.869995
"2013-11-15",395.339996
"2013-11-18",396.980011
"2013-11-19",395.480011
"2013-11-20",396.540009
"2013-11-21",395.329987
"2013-11-22",395.799988
"2013-11-25",397.459991
"2013-11-26",394.109985
"2013-11-27",396.220001
"2013-11-28",396.75
"2013-11-29",396.549988
"2013-12-02",395.98999
"2013-12-03",390.570007
"2013-12-04",388.140015
"2013-12-05",383.709991
"2013-12-06",387.01001
"2013-12-09",387.380005
"2013-12-10",385.559998
"2013-12-11",383.149994
"2013-12-12",377.820007
"2013-12-13",376.859985
"2013-12-16",381.440002
"2013-12-17",378.170013
"2013-12-18",381.170013
"2013-12-19",386.450012
"2013-12-20",391.559998
"2013-12-23",395.519989
"2013-12-24",396.609985
"2013-12-27",400.98999
"2013-12-30",399.769989
"2013-12-31",401.790009
"2014-01-02",399.820007
"2014-01-03",401.970001
"2014-01-06",399.850006
"2014-01-07",402.970001
"2014-01-08",403.859985
"2014-01-09",401.970001
"2014-01-10",403.950012
"2014-01-13",404.929993
"2014-01-14",406.570007
"2014-01-15",408.619995
"2014-01-16",407.589996
"2014-01-17",408.26001
"2014-01-20",408
"2014-01-21",405.190002
"2014-01-22",407.450012
"2014-01-23",403.890015
"2014-01-24",393.850006
"2014-01-27",390.790009
"2014-01-28",392.230011
"2014-01-29",389.329987
"2014-01-30",389.609985
"2014-01-31",386.850006
"2014-02-03",383.630005
"2014-02-04",382.980011
"2014-02-05",382.649994
"2014-02-06",388.410004
"2014-02-07",389.540009
"2014-02-10",389.640015
"2014-02-11",394.959991
"2014-02-12",397.420013
"2014-02-13",397
"2014-02-14",398.950012
"2014-02-17",401.23999
"2014-02-18",401.619995
"2014-02-19",401.540009
"2014-02-20",398.76001
"2014-02-21",400.359985
"2014-02-24",401.76001
"2014-02-25",400.769989
"2014-02-26",398.640015
"2014-02-27",398.279999
"2014-02-28",398.540009
"2014-03-03",388.190002
"2014-03-04",398.730011
"2014-03-05",398.619995
"2014-03-06",400.059998
"2014-03-07",396.279999
"2014-03-10",393.399994
"2014-03-11",394.290009
"2014-03-12",391.410004
"2014-03-13",386.059998
"2014-03-14",382.649994
"2014-03-17",386.920013
"2014-03-18",389.369995
"2014-03-19",388.880005
"2014-03-20",390.820007
"2014-03-21",391.359985
"2014-03-24",388.230011
"2014-03-25",393.130005
"2014-03-26",396.890015
"2014-03-27",398.589996
"2014-03-28",401.790009
"2014-03-31",403.209991
"2014-04-01",405.619995
"2014-04-02",406.140015
"2014-04-03",405.690002
"2014-04-04",407.459991
"2014-04-07",404.040009
"2014-04-08",402.540009
"2014-04-09",403.390015
"2014-04-10",401.899994
"2014-04-11",395.640015
"2014-04-14",395.540009
"2014-04-15",392.660004
"2014-04-16",395.98999
"2014-04-17",396.76001
"2014-04-22",398.299988
"2014-04-23",397.339996
"2014-04-24",397.100006
"2014-04-25",392.850006
"2014-04-28",393.730011
"2014-04-29",398.470001
"2014-04-30",400.549988
"2014-05-02",399.230011
"2014-05-05",397.440002
"2014-05-06",396.540009
"2014-05-07",398.589996
"2014-05-08",402.980011
"2014-05-09",401.929993
"2014-05-12",403.779999
"2014-05-13",404.649994
"2014-05-14",403.329987
"2014-05-15",400.25
"2014-05-16",399.559998
"2014-05-19",401.040009
"2014-05-20",400.799988
"2014-05-21",402.899994
"2014-05-22",404.140015
"2014-05-23",405.140015
"2014-05-26",406.880005
"2014-05-27",406.809998
"2014-05-28",405.940002
"2014-05-29",407.440002
"2014-05-30",407.209991
"2014-06-02",408.769989
"2014-06-03",408.609985
"2014-06-04",408.070007
"2014-06-05",410.970001
"2014-06-06",413.26001
"2014-06-09",415.459991
"2014-06-10",415.859985
"2014-06-11",414.450012
"2014-06-12",414.73999
"2014-06-13",414.049988
"2014-06-16",412.540009
"2014-06-17",414.579987
"2014-06-18",415.480011
"2014-06-19",417.980011
"2014-06-20",417.899994
"2014-06-23",415.589996
"2014-06-24",415.779999
"2014-06-25",411.929993
"2014-06-26",410.809998
"2014-06-27",410.859985
"2014-06-30",413.149994
"2014-07-01",415.480011
"2014-07-02",415.850006
"2014-07-03",419.529999
"2014-07-04",418.700012
"2014-07-07",414.119995
"2014-07-08",409.76001
"2014-07-09",410.48999
"2014-07-10",403.390015
"2014-07-11",403.609985
"2014-07-14",406.549988
"2014-07-15",404.01001
"2014-07-16",408.779999
"2014-07-17",404.839996
"2014-07-18",404.399994
"2014-07-21",403.709991
"2014-07-22",407.950012
"2014-07-23",408.529999
"2014-07-24",409.980011
"2014-07-25",404.839996
"2014-07-28",404.679993
"2014-07-29",407.309998
"2014-07-30",407.959991
"2014-07-31",404.290009
"2014-08-01",398.559998
"2014-08-04",395.950012
"2014-08-05",398.380005
"2014-08-06",397.209991
"2014-08-07",394.200012
"2014-08-08",390.25
"2014-08-11",396.649994
"2014-08-12",394.220001
"2014-08-13",395.269989
"2014-08-14",395.839996
"2014-08-15",395.350006
"2014-08-18",399.910004
"2014-08-19",403.309998
"2014-08-20",403.320007
"2014-08-21",405.769989
"2014-08-22",404.480011
"2014-08-25",409.320007
"2014-08-26",412.929993
"2014-08-27",413.190002
"2014-08-28",412.140015
"2014-08-29",413.130005
"2014-09-01",414.230011
"2014-09-02",415
"2014-09-03",417.209991
"2014-09-04",421.589996
"2014-09-05",421.109985
"2014-09-08",420.600006
"2014-09-09",418.399994
"2014-09-10",418.950012
"2014-09-11",418.01001
"2014-09-12",417.799988
"2014-09-15",417.649994
"2014-09-16",417.399994
"2014-09-17",417.839996
"2014-09-18",422.049988
"2014-09-19",425.73999
"2014-09-22",422.049988
"2014-09-23",418.829987
"2014-09-24",421.420013
"2014-09-25",417.25
"2014-09-26",418.48999
"2014-09-29",418.179993
"2014-09-30",421.140015
"2014-10-01",416.799988
"2014-10-02",406.220001
"2014-10-03",411.190002
"2014-10-06",412.23999
"2014-10-07",406.51001
"2014-10-08",403.459991
"2014-10-09",402.660004
"2014-10-10",395.679993
"2014-10-13",394.329987
"2014-10-14",393.299988
"2014-10-15",379.690002
"2014-10-16",376.269989
"2014-10-17",387.059998
"2014-10-20",384.399994
"2014-10-21",394.48999
"2014-10-22",396.01001
"2014-10-23",396.890015
"2014-10-24",396.119995
"2014-10-27",395.049988
"2014-10-28",401.26001
"2014-10-29",401.100006
"2014-10-30",403.709991
"2014-10-31",411.320007
"2014-11-03",409.040009
"2014-11-04",403.779999
"2014-11-05",410.660004
"2014-11-06",413.149994
"2014-11-07",411.429993
"2014-11-10",414.959991
"2014-11-11",415.179993
"2014-11-12",411.929993
"2014-11-13",411.410004
"2014-11-14",411.970001
"2014-11-17",414.070007
"2014-11-18",417.160004
"2014-11-19",417.790009
"2014-11-20",416.809998
"2014-11-21",423.459991
"2014-11-24",422.910004
"2014-11-25",423.179993
"2014-11-26",423.970001
"2014-11-27",425.75
"2014-11-28",425.859985
"2014-12-01",423.470001
"2014-12-02",428.480011
"2014-12-03",428.609985
"2014-12-04",423.679993
"2014-12-05",431.059998
"2014-12-08",427.269989
"2014-12-09",418.429993
"2014-12-10",416.709991
"2014-12-11",416.769989
"2014-12-12",406.170013
"2014-12-15",396.089996
"2014-12-16",403.790009
"2014-12-17",403.459991
"2014-12-18",416.440002
"2014-12-19",418.369995
"2014-12-22",421.579987
"2014-12-23",426.769989
"2014-12-24",425.570007
"2014-12-29",426.890015
"2014-12-30",421.589996
"2014-12-31",424.470001
"2015-01-02",422.279999
"2015-01-05",410.940002
"2015-01-06",408.429993
"2015-01-07",411.209991
"2015-01-08",423.070007
"2015-01-09",415.589996
"2015-01-12",418.410004
"2015-01-13",423.790009
"2015-01-14",418.329987
"2015-01-15",425.320007
"2015-01-16",432.980011
"2015-01-19",435.309998
"2015-01-20",437.920013
"2015-01-21",441.089996
"2015-01-22",447.769989
"2015-01-23",454.559998
"2015-01-26",459.140015
"2015-01-27",454.459991
"2015-01-28",452.299988
"2015-01-29",452.470001
"2015-01-30",450.390015
"2015-02-02",450.76001
"2015-02-03",455.820007
"2015-02-04",454.880005
"2015-02-05",455.299988
"2015-02-06",454.690002
"2015-02-09",450.959991
"2015-02-10",453.799988
"2015-02-11",458.269989
"2015-02-12",460.429993
"2015-02-13",464.899994
"2015-02-16",462.820007
"2015-02-17",463.420013
"2015-02-18",467.320007
"2015-02-19",469.790009
"2015-02-20",469.850006
"2015-02-23",475.220001
"2015-02-24",479.940002
"2015-02-25",478.529999
"2015-02-26",482.470001
"2015-02-27",483.929993
"2015-03-02",485.839996
"2015-03-03",480.059998
"2015-03-04",483.570007
"2015-03-05",488.959991
"2015-03-06",489.839996
"2015-03-09",488.209991
"2015-03-10",483.100006
"2015-03-11",491.929993
"2015-03-12",491.640015
"2015-03-13",492.480011
"2015-03-16",498.029999
"2015-03-17",494.399994
"2015-03-18",496.630005
"2015-03-19",496.01001
"2015-03-20",499.119995
"2015-03-23",497.549988
"2015-03-24",498.660004
"2015-03-25",491.640015
"2015-03-26",486.369995
"2015-03-27",485.730011
"2015-03-30",494.690002
"2015-03-31",489.410004
"2015-04-01",490.040009
"2015-04-02",492.380005
"2015-04-07",503.029999
"2015-04-08",497.160004
"2015-04-09",501.970001
"2015-04-10",507.170013
"2015-04-13",508.660004
"2015-04-14",505.859985
"2015-04-15",507.429993
"2015-04-16",504.380005
"2015-04-17",495.029999
"2015-04-20",500.730011
"2015-04-21",503.809998
"2015-04-22",505.720001
"2015-04-23",503
"2015-04-24",504.01001
"2015-04-27",509.23999
"2015-04-28",501.660004
"2015-04-29",489.26001
"2015-04-30",487.850006
"2015-05-04",491.170013
"2015-05-05",482.609985
"2015-05-06",478.149994
"2015-05-07",478.779999
"2015-05-08",490.790009
"2015-05-11",492.75
"2015-05-12",488.970001
"2015-05-13",486.690002
"2015-05-14",490.690002
"2015-05-15",490.959991
"2015-05-18",490.149994
"2015-05-19",499.179993
"2015-05-20",501.899994
"2015-05-21",502.049988
"2015-05-22",501.890015
"2015-05-25",501.140015
"2015-05-26",496.350006
"2015-05-27",503.519989
"2015-05-28",502.23999
"2015-05-29",493.559998
"2015-06-01",492.25
"2015-06-02",486.5
"2015-06-03",487.73999
"2015-06-04",485.290009
"2015-06-05",479.380005
"2015-06-08",475.130005
"2015-06-09",474.700012
"2015-06-10",481.450012
"2015-06-11",484.880005
"2015-06-12",477.76001
"2015-06-15",472.890015
"2015-06-16",475.170013
"2015-06-17",471.559998
"2015-06-18",472.970001
"2015-06-19",475.429993
"2015-06-22",489.720001
"2015-06-23",494.450012
"2015-06-24",492.619995
"2015-06-25",492.390015
"2015-06-26",494.470001
"2015-06-29",477.149994
"2015-06-30",472.579987
"2015-07-01",482.829987
"2015-07-02",476.959991
"2015-07-03",474.140015
"2015-07-06",467.25
"2015-07-07",456.640015
"2015-07-08",459.040009
"2015-07-09",469.970001
"2015-07-10",481.390015
"2015-07-13",489.899994
"2015-07-14",493.839996
"2015-07-15",497.130005
"2015-07-16",501.01001
"2015-07-17",500.429993
"2015-07-20",502.079987
"2015-07-21",498.76001
"2015-07-22",496.119995
"2015-07-23",496.350006
"2015-07-24",490.040009
"2015-07-27",481.519989
"2015-07-28",485.769989
"2015-07-29",489.290009
"2015-07-30",495.170013
"2015-07-31",495.230011
"2015-08-03",500.429993
"2015-08-04",500.019989
"2015-08-05",503.480011
"2015-08-06",501.230011
"2015-08-07",496.609985
"2015-08-10",500.040009
"2015-08-11",494.359985
"2015-08-12",477.420013
"2015-08-13",476.98999
"2015-08-14",473.890015
"2015-08-17",474.299988
"2015-08-18",479.01001
"2015-08-19",469.23999
"2015-08-20",459.170013
"2015-08-21",442.869995
"2015-08-24",419.679993
"2015-08-25",436.679993
"2015-08-26",428.730011
"2015-08-27",443.359985
"2015-08-28",445.959991
"2015-08-31",445.029999
"2015-09-01",433.529999
"2015-09-02",433.559998
"2015-09-03",444.549988
"2015-09-04",432.940002
"2015-09-07",435.5
"2015-09-08",439.480011
"2015-09-09",444.26001
"2015-09-10",436.209991
"2015-09-11",430.230011
"2015-09-14",427.880005
"2015-09-15",432.149994
"2015-09-16",438.5
"2015-09-17",437.630005
"2015-09-18",427.320007
"2015-09-21",432.799988
"2015-09-22",419.980011
"2015-09-23",419.119995
"2015-09-24",409.859985
"2015-09-25",422.799988
"2015-09-28",412.320007
"2015-09-29",412.109985
"2015-09-30",421.140015
"2015-10-01",418.829987
"2015-10-02",422.579987
"2015-10-05",436.899994
"2015-10-06",440.720001
"2015-10-07",440.589996
"2015-10-08",442.079987
"2015-10-09",441.649994
"2015-10-12",440.049988
"2015-10-13",438.25
"2015-10-14",434.320007
"2015-10-15",443.700012
"2015-10-16",447.859985
"2015-10-19",449.309998
"2015-10-20",447.269989
"2015-10-21",449.779999
"2015-10-22",457.970001
"2015-10-23",465.049988
"2015-10-26",462.869995
"2015-10-27",458.429993
"2015-10-28",463.209991
"2015-10-29",462.98999
"2015-10-30",462.119995
"2015-11-02",464.579987
"2015-11-03",466.850006
"2015-11-04",468.839996
"2015-11-05",466.600006
"2015-11-06",469.829987
"2015-11-09",465.01001
"2015-11-10",465.200012
"2015-11-11",469.200012
"2015-11-12",459.850006
"2015-11-13",453.549988
"2015-11-16",454.290009
"2015-11-17",466.540009
"2015-11-18",465.929993
"2015-11-19",469
"2015-11-20",468.690002
"2015-11-23",466.179993
"2015-11-24",461.290009
"2015-11-25",468.070007
"2015-11-26",472.23999
"2015-11-27",472.170013
"2015-11-30",469.519989
"2015-12-01",467.320007
"2015-12-02",467.059998
"2015-12-03",449.920013
"2015-12-04",446.929993
"2015-12-07",448.459991
"2015-12-08",441.609985
"2015-12-09",440.850006
"2015-12-10",437.839996
"2015-12-11",429.100006
"2015-12-14",420.660004
"2015-12-15",433.630005
"2015-12-16",433.829987
"2015-12-17",438.970001
"2015-12-18",434.149994
"2015-12-21",428.480011
"2015-12-22",430.970001
"2015-12-23",443.720001
"2015-12-24",444.119995
"2015-12-28",440.48999
"2015-12-29",447.700012
"2015-12-30",446.190002
"2016-01-04",431.700012
"2016-01-05",435
"2016-01-06",428.76001
"2016-01-07",420.76001
"2016-01-08",410.820007
"2016-01-11",411.309998
"2016-01-12",416.410004
"2016-01-13",418.049988
"2016-01-14",413.380005
"2016-01-15",403.570007
"2016-01-18",401.98999
"2016-01-19",407.679993
"2016-01-20",395.720001
"2016-01-21",406.48999
"2016-01-22",419.279999
"2016-01-25",418.070007
"2016-01-26",421.970001
"2016-01-27",424.410004
"2016-01-28",420.100006
"2016-01-29",431.279999
"2016-02-01",429.679993
"2016-02-02",420.649994
"2016-02-03",416.209991
"2016-02-04",417.940002
"2016-02-05",413.940002
"2016-02-08",400.609985
"2016-02-09",392.579987
"2016-02-10",394.630005
"2016-02-11",382.609985
"2016-02-12",391.859985
"2016-02-15",403.959991
"2016-02-16",403.269989
"2016-02-17",414.75
"2016-02-18",413.790009
"2016-02-19",411.959991
"2016-02-22",420.690002
"2016-02-23",415.429993
"2016-02-24",407.519989
"2016-02-25",415.380005
"2016-02-26",422.660004
"2016-02-29",427.269989
"2016-03-01",436.809998
"2016-03-02",436.309998
"2016-03-03",433.950012
"2016-03-04",437.98999
"2016-03-07",436
"2016-03-08",432.890015
"2016-03-09",435.559998
"2016-03-10",430.179993
"2016-03-11",441.75
"2016-03-14",444.079987
"2016-03-15",442
"2016-03-16",443.829987
"2016-03-17",444.059998
"2016-03-18",444.790009
"2016-03-21",443.829987
"2016-03-22",443.119995
"2016-03-23",443.359985
"2016-03-24",437.48999
"2016-03-29",440.369995
"2016-03-30",446.23999
"2016-03-31",440.109985
"2016-04-01",434.480011
"2016-04-04",436.079987
"2016-04-05",428.850006
"2016-04-06",431.01001
"2016-04-07",428.730011
"2016-04-08",434.160004
"2016-04-11",436.559998
"2016-04-12",439.5
"2016-04-13",450.089996
"2016-04-14",451.040009
"2016-04-15",450.589996
"2016-04-18",450.809998
"2016-04-19",456.459991
"2016-04-20",456.200012
"2016-04-21",453.470001
"2016-04-22",451.540009
"2016-04-25",446.769989
"2016-04-26",447.640015
"2016-04-27",448.369995
"2016-04-28",450.309998
"2016-04-29",439.679993
"2016-05-02",441.200012
"2016-05-03",433.339996
"2016-05-04",428.920013
"2016-05-05",431.23999
"2016-05-06",431.320007
"2016-05-09",431.579987
"2016-05-10",436.269989
"2016-05-11",434.709991
"2016-05-12",430.890015
"2016-05-13",433.519989
"2016-05-16",433.73999
"2016-05-17",432.299988
"2016-05-18",434.459991
"2016-05-19",428.269989
"2016-05-20",434.359985
"2016-05-23",432.570007
"2016-05-24",441.660004
"2016-05-25",447.220001
"2016-05-26",449.089996
"2016-05-27",450.940002
"2016-05-30",451.790009
"2016-05-31",447.869995
"2016-06-01",446.779999
"2016-06-02",447.589996
"2016-06-03",445.309998
"2016-06-06",446.440002
"2016-06-07",451.579987
"2016-06-08",450.149994
"2016-06-09",446.100006
"2016-06-10",435.769989
"2016-06-13",428.200012
"2016-06-14",419.079987
"2016-06-15",419.549988
"2016-06-16",418.51001
"2016-06-17",421.769989
"2016-06-20",436.5
"2016-06-21",440.390015
"2016-06-22",441.25
"2016-06-23",449.859985
"2016-06-24",424.200012
"2016-06-27",411.619995
"2016-06-28",417.51001
"2016-06-29",430.079987
"2016-06-30",435.880005
"2016-07-01",438.850006
"2016-07-04",435.119995
"2016-07-05",430.410004
"2016-07-06",422.179993
"2016-07-07",426.329987
"2016-07-08",433.769989
"2016-07-11",440.75
"2016-07-12",445.440002
"2016-07-13",444.450012
"2016-07-14",448.190002
"2016-07-15",447.51001
"2016-07-18",448.320007
"2016-07-19",447.850006
"2016-07-20",452.179993
"2016-07-21",451.970001
"2016-07-22",453.350006
"2016-07-25",452.839996
"2016-07-26",454.059998
"2016-07-27",452.980011
"2016-07-28",447.820007
"2016-07-29",449.829987
"2016-08-01",444.970001
"2016-08-02",438.609985
"2016-08-03",440.359985
"2016-08-04",444.470001
"2016-08-05",448.119995
"2016-08-08",449.070007
"2016-08-09",453.799988
"2016-08-10",452.01001
"2016-08-11",455.5
"2016-08-12",454.089996
"2016-08-15",454.51001
"2016-08-16",451.399994
"2016-08-17",447.570007
"2016-08-18",451.690002
"2016-08-19",448.720001
"2016-08-22",447.630005
"2016-08-23",452.179993
"2016-08-24",452.170013
"2016-08-25",449.940002
"2016-08-26",453.01001
"2016-08-29",452.149994
"2016-08-30",455.820007
"2016-08-31",454.380005
"2016-09-01",453.869995
"2016-09-02",463.600006
"2016-09-05",464.130005
"2016-09-06",461.109985
"2016-09-07",463.269989
"2016-09-08",459.5
"2016-09-09",452.880005
"2016-09-12",447.600006
"2016-09-13",442.609985
"2016-09-14",441.029999
"2016-09-15",443.200012
"2016-09-16",439.070007
"2016-09-19",444.700012
"2016-09-20",444.450012
"2016-09-21",447.529999
"2016-09-22",455.51001
"2016-09-23",454.480011
"2016-09-26",447.869995
"2016-09-27",447.829987
"2016-09-28",450.269989
"2016-09-29",451.549988
"2016-09-30",452.329987
"2016-10-03",452.98999
"2016-10-04",458.320007
"2016-10-05",456.059998
"2016-10-06",454.820007
"2016-10-07",450.059998
"2016-10-10",455.23999
"2016-10-11",451.25
"2016-10-12",450.660004
"2016-10-13",445.200012
"2016-10-14",450.5
"2016-10-17",448.040009
"2016-10-18",453.130005
"2016-10-19",454.679993
"2016-10-20",456.059998
"2016-10-21",457.399994
"2016-10-24",459.75
"2016-10-25",459.290009
"2016-10-26",455.820007
"2016-10-27",455.709991
"2016-10-28",455.380005
"2016-10-31",452.589996
"2016-11-01",449.709991
"2016-11-02",443.769989
"2016-11-03",442.309998
"2016-11-04",440.51001
"2016-11-07",448.220001
"2016-11-08",450.179993
"2016-11-09",454.359985
"2016-11-10",450.01001
"2016-11-11",445.410004
"2016-11-14",446.76001
"2016-11-15",450.540009
"2016-11-16",449.660004
"2016-11-17",451.820007
"2016-11-18",450.679993
"2016-11-21",453.029999
"2016-11-22",456.399994
"2016-11-23",456.410004
"2016-11-24",457.440002
"2016-11-25",457.98999
"2016-11-28",452.709991
"2016-11-29",452.5
"2016-11-30",457.209991
"2016-12-01",453.600006
"2016-12-02",449.600006
"2016-12-05",454.470001
"2016-12-06",459.309998
"2016-12-07",462.109985
"2016-12-08",466.670013
"2016-12-09",469.769989
"2016-12-12",470.380005
"2016-12-13",473.649994
"2016-12-14",472.200012
"2016-12-15",476.519989
"2016-12-16",477.700012
"2016-12-19",480.350006
"2016-12-20",484.040009
"2016-12-21",483.209991
"2016-12-22",482.470001
"2016-12-23",482.859985
"2016-12-27",483.579987
"2016-12-28",484.200012
"2016-12-29",482.459991
"2016-12-30",483.170013
"2017-01-02",486.369995
"2017-01-03",487.98999
"2017-01-04",487.579987
"2017-01-05",486.929993
"2017-01-06",487
"2017-01-09",485.100006
"2017-01-10",484.73999
"2017-01-11",486.579987
"2017-01-12",483.089996
"2017-01-13",488.089996
"2017-01-16",484.130005
"2017-01-17",481.769989
"2017-01-18",484.75
"2017-01-19",484.640015
"2017-01-20",485.980011
"2017-01-23",482.709991
"2017-01-24",483.049988
"2017-01-25",488.029999
"2017-01-26",486.450012
"2017-01-27",485.869995
"2017-01-30",479.529999
"2017-01-31",476.709991
"2017-02-01",479.649994
"2017-02-02",482.190002
"2017-02-03",485.920013
"2017-02-06",482.079987
"2017-02-07",484.279999
"2017-02-08",483.51001
"2017-02-09",488.5
"2017-02-10",489.559998
"2017-02-13",494.049988
"2017-02-14",494.619995
"2017-02-15",496.660004
"2017-02-16",493.980011
"2017-02-17",499.079987
"2017-02-20",495.660004
"2017-02-21",498.570007
"2017-02-22",499.109985
"2017-02-23",497.630005
"2017-02-24",494.899994
"2017-02-27",494.809998
"2017-02-28",495.350006
"2017-03-01",505.040009
"2017-03-02",503.790009
"2017-03-03",505.859985
"2017-03-06",503.649994
"2017-03-07",502.950012
"2017-03-08",502.799988
"2017-03-09",507.73999
"2017-03-10",511.140015
"2017-03-13",511.899994
"2017-03-14",510.059998
"2017-03-15",511.660004
"2017-03-16",514.530029
"2017-03-17",516.23999
"2017-03-20",515.090027
"2017-03-21",513.590027
"2017-03-22",509.519989
"2017-03-23",512.619995
"2017-03-24",511.529999
"2017-03-27",509.320007
"2017-03-28",512.150024
"2017-03-29",513.580017
"2017-03-30",515.72998
"2017-03-31",516.539978
"2017-04-03",513.450012
"2017-04-04",514.049988
"2017-04-05",514.890015
"2017-04-06",516.299988
"2017-04-07",518.700012
"2017-04-10",519.159973
"2017-04-11",518.400024
"2017-04-12",517.809998
"2017-04-13",515.77002
"2017-04-18",509.730011
"2017-04-19",511.279999
"2017-04-20",511.720001
"2017-04-21",512.190002
"2017-04-24",523.72998
"2017-04-25",524.049988
"2017-04-26",524.460022
"2017-04-27",521.890015
"2017-04-28",521.130005
"2017-05-02",525.47998
"2017-05-03",525.200012
"2017-05-04",528.440002
"2017-05-05",533.27002
"2017-05-08",534.309998
"2017-05-09",536.26001
"2017-05-10",535.659973
"2017-05-11",534.23999
"2017-05-12",534.710022
"2017-05-15",535.409973
"2017-05-16",535.76001
"2017-05-17",529.059998
"2017-05-18",524.52002
"2017-05-19",526.919983
"2017-05-22",527.849976
"2017-05-23",528.169983
"2017-05-24",527.869995
"2017-05-25",527.460022
"2017-05-26",528.030029
"2017-05-29",527.72998
"2017-05-30",525.710022
"2017-05-31",524.070007
"2017-06-01",527.030029
"2017-06-02",526.73999
"2017-06-05",524.440002
"2017-06-06",521.710022
"2017-06-07",523.099976
"2017-06-08",523.549988
"2017-06-09",527.299988
"2017-06-12",521.890015
"2017-06-13",523.390015
"2017-06-14",521.710022
"2017-06-15",518.75
"2017-06-16",520.669983
"2017-06-19",525.869995
"2017-06-20",520.880005
"2017-06-21",520.47998
"2017-06-22",519.390015
"2017-06-23",519.5
"2017-06-26",520.619995
"2017-06-27",518.72998
"2017-06-28",516.390015
"2017-06-29",508.529999
"2017-06-30",507.149994
"2017-07-03",513.119995
"2017-07-04",511.730011
"2017-07-05",511.350006
"2017-07-06",509.940002
"2017-07-07",509.920013
"2017-07-10",512.049988
"2017-07-11",510.98999
"2017-07-12",516.590027
"2017-07-13",519.109985
"2017-07-14",521.070007
"2017-07-17",521.5
"2017-07-18",518.169983
"2017-07-19",524.25
"2017-07-20",526.289978
"2017-07-21",522.219971
"2017-07-24",521.650024
"2017-07-25",524.690002
"2017-07-26",527.719971
"2017-07-27",530.349976
"2017-07-28",525.530029
"2017-07-31",525.440002
"2017-08-01",527.47998
"2017-08-02",525.299988
"2017-08-03",525.570007
"2017-08-04",529.090027
"2017-08-07",531.409973
"2017-08-08",532.679993
"2017-08-09",528.210022
"2017-08-10",523.630005
"2017-08-11",516.969971
"2017-08-14",521.099976
"2017-08-15",522.669983
"2017-08-16",525.890015
"2017-08-17",523.710022
"2017-08-18",519.640015
"2017-08-21",516.710022
"2017-08-22",521.869995
"2017-08-23",519.359985
"2017-08-24",519.099976
"2017-08-25",517.419983
"2017-08-28",514.76001
"2017-08-29",510.029999
"2017-08-30",513.01001
"2017-08-31",516.039978
"2017-09-01",518.179993
"2017-09-04",516.27002
"2017-09-05",515.460022
"2017-09-06",516.469971
"2017-09-07",518.830017
"2017-09-08",518.820007
"2017-09-11",523.960022
"2017-09-12",526.580017
"2017-09-13",528.690002
"2017-09-14",529.340027
"2017-09-15",526.780029
"2017-09-18",529.309998
"2017-09-19",528.659973
"2017-09-20",528.659973
"2017-09-21",528.469971
"2017-09-22",528.030029
"2017-09-25",527.780029
"2017-09-26",528.5
"2017-09-27",531.090027
"2017-09-28",533.390015
"2017-09-29",537.059998
"2017-10-02",541.039978
"2017-10-03",542.25
"2017-10-04",541.650024
"2017-10-05",542.880005
"2017-10-06",539.900024
"2017-10-09",541.190002
"2017-10-10",541.140015
"2017-10-11",541.76001
"2017-10-12",542.840027
"2017-10-13",546.210022
"2017-10-16",546.669983
"2017-10-17",546.619995
"2017-10-18",547.679993
"2017-10-19",544.559998
"2017-10-20",544.630005
"2017-10-23",545.960022
"2017-10-24",543.669983
"2017-10-25",541.27002
"2017-10-26",547.669983
"2017-10-27",549.440002
"2017-10-30",549.460022
"2017-10-31",553.380005
"2017-11-01",554.48999
"2017-11-02",553.830017
"2017-11-03",555.150024
"2017-11-06",555.219971
"2017-11-07",553.799988
"2017-11-08",554.77002
"2017-11-09",550.369995
"2017-11-10",547.320007
"2017-11-13",545.429993
"2017-11-14",541.72998
"2017-11-15",538.48999
"2017-11-16",539.190002
"2017-11-17",536.619995
"2017-11-20",539.710022
"2017-11-21",541.820007
"2017-11-22",540.02002
"2017-11-23",541.349976
"2017-11-24",540.630005
"2017-11-27",538.090027
"2017-11-28",543.590027
"2017-11-29",541.419983
"2017-11-30",540.109985
"2017-12-01",535.570007
"2017-12-04",541.539978
"2017-12-05",543.080017
"2017-12-06",542.77002
"2017-12-07",544.51001
"2017-12-08",547.219971
"2017-12-11",548.409973
"2017-12-12",552.869995
"2017-12-13",550.559998
"2017-12-14",547.469971
"2017-12-15",548.669983
"2017-12-18",553.289978
"2017-12-19",552.030029
"2017-12-20",547.380005
"2017-12-21",549.390015
"2017-12-22",548.47998
"2017-12-27",548.599976
"2017-12-28",547.059998
"2017-12-29",544.580017
"2018-01-02",544.789978
"2018-01-03",549.340027
"2018-01-04",554.059998
"2018-01-05",558.159973
"2018-01-08",560.890015
"2018-01-09",563.039978
"2018-01-10",560.440002
"2018-01-11",558.890015
"2018-01-12",561.099976
"2018-01-15",561.059998
"2018-01-16",561.179993
"2018-01-17",563.280029
"2018-01-18",566.48999
"2018-01-19",569.299988
"2018-01-22",570.820007
"2018-01-23",570.599976
"2018-01-24",566.039978
"2018-01-25",565.070007
"2018-01-26",566.789978
"2018-01-29",566.059998
"2018-01-30",561
"2018-01-31",560.52002
"2018-02-01",556.869995
"2018-02-02",550.080017
"2018-02-05",542.650024
"2018-02-06",526.179993
"2018-02-07",536.359985
"2018-02-08",526.119995
"2018-02-09",518.330017
"2018-02-12",524.099976
"2018-02-13",520.570007
"2018-02-14",525.640015
"2018-02-15",527.570007
"2018-02-16",532.27002
"2018-02-19",528.76001
"2018-02-20",532.929993
"2018-02-21",533.950012
"2018-02-22",532.640015
"2018-02-23",534.090027
"2018-02-26",538.309998
"2018-02-27",537.830017
"2018-02-28",535.580017
"2018-03-01",529.590027
"2018-03-02",518.719971
"2018-03-05",526.51001
"2018-03-06",528.359985
"2018-03-07",530.710022
"2018-03-08",535.219971
"2018-03-09",537.140015
"2018-03-12",538.429993
"2018-03-13",532.52002
"2018-03-14",530.969971
"2018-03-15",533.299988
"2018-03-16",536.919983
"2018-03-19",531.52002
"2018-03-20",535.450012
"2018-03-21",536.47998
"2018-03-22",528.369995
"2018-03-23",521.450012
"2018-03-26",518.75
"2018-03-27",525.76001
"2018-03-28",527
"2018-03-29",529.52002
"2018-04-03",528.47998
"2018-04-04",526.190002
"2018-04-05",540.48999
"2018-04-06",539.289978
"2018-04-09",539.900024
"2018-04-10",545.25
"2018-04-11",544.5
"2018-04-12",547.900024
"2018-04-13",548.049988
"2018-04-16",546.619995
"2018-04-17",551.320007
"2018-04-18",553.349976
"2018-04-19",551.309998
"2018-04-20",550.380005
"2018-04-23",554.25
"2018-04-24",556.440002
"2018-04-25",551.72998
"2018-04-26",554.409973
"2018-04-27",554.940002
"2018-04-30",555.72998
"2018-05-02",555.859985
"2018-05-03",551.72998
"2018-05-04",555.700012
"2018-05-07",557.859985
"2018-05-08",558.51001
"2018-05-09",561.51001
"2018-05-10",562.179993
"2018-05-11",562.27002
"2018-05-14",563.52002
"2018-05-15",564.48999
"2018-05-16",565.130005
"2018-05-17",568.960022
"2018-05-18",567.030029
"2018-05-21",570.070007
"2018-05-22",572.049988
"2018-05-23",565.070007
"2018-05-24",561.619995
"2018-05-25",562.77002
"2018-05-28",559.840027
"2018-05-29",554.77002
"2018-05-30",557.599976
"2018-05-31",552.849976
"2018-06-01",559.179993
"2018-06-04",561.700012
"2018-06-05",562.780029
"2018-06-06",562.23999
"2018-06-07",562.039978
"2018-06-08",560.030029
"2018-06-11",564.840027
"2018-06-12",563.01001
"2018-06-13",563.950012
"2018-06-14",567.530029
"2018-06-15",561.710022
"2018-06-18",559.679993
"2018-06-19",554.570007
"2018-06-20",554.969971
"2018-06-21",552.599976
"2018-06-22",560.340027
"2018-06-25",546.809998
"2018-06-26",547.27002
"2018-06-27",552.190002
"2018-06-28",547.47998
"2018-06-29",551.679993
"2018-07-02",546.51001
"2018-07-03",550.059998
"2018-07-04",549.219971
"2018-07-05",552.440002
"2018-07-06",553.619995
"2018-07-09",557.710022
"2018-07-10",560.580017
"2018-07-11",553.25
"2018-07-12",557.02002
"2018-07-13",560.119995
"2018-07-16",558.349976
"2018-07-17",559.190002
"2018-07-18",568.190002
"2018-07-19",570.210022
"2018-07-20",572.200012
"2018-07-23",570.47998
"2018-07-24",573.619995
"2018-07-25",572.900024
"2018-07-26",573.659973
"2018-07-27",576.23999
"2018-07-30",573.190002
"2018-07-31",574.25
"2018-08-01",572.880005
"2018-08-02",569.950012
"2018-08-03",572.289978
"2018-08-06",572.559998
"2018-08-07",573.909973
"2018-08-08",573.700012
"2018-08-09",572.219971
"2018-08-10",562.97998
"2018-08-13",561.190002
"2018-08-14",561.47998
"2018-08-15",552.700012
"2018-08-16",556.380005
"2018-08-17",552.950012
"2018-08-20",556.049988
"2018-08-21",557.200012
"2018-08-22",559.200012
"2018-08-23",558.909973
"2018-08-24",560.289978
"2018-08-27",564.130005
"2018-08-28",563.030029
"2018-08-29",565.150024
"2018-08-30",563.369995
"2018-08-31",558.419983
"2018-09-03",559.780029
"2018-09-04",553.409973
"2018-09-05",546.909973
"2018-09-06",539.369995
"2018-09-07",538.51001
"2018-09-10",539.799988
"2018-09-11",539.789978
"2018-09-12",540.27002
"2018-09-13",539.52002
"2018-09-14",540.530029
"2018-09-17",540.849976
"2018-09-18",543.059998
"2018-09-19",543.070007
"2018-09-20",547.450012
"2018-09-21",549.789978
"2018-09-24",548.429993
"2018-09-25",552.640015
"2018-09-26",552.349976
"2018-09-27",553.75
"2018-09-28",549.619995
"2018-10-01",552.549988
"2018-10-02",549.330017
"2018-10-03",552.849976
"2018-10-04",544.119995
"2018-10-05",539.51001
"2018-10-08",533.52002
"2018-10-09",536.950012
"2018-10-10",528.030029
"2018-10-11",517.890015
"2018-10-12",516.289978
"2018-10-15",518.359985
"2018-10-16",526.179993
"2018-10-17",527.580017
"2018-10-18",523.869995
"2018-10-19",525.169983
"2018-10-22",519.080017
"2018-10-23",510.859985
"2018-10-24",507.799988
"2018-10-25",513.159973
"2018-10-26",507.519989
"2018-10-29",509.399994
"2018-10-30",510.730011
"2018-10-31",518.710022
"2018-11-01",520.799988
"2018-11-02",521.799988
"2018-11-05",521.940002
"2018-11-06",522.309998
"2018-11-07",528.570007
"2018-11-08",528.47998
"2018-11-09",529.549988
"2018-11-12",526.099976
"2018-11-13",529.609985
"2018-11-14",527.140015
"2018-11-15",524.890015
"2018-11-16",522.429993
"2018-11-19",518.900024
"2018-11-20",510.480011
"2018-11-21",517.340027
"2018-11-22",514.099976
"2018-11-23",513.849976
"2018-11-26",518.909973
"2018-11-27",519.559998
"2018-11-28",519.580017
"2018-11-29",520.280029
"2018-11-30",519.369995
"2018-12-03",523.869995
"2018-12-04",523.22998
"2018-12-05",516.039978
"2018-12-06",498.920013
"2018-12-07",503.980011
"2018-12-10",495.309998
"2018-12-11",501.01001
"2018-12-12",509.720001
"2018-12-13",508.269989
"2018-12-14",506.529999
"2018-12-17",500.079987
"2018-12-18",494.450012
"2018-12-19",495.98999
"2018-12-20",485.970001
"2018-12-21",484.809998
"2018-12-24",478.339996
"2018-12-27",476.029999
"2018-12-28",484.170013
"2018-12-31",487.880005
"2019-01-02",486.570007
"2019-01-03",480.410004
"2019-01-04",492.01001
"2019-01-07",491.75
"2019-01-08",493.690002
"2019-01-09",496.209991
"2019-01-10",497.769989
"2019-01-11",498.649994
"2019-01-14",494.98999
"2019-01-15",498.200012
"2019-01-16",499.869995
"2019-01-17",499.839996
"2019-01-18",509.700012
"2019-01-21",509.880005
"2019-01-22",506.75
"2019-01-23",507.459991
"2019-01-24",510.079987
"2019-01-25",515.099976
"2019-01-28",510.880005
"2019-01-29",515
"2019-01-30",518.47998
"2019-01-31",520.630005
"2019-02-01",523.23999
"2019-02-04",525.679993
"2019-02-05",532.48999
"2019-02-06",536.630005
"2019-02-07",530.5
"2019-02-08",527.98999
"2019-02-11",531.119995
"2019-02-12",534.349976
"2019-02-13",536.330017
"2019-02-14",534.23999
"2019-02-15",539.619995
"2019-02-18",539.630005
"2019-02-19",538.070007
"2019-02-20",540.030029
"2019-02-21",540.570007
"2019-02-22",541.369995
"2019-02-25",542.52002
"2019-02-26",543.179993
"2019-02-27",540.289978
"2019-02-28",541.049988
"2019-03-01",538.590027
"2019-03-04",540.77002
"2019-03-05",541.119995
"2019-03-06",538.950012
"2019-03-07",536.679993
"2019-03-08",530.549988
"2019-03-11",535.380005
"2019-03-12",535.409973
"2019-03-13",539.26001
"2019-03-14",544.190002
"2019-03-15",552.179993
"2019-03-18",552.22998
"2019-03-19",552.650024
"2019-03-20",547.419983
"2019-03-21",550.390015
"2019-03-22",543.900024
"2019-03-25",541.159973
"2019-03-26",545.369995
"2019-03-27",545.140015
"2019-03-28",543.710022
"2019-03-29",548.97998
"2019-04-01",554.140015
"2019-04-02",555.940002
"2019-04-03",561.349976
"2019-04-04",561.549988
"2019-04-05",562.580017
"2019-04-08",562.320007
"2019-04-09",559.659973
"2019-04-10",561.849976
"2019-04-11",561.830017
"2019-04-12",561.609985
"2019-04-15",562.570007
"2019-04-16",565.190002
"2019-04-17",566.190002
"2019-04-18",569.609985
"2019-04-23",570.640015
"2019-04-24",568.409973
"2019-04-25",567.590027
"2019-04-26",567.179993
"2019-04-29",568.01001
"2019-04-30",571.599976
"2019-05-02",566.51001
"2019-05-03",568.719971
"2019-05-06",563.75
"2019-05-07",556.859985
"2019-05-08",558.929993
"2019-05-09",549.590027
"2019-05-10",550.869995
"2019-05-13",544.27002
"2019-05-14",550.650024
"2019-05-15",553.080017
"2019-05-16",559.150024
"2019-05-17",557.909973
"2019-05-20",551.369995
"2019-05-21",553.140015
"2019-05-22",552.969971
"2019-05-23",543.710022
"2019-05-24",547.210022
"2019-05-27",549.219971
"2019-05-28",549.099976
"2019-05-29",540.869995
"2019-05-30",545.429993
"2019-05-31",540.48999
"2019-06-03",540.719971
"2019-06-04",541.150024
"2019-06-05",543.640015
"2019-06-06",544.320007
"2019-06-07",550.23999
"2019-06-10",553.400024
"2019-06-11",557.219971
"2019-06-12",556.130005
"2019-06-13",555.849976
"2019-06-14",553.23999
"2019-06-17",552.280029
"2019-06-18",560.210022
"2019-06-19",561.450012
"2019-06-20",563.710022
"2019-06-21",562.390015
"2019-06-24",560.070007
"2019-06-25",558.320007
"2019-06-26",558.23999
"2019-06-27",557.530029
"2019-06-28",561.76001
"2019-07-01",568.27002
"2019-07-02",570.059998
"2019-07-03",572.929993
"2019-07-04",573.530029
"2019-07-05",570.460022
"2019-07-08",569.359985
"2019-07-09",566.280029
"2019-07-10",565.570007
"2019-07-11",566.98999
"2019-07-12",567.409973
"2019-07-15",569.26001
"2019-07-16",571.210022
"2019-07-17",572.340027
"2019-07-18",571.570007
"2019-07-19",571.840027
"2019-07-22",576
"2019-07-23",582.080017
"2019-07-24",583.26001
"2019-07-25",578.820007
"2019-07-26",580.080017
"2019-07-29",579.549988
"2019-07-30",574.340027
"2019-07-31",572.090027
"2019-08-01",572.460022
"2019-08-02",554.320007
"2019-08-05",540.940002
"2019-08-06",537.280029
"2019-08-07",539.570007
"2019-08-08",548.880005
"2019-08-09",542.219971
"2019-08-12",542.140015
"2019-08-13",545.690002
"2019-08-14",536.659973
"2019-08-15",534.840027
"2019-08-16",541.940002
"2019-08-19",547.909973
"2019-08-20",545.22998
"2019-08-21",550.419983
"2019-08-22",546.900024
"2019-08-23",542.090027
"2019-08-26",543.320007
"2019-08-27",547.280029
"2019-08-28",548.380005
"2019-08-29",554.280029
"2019-08-30",558.349976
"2019-09-02",559.710022
"2019-09-03",559.01001
"2019-09-04",563.460022
"2019-09-05",569.099976
"2019-09-06",569.840027
"2019-09-09",568.130005
"2019-09-10",568.48999
"2019-09-11",573.169983
"2019-09-12",574.789978
"2019-09-13",576.830017
"2019-09-16",573.460022
"2019-09-17",574.929993
"2019-09-18",576.690002
"2019-09-19",579.080017
"2019-09-20",577.440002
"2019-09-23",574.669983
"2019-09-24",574.840027
"2019-09-25",573.419983
"2019-09-26",577.719971
"2019-09-27",578.309998
"2019-09-30",580.22998
"2019-10-01",573.890015
"2019-10-02",558.01001
"2019-10-03",558.5
"2019-10-04",564.590027
"2019-10-07",569.599976
"2019-10-08",562.719971
"2019-10-09",565.75
"2019-10-10",568.369995
"2019-10-11",577.419983
"2019-10-14",575.210022
"2019-10-15",579.869995
"2019-10-16",576.859985
"2019-10-17",576.27002
"2019-10-18",572.719971
"2019-10-21",575.919983
"2019-10-22",576.409973
"2019-10-23",575.969971
"2019-10-24",582.369995
"2019-10-25",583.809998
"2019-10-28",583.679993
"2019-10-29",581.820007
"2019-10-30",581.609985
"2019-10-31",576.630005
"2019-11-01",580.780029
"2019-11-04",585.549988
"2019-11-05",590.650024
"2019-11-06",594.929993
"2019-11-07",597.109985
"2019-11-08",596.5
"2019-11-11",596.390015
"2019-11-12",599.030029
"2019-11-13",597.559998
"2019-11-14",595.26001
"2019-11-15",598.960022
"2019-11-18",598.169983
"2019-11-19",596.669983
"2019-11-20",594.159973
"2019-11-21",589.849976
"2019-11-22",592.710022
"2019-11-25",596.659973
"2019-11-26",597.590027
"2019-11-27",598.369995
"2019-11-28",597.869995
"2019-11-29",597.289978
"2019-12-02",587.119995
"2019-12-03",582.929993
"2019-12-04",590.98999
"2019-12-05",591.440002
"2019-12-06",602.299988
"2019-12-09",602.26001
"2019-12-10",599.929993
"2019-12-11",598.960022
"2019-12-12",599.710022
"2019-12-13",602.859985
"2019-12-16",610.669983
"2019-12-17",606.22998
"2019-12-18",606.039978
"2019-12-19",605.77002
"2019-12-20",609.26001
"2019-12-23",609.219971
"2019-12-24",609.330017
"2019-12-27",611.01001
"2019-12-30",605.830017
"2019-12-31",604.580017
"2020-01-02",612.869995
"2020-01-03",611.059998
"2020-01-06",607.23999
"2020-01-07",609.710022
"2020-01-08",610.47998
"2020-01-09",612.549988
"2020-01-10",610.429993
"2020-01-13",608.900024
"2020-01-14",611.150024
"2020-01-15",611.559998
"2020-01-16",612.059998
"2020-01-17",615.570007
"2020-01-20",614.22998
"2020-01-21",611.890015
"2020-01-22",611.559998
"2020-01-23",605.619995
"2020-01-24",614.23999
"2020-01-27",598.690002
"2020-01-28",602.960022
"2020-01-29",605.219971
"2020-01-30",598.950012
"2020-01-31",589.5
"2020-02-03",592.359985
"2020-02-04",605.400024
"2020-02-05",613.409973
"2020-02-06",618.75
"2020-02-07",616.460022
"2020-02-10",617.099976
"2020-02-11",623.849976
"2020-02-12",629.030029
"2020-02-13",629.140015
"2020-02-14",629.22998
"2020-02-17",629.169983
"2020-02-18",625.429993
"2020-02-19",628.76001
"2020-02-20",622.119995
"2020-02-21",617.330017
"2020-02-24",593.299988
"2020-02-25",582.710022
"2020-02-26",581.780029
"2020-02-27",559.97998
"2020-02-28",539.380005
"2020-03-02",542.169983
"2020-03-03",554.150024
"2020-03-04",557.72998
"2020-03-05",552.539978
"2020-03-06",531.289978
"2020-03-09",490.660004
"2020-03-10",485.48999
"2020-03-11",484.160004
"2020-03-12",432.100006
"2020-03-13",432.850006
"2020-03-16",416.769989
"2020-03-17",424.26001
"2020-03-18",404.100006
"2020-03-19",422.75
"2020-03-20",431.980011
"2020-03-23",423.720001
"2020-03-24",461.730011
"2020-03-25",475.399994
"2020-03-26",482.98999
"2020-03-27",464.929993
"2020-03-30",475.980011
"2020-03-31",483.440002
"2020-04-01",471.299988
"2020-04-02",478.279999
"2020-04-03",471.459991
"2020-04-06",489.820007
"2020-04-07",499.850006
"2020-04-08",500.709991
"2020-04-09",508.040009
"2020-04-14",507.73999
"2020-04-15",491.130005
"2020-04-16",496.079987
"2020-04-17",505.820007
"2020-04-20",512.76001
"2020-04-21",495.76001
"2020-04-22",509.619995
"2020-04-23",512.72998
"2020-04-24",504.940002
"2020-04-27",512.190002
"2020-04-28",519.969971
"2020-04-29",526.960022
"2020-04-30",512.919983
"2020-05-04",496.309998
"2020-05-05",509.829987
"2020-05-06",505.549988
"2020-05-07",516.26001
"2020-05-08",520.570007
"2020-05-11",520.330017
"2020-05-12",520.440002
"2020-05-13",512.190002
"2020-05-14",499.029999
"2020-05-15",500.309998
"2020-05-18",519.890015
"2020-05-19",520.450012
"2020-05-20",531.059998
"2020-05-21",522.809998
"2020-05-22",524.380005
"2020-05-25",532.820007
"2020-05-26",531.299988
"2020-05-27",528.960022
"2020-05-28",538.619995
"2020-05-29",532.570007
"2020-06-01",539.539978
"2020-06-02",546.119995
"2020-06-03",561.299988
"2020-06-04",559.130005
"2020-06-05",572.799988
"2020-06-08",566.200012
"2020-06-09",561.75
"2020-06-10",559.280029
"2020-06-11",540.26001
"2020-06-12",545.159973
"2020-06-15",541.919983
"2020-06-16",560.01001
"2020-06-17",566.47998
"2020-06-18",562.609985
"2020-06-19",567.830017
"2020-06-22",565.070007
"2020-06-23",574.190002
"2020-06-24",557.330017
"2020-06-25",560.409973
"2020-06-26",559.820007
"2020-06-29",560.159973
"2020-06-30",559.72998
"2020-07-01",562.669983
"2020-07-02",570.75
"2020-07-03",568.630005
"2020-07-06",578.52002
"2020-07-07",575.52002
"2020-07-08",572.179993
"2020-07-09",567.380005
"2020-07-10",570.52002
"2020-07-13",578.849976
"2020-07-14",572.51001
"2020-07-15",577.559998
"2020-07-16",573.940002
"2020-07-17",573.799988
"2020-07-20",579.140015
"2020-07-21",581.289978
"2020-07-22",572.900024
"2020-07-23",576.669983
"2020-07-24",563.950012
"2020-07-27",564.369995
"2020-07-28",566.330017
"2020-07-29",564.109985
"2020-07-30",549.200012
"2020-07-31",545.289978
"2020-08-03",557.72998
"2020-08-04",557.940002
"2020-08-05",563.049988
"2020-08-06",558.460022
"2020-08-07",559.570007
"2020-08-10",557.080017
"2020-08-11",565.559998
"2020-08-12",575.059998
"2020-08-13",569.950012
"2020-08-14",560.840027
"2020-08-17",562.940002
"2020-08-18",559.440002
"2020-08-19",560.22998
"2020-08-20",552.440002
"2020-08-21",551.369995
"2020-08-24",560.98999
"2020-08-25",559.809998
"2020-08-26",566.22998
"2020-08-27",562.409973
"2020-08-28",556.799988
"2020-08-31",549.200012
"2020-09-01",552.219971
"2020-09-02",561.27002
"2020-09-03",549.599976
"2020-09-04",540.27002
"2020-09-07",547.140015
"2020-09-08",540.789978
"2020-09-09",552.049988
"2020-09-10",550.5
"2020-09-11",552.01001
"2020-09-14",552.440002
"2020-09-15",555.950012
"2020-09-16",558.429993
"2020-09-17",552.47998
"2020-09-18",550.849976
"2020-09-21",536.01001
"2020-09-22",540.780029
"2020-09-23",545.679993
"2020-09-24",541.109985
"2020-09-25",540.909973
"2020-09-28",551.669983
"2020-09-29",548.919983
"2020-09-30",547.700012
"2020-10-01",550.539978
"2020-10-02",553.119995
"2020-10-05",557.919983
"2020-10-06",555.380005
"2020-10-07",554.599976
"2020-10-08",559.940002
"2020-10-09",567.169983
"2020-10-12",572.309998
"2020-10-13",572.469971
"2020-10-14",571.97998
"2020-10-15",560.469971
"2020-10-16",568.179993
"2020-10-19",565.25
"2020-10-20",564
"2020-10-21",557.400024
"2020-10-22",554.200012
"2020-10-23",554.340027
"2020-10-26",545.950012
"2020-10-27",545.650024
"2020-10-28",534.090027
"2020-10-29",534.429993
"2020-10-30",533.880005
"2020-11-02",543.909973
"2020-11-03",554.47998
"2020-11-04",565.26001
"2020-11-05",571.599976
"2020-11-06",572.900024
"2020-11-09",593.929993
"2020-11-10",591.869995
"2020-11-11",599.210022
"2020-11-12",600.049988
"2020-11-13",596.869995
"2020-11-16",601.669983
"2020-11-17",600.940002
"2020-11-18",600.880005
"2020-11-19",596.01001
"2020-11-20",601.619995
"2020-11-23",601.369995
"2020-11-24",607.460022
"2020-11-25",606.390015
"2020-11-26",607.390015
"2020-11-27",611.669983
"2020-11-30",606.02002
"2020-12-01",611.409973
"2020-12-02",610.940002
"2020-12-03",610.47998
"2020-12-04",615.669983
"2020-12-07",616.200012
"2020-12-08",616.590027
"2020-12-09",619.719971
"2020-12-10",618.099976
"2020-12-11",614.460022
"2020-12-14",612.880005
"2020-12-15",617.340027
"2020-12-16",621.859985
"2020-12-17",624.75
"2020-12-18",625.25
"2020-12-21",609.390015
"2020-12-22",617.5
"2020-12-23",622.419983
"2020-12-24",626.369995
"2020-12-28",627.590027
"2020-12-29",629.140015
"2020-12-30",628.059998
"2020-12-31",624.609985
"2021-01-04",631.030029
"2021-01-05",633.619995
"2021-01-06",639.159973
"2021-01-07",637.409973
"2021-01-08",645.599976
"2021-01-11",642.419983
"2021-01-12",643.580017
"2021-01-13",644.380005
"2021-01-14",656.659973
"2021-01-15",651.72998
"2021-01-18",650.299988
"2021-01-19",651.280029
"2021-01-20",659.299988
"2021-01-21",663.880005
"2021-01-22",660.530029
"2021-01-25",658.23999
"2021-01-26",658.539978
"2021-01-27",647.919983
"2021-01-28",649
"2021-01-29",637.109985
"2021-02-01",647.340027
"2021-02-02",652.869995
"2021-02-03",654.890015
"2021-02-04",654.380005
"2021-02-05",653.23999
"2021-02-08",656.390015
"2021-02-09",657.070007
"2021-02-10",657.22998
"2021-02-11",664.340027
"2021-02-12",676.830017
"2021-02-15",685.179993
"2021-02-16",687.429993
"2021-02-17",681.039978
"2021-02-18",672.809998
"2021-02-19",678.47998
"2021-02-22",671.75
"2021-02-23",664.059998
"2021-02-24",664.539978
"2021-02-25",664.47998
"2021-02-26",651.26001
"2021-03-01",664.580017
"2021-03-02",663.26001
"2021-03-03",663.349976
"2021-03-04",657.669983
"2021-03-05",653.869995
"2021-03-08",665.650024
"2021-03-09",675.099976
"2021-03-10",678.030029
