"Index","ATX.Close"
"2010-01-04",2537
"2010-01-05",2593.649902
"2010-01-07",2590.620117
"2010-01-08",2588.48999
"2010-01-11",2660.389893
"2010-01-12",2630.919922
"2010-01-13",2651.840088
"2010-01-14",2702.48999
"2010-01-15",2688.459961
"2010-01-18",2703.820068
"2010-01-19",2699.110107
"2010-01-20",2647.810059
"2010-01-21",2606.360107
"2010-01-22",2581.01001
"2010-01-25",2556.530029
"2010-01-26",2545.669922
"2010-01-27",2519.030029
"2010-01-28",2473.26001
"2010-01-29",2493.530029
"2010-02-01",2541.25
"2010-02-02",2563.169922
"2010-02-03",2538.159912
"2010-02-04",2474.850098
"2010-02-05",2392.689941
"2010-02-08",2407.590088
"2010-02-09",2414.48999
"2010-02-10",2451.709961
"2010-02-11",2469.409912
"2010-02-12",2449.570068
"2010-02-15",2462.199951
"2010-02-16",2508.929932
"2010-02-17",2535.97998
"2010-02-18",2562
"2010-02-19",2573.189941
"2010-02-22",2567.429932
"2010-02-23",2501.850098
"2010-02-24",2498.189941
"2010-02-25",2440.580078
"2010-02-26",2438.949951
"2010-03-01",2453.610107
"2010-03-02",2470.909912
"2010-03-03",2456.97998
"2010-03-04",2409.540039
"2010-03-05",2455.780029
"2010-03-08",2492.25
"2010-03-09",2486.23999
"2010-03-10",2517.370117
"2010-03-11",2518.320068
"2010-03-12",2538.389893
"2010-03-15",2546.75
"2010-03-16",2580.969971
"2010-03-17",2609.48999
"2010-03-18",2583.629883
"2010-03-19",2578
"2010-03-22",2561.060059
"2010-03-23",2585.51001
"2010-03-24",2584.75
"2010-03-25",2628.860107
"2010-03-26",2630.320068
"2010-03-29",2650.050049
"2010-03-30",2636.27002
"2010-03-31",2634
"2010-04-01",2658.300049
"2010-04-06",2708.389893
"2010-04-07",2734.72998
"2010-04-08",2721.139893
"2010-04-09",2765.840088
"2010-04-12",2786.419922
"2010-04-13",2752.909912
"2010-04-14",2795.320068
"2010-04-15",2790.540039
"2010-04-16",2733.080078
"2010-04-19",2725.560059
"2010-04-20",2751.389893
"2010-04-21",2744.820068
"2010-04-22",2701.100098
"2010-04-23",2731.030029
"2010-04-26",2758.139893
"2010-04-27",2700.97998
"2010-04-28",2630.810059
"2010-04-29",2643.899902
"2010-04-30",2650.320068
"2010-05-03",2666.580078
"2010-05-04",2558.889893
"2010-05-05",2478.120117
"2010-05-06",2391.469971
"2010-05-07",2311.77002
"2010-05-10",2522.139893
"2010-05-11",2486.580078
"2010-05-12",2555.290039
"2010-05-14",2479.899902
"2010-05-17",2454.870117
"2010-05-18",2501.820068
"2010-05-19",2446.48999
"2010-05-20",2384.679932
"2010-05-21",2397.810059
"2010-05-25",2293.370117
"2010-05-26",2339.280029
"2010-05-27",2422.340088
"2010-05-28",2430.27002
"2010-05-31",2422.629883
"2010-06-01",2379.949951
"2010-06-02",2364.800049
"2010-06-04",2267.360107
"2010-06-07",2235.209961
"2010-06-08",2216.840088
"2010-06-09",2269.72998
"2010-06-10",2338.709961
"2010-06-11",2363.110107
"2010-06-14",2405.77002
"2010-06-15",2427.699951
"2010-06-16",2410.75
"2010-06-17",2399.899902
"2010-06-18",2428.060059
"2010-06-21",2448.179932
"2010-06-22",2447.939941
"2010-06-23",2426.540039
"2010-06-24",2375.090088
"2010-06-25",2352.050049
"2010-06-28",2389.51001
"2010-06-29",2313.639893
"2010-06-30",2278.800049
"2010-07-01",2227.469971
"2010-07-02",2233.75
"2010-07-05",2223.629883
"2010-07-06",2248.709961
"2010-07-07",2293.26001
"2010-07-08",2331.550049
"2010-07-09",2333.459961
"2010-07-12",2332.5
"2010-07-13",2384.360107
"2010-07-14",2392.399902
"2010-07-15",2371.73999
"2010-07-16",2325.98999
"2010-07-19",2303.679932
"2010-07-20",2311.110107
"2010-07-21",2339.100098
"2010-07-22",2413.189941
"2010-07-23",2402.929932
"2010-07-26",2456.939941
"2010-07-27",2483.290039
"2010-07-28",2480.02002
"2010-07-29",2506.570068
"2010-07-30",2483.860107
"2010-08-02",2532.51001
"2010-08-03",2545.709961
"2010-08-04",2557.600098
"2010-08-05",2540.310059
"2010-08-06",2498.100098
"2010-08-09",2527.76001
"2010-08-10",2485.409912
"2010-08-11",2438.560059
"2010-08-12",2401.429932
"2010-08-13",2416.73999
"2010-08-16",2429.27002
"2010-08-17",2495.570068
"2010-08-18",2480.01001
"2010-08-19",2452.51001
"2010-08-20",2442.139893
"2010-08-23",2454.050049
"2010-08-24",2413.659912
"2010-08-25",2388.159912
"2010-08-26",2399.060059
"2010-08-27",2413.72998
"2010-08-30",2418.389893
"2010-08-31",2402.02002
"2010-09-01",2461.290039
"2010-09-02",2465.419922
"2010-09-03",2475.98999
"2010-09-06",2496.98999
"2010-09-07",2464.149902
"2010-09-08",2479.300049
"2010-09-09",2501.429932
"2010-09-10",2487.27002
"2010-09-13",2515.52002
"2010-09-14",2511.459961
"2010-09-15",2510.949951
"2010-09-16",2510.429932
"2010-09-17",2500.959961
"2010-09-20",2517.26001
"2010-09-21",2532.100098
"2010-09-22",2510.280029
"2010-09-23",2496.459961
"2010-09-24",2533.370117
"2010-09-27",2529.409912
"2010-09-28",2527.959961
"2010-09-29",2538.25
"2010-09-30",2541.629883
"2010-10-01",2562.439941
"2010-10-04",2549.219971
"2010-10-05",2581.659912
"2010-10-06",2623.340088
"2010-10-07",2636.389893
"2010-10-08",2645.320068
"2010-10-11",2666.98999
"2010-10-12",2646.75
"2010-10-13",2689.600098
"2010-10-14",2683.840088
"2010-10-15",2670.860107
"2010-10-18",2688.719971
"2010-10-19",2677.070068
"2010-10-20",2679.949951
"2010-10-21",2691.780029
"2010-10-22",2698.780029
"2010-10-25",2720.669922
"2010-10-27",2701.350098
"2010-10-28",2699.580078
"2010-10-29",2668.070068
"2010-11-02",2699.280029
"2010-11-03",2673.280029
"2010-11-04",2721.310059
"2010-11-05",2719.889893
"2010-11-08",2718.350098
"2010-11-09",2733.649902
"2010-11-10",2716.149902
"2010-11-11",2656.649902
"2010-11-12",2676.199951
"2010-11-15",2706.850098
"2010-11-16",2662.02002
"2010-11-17",2678.639893
"2010-11-18",2727.409912
"2010-11-19",2732.399902
"2010-11-22",2724.120117
"2010-11-23",2656.47998
"2010-11-24",2666.77002
"2010-11-25",2684.070068
"2010-11-26",2681.389893
"2010-11-29",2639.649902
"2010-11-30",2607.5
"2010-12-01",2705.139893
"2010-12-02",2764.840088
"2010-12-03",2755.090088
"2010-12-06",2763.570068
"2010-12-07",2795.449951
"2010-12-09",2836.830078
"2010-12-10",2829.98999
"2010-12-13",2837.870117
"2010-12-14",2823.26001
"2010-12-15",2815.800049
"2010-12-16",2813.649902
"2010-12-17",2822.840088
"2010-12-20",2855.610107
"2010-12-21",2894.550049
"2010-12-22",2911.439941
"2010-12-23",2884.889893
"2010-12-27",2879.060059
"2010-12-28",2907.77002
"2010-12-29",2941.629883
"2010-12-30",2904.469971
"2011-01-03",2951.879883
"2011-01-04",2937.909912
"2011-01-05",2879.929932
"2011-01-07",2897.780029
"2011-01-10",2831.820068
"2011-01-11",2868.360107
"2011-01-12",2909.209961
"2011-01-13",2886.75
"2011-01-14",2857.800049
"2011-01-17",2845.810059
"2011-01-18",2912.600098
"2011-01-19",2911.879883
"2011-01-20",2848.879883
"2011-01-21",2863.73999
"2011-01-24",2872.72998
"2011-01-25",2830.699951
"2011-01-26",2858.72998
"2011-01-27",2897.850098
"2011-01-28",2889.139893
"2011-01-31",2885.76001
"2011-02-01",2943.01001
"2011-02-02",2938.669922
"2011-02-03",2931.25
"2011-02-04",2943.709961
"2011-02-07",2973.860107
"2011-02-08",2990.550049
"2011-02-09",2983.820068
"2011-02-10",2974.580078
"2011-02-11",2971.689941
"2011-02-14",3000.699951
"2011-02-15",2982.719971
"2011-02-16",2997.600098
"2011-02-17",2979.169922
"2011-02-18",2978.459961
"2011-02-21",2923.550049
"2011-02-22",2916.73999
"2011-02-23",2867.98999
"2011-02-24",2862.600098
"2011-02-25",2882.050049
"2011-02-28",2895.820068
"2011-03-01",2888.790039
"2011-03-02",2863.780029
"2011-03-03",2856.47998
"2011-03-04",2827.75
"2011-03-07",2833.429932
"2011-03-08",2824.570068
"2011-03-09",2827.360107
"2011-03-10",2806.830078
"2011-03-11",2792.320068
"2011-03-14",2753
"2011-03-15",2713.320068
"2011-03-16",2703.709961
"2011-03-17",2758.449951
"2011-03-18",2789.139893
"2011-03-21",2826.909912
"2011-03-22",2823.899902
"2011-03-23",2842.080078
"2011-03-24",2889.310059
"2011-03-25",2887.219971
"2011-03-28",2895.699951
"2011-03-29",2902.429932
"2011-03-30",2919.659912
"2011-03-31",2882.179932
"2011-04-01",2912.780029
"2011-04-04",2898.810059
"2011-04-05",2893.120117
"2011-04-06",2918.699951
"2011-04-07",2882.139893
"2011-04-08",2903.209961
"2011-04-11",2896.060059
"2011-04-12",2844.620117
"2011-04-13",2875.290039
"2011-04-14",2843.679932
"2011-04-15",2853.75
"2011-04-18",2783.419922
"2011-04-19",2793.379883
"2011-04-20",2850.379883
"2011-04-21",2868.870117
"2011-04-26",2857.459961
"2011-04-27",2876.429932
"2011-04-28",2860.600098
"2011-04-29",2846.050049
"2011-05-02",2866.399902
"2011-05-03",2872.449951
"2011-05-04",2835.110107
"2011-05-05",2802.909912
"2011-05-06",2821.800049
"2011-05-09",2826.790039
"2011-05-10",2864
"2011-05-11",2872.620117
"2011-05-12",2831.570068
"2011-05-13",2797.429932
"2011-05-16",2792.620117
"2011-05-17",2755.310059
"2011-05-18",2772.949951
"2011-05-19",2786.840088
"2011-05-20",2767.77002
"2011-05-23",2705.51001
"2011-05-24",2724.899902
"2011-05-25",2720.889893
"2011-05-26",2719.419922
"2011-05-27",2746.899902
"2011-05-30",2751.409912
"2011-05-31",2787.379883
"2011-06-01",2776.75
"2011-06-03",2764.370117
"2011-06-06",2746.909912
"2011-06-07",2734.290039
"2011-06-08",2701.860107
"2011-06-09",2718.610107
"2011-06-10",2707.5
"2011-06-14",2748.389893
"2011-06-15",2730.459961
"2011-06-16",2698.340088
"2011-06-17",2706.879883
"2011-06-20",2670.050049
"2011-06-21",2731.280029
"2011-06-22",2713.97998
"2011-06-24",2638.409912
"2011-06-27",2636.570068
"2011-06-28",2662.330078
"2011-06-29",2724.810059
"2011-06-30",2766.72998
"2011-07-01",2811.399902
"2011-07-04",2803.399902
"2011-07-05",2783.060059
"2011-07-06",2758.76001
"2011-07-07",2776.5
"2011-07-08",2743.580078
"2011-07-11",2672.050049
"2011-07-12",2662.52002
"2011-07-13",2690.389893
"2011-07-14",2652.580078
"2011-07-15",2639.209961
"2011-07-18",2574.719971
"2011-07-19",2598.939941
"2011-07-20",2631.159912
"2011-07-21",2685.169922
"2011-07-22",2687.459961
"2011-07-25",2672.189941
"2011-07-26",2679.469971
"2011-07-27",2642.219971
"2011-07-28",2624.169922
"2011-07-29",2611.320068
"2011-08-01",2574.090088
"2011-08-02",2479.370117
"2011-08-03",2422.639893
"2011-08-04",2338.179932
"2011-08-05",2266.350098
"2011-08-08",2127.97998
"2011-08-09",2140
"2011-08-10",2093.449951
"2011-08-11",2151.669922
"2011-08-12",2233.409912
"2011-08-16",2229.810059
"2011-08-17",2241.679932
"2011-08-18",2124.310059
"2011-08-19",2080.840088
"2011-08-22",2106.120117
"2011-08-23",2089.26001
"2011-08-24",2142.169922
"2011-08-25",2148.52002
"2011-08-26",2143.800049
"2011-08-29",2193.850098
"2011-08-30",2206.810059
"2011-08-31",2280.090088
"2011-09-01",2277.610107
"2011-09-02",2209.320068
"2011-09-05",2114.219971
"2011-09-06",2094.27002
"2011-09-07",2143.77002
"2011-09-08",2163.080078
"2011-09-09",2046.130005
"2011-09-12",1968.719971
"2011-09-13",1977.810059
"2011-09-14",1984.609985
"2011-09-15",2033.949951
"2011-09-16",2067.149902
"2011-09-19",2000.839966
"2011-09-20",2020.689941
"2011-09-21",1998.890015
"2011-09-22",1877.199951
"2011-09-23",1849.5
"2011-09-26",1897.469971
"2011-09-27",2004.869995
"2011-09-28",1980.290039
"2011-09-29",1998.069946
"2011-09-30",1947.849976
"2011-10-03",1879.51001
"2011-10-04",1829.48999
"2011-10-05",1934.119995
"2011-10-06",1969.319946
"2011-10-07",1998.170044
"2011-10-10",1975.319946
"2011-10-11",1926.959961
"2011-10-12",2007.219971
"2011-10-13",1969.040039
"2011-10-14",1989.420044
"2011-10-17",1969.099976
"2011-10-18",1961.209961
"2011-10-19",1952.400024
"2011-10-20",1900.579956
"2011-10-21",1956.73999
"2011-10-24",1984.560059
"2011-10-25",1979.469971
"2011-10-27",2094.580078
"2011-10-28",2065.300049
"2011-10-31",1983.75
"2011-11-02",1936.280029
"2011-11-03",1968.5
"2011-11-04",1984.319946
"2011-11-07",1950.839966
"2011-11-08",1984.160034
"2011-11-09",1923.199951
"2011-11-10",1881.420044
"2011-11-11",1932
"2011-11-14",1914.76001
"2011-11-15",1878.23999
"2011-11-16",1864.079956
"2011-11-17",1810.02002
"2011-11-18",1796.560059
"2011-11-21",1711.02002
"2011-11-22",1657.569946
"2011-11-23",1652.790039
"2011-11-24",1675.170044
"2011-11-25",1680.48999
"2011-11-28",1763.800049
"2011-11-29",1779.140015
"2011-11-30",1846.910034
"2011-12-01",1818.22998
"2011-12-02",1854.300049
"2011-12-05",1871.859985
"2011-12-06",1868.709961
"2011-12-07",1878.02002
"2011-12-09",1852.670044
"2011-12-12",1785.810059
"2011-12-13",1787.290039
"2011-12-14",1752.439941
"2011-12-15",1773.550049
"2011-12-16",1792.73999
"2011-12-19",1789.079956
"2011-12-20",1842.72998
"2011-12-21",1843.900024
"2011-12-22",1883.430054
"2011-12-23",1882.089966
"2011-12-27",1895.050049
"2011-12-28",1880.439941
"2011-12-29",1891.680054
"2012-01-02",NA
"2012-01-03",1958.150024
"2012-01-04",1938.359985
"2012-01-05",1891.180054
"2012-01-09",1854.790039
"2012-01-10",1889.560059
"2012-01-11",1893.969971
"2012-01-12",1915.170044
"2012-01-13",1923.640015
"2012-01-16",1924
"2012-01-17",1950.02002
"2012-01-18",1960.640015
"2012-01-19",2001.02002
"2012-01-20",2019.72998
"2012-01-23",2090.290039
"2012-01-24",2053.73999
"2012-01-25",2063.830078
"2012-01-26",2138.870117
"2012-01-27",2126.659912
"2012-01-30",2062.530029
"2012-01-31",2076.48999
"2012-02-01",2138.23999
"2012-02-02",2170.719971
"2012-02-03",2215.620117
"2012-02-06",2226.959961
"2012-02-07",2233.23999
"2012-02-08",2238.620117
"2012-02-09",2245.699951
"2012-02-10",2175.100098
"2012-02-13",2206.379883
"2012-02-14",2175.709961
"2012-02-15",2185.179932
"2012-02-16",2171.439941
"2012-02-17",2206
"2012-02-20",2240.97998
"2012-02-21",2214.47998
"2012-02-22",2182.959961
"2012-02-23",2177.179932
"2012-02-24",2212.610107
"2012-02-27",2196.290039
"2012-02-28",2197.719971
"2012-02-29",2196.080078
"2012-03-01",2230.389893
"2012-03-02",2228.100098
"2012-03-05",2199.26001
"2012-03-06",2110.939941
"2012-03-07",2126.719971
"2012-03-08",2157.080078
"2012-03-09",2162.070068
"2012-03-12",2142.189941
"2012-03-13",2178.889893
"2012-03-14",2198.060059
"2012-03-15",2217.120117
"2012-03-16",2238.860107
"2012-03-19",2248.810059
"2012-03-20",2222.47998
"2012-03-21",2210.5
"2012-03-22",2173.090088
"2012-03-23",2179.409912
"2012-03-26",2196.070068
"2012-03-27",2189.560059
"2012-03-28",2164.870117
"2012-03-29",2145.300049
"2012-03-30",2159.060059
"2012-04-02",2154.530029
"2012-04-03",2147.129883
"2012-04-04",2092.090088
"2012-04-05",2059.72998
"2012-04-10",2015
"2012-04-11",2052.310059
"2012-04-12",2089.169922
"2012-04-13",2043.109985
"2012-04-16",2043.930054
"2012-04-17",2073.780029
"2012-04-18",2045.550049
"2012-04-19",2036.329956
"2012-04-20",2066.830078
"2012-04-23",2022.25
"2012-04-24",2062.139893
"2012-04-25",2089.669922
"2012-04-26",2094.959961
"2012-04-27",2116.540039
"2012-04-30",2118.939941
"2012-05-02",2103.860107
"2012-05-03",2091.179932
"2012-05-04",2079.530029
"2012-05-07",2111.159912
"2012-05-08",2083.73999
"2012-05-09",2029.800049
"2012-05-10",2042.030029
"2012-05-11",2040.849976
"2012-05-14",1964.73999
"2012-05-15",1909.949951
"2012-05-16",1908.689941
"2012-05-18",1894.060059
"2012-05-21",1913
"2012-05-22",1968.790039
"2012-05-23",1920.189941
"2012-05-24",1933.72998
"2012-05-25",1921.069946
"2012-05-29",1929.969971
"2012-05-30",1884.589966
"2012-05-31",1897.040039
"2012-06-01",1862.219971
"2012-06-04",1857.22998
"2012-06-05",1867.790039
"2012-06-06",1897.97998
"2012-06-08",1901.130005
"2012-06-11",1901.079956
"2012-06-12",1881.339966
"2012-06-13",1884
"2012-06-14",1888.089966
"2012-06-15",1926.300049
"2012-06-18",1917.660034
"2012-06-19",1965.02002
"2012-06-20",1976.099976
"2012-06-21",1952.079956
"2012-06-22",1910.109985
"2012-06-25",1880.77002
"2012-06-26",1855.449951
"2012-06-27",1883.01001
"2012-06-28",1885.099976
"2012-06-29",1975.349976
"2012-07-02",2013.719971
"2012-07-03",2021.469971
"2012-07-04",2015.030029
"2012-07-05",1997.829956
"2012-07-06",1956.660034
"2012-07-09",1947.160034
"2012-07-10",1966.22998
"2012-07-11",1960.339966
"2012-07-12",1934.359985
"2012-07-13",1960.810059
"2012-07-16",1962.650024
"2012-07-17",1967.939941
"2012-07-18",1985.449951
"2012-07-19",2006.47998
"2012-07-20",1954.589966
"2012-07-23",1898.48999
"2012-07-24",1893.410034
"2012-07-25",1898.26001
"2012-07-26",1963.76001
"2012-07-27",1976.300049
"2012-07-30",2019.109985
"2012-07-31",2014.800049
"2012-08-01",1996.25
"2012-08-02",1945.459961
"2012-08-03",2007.920044
"2012-08-06",2039.52002
"2012-08-07",2050.5
"2012-08-08",2052.969971
"2012-08-09",2060.189941
"2012-08-10",2050.040039
"2012-08-13",2051.209961
"2012-08-14",2055.51001
"2012-08-16",2084.889893
"2012-08-17",2106.080078
"2012-08-20",2081.72998
"2012-08-21",2090.830078
"2012-08-22",2071.360107
"2012-08-23",2055.530029
"2012-08-24",2032.189941
"2012-08-27",2046.390015
"2012-08-28",2027.959961
"2012-08-29",2024.780029
"2012-08-30",1989.75
"2012-08-31",2016.550049
"2012-09-03",2023.160034
"2012-09-04",2017.859985
"2012-09-05",2031.339966
"2012-09-06",2098.659912
"2012-09-07",2116.939941
"2012-09-10",2114.399902
"2012-09-11",2127.709961
"2012-09-12",2149.080078
"2012-09-13",2131.870117
"2012-09-14",2208.860107
"2012-09-17",2197.97998
"2012-09-18",2169.02002
"2012-09-19",2166.110107
"2012-09-20",2140.709961
"2012-09-21",2157.01001
"2012-09-24",2140.350098
"2012-09-25",2132.76001
"2012-09-26",2089.780029
"2012-09-27",2108.469971
"2012-09-28",2089.73999
"2012-10-01",2125.97998
"2012-10-02",2125.27002
"2012-10-03",2139.51001
"2012-10-04",2146.149902
"2012-10-05",2172.699951
"2012-10-08",2148.370117
"2012-10-09",2133.300049
"2012-10-10",2128.030029
"2012-10-11",2160.52002
"2012-10-12",2150.120117
"2012-10-15",2168.189941
"2012-10-16",2199.120117
"2012-10-17",2227.320068
"2012-10-18",2229.76001
"2012-10-19",2194.149902
"2012-10-22",2193.959961
"2012-10-23",2145.800049
"2012-10-24",2144.850098
"2012-10-25",2146.860107
"2012-10-29",2136.070068
"2012-10-30",2176.370117
"2012-10-31",2184.159912
"2012-11-02",2226.699951
"2012-11-05",2221.379883
"2012-11-06",2231.23999
"2012-11-07",2203.830078
"2012-11-08",2175.199951
"2012-11-09",2183.26001
"2012-11-12",2183.429932
"2012-11-13",2175.370117
"2012-11-14",2175.899902
"2012-11-15",2170.01001
"2012-11-16",2157.01001
"2012-11-19",2195.409912
"2012-11-20",2201.149902
"2012-11-21",2191.040039
"2012-11-22",2213.72998
"2012-11-23",2242.439941
"2012-11-26",2244.879883
"2012-11-27",2261.820068
"2012-11-28",2257.540039
"2012-11-29",2296.219971
"2012-11-30",2301.98999
"2012-12-03",2304.399902
"2012-12-04",2297.919922
"2012-12-05",2318.110107
"2012-12-06",2340.050049
"2012-12-07",2325.790039
"2012-12-10",2331.649902
"2012-12-11",2348.199951
"2012-12-12",2357.550049
"2012-12-13",2369.800049
"2012-12-14",2367.169922
"2012-12-17",2369.100098
"2012-12-18",2404.679932
"2012-12-19",2427.370117
"2012-12-20",2411.77002
"2012-12-21",2404.370117
"2012-12-27",2416.73999
"2012-12-28",2401.209961
"2013-01-02",2476.23999
"2013-01-03",2486.879883
"2013-01-04",2483.050049
"2013-01-07",2484.01001
"2013-01-08",2481.129883
"2013-01-09",2494.76001
"2013-01-10",2477.929932
"2013-01-11",2468.100098
"2013-01-14",2459.679932
"2013-01-15",2449.26001
"2013-01-16",2447.149902
"2013-01-17",2470.379883
"2013-01-18",2458.540039
"2013-01-21",2446.73999
"2013-01-22",2436.889893
"2013-01-23",2439.449951
"2013-01-24",2444.570068
"2013-01-25",2459.379883
"2013-01-28",2459.219971
"2013-01-29",2460.649902
"2013-01-30",2448.370117
"2013-01-31",2446.040039
"2013-02-01",2440.389893
"2013-02-04",2385.340088
"2013-02-05",2387.879883
"2013-02-06",2380.639893
"2013-02-07",2367.810059
"2013-02-08",2405.550049
"2013-02-11",2405.76001
"2013-02-12",2419.75
"2013-02-13",2437.73999
"2013-02-14",2416.959961
"2013-02-15",2400.090088
"2013-02-18",2394.23999
"2013-02-19",2407.51001
"2013-02-20",2428.679932
"2013-02-21",2385.209961
"2013-02-22",2421.639893
"2013-02-25",2444.139893
"2013-02-26",2401.310059
"2013-02-27",2434.340088
"2013-02-28",2466.600098
"2013-03-01",2468.080078
"2013-03-04",2463.310059
"2013-03-05",2509.590088
"2013-03-06",2506.429932
"2013-03-07",2509.27002
"2013-03-08",2548.840088
"2013-03-11",2526.52002
"2013-03-12",2509.139893
"2013-03-13",2493.899902
"2013-03-14",2512.699951
"2013-03-15",2496.469971
"2013-03-18",2470.820068
"2013-03-19",2443.659912
"2013-03-20",2465.830078
"2013-03-21",2452.360107
"2013-03-22",2421.679932
"2013-03-25",2379.689941
"2013-03-26",2376.340088
"2013-03-27",2357.949951
"2013-03-28",2352.01001
"2013-04-02",2382.550049
"2013-04-03",2373.75
"2013-04-04",2355.030029
"2013-04-05",2326.909912
"2013-04-08",2336.439941
"2013-04-09",2380.23999
"2013-04-10",2440.439941
"2013-04-11",2469.629883
"2013-04-12",2437.409912
"2013-04-15",2380.5
"2013-04-16",2371.659912
"2013-04-17",2343.110107
"2013-04-18",2325.820068
"2013-04-19",2343.699951
"2013-04-22",2352.580078
"2013-04-23",2392.090088
"2013-04-24",2413.030029
"2013-04-25",2438.02002
"2013-04-26",2404.800049
"2013-04-29",2420.080078
"2013-04-30",2414.25
"2013-05-02",2362.780029
"2013-05-03",2399.219971
"2013-05-06",2416.350098
"2013-05-07",2421.709961
"2013-05-08",2410.780029
"2013-05-10",2444.580078
"2013-05-13",2447.199951
"2013-05-14",2489.669922
"2013-05-15",2494.919922
"2013-05-16",2484.77002
"2013-05-17",2499.830078
"2013-05-21",2521.120117
"2013-05-22",2494.870117
"2013-05-23",2448.169922
"2013-05-24",2447.919922
"2013-05-27",2456.560059
"2013-05-28",2473.129883
"2013-05-29",2450.610107
"2013-05-31",2416.689941
"2013-06-03",2410.810059
"2013-06-04",2411.649902
"2013-06-05",2408.139893
"2013-06-06",2360.98999
"2013-06-07",2409.060059
"2013-06-10",2401.070068
"2013-06-11",2376.73999
"2013-06-12",2355.51001
"2013-06-13",2350.22998
"2013-06-14",2369.76001
"2013-06-17",2371.179932
"2013-06-18",2383.110107
"2013-06-19",2381.179932
"2013-06-20",2320.340088
"2013-06-21",2277.5
"2013-06-24",2170.860107
"2013-06-25",2190.040039
"2013-06-26",2227.52002
"2013-06-27",2243.830078
"2013-06-28",2223.97998
"2013-07-01",2253.820068
"2013-07-02",2251.659912
"2013-07-03",2210.209961
"2013-07-04",2245.330078
"2013-07-05",2247.52002
"2013-07-08",2266.909912
"2013-07-09",2262.909912
"2013-07-10",2236.199951
"2013-07-11",2280.76001
"2013-07-12",2302.540039
"2013-07-15",2312.550049
"2013-07-16",2290.360107
"2013-07-17",2303.679932
"2013-07-18",2325.530029
"2013-07-19",2300.570068
"2013-07-22",2298.23999
"2013-07-23",2298.159912
"2013-07-24",2328.659912
"2013-07-25",2324.600098
"2013-07-26",2340.47998
"2013-07-29",2354.070068
"2013-07-30",2334.889893
"2013-07-31",2337.73999
"2013-08-01",2409.449951
"2013-08-02",2416.850098
"2013-08-05",2420.840088
"2013-08-06",2414.370117
"2013-08-07",2410.129883
"2013-08-08",2451.340088
"2013-08-09",2472.429932
"2013-08-12",2481.679932
"2013-08-13",2492.929932
"2013-08-14",2507.139893
"2013-08-16",2535.050049
"2013-08-19",2497.929932
"2013-08-20",2464.649902
"2013-08-21",2456.959961
"2013-08-22",2487.060059
"2013-08-23",2510.570068
"2013-08-26",2499.370117
"2013-08-27",2445.370117
"2013-08-28",2450.889893
"2013-08-29",2458.389893
"2013-08-30",2428.929932
"2013-09-02",2453.22998
"2013-09-03",2460.570068
"2013-09-04",2481.350098
"2013-09-05",2503.149902
"2013-09-06",2497.22998
"2013-09-09",2506.51001
"2013-09-10",2532.929932
"2013-09-11",2543.919922
"2013-09-12",2508.590088
"2013-09-13",2486.469971
"2013-09-16",2514.550049
"2013-09-17",2498.850098
"2013-09-18",2506.209961
"2013-09-19",2515.610107
"2013-09-20",2503.77002
"2013-09-23",2490.25
"2013-09-24",2512.199951
"2013-09-25",2525.73999
"2013-09-26",2531.550049
"2013-09-27",2548.719971
"2013-09-30",2528.449951
"2013-10-01",2550.429932
"2013-10-02",2541.949951
"2013-10-03",2541.560059
"2013-10-04",2527.939941
"2013-10-07",2501.679932
"2013-10-08",2477.360107
"2013-10-09",2463.570068
"2013-10-10",2514.120117
"2013-10-11",2511.77002
"2013-10-14",2519.51001
"2013-10-15",2547.669922
"2013-10-16",2546.060059
"2013-10-17",2547.75
"2013-10-18",2572.860107
"2013-10-21",2574.179932
"2013-10-22",2565.780029
"2013-10-23",2551.939941
"2013-10-24",2550.379883
"2013-10-25",2541.370117
"2013-10-28",2537.800049
"2013-10-29",2566.709961
"2013-10-30",2611.27002
"2013-10-31",2602.919922
"2013-11-04",2656.659912
"2013-11-05",2642.669922
"2013-11-06",2665.659912
"2013-11-07",2659.909912
"2013-11-08",2633.860107
"2013-11-11",2646.969971
"2013-11-12",2636.570068
"2013-11-13",2617.97998
"2013-11-14",2607.810059
"2013-11-15",2616.47998
"2013-11-18",2632.97998
"2013-11-19",2621.469971
"2013-11-20",2607.340088
"2013-11-21",2629.51001
"2013-11-22",2635.320068
"2013-11-25",2647.370117
"2013-11-26",2646.050049
"2013-11-27",2656.620117
"2013-11-28",2652.649902
"2013-11-29",2645.669922
"2013-12-02",2630.379883
"2013-12-03",2580.080078
"2013-12-04",2540.620117
"2013-12-05",2510.899902
"2013-12-06",2509.560059
"2013-12-09",2527.419922
"2013-12-10",2533.590088
"2013-12-11",2507.280029
"2013-12-12",2484.800049
"2013-12-13",2462.159912
"2013-12-16",2471.189941
"2013-12-17",2447.47998
"2013-12-18",2479.590088
"2013-12-19",2487.320068
"2013-12-20",2500.75
"2013-12-23",2529.26001
"2013-12-27",2550.429932
"2013-12-30",2546.540039
"2014-01-02",2533.77002
"2014-01-03",2553.379883
"2014-01-07",2630.090088
"2014-01-08",2669.310059
"2014-01-09",2673.26001
"2014-01-10",2678.040039
"2014-01-13",2692.27002
"2014-01-14",2686
"2014-01-15",2729.070068
"2014-01-16",2713.040039
"2014-01-17",2721.76001
"2014-01-20",2704.919922
"2014-01-21",2696.149902
"2014-01-22",2707.209961
"2014-01-23",2680.26001
"2014-01-24",2626.610107
"2014-01-27",2604.889893
"2014-01-28",2645.73999
"2014-01-29",2599.780029
"2014-01-30",2582.01001
"2014-01-31",2559.73999
"2014-02-03",2525.919922
"2014-02-04",2520.23999
"2014-02-05",2542.300049
"2014-02-06",2566.110107
"2014-02-07",2594.389893
"2014-02-10",2590.77002
"2014-02-11",2641.580078
"2014-02-12",2655.060059
"2014-02-13",2612.850098
"2014-02-14",2640.449951
"2014-02-17",2654.75
"2014-02-18",2660.179932
"2014-02-19",2637.820068
"2014-02-20",2639.399902
"2014-02-21",2663.27002
"2014-02-24",2678.01001
"2014-02-25",2683.129883
"2014-02-26",2676.97998
"2014-02-27",2642.75
"2014-02-28",2587.860107
"2014-03-03",2494.379883
"2014-03-04",2548.209961
"2014-03-05",2545.709961
"2014-03-06",2577.27002
"2014-03-07",2542.370117
"2014-03-10",2509.199951
"2014-03-11",2489.360107
"2014-03-12",2452.01001
"2014-03-13",2407.780029
"2014-03-14",2386.959961
"2014-03-17",2434.070068
"2014-03-18",2476.699951
"2014-03-19",2483.689941
"2014-03-20",2471.370117
"2014-03-21",2474.5
"2014-03-24",2434.340088
"2014-03-25",2453.110107
"2014-03-26",2483.459961
"2014-03-27",2458.830078
"2014-03-28",2481.840088
"2014-03-31",2523.820068
"2014-04-01",2555.030029
"2014-04-02",2556.330078
"2014-04-03",2570.709961
"2014-04-04",2581.469971
"2014-04-07",2530.25
"2014-04-08",2499.340088
"2014-04-09",2534.919922
"2014-04-10",2519.27002
"2014-04-11",2497.939941
"2014-04-14",2469.620117
"2014-04-15",2440.399902
"2014-04-16",2465.679932
"2014-04-17",2475.699951
"2014-04-22",2517.959961
"2014-04-23",2522.100098
"2014-04-24",2517.27002
"2014-04-25",2477.719971
"2014-04-28",2480.110107
"2014-04-29",2526.98999
"2014-04-30",2525.219971
"2014-05-02",2527.51001
"2014-05-05",2502.040039
"2014-05-06",2480.290039
"2014-05-07",2470.73999
"2014-05-08",2488.899902
"2014-05-09",2482.23999
"2014-05-12",2492.679932
"2014-05-13",2478.389893
"2014-05-14",2468.51001
"2014-05-15",2412.97998
"2014-05-16",2397.449951
"2014-05-19",2404.919922
"2014-05-20",2392.77002
"2014-05-21",2397.449951
"2014-05-22",2437.429932
"2014-05-23",2461.540039
"2014-05-26",2492.100098
"2014-05-27",2514.790039
"2014-05-28",2521.070068
"2014-05-30",2529.330078
"2014-06-02",2534.179932
"2014-06-03",2515.72998
"2014-06-04",2513.77002
"2014-06-05",2542.97998
"2014-06-06",2567.719971
"2014-06-10",2585.840088
"2014-06-11",2554.969971
"2014-06-12",2559.939941
"2014-06-13",2556.360107
"2014-06-16",2558.379883
"2014-06-17",2561.889893
"2014-06-18",2567.689941
"2014-06-20",2565
"2014-06-23",2531.379883
"2014-06-24",2519.780029
"2014-06-25",2494.909912
"2014-06-26",2498.290039
"2014-06-27",2491.620117
"2014-06-30",2500.850098
"2014-07-01",2503.169922
"2014-07-02",2524.73999
"2014-07-03",2536.820068
"2014-07-04",2460.310059
"2014-07-07",2427.790039
"2014-07-08",2383.25
"2014-07-09",2390.550049
"2014-07-10",2366.360107
"2014-07-11",2379.290039
"2014-07-14",2422.780029
"2014-07-15",2385.649902
"2014-07-16",2404.600098
"2014-07-17",2388.379883
"2014-07-18",2369.649902
"2014-07-21",2359.699951
"2014-07-22",2365.429932
"2014-07-23",2376.600098
"2014-07-24",2372.870117
"2014-07-25",2373.969971
"2014-07-28",2345.939941
"2014-07-29",2345.100098
"2014-07-30",2339.949951
"2014-07-31",2310.439941
"2014-08-01",2280.689941
"2014-08-04",2271.909912
"2014-08-05",2255.27002
"2014-08-06",2242.300049
"2014-08-07",2239.23999
"2014-08-08",2231.370117
"2014-08-11",2261.47998
"2014-08-12",2246.879883
"2014-08-13",2270.570068
"2014-08-14",2270.300049
"2014-08-18",2281.959961
"2014-08-19",2289.01001
"2014-08-20",2274.23999
"2014-08-21",2302.840088
"2014-08-22",2298.580078
"2014-08-25",2320.169922
"2014-08-26",2334.280029
"2014-08-27",2339.389893
"2014-08-28",2290.379883
"2014-08-29",2301.52002
"2014-09-01",2297.419922
"2014-09-02",2293.290039
"2014-09-03",2324.959961
"2014-09-04",2355.01001
"2014-09-05",2358.340088
"2014-09-08",2348.850098
"2014-09-09",2340.370117
"2014-09-10",2326.070068
"2014-09-11",2315.659912
"2014-09-12",2304.389893
"2014-09-15",2287.939941
"2014-09-16",2255.790039
"2014-09-17",2282.840088
"2014-09-18",2302.620117
"2014-09-19",2300.870117
"2014-09-22",2291.73999
"2014-09-23",2239.48999
"2014-09-24",2239.090088
"2014-09-25",2232.300049
"2014-09-26",2215.780029
"2014-09-29",2202.030029
"2014-09-30",2203.939941
"2014-10-01",2190.209961
"2014-10-02",2148.72998
"2014-10-03",2156.629883
"2014-10-06",2171.709961
"2014-10-07",2147.290039
"2014-10-08",2123.179932
"2014-10-09",2114.580078
"2014-10-10",2078.97998
"2014-10-13",2100.300049
"2014-10-14",2095.929932
"2014-10-15",2039.290039
"2014-10-16",2032.130005
"2014-10-17",2078.629883
"2014-10-20",2080.879883
"2014-10-21",2122.320068
"2014-10-22",2131.5
"2014-10-23",2147.97998
"2014-10-24",2160.5
"2014-10-27",2166.27002
"2014-10-28",2182.110107
"2014-10-29",2166.929932
"2014-10-30",2192.290039
"2014-10-31",2214.699951
"2014-11-03",2220.879883
"2014-11-04",2213.320068
"2014-11-05",2196.090088
"2014-11-06",2199.340088
"2014-11-07",2196.689941
"2014-11-10",2212.360107
"2014-11-11",2217.149902
"2014-11-12",2197.889893
"2014-11-13",2188.649902
"2014-11-14",2189.699951
"2014-11-17",2197.290039
"2014-11-18",2228.52002
"2014-11-19",2232.810059
"2014-11-20",2214.51001
"2014-11-21",2277.639893
"2014-11-24",2290.530029
"2014-11-25",2292.780029
"2014-11-26",2296.459961
"2014-11-27",2281.790039
"2014-11-28",2283.100098
"2014-12-01",2263.5
"2014-12-02",2273.879883
"2014-12-03",2282.340088
"2014-12-04",2263.939941
"2014-12-05",2286.300049
"2014-12-09",2240.620117
"2014-12-10",2234.5
"2014-12-11",2208.310059
"2014-12-12",2136.699951
"2014-12-15",2066.72998
"2014-12-16",2077.850098
"2014-12-17",2080.399902
"2014-12-18",2113.669922
"2014-12-19",2122.030029
"2014-12-22",2153.600098
"2014-12-23",2172.189941
"2014-12-24",NA
"2014-12-29",2174.659912
"2014-12-30",2160.080078
"2015-01-02",2191.060059
"2015-01-05",2128.679932
"2015-01-07",2138.399902
"2015-01-08",2169.919922
"2015-01-09",2147.919922
"2015-01-12",2145.449951
"2015-01-13",2156.419922
"2015-01-14",2122.080078
"2015-01-15",2141
"2015-01-16",2143.360107
"2015-01-19",2148.139893
"2015-01-20",2170.23999
"2015-01-21",2191.919922
"2015-01-22",2230.090088
"2015-01-23",2227.649902
"2015-01-26",2252.139893
"2015-01-27",2223.72998
"2015-01-28",2194.139893
"2015-01-29",2187.129883
"2015-01-30",2191.110107
"2015-02-02",2217.810059
"2015-02-03",2263.070068
"2015-02-04",2252.719971
"2015-02-05",2253.370117
"2015-02-06",2274.820068
"2015-02-09",2287.73999
"2015-02-10",2327.219971
"2015-02-11",2321.23999
"2015-02-12",2375.850098
"2015-02-13",2399.590088
"2015-02-16",2401.949951
"2015-02-17",2402.790039
"2015-02-18",2427.76001
"2015-02-19",2426.050049
"2015-02-20",2450.939941
"2015-02-23",2457.320068
"2015-02-24",2472.070068
"2015-02-25",2485.310059
"2015-02-26",2477.580078
"2015-02-27",2495.209961
"2015-03-02",2480.600098
"2015-03-03",2476.320068
"2015-03-04",2465.530029
"2015-03-05",2506.820068
"2015-03-06",2548.300049
"2015-03-09",2537.52002
"2015-03-10",2480.540039
"2015-03-11",2505.959961
"2015-03-12",2506.75
"2015-03-13",2517.159912
"2015-03-16",2523.530029
"2015-03-17",2500.51001
"2015-03-18",2481.810059
"2015-03-19",2510.189941
"2015-03-20",2528.600098
"2015-03-23",2532.409912
"2015-03-24",2537.75
"2015-03-25",2523.399902
"2015-03-26",2481.629883
"2015-03-27",2464.969971
"2015-03-30",2516.129883
"2015-03-31",2509.820068
"2015-04-01",2541.550049
"2015-04-02",2545.689941
"2015-04-07",2581.939941
"2015-04-08",2590.419922
"2015-04-09",2614.580078
"2015-04-10",2620.52002
"2015-04-13",2646.709961
"2015-04-14",2628.139893
"2015-04-15",2650.97998
"2015-04-16",2634.98999
"2015-04-17",2589.560059
"2015-04-20",2608.300049
"2015-04-21",2632.26001
"2015-04-22",2617.290039
"2015-04-23",2613.179932
"2015-04-24",2637.850098
"2015-04-27",2661.699951
"2015-04-28",2646.669922
"2015-04-29",2586.51001
"2015-04-30",2586.330078
"2015-05-04",2614.090088
"2015-05-05",2583.929932
"2015-05-06",2571.26001
"2015-05-07",2615.330078
"2015-05-08",2653.22998
"2015-05-11",2653.800049
"2015-05-12",2633.030029
"2015-05-13",2659.570068
"2015-05-15",2681.439941
"2015-05-18",2637.550049
"2015-05-19",2642.560059
"2015-05-20",2652.399902
"2015-05-21",2639.919922
"2015-05-22",2640.719971
"2015-05-26",2596.790039
"2015-05-27",2614.629883
"2015-05-28",2576.429932
"2015-05-29",2568.76001
"2015-06-01",2554.280029
"2015-06-02",2578.590088
"2015-06-03",2612.350098
"2015-06-05",2544.669922
"2015-06-08",2500.97998
"2015-06-09",2502.800049
"2015-06-10",2546.409912
"2015-06-11",2527.340088
"2015-06-12",2494.030029
"2015-06-15",2434.300049
"2015-06-16",2451.699951
"2015-06-17",2428.719971
"2015-06-18",2443.399902
"2015-06-19",2431.02002
"2015-06-22",2504.48999
"2015-06-23",2519.050049
"2015-06-24",2512.830078
"2015-06-25",2499.469971
"2015-06-26",2509.560059
"2015-06-29",2427.199951
"2015-06-30",2411.77002
"2015-07-01",2461.159912
"2015-07-02",2437.629883
"2015-07-03",2433.23999
"2015-07-06",2374.060059
"2015-07-07",2330.840088
"2015-07-08",2360.040039
"2015-07-09",2411.97998
"2015-07-10",2464.75
"2015-07-13",2513.350098
"2015-07-14",2506.719971
"2015-07-15",2498.449951
"2015-07-16",2532.139893
"2015-07-17",2533.439941
"2015-07-20",2552.310059
"2015-07-21",2541.51001
"2015-07-22",2521.610107
"2015-07-23",2524.310059
"2015-07-24",2507.97998
"2015-07-27",2455.530029
"2015-07-28",2480.23999
"2015-07-29",2481.97998
"2015-07-30",2481.280029
"2015-07-31",2499.449951
"2015-08-03",2499.439941
"2015-08-04",2489.76001
"2015-08-05",2501.76001
"2015-08-06",2481.72998
"2015-08-07",2487.959961
"2015-08-10",2497.01001
"2015-08-11",2468.469971
"2015-08-12",2414.370117
"2015-08-13",2452.840088
"2015-08-14",2453.600098
"2015-08-17",2450.72998
"2015-08-18",2462.159912
"2015-08-19",2443.709961
"2015-08-20",2395.120117
"2015-08-21",2316.179932
"2015-08-24",2207.689941
"2015-08-25",2287.699951
"2015-08-26",2266.669922
"2015-08-27",2349.449951
"2015-08-28",2335.889893
"2015-08-31",2325.110107
"2015-09-01",2278.110107
"2015-09-02",2261.820068
"2015-09-03",2303.669922
"2015-09-04",2251.709961
"2015-09-07",2256.219971
"2015-09-08",2282.870117
"2015-09-09",2298.27002
"2015-09-10",2281.310059
"2015-09-11",2266.040039
"2015-09-14",2261.370117
"2015-09-15",2272.350098
"2015-09-16",2292.800049
"2015-09-17",2290.429932
"2015-09-18",2240.830078
"2015-09-21",2244.929932
"2015-09-22",2200.090088
"2015-09-23",2205.070068
"2015-09-24",2172.48999
"2015-09-25",2206.669922
"2015-09-28",2168.459961
"2015-09-29",2187.679932
"2015-09-30",2229.48999
"2015-10-01",2228.100098
"2015-10-02",2236.149902
"2015-10-05",2294.22998
"2015-10-06",2324.570068
"2015-10-07",2350.100098
"2015-10-08",2347.879883
"2015-10-09",2361.800049
"2015-10-12",2357.909912
"2015-10-13",2314.649902
"2015-10-14",2334.219971
"2015-10-15",2364.830078
"2015-10-16",2386.290039
"2015-10-19",2378.310059
"2015-10-20",2384.209961
"2015-10-21",2412.399902
"2015-10-22",2461.939941
"2015-10-23",2467.649902
"2015-10-27",2410.679932
"2015-10-28",2435.48999
"2015-10-29",2422.929932
"2015-10-30",2420.659912
"2015-11-02",2433.52002
"2015-11-03",2443.540039
"2015-11-04",2432.560059
"2015-11-05",2421.669922
"2015-11-06",2493.719971
"2015-11-09",2476.620117
"2015-11-10",2476.5
"2015-11-11",2466.659912
"2015-11-12",2391.540039
"2015-11-13",2398.439941
"2015-11-16",2401.98999
"2015-11-17",2445.370117
"2015-11-18",2465.120117
"2015-11-19",2490.790039
"2015-11-20",2483.699951
"2015-11-23",2493.98999
"2015-11-24",2454.01001
"2015-11-25",2441
"2015-11-26",2469.159912
"2015-11-27",2473.98999
"2015-11-30",2488.620117
"2015-12-01",2501.600098
"2015-12-02",2488.199951
"2015-12-03",2453.959961
"2015-12-04",2448.52002
"2015-12-07",2430.350098
"2015-12-09",2373.399902
"2015-12-10",2387.75
"2015-12-11",2339.860107
"2015-12-14",2292.320068
"2015-12-15",2352.429932
"2015-12-16",2388.899902
"2015-12-17",2366.189941
"2015-12-18",2356.860107
"2015-12-21",2343.5
"2015-12-22",2365.040039
"2015-12-23",2401.189941
"2015-12-28",2395.469971
"2015-12-29",2396.27002
"2015-12-30",2396.939941
"2016-01-04",2348.310059
"2016-01-05",2362.72998
"2016-01-07",2297.629883
"2016-01-08",2221.090088
"2016-01-11",2200.98999
"2016-01-12",2216.709961
"2016-01-13",2204.050049
"2016-01-14",2169.899902
"2016-01-15",2113.159912
"2016-01-18",2070.77002
"2016-01-19",2114.47998
"2016-01-20",2043.400024
"2016-01-21",2081.76001
"2016-01-22",2138.899902
"2016-01-25",2138.889893
"2016-01-26",2158.360107
"2016-01-27",2137.959961
"2016-01-28",2129.449951
"2016-01-29",2162.419922
"2016-02-01",2140.959961
"2016-02-02",2129.860107
"2016-02-03",2092.090088
"2016-02-04",2113.899902
"2016-02-05",2129.939941
"2016-02-08",2026.400024
"2016-02-09",1972.030029
"2016-02-10",2001.599976
"2016-02-11",1957.050049
"2016-02-12",2033.47998
"2016-02-15",2099.27002
"2016-02-16",2084.709961
"2016-02-17",2162.840088
"2016-02-18",2114.139893
"2016-02-19",2124.840088
"2016-02-22",2177.820068
"2016-02-23",2134.98999
"2016-02-24",2100.280029
"2016-02-25",2120.040039
"2016-02-26",2145.879883
"2016-02-29",2154.340088
"2016-03-01",2191.919922
"2016-03-02",2206.98999
"2016-03-03",2211.590088
"2016-03-04",2230.5
"2016-03-07",2232.719971
"2016-03-08",2236.969971
"2016-03-09",2247.909912
"2016-03-10",2228.929932
"2016-03-11",2284.02002
"2016-03-14",2323.530029
"2016-03-15",2298.689941
"2016-03-16",2299.610107
"2016-03-17",2297.149902
"2016-03-18",2316.800049
"2016-03-21",2298.77002
"2016-03-22",2292.290039
"2016-03-23",2267.610107
"2016-03-24",2221.419922
"2016-03-29",2228.330078
"2016-03-30",2275.080078
"2016-03-31",2270.379883
"2016-04-01",2266.550049
"2016-04-04",2252.860107
"2016-04-05",2227.219971
"2016-04-06",2239.600098
"2016-04-07",2210.179932
"2016-04-08",2241.169922
"2016-04-11",2246.610107
"2016-04-12",2251.169922
"2016-04-13",2293.919922
"2016-04-14",2318.050049
"2016-04-15",2303.649902
"2016-04-18",2311.469971
"2016-04-19",2338.23999
"2016-04-20",2342.26001
"2016-04-21",2333.51001
"2016-04-22",2358.459961
"2016-04-25",2320.679932
"2016-04-26",2312.959961
"2016-04-27",2329.959961
"2016-04-28",2343.969971
"2016-04-29",2329.419922
"2016-05-02",2323.189941
"2016-05-03",2274.379883
"2016-05-04",2240.26001
"2016-05-06",2239.340088
"2016-05-09",2216.540039
"2016-05-10",2229.060059
"2016-05-11",2215.219971
"2016-05-12",2204.120117
"2016-05-13",2201.790039
"2016-05-17",2207.159912
"2016-05-18",2211.360107
"2016-05-19",2182.98999
"2016-05-20",2193.129883
"2016-05-23",2205.189941
"2016-05-24",2240.370117
"2016-05-25",2272.699951
"2016-05-27",2263.51001
"2016-05-30",2272.439941
"2016-05-31",2260.830078
"2016-06-01",2222.120117
"2016-06-02",2231.540039
"2016-06-03",2215.77002
"2016-06-06",2233.659912
"2016-06-07",2263.840088
"2016-06-08",2245.189941
"2016-06-09",2235.050049
"2016-06-10",2189.870117
"2016-06-13",2138.389893
"2016-06-14",2095.02002
"2016-06-15",2124.27002
"2016-06-16",2091.26001
"2016-06-17",2139.810059
"2016-06-20",2192.899902
"2016-06-21",2200.52002
"2016-06-22",2213.77002
"2016-06-23",2242.110107
"2016-06-24",2084.219971
"2016-06-27",1988.400024
"2016-06-28",2027.949951
"2016-06-29",2076.959961
"2016-06-30",2095.959961
"2016-07-01",2104.209961
"2016-07-04",2082.689941
"2016-07-05",2026.040039
"2016-07-06",2022.959961
"2016-07-07",2043.280029
"2016-07-08",2074.110107
"2016-07-11",2110.52002
"2016-07-12",2164.290039
"2016-07-13",2136.23999
"2016-07-14",2211.659912
"2016-07-15",2219.139893
"2016-07-18",2220.01001
"2016-07-19",2209.320068
"2016-07-20",2222.300049
"2016-07-21",2219.610107
"2016-07-22",2234.75
"2016-07-25",2223.72998
"2016-07-26",2230.23999
"2016-07-27",2242.969971
"2016-07-28",2228.159912
"2016-07-29",2233.439941
"2016-08-01",2209.129883
"2016-08-02",2180.97998
"2016-08-03",2166.580078
"2016-08-04",2187.669922
"2016-08-05",2229.870117
"2016-08-08",2247.389893
"2016-08-09",2274.469971
"2016-08-10",2267.219971
"2016-08-11",2270.469971
"2016-08-12",2284.530029
"2016-08-16",2276.459961
"2016-08-17",2251.540039
"2016-08-18",2267.48999
"2016-08-19",2268.199951
"2016-08-22",2256.790039
"2016-08-23",2289.409912
"2016-08-24",2308.100098
"2016-08-25",2294.300049
"2016-08-26",2311.649902
"2016-08-29",2317.919922
"2016-08-30",2332.52002
"2016-08-31",2314.379883
"2016-09-01",2334.48999
"2016-09-02",2369.030029
"2016-09-05",2380.590088
"2016-09-06",2381.310059
"2016-09-07",2394.330078
"2016-09-08",2413.449951
"2016-09-09",2394.530029
"2016-09-12",2375.75
"2016-09-13",2356.399902
"2016-09-14",2329.419922
"2016-09-15",2346.159912
"2016-09-16",2320.699951
"2016-09-19",2350.100098
"2016-09-20",2346.360107
"2016-09-21",2362.850098
"2016-09-22",2403.459961
"2016-09-23",2403.129883
"2016-09-26",2381.419922
"2016-09-27",2371.659912
"2016-09-28",2386.219971
"2016-09-29",2415.159912
"2016-09-30",2405.280029
"2016-10-03",2405.5
"2016-10-04",2417.639893
"2016-10-05",2416.870117
"2016-10-06",2411.040039
"2016-10-07",2390.879883
"2016-10-10",2407.360107
"2016-10-11",2412.72998
"2016-10-12",2409.530029
"2016-10-13",2383.389893
"2016-10-14",2418.360107
"2016-10-17",2412.669922
"2016-10-18",2446.899902
"2016-10-19",2446.52002
"2016-10-20",2466.26001
"2016-10-21",2463.959961
"2016-10-24",2495.25
"2016-10-25",2508.370117
"2016-10-27",2507.350098
"2016-10-28",2506.550049
"2016-10-31",2473.75
"2016-11-02",2429
"2016-11-03",2469.199951
"2016-11-04",2412.850098
"2016-11-07",2432.030029
"2016-11-08",2457.449951
"2016-11-09",2486.52002
"2016-11-10",2501.389893
"2016-11-11",2485.5
"2016-11-14",2492.780029
"2016-11-15",2512.879883
"2016-11-16",2497.409912
"2016-11-17",2481.820068
"2016-11-18",2480.75
"2016-11-21",2487.75
"2016-11-22",2516.689941
"2016-11-23",2514.25
"2016-11-24",2524.179932
"2016-11-25",2513.600098
"2016-11-28",2485.179932
"2016-11-29",2495.820068
"2016-11-30",2519.590088
"2016-12-01",2523.419922
"2016-12-02",2501.73999
"2016-12-05",2523.360107
"2016-12-06",2563.580078
"2016-12-07",2592.860107
"2016-12-09",2598.610107
"2016-12-12",2607.26001
"2016-12-13",2621.080078
"2016-12-14",2596.679932
"2016-12-15",2627.48999
"2016-12-16",2647.429932
"2016-12-19",2624.590088
"2016-12-20",2632.850098
"2016-12-21",2638.280029
"2016-12-22",2632.5
"2016-12-23",2633.580078
"2016-12-27",2633.709961
"2016-12-28",2638.47998
"2016-12-29",2649.929932
"2017-01-02",NA
"2017-01-03",2685.02002
"2017-01-04",2682.639893
"2017-01-05",2696.300049
"2017-01-09",2678.689941
"2017-01-10",2659.699951
"2017-01-11",2669.540039
"2017-01-12",2670.610107
"2017-01-13",2678.439941
"2017-01-16",2668.429932
"2017-01-17",2655.600098
"2017-01-18",2659.290039
"2017-01-19",2666.459961
"2017-01-20",2684.830078
"2017-01-23",2672.879883
"2017-01-24",2684.169922
"2017-01-25",2738.919922
"2017-01-26",2726.219971
"2017-01-27",2733.070068
"2017-01-30",2694.379883
"2017-01-31",2676.429932
"2017-02-01",2727.689941
"2017-02-02",2729.76001
"2017-02-03",2730.77002
"2017-02-06",2711.98999
"2017-02-07",2712.76001
"2017-02-08",2706.110107
"2017-02-09",2737.48999
"2017-02-10",2758.98999
"2017-02-13",2782.280029
"2017-02-14",2792.47998
"2017-02-15",2807.909912
"2017-02-16",2811.350098
"2017-02-17",2798.27002
"2017-02-20",2805.810059
"2017-02-21",2815.219971
"2017-02-22",2787.100098
"2017-02-23",2799.719971
"2017-02-24",2752.98999
"2017-02-28",2746.5
"2017-03-01",2797.110107
"2017-03-02",2812.469971
"2017-03-03",2798.790039
"2017-03-06",2791.23999
"2017-03-07",2796.340088
"2017-03-08",2813.72998
"2017-03-09",2805.25
"2017-03-10",2826.110107
"2017-03-13",2836.149902
"2017-03-14",2815.639893
"2017-03-15",2816.77002
"2017-03-16",2850.76001
"2017-03-17",2841.550049
"2017-03-20",2845.47998
"2017-03-21",2825.139893
"2017-03-22",2799.280029
"2017-03-23",2823.050049
"2017-03-24",2829.429932
"2017-03-27",2799.120117
"2017-03-28",2806.800049
"2017-03-29",2836.649902
"2017-03-30",2848.530029
"2017-03-31",2828.790039
"2017-04-03",2844.899902
"2017-04-04",2860.179932
"2017-04-05",2885.129883
"2017-04-06",2897.080078
"2017-04-07",2908.73999
"2017-04-10",2910.5
"2017-04-11",2886.350098
"2017-04-12",2879.310059
"2017-04-13",2861.189941
"2017-04-18",2830.01001
"2017-04-19",2838.929932
"2017-04-20",2851.030029
"2017-04-21",2851.629883
"2017-04-24",2939.72998
"2017-04-25",2948.310059
"2017-04-26",2974.659912
"2017-04-27",2962.469971
"2017-04-28",3010.179932
"2017-05-02",3012.580078
"2017-05-03",2997.409912
"2017-05-04",3036.100098
"2017-05-05",3068.280029
"2017-05-08",3066.639893
"2017-05-09",3086.199951
"2017-05-10",3075.659912
"2017-05-11",3076.370117
"2017-05-12",3082.110107
"2017-05-15",3133.620117
"2017-05-16",3146.409912
"2017-05-17",3119.179932
"2017-05-18",3092.26001
"2017-05-19",3161.449951
"2017-05-22",3193.580078
"2017-05-23",3183.129883
"2017-05-24",3204.300049
"2017-05-25",NA
"2017-05-26",3209.580078
"2017-05-29",3184.449951
"2017-05-30",3160.27002
"2017-05-31",3123.540039
"2017-06-01",3147.52002
"2017-06-02",3157.72998
"2017-06-06",3171.600098
"2017-06-07",3182.120117
"2017-06-08",3173.629883
"2017-06-09",3209.27002
"2017-06-12",3168.560059
"2017-06-13",3173.800049
"2017-06-14",3133.51001
"2017-06-15",NA
"2017-06-16",3102.189941
"2017-06-19",3151.659912
"2017-06-20",3098.120117
"2017-06-21",3110.320068
"2017-06-22",3079.840088
"2017-06-23",3058.090088
"2017-06-26",3087.449951
"2017-06-27",3096.850098
"2017-06-28",3095.110107
"2017-06-29",3088.840088
"2017-06-30",3106.659912
"2017-07-03",3138.169922
"2017-07-04",3147.659912
"2017-07-05",3144.120117
"2017-07-06",3151.419922
"2017-07-07",3124.610107
"2017-07-10",3152.51001
"2017-07-11",3146.909912
"2017-07-12",3171.810059
"2017-07-13",3179.790039
"2017-07-14",3182.100098
"2017-07-17",3199.600098
"2017-07-18",3192.100098
"2017-07-19",3193.290039
"2017-07-20",3198.51001
"2017-07-21",3162.01001
"2017-07-24",3158.649902
"2017-07-25",3212.23999
"2017-07-26",3243.100098
"2017-07-27",3254.340088
"2017-07-28",3239.72998
"2017-07-31",3217.929932
"2017-08-01",3241.23999
"2017-08-02",3228.98999
"2017-08-03",3250.77002
"2017-08-04",3259.659912
"2017-08-07",3278.719971
"2017-08-08",3280.47998
"2017-08-09",3238.590088
"2017-08-10",3198.459961
"2017-08-11",3162.469971
"2017-08-14",3216.330078
"2017-08-16",3241.100098
"2017-08-17",3218.669922
"2017-08-18",3178.129883
"2017-08-21",3153.310059
"2017-08-22",3176.199951
"2017-08-23",3184.820068
"2017-08-24",3205.090088
"2017-08-25",3231.199951
"2017-08-28",3203.090088
"2017-08-29",3168.820068
"2017-08-30",3201.429932
"2017-08-31",3232.830078
"2017-09-01",3259.399902
"2017-09-04",3245.219971
"2017-09-05",3226.629883
"2017-09-06",3218.959961
"2017-09-07",3237.219971
"2017-09-08",3230.330078
"2017-09-11",3260.540039
"2017-09-12",3282.949951
"2017-09-13",3280.409912
"2017-09-14",3283.98999
"2017-09-15",3266.98999
"2017-09-18",3291.860107
"2017-09-19",3290.459961
"2017-09-20",3289.139893
"2017-09-21",3296.860107
"2017-09-22",3305.969971
"2017-09-25",3301.110107
"2017-09-26",3291.550049
"2017-09-27",3291.689941
"2017-09-28",3307.469971
"2017-09-29",3315.969971
"2017-10-02",3345.070068
"2017-10-03",3345.5
"2017-10-04",3309.580078
"2017-10-05",3345.5
"2017-10-06",3324.409912
"2017-10-09",3337.040039
"2017-10-10",3321.719971
"2017-10-11",3335.310059
"2017-10-12",3324.75
"2017-10-13",3375.800049
"2017-10-16",3376.02002
"2017-10-17",3373.139893
"2017-10-18",3403.129883
"2017-10-19",3369
"2017-10-20",3383.149902
"2017-10-23",3389.620117
"2017-10-24",3386.02002
"2017-10-25",3363.379883
"2017-10-26",NA
"2017-10-27",3415.379883
"2017-10-30",3419.76001
"2017-10-31",3406.090088
"2017-11-01",3406.090088
"2017-11-02",3445.22998
"2017-11-03",3410.25
"2017-11-06",3390.300049
"2017-11-07",3411.219971
"2017-11-08",3412.300049
"2017-11-09",3377.25
"2017-11-10",3393.22998
"2017-11-13",3382.850098
"2017-11-14",3360.820068
"2017-11-15",3339.47998
"2017-11-16",3331.98999
"2017-11-17",3314.699951
"2017-11-20",3313.610107
"2017-11-21",3327.419922
"2017-11-22",3316.120117
"2017-11-23",3306.189941
"2017-11-24",3328.47998
"2017-11-27",3299.399902
"2017-11-28",3321.139893
"2017-11-29",3330.860107
"2017-11-30",3344.939941
"2017-12-01",3328.100098
"2017-12-04",3361.610107
"2017-12-05",3336.820068
"2017-12-06",3314.610107
"2017-12-07",3327.379883
"2017-12-08",3327.379883
"2017-12-11",3350.560059
"2017-12-12",3337.969971
"2017-12-13",3304.939941
"2017-12-14",3311.350098
"2017-12-15",3279.23999
"2017-12-18",3406.889893
"2017-12-19",3420.629883
"2017-12-20",3408.810059
"2017-12-21",3440.02002
"2017-12-22",3440.060059
"2017-12-27",3428.689941
"2017-12-28",3434.879883
"2017-12-29",3420.139893
"2018-01-02",3444.300049
"2018-01-03",3487.389893
"2018-01-04",3555.040039
"2018-01-05",3550.879883
"2018-01-08",3550.100098
"2018-01-09",3558.860107
"2018-01-10",3596.139893
"2018-01-11",3600.939941
"2018-01-12",3599.280029
"2018-01-15",3604.389893
"2018-01-16",3611.22998
"2018-01-17",3628.080078
"2018-01-18",3628.340088
"2018-01-19",3643
"2018-01-22",3681.570068
"2018-01-23",3688.780029
"2018-01-24",3673.120117
"2018-01-25",3652.52002
"2018-01-26",3656.26001
"2018-01-29",3636.620117
"2018-01-30",3597.679932
"2018-01-31",3594.27002
"2018-02-01",3587.389893
"2018-02-02",3538.129883
"2018-02-05",3506.850098
"2018-02-06",3408.189941
"2018-02-07",3508.419922
"2018-02-08",3398.47998
"2018-02-09",3354.120117
"2018-02-12",3400.110107
"2018-02-13",3385.629883
"2018-02-14",3387.870117
"2018-02-15",3392.379883
"2018-02-16",3407.98999
"2018-02-20",3402.959961
"2018-02-21",3427.320068
"2018-02-22",3417.26001
"2018-02-23",3408.060059
"2018-02-26",3409.939941
"2018-02-27",3429.23999
"2018-02-28",3476.040039
"2018-03-01",3448.5
"2018-03-02",3388.580078
"2018-03-05",3403.669922
"2018-03-06",3445.409912
"2018-03-07",3438
"2018-03-08",3462.870117
"2018-03-09",3485.51001
"2018-03-12",3483.459961
"2018-03-13",3448.379883
"2018-03-14",3426.189941
"2018-03-15",3421.030029
"2018-03-16",3443.709961
"2018-03-19",3457.810059
"2018-03-20",3483.689941
"2018-03-21",3496.429932
"2018-03-22",3437.679932
"2018-03-23",3410.050049
"2018-03-26",3412.51001
"2018-03-27",3421.610107
"2018-03-28",3428.51001
"2018-03-29",3428.530029
"2018-04-03",3402.439941
"2018-04-04",3390.179932
"2018-04-05",3482.73999
"2018-04-10",3396.669922
"2018-04-11",3365.139893
"2018-04-12",3421.100098
"2018-04-13",3417.030029
"2018-04-16",3415.540039
"2018-04-17",3425.310059
"2018-04-18",3448.75
"2018-04-19",3475.110107
"2018-04-20",3480.949951
"2018-04-23",3494.790039
"2018-04-24",3519.360107
"2018-04-25",3443.419922
"2018-04-26",3461
"2018-04-27",3477.340088
"2018-04-30",3468.469971
"2018-05-02",3475.77002
"2018-05-03",3474.97998
"2018-05-04",3452.709961
"2018-05-07",3484.310059
"2018-05-08",3459.330078
"2018-05-09",3500.159912
"2018-05-10",NA
"2018-05-11",3522.169922
"2018-05-14",3512.709961
"2018-05-15",3531.050049
"2018-05-16",3490.5
"2018-05-17",3510.280029
"2018-05-18",3485.790039
"2018-05-21",NA
"2018-05-22",3514.459961
"2018-05-23",3481.840088
"2018-05-24",3434.149902
"2018-05-25",3405.350098
"2018-05-29",3331.659912
"2018-05-30",3362.459961
"2018-05-31",NA
"2018-06-01",3357.100098
"2018-06-04",3333.860107
"2018-06-05",3268.100098
"2018-06-06",3300.439941
"2018-06-07",3356.639893
"2018-06-08",3349.22998
"2018-06-11",3381.52002
"2018-06-12",3378.189941
"2018-06-13",3357.27002
"2018-06-14",3375.820068
"2018-06-15",3349.25
"2018-06-18",3309.439941
"2018-06-19",3268.600098
"2018-06-20",3248.530029
"2018-06-21",3246.199951
"2018-06-22",3286.73999
"2018-06-25",3227.560059
"2018-06-26",3230.530029
"2018-06-27",3264.51001
"2018-06-28",3245.469971
"2018-06-29",3255.959961
"2018-07-02",3229.300049
"2018-07-03",3224.399902
"2018-07-04",3255.090088
"2018-07-05",3261.669922
"2018-07-06",3268.939941
"2018-07-09",3281.399902
"2018-07-10",3306.820068
"2018-07-11",3252.129883
"2018-07-12",3273.060059
"2018-07-13",3285.139893
"2018-07-16",3291.320068
"2018-07-17",3282.75
"2018-07-18",3311.850098
"2018-07-19",3302.070068
"2018-07-20",3308.540039
"2018-07-23",3305.689941
"2018-07-24",3355.649902
"2018-07-25",3364.52002
"2018-07-26",3391.550049
"2018-07-27",3404.72998
"2018-07-30",3400.51001
"2018-07-31",3421.370117
"2018-08-01",3426.169922
"2018-08-02",3397.199951
"2018-08-03",3417.01001
"2018-08-06",3427.939941
"2018-08-07",3452
"2018-08-08",3413.550049
"2018-08-09",3363.689941
"2018-08-10",3326.449951
"2018-08-13",3298.449951
"2018-08-14",3287.280029
"2018-08-16",3263.129883
"2018-08-17",3264.070068
"2018-08-20",3245.560059
"2018-08-21",3284.639893
"2018-08-22",3296.459961
"2018-08-23",3290.669922
"2018-08-24",3295.070068
"2018-08-27",3315.370117
"2018-08-28",3329.76001
"2018-08-29",3331.330078
"2018-08-30",3318.040039
"2018-08-31",3299.75
"2018-09-03",3313.189941
"2018-09-04",3299.889893
"2018-09-05",3280.439941
"2018-09-06",3251.379883
"2018-09-07",3262.919922
"2018-09-10",3273.73999
"2018-09-11",3280.929932
"2018-09-12",3306.090088
"2018-09-13",3307.719971
"2018-09-14",3329.080078
"2018-09-17",3324.360107
"2018-09-18",3345.360107
"2018-09-19",3375.209961
"2018-09-20",3380.699951
"2018-09-21",3368.909912
"2018-09-24",3367.850098
"2018-09-25",3384.439941
"2018-09-26",3383.409912
"2018-09-27",3374.97998
"2018-09-28",3344.040039
"2018-10-01",3364.97998
"2018-10-02",3379.919922
"2018-10-03",3395.27002
"2018-10-04",3398.580078
"2018-10-05",3368.800049
"2018-10-08",3334.679932
"2018-10-09",3333.780029
"2018-10-10",3252.830078
"2018-10-11",3204.110107
"2018-10-12",3201.129883
"2018-10-15",3222.040039
"2018-10-16",3274.030029
"2018-10-17",3286.040039
"2018-10-18",3261.780029
"2018-10-19",3228.040039
"2018-10-22",3222.399902
"2018-10-23",3123.030029
"2018-10-24",3050.469971
"2018-10-25",3070.909912
"2018-10-26",NA
"2018-10-29",3073.360107
"2018-10-30",3086.870117
"2018-10-31",3161.090088
"2018-11-01",NA
"2018-11-02",3190.800049
"2018-11-05",3177.719971
"2018-11-06",3157.899902
"2018-11-07",3203.530029
"2018-11-08",3223.610107
"2018-11-09",3198.209961
"2018-11-12",3161.52002
"2018-11-13",3142.540039
"2018-11-14",3152.659912
"2018-11-15",3135.110107
"2018-11-16",3134.100098
"2018-11-19",3079.300049
"2018-11-20",3029.48999
"2018-11-21",3075.919922
"2018-11-22",3042.899902
"2018-11-23",3019.77002
"2018-11-26",3033.199951
"2018-11-27",3016.919922
"2018-11-28",3037.860107
"2018-11-29",3066.97998
"2018-11-30",3074.939941
"2018-12-03",3111.25
"2018-12-04",3058.050049
"2018-12-05",3016.179932
"2018-12-06",2917.149902
"2018-12-07",2935.639893
"2018-12-10",2841.820068
"2018-12-11",2875.959961
"2018-12-12",2928.300049
"2018-12-13",2908.530029
"2018-12-14",2911.959961
"2018-12-17",2862.870117
"2018-12-18",2888.669922
"2018-12-19",2827.360107
"2018-12-20",2750.27002
"2018-12-21",2714.110107
"2018-12-27",2681.25
"2018-12-28",2745.780029
"2018-12-31",NA
"2019-01-02",2770.850098
"2019-01-03",2771.449951
"2019-01-04",2858.48999
"2019-01-07",2893.189941
"2019-01-08",2895.040039
"2019-01-09",2930.629883
"2019-01-10",2922.100098
"2019-01-11",2903.830078
"2019-01-14",2878.610107
"2019-01-15",2892.97998
"2019-01-16",2928.879883
"2019-01-17",2916.919922
"2019-01-18",2987.47998
"2019-01-21",2961.219971
"2019-01-22",2947.699951
"2019-01-23",2935.879883
"2019-01-24",2939.98999
"2019-01-25",2997.810059
"2019-01-28",2965.76001
"2019-01-29",2967.350098
"2019-01-30",3000.379883
"2019-01-31",2985.449951
"2019-02-01",2991.050049
"2019-02-04",2995.100098
"2019-02-05",3017.080078
"2019-02-06",3042.840088
"2019-02-07",3001.709961
"2019-02-08",2963.969971
"2019-02-12",3014.47998
"2019-02-13",2995.27002
"2019-02-14",2961.389893
"2019-02-15",3023.76001
"2019-02-18",3023.919922
"2019-02-19",3021.76001
"2019-02-20",3061.639893
"2019-02-21",3028.219971
"2019-02-22",3028.659912
"2019-02-25",3020.159912
"2019-02-26",3019.469971
"2019-02-27",3027.350098
"2019-02-28",3040.919922
"2019-03-01",3061.699951
"2019-03-04",3067.679932
"2019-03-05",3046.070068
"2019-03-06",3012.77002
"2019-03-07",2974.51001
"2019-03-08",2937.570068
"2019-03-12",2949.5
"2019-03-13",2990.350098
"2019-03-14",3042.060059
"2019-03-15",3041.669922
"2019-03-18",3070.73999
"2019-03-19",3077.379883
"2019-03-20",3065.52002
"2019-03-21",3080.52002
"2019-03-22",3040.409912
"2019-03-26",3035.590088
"2019-03-27",3038.01001
"2019-03-28",3020.870117
"2019-03-29",3034.040039
"2019-04-01",3076.800049
"2019-04-02",3093.550049
"2019-04-03",3131.47998
"2019-04-04",3122.649902
"2019-04-05",3154.899902
"2019-04-08",3110.969971
"2019-04-09",3117.01001
"2019-04-10",3144.139893
"2019-04-11",3171.25
"2019-04-12",3215.629883
"2019-04-15",3248.830078
"2019-04-16",3266.75
"2019-04-17",3292.340088
"2019-04-18",3301.379883
"2019-04-23",3297.669922
"2019-04-24",3262.080078
"2019-04-25",3244.469971
"2019-04-30",3214.790039
"2019-05-02",3190.850098
"2019-05-03",3174.219971
"2019-05-06",3135.080078
"2019-05-07",3096.820068
"2019-05-08",3089.340088
"2019-05-09",3016
"2019-05-10",3050.919922
"2019-05-13",3009.800049
"2019-05-14",3047.340088
"2019-05-15",3044.060059
"2019-05-16",3072.070068
"2019-05-17",3058.5
"2019-05-20",3014.949951
"2019-05-21",3026.209961
"2019-05-22",3008.179932
"2019-05-23",2949.25
"2019-05-24",2954.419922
"2019-05-27",2954.629883
"2019-05-28",2949.709961
"2019-05-29",2904.310059
"2019-05-30",2920.879883
"2019-05-31",2897.449951
"2019-06-03",2898.399902
"2019-06-04",2929.060059
"2019-06-05",2930.449951
"2019-06-06",2911.820068
"2019-06-07",2934.879883
"2019-06-10",NA
"2019-06-11",2971
"2019-06-12",2943.879883
"2019-06-13",2949.330078
"2019-06-14",2940.350098
"2019-06-18",2964.040039
"2019-06-19",2956.649902
"2019-06-20",2955.330078
"2019-06-21",2951.090088
"2019-06-24",2945.409912
"2019-06-25",2923.72998
"2019-06-26",2946.949951
"2019-06-27",2945.570068
"2019-06-28",2977.679932
"2019-07-01",3007.300049
"2019-07-02",2985.179932
"2019-07-03",3010.300049
"2019-07-04",3033.02002
"2019-07-05",3028.189941
"2019-07-08",3023.659912
"2019-07-09",2986.389893
"2019-07-10",2996.050049
"2019-07-11",2991.570068
"2019-07-12",3001.629883
"2019-07-15",2997.530029
"2019-07-16",3005.969971
"2019-07-17",2976.919922
"2019-07-18",2953.899902
"2019-07-19",2948.870117
"2019-07-22",2974.719971
"2019-07-23",3017.629883
"2019-07-24",3040.949951
"2019-07-25",3041.72998
"2019-07-26",3032.280029
"2019-07-29",3012.159912
"2019-07-30",2975.870117
"2019-07-31",2984.939941
"2019-08-01",2961.199951
"2019-08-02",2946.659912
"2019-08-05",2894.449951
"2019-08-06",2890.189941
"2019-08-07",2878.409912
"2019-08-08",2898.699951
"2019-08-09",2892.399902
"2019-08-12",2878.52002
"2019-08-13",2896.659912
"2019-08-14",2848.189941
"2019-08-16",2851.070068
"2019-08-19",2906.620117
"2019-08-20",2885.719971
"2019-08-21",2943.580078
"2019-08-22",2929.77002
"2019-08-23",2896.639893
"2019-08-26",2897.469971
"2019-08-27",2896.189941
"2019-08-28",2868.310059
"2019-08-29",2887.02002
"2019-08-30",2911.149902
"2019-09-02",2907.919922
"2019-09-03",2880.780029
"2019-09-04",2908.350098
"2019-09-05",2930.919922
"2019-09-06",2935.719971
"2019-09-09",2956.860107
"2019-09-10",2992.810059
"2019-09-11",3000.209961
"2019-09-12",3018.27002
"2019-09-13",3032.810059
"2019-09-16",3052.199951
"2019-09-17",3045.469971
"2019-09-18",3039.889893
"2019-09-19",3069
"2019-09-20",3068.040039
"2019-09-23",3034.709961
"2019-09-24",3034.149902
"2019-09-25",2998.02002
"2019-09-26",2997.889893
"2019-09-27",3021.22998
"2019-09-30",3010.610107
"2019-10-01",2992.870117
"2019-10-02",2924.439941
"2019-10-03",2905.75
"2019-10-04",2923.290039
"2019-10-07",2936.189941
"2019-10-08",2921.909912
"2019-10-09",2916.600098
"2019-10-10",2939.679932
"2019-10-11",3005.639893
"2019-10-14",3002.22998
"2019-10-15",3032.590088
"2019-10-16",3043.449951
"2019-10-17",3040.189941
"2019-10-18",3048.27002
"2019-10-21",3084.47998
"2019-10-22",3118.179932
"2019-10-23",3145.699951
"2019-10-24",3154.679932
"2019-10-25",3154.469971
"2019-10-28",3189.370117
"2019-10-29",3190.52002
"2019-10-30",3171.209961
"2019-10-31",3139.590088
"2019-11-01",3164.639893
"2019-11-04",3225.409912
"2019-11-05",3246.370117
"2019-11-06",3224.199951
"2019-11-07",3250.610107
"2019-11-08",3224.169922
"2019-11-11",3227.77002
"2019-11-12",3234.060059
"2019-11-13",3221.699951
"2019-11-14",3186.290039
"2019-11-15",3189.25
"2019-11-18",3157.060059
"2019-11-19",3153.179932
"2019-11-20",3155.129883
"2019-11-21",3148.48999
"2019-11-22",3174.570068
"2019-11-25",3183.110107
"2019-11-26",3191.669922
"2019-11-27",3183.48999
"2019-11-28",3178.73999
"2019-11-29",3139.820068
"2019-12-02",3118.52002
"2019-12-03",3092.649902
"2019-12-04",3112.5
"2019-12-05",3113.719971
"2019-12-06",3144.5
"2019-12-09",3124.090088
"2019-12-10",3118.98999
"2019-12-11",3123.120117
"2019-12-12",3166.330078
"2019-12-13",3168.060059
"2019-12-16",3199.98999
"2019-12-17",3207.060059
"2019-12-18",3194.52002
"2019-12-19",3204.610107
"2019-12-20",3210.27002
"2019-12-23",3220.939941
"2019-12-27",3212.540039
"2019-12-30",3186.939941
"2020-01-02",3229.370117
"2020-01-03",3217.070068
"2020-01-06",3202.73999
"2020-01-07",3189.5
"2020-01-08",3195.050049
"2020-01-09",3203.320068
"2020-01-10",3219.389893
"2020-01-13",3215.75
"2020-01-14",3210.219971
"2020-01-15",3171.820068
"2020-01-16",3174.860107
"2020-01-17",3172.52002
"2020-01-20",3172.350098
"2020-01-21",3158.550049
"2020-01-22",3154.699951
"2020-01-23",3121.97998
"2020-01-24",3145.449951
"2020-01-27",3098.439941
"2020-01-28",3119.570068
"2020-01-29",3133.530029
"2020-01-30",3101.47998
"2020-01-31",3074.310059
"2020-02-03",3056.629883
"2020-02-04",3083.669922
"2020-02-05",3124.469971
"2020-02-06",3142.590088
"2020-02-07",3146.909912
"2020-02-10",3119.100098
"2020-02-11",3181.439941
"2020-02-12",3204.790039
"2020-02-13",3195.5
"2020-02-14",3212.47998
"2020-02-17",3210.100098
"2020-02-18",3178.620117
"2020-02-19",3198.330078
"2020-02-20",3173.840088
"2020-02-21",3149.389893
"2020-02-24",3040.22998
"2020-02-25",2970.26001
"2020-02-26",2959.840088
"2020-02-27",2845.939941
"2020-02-28",2787.389893
"2020-03-02",2778.679932
"2020-03-03",2809.580078
"2020-03-04",2798.52002
"2020-03-05",2720.959961
"2020-03-06",2615.560059
"2020-03-09",2379.929932
"2020-03-10",2361.409912
"2020-03-11",2305.949951
"2020-03-12",1991.219971
"2020-03-13",2000.76001
"2020-03-16",1791.420044
"2020-03-17",1768.569946
"2020-03-18",1630.839966
"2020-03-19",1705.900024
"2020-03-20",1889.189941
"2020-03-23",1880.819946
"2020-03-24",2034.300049
"2020-03-25",2017.930054
"2020-03-26",2056.48999
"2020-03-27",1997.800049
"2020-03-30",1989.719971
"2020-03-31",2001.599976
"2020-04-01",1946.189941
"2020-04-02",1981.680054
"2020-04-03",1964.939941
"2020-04-06",2046.550049
"2020-04-07",2126.419922
"2020-04-08",2114.340088
"2020-04-09",2184.060059
"2020-04-14",2201.409912
"2020-04-15",2048.040039
"2020-04-16",2006.75
"2020-04-17",2070.070068
"2020-04-20",2061.100098
"2020-04-21",1994.630005
"2020-04-22",2039.22998
"2020-04-23",2108.810059
"2020-04-24",2094.120117
"2020-04-27",2115.129883
"2020-04-28",2164.620117
"2020-04-29",2255.280029
"2020-04-30",2227.149902
"2020-05-04",2144.959961
"2020-05-05",2197.969971
"2020-05-06",2185.320068
"2020-05-07",2224.570068
"2020-05-08",2246.5
"2020-05-11",2226.310059
"2020-05-12",2200.77002
"2020-05-13",2165.080078
"2020-05-14",2115.969971
"2020-05-15",2130.850098
"2020-05-18",2209.290039
"2020-05-19",2114.219971
"2020-05-20",2145.719971
"2020-05-21",2099.530029
"2020-05-22",2127.469971
"2020-05-25",2152.790039
"2020-05-26",2214.860107
"2020-05-27",2250.949951
"2020-05-28",2269.129883
"2020-05-29",2232.300049
"2020-06-02",2308.790039
"2020-06-03",2366.47998
"2020-06-04",2388.909912
"2020-06-05",2485
"2020-06-08",2512.679932
"2020-06-09",2451.139893
"2020-06-10",2386.800049
"2020-06-11",2270.52002
"2020-06-12",2307.560059
"2020-06-15",2284.060059
"2020-06-16",2350.800049
"2020-06-17",2340.75
"2020-06-18",2326.409912
"2020-06-19",2318.600098
"2020-06-22",2279.5
"2020-06-23",2309.909912
"2020-06-24",2227.100098
"2020-06-25",2249.610107
"2020-06-26",2232.399902
"2020-06-29",2247.800049
"2020-06-30",2246.719971
"2020-07-01",2254.129883
"2020-07-02",2288.330078
"2020-07-03",2272.780029
"2020-07-06",2343.050049
"2020-07-07",2317.360107
"2020-07-08",2289.340088
"2020-07-09",2266.199951
"2020-07-10",2277.939941
"2020-07-13",2301.699951
"2020-07-14",2306.560059
"2020-07-15",2332.350098
"2020-07-16",2323.23999
"2020-07-17",2313.300049
"2020-07-20",2311.600098
"2020-07-21",2338.459961
"2020-07-22",2324.179932
"2020-07-23",2296.870117
"2020-07-24",2257.360107
"2020-07-27",2247.469971
"2020-07-28",2230.409912
"2020-07-29",2208.050049
"2020-07-30",2146.899902
"2020-07-31",2123.550049
"2020-08-03",2155.100098
"2020-08-04",2193.159912
"2020-08-05",2222.030029
"2020-08-06",2193.840088
"2020-08-07",2194.929932
"2020-08-10",2224.129883
"2020-08-11",2272.389893
"2020-08-12",2287.580078
"2020-08-13",2268.73999
"2020-08-14",2246.320068
"2020-08-17",2224.27002
"2020-08-18",2212.52002
"2020-08-19",2218.889893
"2020-08-20",2199.909912
"2020-08-21",2194.899902
"2020-08-24",2247.209961
"2020-08-25",2234.560059
"2020-08-26",2248.679932
"2020-08-27",2228.47998
"2020-08-28",2253.26001
"2020-08-31",2217.050049
"2020-09-01",2219.47998
"2020-09-02",2216.090088
"2020-09-03",2215.169922
"2020-09-04",2217.290039
"2020-09-07",2251.659912
"2020-09-08",2217.790039
"2020-09-09",2252.360107
"2020-09-10",2245.47998
"2020-09-11",2232.620117
"2020-09-14",2238.040039
"2020-09-15",2236.850098
"2020-09-16",2258.830078
"2020-09-17",2242.949951
"2020-09-18",2206.23999
"2020-09-21",2125.310059
"2020-09-22",2130.219971
"2020-09-23",2111.699951
"2020-09-24",2102.419922
"2020-09-25",2083.02002
"2020-09-28",2124.060059
"2020-09-29",2096.030029
"2020-09-30",2108.75
"2020-10-01",2090.27002
"2020-10-02",2100.790039
"2020-10-05",2141.100098
"2020-10-06",2175.100098
"2020-10-07",2173.790039
"2020-10-08",2212.620117
"2020-10-09",2214.620117
"2020-10-12",2218.870117
"2020-10-13",2193.719971
"2020-10-14",2210.22998
"2020-10-15",2176.909912
"2020-10-16",2195.320068
"2020-10-19",2193.149902
"2020-10-20",2194.110107
"2020-10-21",2175.040039
"2020-10-22",2166.409912
"2020-10-23",2193.73999
"2020-10-27",2114.129883
"2020-10-28",2053.379883
"2020-10-29",2034.189941
"2020-10-30",2054.959961
"2020-11-02",2083.879883
"2020-11-03",2144.629883
"2020-11-04",2146.51001
"2020-11-05",2175.830078
"2020-11-06",2153.22998
"2020-11-09",2316.969971
"2020-11-10",2396.419922
"2020-11-11",2406.300049
"2020-11-12",2390.580078
"2020-11-13",2410.27002
"2020-11-16",2483.840088
"2020-11-17",2498.300049
"2020-11-18",2511.290039
"2020-11-19",2502.969971
"2020-11-20",2502.669922
"2020-11-23",2526.389893
"2020-11-24",2570.399902
"2020-11-25",2585.060059
"2020-11-26",2578.899902
"2020-11-27",2598.959961
"2020-11-30",2553.780029
"2020-12-01",2605.399902
"2020-12-02",2607.600098
"2020-12-03",2614.810059
"2020-12-04",2656.620117
"2020-12-07",2642.649902
"2020-12-08",2635.409912
"2020-12-09",2669.97998
"2020-12-10",2653.560059
"2020-12-11",2632.169922
"2020-12-14",2657.919922
"2020-12-15",2697.870117
"2020-12-16",2721.669922
"2020-12-17",2723.919922
"2020-12-18",2713.689941
"2020-12-21",2656.929932
"2020-12-22",2707.52002
"2020-12-23",2737.120117
"2020-12-28",2761.709961
"2020-12-29",2778.22998
"2020-12-30",2780.439941
"2021-01-04",2792.340088
"2021-01-05",2799.699951
"2021-01-06",2873.120117
"2021-01-07",2947.77002
"2021-01-08",2941.75
"2021-01-11",2942.439941
"2021-01-12",2964.179932
"2021-01-13",2966.330078
"2021-01-14",2993.419922
"2021-01-15",2947.959961
"2021-01-18",2989.870117
"2021-01-19",3002.26001
"2021-01-20",3026.590088
"2021-01-21",3024.209961
"2021-01-22",3002.26001
"2021-01-25",2934.969971
"2021-01-26",2949.26001
"2021-01-27",2909.959961
"2021-01-28",2908.540039
"2021-01-29",2887.72998
"2021-02-01",2931.149902
"2021-02-02",2958.719971
"2021-02-03",2972.850098
"2021-02-04",2990.790039
"2021-02-05",3015.139893
"2021-02-08",3021.139893
"2021-02-09",2999.629883
"2021-02-10",2999.850098
"2021-02-11",2983.129883
"2021-02-12",2962.709961
"2021-02-15",3014.780029
"2021-02-16",3023.469971
"2021-02-17",3021.439941
"2021-02-18",2977.580078
"2021-02-19",3005.090088
"2021-02-22",3008.959961
"2021-02-23",3039.429932
"2021-02-24",3070.459961
"2021-02-25",3071.919922
"2021-02-26",3011.570068
"2021-03-01",3076.929932
"2021-03-02",3085.97998
"2021-03-03",3093.790039
"2021-03-04",3084.790039
"2021-03-05",3082.5
"2021-03-08",3132.580078
"2021-03-09",3133.26001
"2021-03-10",3133.76001
