"Index","AXJO.Close"
"2010-01-04",4876.299805
"2010-01-05",4924.299805
"2010-01-06",4921.399902
"2010-01-07",4899.399902
"2010-01-08",4912.100098
"2010-01-11",4950.700195
"2010-01-12",4899.5
"2010-01-13",4868.100098
"2010-01-14",4898
"2010-01-15",4899.600098
"2010-01-18",4911.100098
"2010-01-19",4861.200195
"2010-01-20",4868.200195
"2010-01-21",4827.200195
"2010-01-22",4750.600098
"2010-01-25",4717.899902
"2010-01-27",4644.600098
"2010-01-28",4673.299805
"2010-01-29",4569.600098
"2010-02-01",4524.100098
"2010-02-02",4605.299805
"2010-02-03",4647.899902
"2010-02-04",4621.600098
"2010-02-05",4514.100098
"2010-02-08",4521.399902
"2010-02-09",4505.100098
"2010-02-10",4513.399902
"2010-02-11",4554.299805
"2010-02-12",4562.100098
"2010-02-15",4545.5
"2010-02-16",4567.799805
"2010-02-17",4667.899902
"2010-02-18",4654.899902
"2010-02-19",4635.100098
"2010-02-22",4717.5
"2010-02-23",4718.299805
"2010-02-24",4648.5
"2010-02-25",4594.100098
"2010-02-26",4637.700195
"2010-03-01",4686.5
"2010-03-02",4701.899902
"2010-03-03",4735.700195
"2010-03-04",4750.5
"2010-03-05",4767.200195
"2010-03-08",4807.899902
"2010-03-09",4820.100098
"2010-03-10",4820
"2010-03-11",4814.200195
"2010-03-12",4818.100098
"2010-03-15",4784.100098
"2010-03-16",4797.200195
"2010-03-17",4853.200195
"2010-03-18",4863.100098
"2010-03-19",4872.200195
"2010-03-22",4830.200195
"2010-03-23",4874.799805
"2010-03-24",4891.5
"2010-03-25",4885.399902
"2010-03-26",4896.899902
"2010-03-29",4897.299805
"2010-03-30",4916.799805
"2010-03-31",4875.5
"2010-04-01",4907.700195
"2010-04-06",4953.700195
"2010-04-07",4960.899902
"2010-04-08",4937.899902
"2010-04-09",4948.100098
"2010-04-12",4984.299805
"2010-04-13",4951.600098
"2010-04-14",4994.700195
"2010-04-15",5001.899902
"2010-04-16",4984.700195
"2010-04-19",4915.100098
"2010-04-20",4925.799805
"2010-04-21",4954.299805
"2010-04-22",4907.399902
"2010-04-23",4881.5
"2010-04-27",4880
"2010-04-28",4822.799805
"2010-04-29",4785.600098
"2010-04-30",4807.399902
"2010-05-03",4785.5
"2010-05-04",4737.100098
"2010-05-05",4674
"2010-05-06",4573.200195
"2010-05-07",4480.700195
"2010-05-10",4599.799805
"2010-05-11",4548
"2010-05-12",4573
"2010-05-13",4652.799805
"2010-05-14",4611.100098
"2010-05-17",4467.200195
"2010-05-18",4470.700195
"2010-05-19",4387.100098
"2010-05-20",4316.5
"2010-05-21",4305.399902
"2010-05-24",4395.399902
"2010-05-25",4265.299805
"2010-05-26",4307.200195
"2010-05-27",4379.200195
"2010-05-28",4457.5
"2010-05-31",4429.700195
"2010-06-01",4413.100098
"2010-06-02",4381
"2010-06-03",4486
"2010-06-04",4449.399902
"2010-06-07",4325.899902
"2010-06-08",4381.200195
"2010-06-09",4385.299805
"2010-06-10",4435.299805
"2010-06-11",4505.5
"2010-06-15",4505
"2010-06-16",NA
"2010-06-17",4527.299805
"2010-06-18",4551.899902
"2010-06-21",4612.600098
"2010-06-22",4558.299805
"2010-06-23",4486.100098
"2010-06-24",4479.700195
"2010-06-25",4413
"2010-06-28",4384.5
"2010-06-29",4345.700195
"2010-06-30",4301.5
"2010-07-01",4237.5
"2010-07-02",4238.700195
"2010-07-05",4222.100098
"2010-07-06",4276.100098
"2010-07-07",4254.600098
"2010-07-08",4356.899902
"2010-07-09",4396.299805
"2010-07-12",4409.899902
"2010-07-13",4380.299805
"2010-07-14",4462.399902
"2010-07-15",4442.600098
"2010-07-16",4422.700195
"2010-07-19",4358.299805
"2010-07-20",4403.600098
"2010-07-21",4412.700195
"2010-07-22",4374.700195
"2010-07-23",4458.399902
"2010-07-26",4486.100098
"2010-07-27",4497.399902
"2010-07-28",4529.899902
"2010-07-29",4524.100098
"2010-07-30",4493.5
"2010-08-02",4541.600098
"2010-08-03",4571.600098
"2010-08-04",4542.100098
"2010-08-05",4566.5
"2010-08-06",4566.100098
"2010-08-09",4594.899902
"2010-08-10",4540.700195
"2010-08-11",4455.5
"2010-08-12",4400.899902
"2010-08-13",4459.600098
"2010-08-16",4438.5
"2010-08-17",4477
"2010-08-18",4474.899902
"2010-08-19",4479
"2010-08-20",4430.899902
"2010-08-23",4429
"2010-08-24",4381.299805
"2010-08-25",4320.100098
"2010-08-26",4356
"2010-08-27",4370.100098
"2010-08-30",4452.700195
"2010-08-31",4404.200195
"2010-09-01",4495.700195
"2010-09-02",4532.700195
"2010-09-03",4541.200195
"2010-09-06",4575.5
"2010-09-07",4573.200195
"2010-09-08",4537.200195
"2010-09-09",4582.200195
"2010-09-10",4560.299805
"2010-09-13",4614.899902
"2010-09-14",4626.5
"2010-09-15",4661.5
"2010-09-16",4605.299805
"2010-09-17",4638.899902
"2010-09-20",4631.299805
"2010-09-21",4617.5
"2010-09-22",4625.200195
"2010-09-23",4633.600098
"2010-09-24",4601.899902
"2010-09-27",4675.399902
"2010-09-28",4669.799805
"2010-09-29",4645
"2010-09-30",4582.899902
"2010-10-01",4579.200195
"2010-10-04",4625.299805
"2010-10-05",4606.899902
"2010-10-06",4686.799805
"2010-10-07",4691.299805
"2010-10-08",4681.399902
"2010-10-11",4697.5
"2010-10-12",4618.200195
"2010-10-13",4619.899902
"2010-10-14",4699.100098
"2010-10-15",4689
"2010-10-18",4651.899902
"2010-10-19",4655.700195
"2010-10-20",4624.899902
"2010-10-21",4622.899902
"2010-10-22",4648.200195
"2010-10-25",4710
"2010-10-26",4687.799805
"2010-10-27",4648.100098
"2010-10-28",4684.899902
"2010-10-29",4661.600098
"2010-11-01",4698.5
"2010-11-02",4701.399902
"2010-11-03",4722.600098
"2010-11-04",4745.299805
"2010-11-05",4800.600098
"2010-11-08",4778.399902
"2010-11-09",4740.700195
"2010-11-10",4699.799805
"2010-11-11",4728.600098
"2010-11-12",4692.700195
"2010-11-15",4688
"2010-11-16",4700.299805
"2010-11-17",4624.299805
"2010-11-18",4640.200195
"2010-11-19",4629.200195
"2010-11-22",4643.5
"2010-11-23",4589.100098
"2010-11-24",4584.600098
"2010-11-25",4593.399902
"2010-11-26",4598.299805
"2010-11-29",4618.5
"2010-11-30",4584.399902
"2010-12-01",4586.600098
"2010-12-02",4676.200195
"2010-12-03",4694.200195
"2010-12-06",4688.600098
"2010-12-07",4726.799805
"2010-12-08",4699.899902
"2010-12-09",4741.299805
"2010-12-10",4745.899902
"2010-12-13",4757.100098
"2010-12-14",4766.899902
"2010-12-15",4767.799805
"2010-12-16",4784
"2010-12-17",4763.100098
"2010-12-20",4736.600098
"2010-12-21",4771.899902
"2010-12-22",4778.399902
"2010-12-23",4799
"2010-12-24",4777.299805
"2010-12-29",4775.200195
"2010-12-30",4790.399902
"2010-12-31",4745.200195
"2011-01-04",4742.5
"2011-01-05",4714.899902
"2011-01-06",4725
"2011-01-07",4705
"2011-01-10",4712.299805
"2011-01-11",4710.700195
"2011-01-12",4724.200195
"2011-01-13",4795.200195
"2011-01-14",4801.5
"2011-01-17",4763.100098
"2011-01-18",4801.799805
"2011-01-19",4834.600098
"2011-01-20",4783.700195
"2011-01-21",4755.700195
"2011-01-24",4786
"2011-01-25",4807.799805
"2011-01-27",4806.100098
"2011-01-28",4774.899902
"2011-01-31",4753.899902
"2011-02-01",4752.100098
"2011-02-02",4796.5
"2011-02-03",4820.600098
"2011-02-04",4862.700195
"2011-02-07",4868.5
"2011-02-08",4890.399902
"2011-02-09",4904.799805
"2011-02-10",4914.399902
"2011-02-11",4880.899902
"2011-02-14",4935.799805
"2011-02-15",4931
"2011-02-16",4930.200195
"2011-02-17",4938.399902
"2011-02-18",4936.700195
"2011-02-21",4900
"2011-02-22",4856.700195
"2011-02-23",4845.899902
"2011-02-24",4809.299805
"2011-02-25",4836.5
"2011-02-28",4831.700195
"2011-03-01",4826.399902
"2011-03-02",4803.200195
"2011-03-03",4806.399902
"2011-03-04",4864.299805
"2011-03-07",4797.899902
"2011-03-08",4808.200195
"2011-03-09",4767.799805
"2011-03-10",4699.700195
"2011-03-11",4644.799805
"2011-03-15",4528.700195
"2011-03-16",4558.200195
"2011-03-17",4555.299805
"2011-03-18",4626.399902
"2011-03-21",4642.799805
"2011-03-22",4643.399902
"2011-03-23",4652.399902
"2011-03-24",4699.600098
"2011-03-25",4742.600098
"2011-03-28",4733.600098
"2011-03-29",4755.799805
"2011-03-30",4822.200195
"2011-03-31",4837.899902
"2011-04-01",4861.799805
"2011-04-04",4886.799805
"2011-04-05",4900.100098
"2011-04-06",4912.899902
"2011-04-07",4908.100098
"2011-04-08",4940.600098
"2011-04-11",4971.200195
"2011-04-12",4898.700195
"2011-04-13",4911
"2011-04-14",4884.200195
"2011-04-15",4852.100098
"2011-04-18",4861.899902
"2011-04-19",4793.299805
"2011-04-20",4859
"2011-04-21",4913.799805
"2011-04-27",4872.899902
"2011-04-28",4873
"2011-04-29",4823.200195
"2011-05-02",4825.299805
"2011-05-03",4784.600098
"2011-05-04",4740.100098
"2011-05-05",4753.700195
"2011-05-06",4743
"2011-05-09",4756.799805
"2011-05-10",4725.799805
"2011-05-11",4780.200195
"2011-05-12",4696.100098
"2011-05-13",4711.399902
"2011-05-16",4650
"2011-05-17",4683.899902
"2011-05-18",4693.700195
"2011-05-19",4756.399902
"2011-05-20",4732.200195
"2011-05-23",4643
"2011-05-24",4628.799805
"2011-05-25",4584.700195
"2011-05-26",4660.200195
"2011-05-27",4684
"2011-05-30",4667.5
"2011-05-31",4708.299805
"2011-06-01",4707.299805
"2011-06-02",4600.399902
"2011-06-03",4583.100098
"2011-06-06",4569.100098
"2011-06-07",4566.299805
"2011-06-08",4536.799805
"2011-06-09",4549.600098
"2011-06-10",4562.100098
"2011-06-14",4585
"2011-06-15",4566.799805
"2011-06-16",4479.200195
"2011-06-17",4484.899902
"2011-06-20",4451.700195
"2011-06-21",4508.200195
"2011-06-22",4532.600098
"2011-06-23",4500.5
"2011-06-24",4508.100098
"2011-06-27",4461.799805
"2011-06-28",4474.299805
"2011-06-29",4529.5
"2011-06-30",4608
"2011-07-01",4591.200195
"2011-07-04",4610.700195
"2011-07-05",4598.100098
"2011-07-06",4605
"2011-07-07",4605.5
"2011-07-08",4654.700195
"2011-07-11",4582.299805
"2011-07-12",4495.399902
"2011-07-13",4514.799805
"2011-07-14",4490.700195
"2011-07-15",4473.5
"2011-07-18",4472
"2011-07-19",4468.100098
"2011-07-20",4549.700195
"2011-07-21",4556
"2011-07-22",4602.899902
"2011-07-25",4530.399902
"2011-07-26",4573.299805
"2011-07-27",4537.399902
"2011-07-28",4463.799805
"2011-07-29",4424.600098
"2011-08-02",4433.600098
"2011-08-03",4332.799805
"2011-08-04",4276.5
"2011-08-05",4105.399902
"2011-08-08",3986.100098
"2011-08-09",4034.800049
"2011-08-10",4141.299805
"2011-08-11",4140.799805
"2011-08-12",4172.600098
"2011-08-15",4282.899902
"2011-08-16",4247.299805
"2011-08-17",4303.899902
"2011-08-18",4251.200195
"2011-08-19",4101.899902
"2011-08-22",4082.300049
"2011-08-23",4173.399902
"2011-08-24",4167.600098
"2011-08-25",4212.799805
"2011-08-26",4200
"2011-08-29",4263.299805
"2011-08-30",4269.200195
"2011-08-31",4296.5
"2011-09-01",4307.5
"2011-09-02",4242.899902
"2011-09-05",4141.899902
"2011-09-06",4075.5
"2011-09-07",4183.399902
"2011-09-08",4188
"2011-09-09",4194.700195
"2011-09-12",4038.5
"2011-09-13",4072.699951
"2011-09-14",4005.800049
"2011-09-15",4071.699951
"2011-09-16",4149.399902
"2011-09-19",4081.5
"2011-09-20",4040.199951
"2011-09-21",4071.800049
"2011-09-22",3964.899902
"2011-09-23",3903.199951
"2011-09-26",3863.899902
"2011-09-27",4004.600098
"2011-09-28",4039.5
"2011-09-29",4008.300049
"2011-09-30",4008.600098
"2011-10-04",3872.100098
"2011-10-05",3926.5
"2011-10-06",4069.899902
"2011-10-07",4162.899902
"2011-10-10",NA
"2011-10-11",4227.600098
"2011-10-12",4204.299805
"2011-10-13",4244.5
"2011-10-14",4205.600098
"2011-10-17",4275.399902
"2011-10-18",4186.899902
"2011-10-19",4213.700195
"2011-10-20",4144.899902
"2011-10-21",4141.899902
"2011-10-24",4255
"2011-10-25",4227.899902
"2011-10-26",4242.5
"2011-10-27",4348.200195
"2011-10-28",4353.299805
"2011-10-31",4298.100098
"2011-11-02",4184.600098
"2011-11-03",4171.799805
"2011-11-04",4281.100098
"2011-11-07",4273.399902
"2011-11-08",4293.799805
"2011-11-09",4346.100098
"2011-11-10",4244.100098
"2011-11-11",4296.5
"2011-11-14",4304.600098
"2011-11-15",4285.600098
"2011-11-16",4247.399902
"2011-11-17",4258.200195
"2011-11-18",4177
"2011-11-21",4163
"2011-11-22",4133
"2011-11-23",4051
"2011-11-24",4044.199951
"2011-11-25",3984.300049
"2011-11-28",4058.199951
"2011-11-29",4102.100098
"2011-11-30",4119.799805
"2011-12-01",4228.600098
"2011-12-02",4288
"2011-12-05",4321.299805
"2011-12-06",4262
"2011-12-07",4292.5
"2011-12-08",4280.700195
"2011-12-09",4203
"2011-12-12",4252.799805
"2011-12-13",4193.399902
"2011-12-14",4190.5
"2011-12-15",4139.799805
"2011-12-16",4159.200195
"2011-12-19",4060.399902
"2011-12-20",4053.100098
"2011-12-21",4139.5
"2011-12-22",4090.800049
"2011-12-23",4140.399902
"2011-12-28",4088.800049
"2011-12-29",4071.100098
"2011-12-30",4056.600098
"2012-01-03",4101.200195
"2012-01-04",4187.799805
"2012-01-05",4142.700195
"2012-01-06",4108.5
"2012-01-09",4105.399902
"2012-01-10",4152.200195
"2012-01-11",4187.5
"2012-01-12",4181
"2012-01-13",4195.899902
"2012-01-16",NA
"2012-01-17",4215.600098
"2012-01-18",4217.899902
"2012-01-19",4214.799805
"2012-01-20",4239.600098
"2012-01-23",4225.100098
"2012-01-24",4224.200195
"2012-01-25",4271.299805
"2012-01-27",4288.399902
"2012-01-30",4272.700195
"2012-01-31",4262.700195
"2012-02-01",4225.700195
"2012-02-02",4267.799805
"2012-02-03",4251.200195
"2012-02-06",4296
"2012-02-07",4274.200195
"2012-02-08",4290.700195
"2012-02-09",4282.899902
"2012-02-10",4245.299805
"2012-02-13",4285.100098
"2012-02-14",4242.799805
"2012-02-15",4253.399902
"2012-02-16",4181.899902
"2012-02-17",4195.899902
"2012-02-20",4256.100098
"2012-02-21",4291.200195
"2012-02-22",4293.100098
"2012-02-23",4286.200195
"2012-02-24",4306.799805
"2012-02-27",4267.399902
"2012-02-28",4262.700195
"2012-02-29",4298.5
"2012-03-01",4255.5
"2012-03-02",4273.100098
"2012-03-05",4263
"2012-03-06",4204.700195
"2012-03-07",4143.700195
"2012-03-08",4171
"2012-03-09",4212
"2012-03-12",4196.700195
"2012-03-13",4247.600098
"2012-03-14",4287.200195
"2012-03-15",4277.799805
"2012-03-16",4276.200195
"2012-03-19",4290.799805
"2012-03-20",4275
"2012-03-21",4254.299805
"2012-03-22",4273.700195
"2012-03-23",4270.399902
"2012-03-26",4262.799805
"2012-03-27",4301.299805
"2012-03-28",4343.5
"2012-03-29",4337.899902
"2012-03-30",4335.200195
"2012-04-02",4329.299805
"2012-04-03",4337
"2012-04-04",4333.899902
"2012-04-05",4319.799805
"2012-04-10",4292.299805
"2012-04-11",NA
"2012-04-12",4280.600098
"2012-04-13",4323.299805
"2012-04-16",4302.299805
"2012-04-17",4288.799805
"2012-04-18",4348.700195
"2012-04-19",4362.700195
"2012-04-20",4366.5
"2012-04-23",4352.399902
"2012-04-24",4360.399902
"2012-04-26",4375.200195
"2012-04-27",4362.100098
"2012-04-30",4396.600098
"2012-05-01",4429.5
"2012-05-02",4435.899902
"2012-05-03",4429
"2012-05-04",4396
"2012-05-07",4301.299805
"2012-05-08",4314.399902
"2012-05-09",4275.100098
"2012-05-10",4295.600098
"2012-05-11",4285.100098
"2012-05-14",4297
"2012-05-15",4266.299805
"2012-05-16",4165.5
"2012-05-17",4157.399902
"2012-05-18",4046.5
"2012-05-21",4073.600098
"2012-05-22",4121
"2012-05-23",4067
"2012-05-24",4055.800049
"2012-05-25",4029.199951
"2012-05-28",4068
"2012-05-29",4114.399902
"2012-05-30",4094.199951
"2012-05-31",4076.300049
"2012-06-01",4063.899902
"2012-06-04",3985
"2012-06-05",4043.699951
"2012-06-06",4055.300049
"2012-06-07",4108.600098
"2012-06-08",4063.699951
"2012-06-12",4072.899902
"2012-06-13",4063.800049
"2012-06-14",4042.199951
"2012-06-15",4057.300049
"2012-06-18",4136.899902
"2012-06-19",4123.299805
"2012-06-20",4132.399902
"2012-06-21",4087.600098
"2012-06-22",4048.199951
"2012-06-25",4027.800049
"2012-06-26",4013.300049
"2012-06-27",4043.199951
"2012-06-28",4044.800049
"2012-06-29",4094.600098
"2012-07-02",4133
"2012-07-03",4127.200195
"2012-07-04",4172.200195
"2012-07-05",4169.200195
"2012-07-06",4157.799805
"2012-07-09",4118.299805
"2012-07-10",4098
"2012-07-11",4096.5
"2012-07-12",4068
"2012-07-13",4082.199951
"2012-07-16",4105.100098
"2012-07-17",4140.799805
"2012-07-18",4123.600098
"2012-07-19",4206.700195
"2012-07-20",4199.100098
"2012-07-23",4128.899902
"2012-07-24",4133.200195
"2012-07-25",4123.899902
"2012-07-26",4147.700195
"2012-07-27",4209.799805
"2012-07-30",4245.700195
"2012-07-31",4269.200195
"2012-08-01",4262.799805
"2012-08-02",4269.5
"2012-08-03",4221.5
"2012-08-06",4272.600098
"2012-08-07",4291.600098
"2012-08-08",4312.600098
"2012-08-09",4308.299805
"2012-08-10",4277.299805
"2012-08-13",4283.299805
"2012-08-14",4292.200195
"2012-08-15",4281.200195
"2012-08-16",4330.200195
"2012-08-17",4370.100098
"2012-08-20",4364.299805
"2012-08-21",4383.399902
"2012-08-22",4376
"2012-08-23",4383.700195
"2012-08-24",4349
"2012-08-27",4343.700195
"2012-08-28",4359.399902
"2012-08-29",4356.399902
"2012-08-30",4315.700195
"2012-08-31",4316.100098
"2012-09-03",4329.700195
"2012-09-04",4303.5
"2012-09-05",4278.799805
"2012-09-06",4312.899902
"2012-09-07",4325.799805
"2012-09-10",4333.799805
"2012-09-11",4325.799805
"2012-09-12",4361.299805
"2012-09-13",4339.399902
"2012-09-14",4390
"2012-09-17",4402.5
"2012-09-18",4394.700195
"2012-09-19",4418.399902
"2012-09-20",4397.200195
"2012-09-21",4408.299805
"2012-09-24",4385.5
"2012-09-25",4372.899902
"2012-09-26",4361.600098
"2012-09-27",4384.200195
"2012-09-28",4387
"2012-10-01",4388.600098
"2012-10-02",4433
"2012-10-03",4438.600098
"2012-10-04",4452.399902
"2012-10-05",4494.399902
"2012-10-08",4481.899902
"2012-10-09",4505.299805
"2012-10-10",4490.700195
"2012-10-11",4483.5
"2012-10-12",4486.600098
"2012-10-15",4483.399902
"2012-10-16",4491.5
"2012-10-17",4528.200195
"2012-10-18",4559.399902
"2012-10-19",4571.100098
"2012-10-22",4541
"2012-10-23",4543.100098
"2012-10-24",4505.799805
"2012-10-25",4510.5
"2012-10-26",4472.399902
"2012-10-29",4476.899902
"2012-10-30",4485.700195
"2012-10-31",4517
"2012-11-01",4457.600098
"2012-11-02",4460.100098
"2012-11-05",4474.100098
"2012-11-06",4484.799805
"2012-11-07",4516.5
"2012-11-08",4483.799805
"2012-11-09",4462
"2012-11-12",4448
"2012-11-13",4379.799805
"2012-11-14",4388.399902
"2012-11-15",4349.299805
"2012-11-16",4336.799805
"2012-11-19",4361.399902
"2012-11-20",4385.700195
"2012-11-21",4369.5
"2012-11-22",4413.100098
"2012-11-23",4413
"2012-11-26",4424.200195
"2012-11-27",4456.799805
"2012-11-28",4447.299805
"2012-11-29",4477.700195
"2012-11-30",4506
"2012-12-03",4531.5
"2012-12-04",4503.600098
"2012-12-05",4520.399902
"2012-12-06",4509.299805
"2012-12-07",4551.799805
"2012-12-10",4557.899902
"2012-12-11",4576
"2012-12-12",4583.799805
"2012-12-13",4582.799805
"2012-12-14",4583.100098
"2012-12-17",4573.399902
"2012-12-18",4595.200195
"2012-12-19",4617.799805
"2012-12-20",4634.100098
"2012-12-21",4623.600098
"2012-12-24",4635.200195
"2012-12-27",4648
"2012-12-28",4671.299805
"2012-12-31",4649
"2013-01-02",4705.899902
"2013-01-03",4740.700195
"2013-01-04",4723.799805
"2013-01-07",4717.299805
"2013-01-08",4690.299805
"2013-01-09",4708.100098
"2013-01-10",4723
"2013-01-11",4709.5
"2013-01-14",4719.700195
"2013-01-15",4716.600098
"2013-01-16",4738.399902
"2013-01-17",4756.600098
"2013-01-18",4771.200195
"2013-01-21",4777.5
"2013-01-22",4779.100098
"2013-01-23",4787.799805
"2013-01-24",4810.200195
"2013-01-25",4835.200195
"2013-01-29",4889
"2013-01-30",4896.700195
"2013-01-31",4878.799805
"2013-02-01",4921.100098
"2013-02-04",4907.5
"2013-02-05",4882.700195
"2013-02-06",4921
"2013-02-07",4935.700195
"2013-02-08",4971.299805
"2013-02-11",4959.5
"2013-02-12",4959
"2013-02-13",5003.700195
"2013-02-14",5036.899902
"2013-02-15",5033.899902
"2013-02-18",5063.399902
"2013-02-19",5081.899902
"2013-02-20",5098.700195
"2013-02-21",4980.100098
"2013-02-22",5018.100098
"2013-02-25",5055.799805
"2013-02-26",5003.600098
"2013-02-27",5036.600098
"2013-02-28",5104.100098
"2013-03-01",5086.100098
"2013-03-04",5010.5
"2013-03-05",5075.399902
"2013-03-06",5116.799805
"2013-03-07",5109.200195
"2013-03-08",5123.399902
"2013-03-11",5146.899902
"2013-03-12",5117.899902
"2013-03-13",5092.399902
"2013-03-14",5032.200195
"2013-03-15",5120.200195
"2013-03-18",5015.399902
"2013-03-19",4987.399902
"2013-03-20",4967.399902
"2013-03-21",4959.399902
"2013-03-22",4967.299805
"2013-03-25",4990.200195
"2013-03-26",4950.200195
"2013-03-27",4995
"2013-03-28",4966.5
"2013-04-02",4985.5
"2013-04-03",4957.700195
"2013-04-04",4913.5
"2013-04-05",4891.399902
"2013-04-08",4905.5
"2013-04-09",4976.799805
"2013-04-10",4968
"2013-04-11",5007.100098
"2013-04-12",5013.5
"2013-04-15",4967.899902
"2013-04-16",4950.799805
"2013-04-17",5004.600098
"2013-04-18",4924.399902
"2013-04-19",4931.899902
"2013-04-22",4966.600098
"2013-04-23",5016.200195
"2013-04-24",5102.399902
"2013-04-26",5097.5
"2013-04-29",5125.799805
"2013-04-30",5191.200195
"2013-05-01",5166.200195
"2013-05-02",5130
"2013-05-03",5129.5
"2013-05-06",5156.200195
"2013-05-07",5143.700195
"2013-05-08",5199.799805
"2013-05-09",5198.399902
"2013-05-10",5206.100098
"2013-05-13",5210.299805
"2013-05-14",5221
"2013-05-15",5191.700195
"2013-05-16",5165.700195
"2013-05-17",5180.799805
"2013-05-20",5209
"2013-05-21",5180.100098
"2013-05-22",5165.399902
"2013-05-23",5062.399902
"2013-05-24",4983.5
"2013-05-27",4959.899902
"2013-05-28",4970.700195
"2013-05-29",4974.700195
"2013-05-30",4930.700195
"2013-05-31",4926.600098
"2013-06-03",4888.299805
"2013-06-04",4900.799805
"2013-06-05",4835.200195
"2013-06-06",4781.200195
"2013-06-07",4737.700195
"2013-06-11",4757.100098
"2013-06-12",4724.5
"2013-06-13",4695.799805
"2013-06-14",4791.799805
"2013-06-17",4825.899902
"2013-06-18",4814.399902
"2013-06-19",4861.399902
"2013-06-20",4758.399902
"2013-06-21",4738.799805
"2013-06-24",4669.100098
"2013-06-25",4656
"2013-06-26",4731.700195
"2013-06-27",4811.299805
"2013-06-28",4802.600098
"2013-07-01",4710.299805
"2013-07-02",4834
"2013-07-03",4744.100098
"2013-07-04",4794.700195
"2013-07-05",4841.700195
"2013-07-08",4809.5
"2013-07-09",4881.700195
"2013-07-10",4901.399902
"2013-07-11",4965.700195
"2013-07-12",4973.899902
"2013-07-15",4981.100098
"2013-07-16",4986
"2013-07-17",4981.700195
"2013-07-18",4993.399902
"2013-07-19",4972.100098
"2013-07-22",5001.899902
"2013-07-23",5017.100098
"2013-07-24",5035.100098
"2013-07-25",5035.600098
"2013-07-26",5042
"2013-07-29",5046.299805
"2013-07-30",5047.200195
"2013-07-31",5052
"2013-08-01",5061.5
"2013-08-02",5116.799805
"2013-08-05",5111.299805
"2013-08-06",5105.600098
"2013-08-07",5011.299805
"2013-08-08",5064.799805
"2013-08-09",5055.200195
"2013-08-12",5108.700195
"2013-08-13",5157.700195
"2013-08-14",5157.399902
"2013-08-15",5152.399902
"2013-08-16",5113.899902
"2013-08-19",5112.5
"2013-08-20",5078.200195
"2013-08-21",5100
"2013-08-22",5075.700195
"2013-08-23",5123.399902
"2013-08-26",5135.399902
"2013-08-27",5141.200195
"2013-08-28",5087.200195
"2013-08-29",5092.399902
"2013-08-30",5135
"2013-09-02",5188.299805
"2013-09-03",5196.600098
"2013-09-04",5161.600098
"2013-09-05",5142.5
"2013-09-06",5145
"2013-09-09",5181.5
"2013-09-10",5201.200195
"2013-09-11",5234.399902
"2013-09-12",5242.5
"2013-09-13",5219.600098
"2013-09-16",5248
"2013-09-17",5251.200195
"2013-09-18",5238.100098
"2013-09-19",5295.600098
"2013-09-20",5276.700195
"2013-09-23",5252.5
"2013-09-24",5234.200195
"2013-09-25",5275.899902
"2013-09-26",5294.5
"2013-09-27",5307.100098
"2013-09-30",5218.899902
"2013-10-01",5206.799805
"2013-10-02",5215.600098
"2013-10-03",5234.899902
"2013-10-04",5208
"2013-10-07",5161.100098
"2013-10-08",5149.399902
"2013-10-09",5153
"2013-10-10",5147.100098
"2013-10-11",5230.899902
"2013-10-14",5207.899902
"2013-10-15",5259.100098
"2013-10-16",5262.899902
"2013-10-17",5283.100098
"2013-10-18",5321.5
"2013-10-21",5351.799805
"2013-10-22",5373.100098
"2013-10-23",5356.100098
"2013-10-24",5372.899902
"2013-10-25",5386.299805
"2013-10-28",5441.399902
"2013-10-29",5415.5
"2013-10-30",5430.899902
"2013-10-31",5425.5
"2013-11-01",5411.100098
"2013-11-04",5390.5
"2013-11-05",5432
"2013-11-06",5433.799805
"2013-11-07",5422
"2013-11-08",5400.700195
"2013-11-11",5387.100098
"2013-11-12",5393.100098
"2013-11-13",5319.200195
"2013-11-14",5355.399902
"2013-11-15",5401.700195
"2013-11-18",5384.700195
"2013-11-19",5352.899902
"2013-11-20",5307.700195
"2013-11-21",5288.299805
"2013-11-22",5335.899902
"2013-11-25",5352.799805
"2013-11-26",5357
"2013-11-27",5332.899902
"2013-11-28",5334.299805
"2013-11-29",5320.100098
"2013-12-02",5279.5
"2013-12-03",5256.100098
"2013-12-04",5273.799805
"2013-12-05",5198
"2013-12-06",5186
"2013-12-09",5144.399902
"2013-12-10",5143.600098
"2013-12-11",5104.299805
"2013-12-12",5062.5
"2013-12-13",5098.399902
"2013-12-16",5089.600098
"2013-12-17",5103.200195
"2013-12-18",5096.100098
"2013-12-19",5202.200195
"2013-12-20",5265.200195
"2013-12-23",5291.899902
"2013-12-24",5327.200195
"2013-12-27",5324.100098
"2013-12-30",5356.799805
"2013-12-31",5352.200195
"2014-01-02",5367.899902
"2014-01-03",5350.100098
"2014-01-06",5324.899902
"2014-01-07",5317
"2014-01-08",5316
"2014-01-09",5324.399902
"2014-01-10",5312.399902
"2014-01-13",5292.100098
"2014-01-14",5212
"2014-01-15",5245.399902
"2014-01-16",5309.100098
"2014-01-17",5305.899902
"2014-01-20",5295
"2014-01-21",5331.5
"2014-01-22",5319.799805
"2014-01-23",5263
"2014-01-24",5240.899902
"2014-01-28",5175.100098
"2014-01-29",5229
"2014-01-30",5188.100098
"2014-01-31",5190
"2014-02-03",5187.899902
"2014-02-04",5097.100098
"2014-02-05",5070.299805
"2014-02-06",5131.399902
"2014-02-07",5166.5
"2014-02-10",5222.100098
"2014-02-11",5254.5
"2014-02-12",5310.100098
"2014-02-13",5308.100098
"2014-02-14",5356.299805
"2014-02-17",NA
"2014-02-18",5392.799805
"2014-02-19",5408.200195
"2014-02-20",5412.299805
"2014-02-21",5438.700195
"2014-02-24",5440.200195
"2014-02-25",5433.799805
"2014-02-26",5437
"2014-02-27",5411.399902
"2014-02-28",5404.799805
"2014-03-03",5384.299805
"2014-03-04",5400.200195
"2014-03-05",5446.200195
"2014-03-06",5445.899902
"2014-03-07",5462.299805
"2014-03-10",5411.5
"2014-03-11",5413.799805
"2014-03-12",5384.200195
"2014-03-13",5412.600098
"2014-03-14",5329.399902
"2014-03-17",5317.600098
"2014-03-18",5344.600098
"2014-03-19",5355.600098
"2014-03-20",5294
"2014-03-21",5338.100098
"2014-03-24",5346.899902
"2014-03-25",5336.600098
"2014-03-26",5376.799805
"2014-03-27",5350.100098
"2014-03-28",5366.899902
"2014-03-31",5394.799805
"2014-04-01",5389.200195
"2014-04-02",5403.299805
"2014-04-03",5409.899902
"2014-04-04",5422.799805
"2014-04-07",5413.700195
"2014-04-08",5410.600098
"2014-04-09",5463.799805
"2014-04-10",5480.799805
"2014-04-11",5428.600098
"2014-04-14",5358.899902
"2014-04-15",5388.200195
"2014-04-16",5420.299805
"2014-04-17",5454.200195
"2014-04-22",5479.299805
"2014-04-23",5517.799805
"2014-04-24",5531
"2014-04-28",5536.100098
"2014-04-29",5486.600098
"2014-04-30",5489.100098
"2014-05-01",5448.799805
"2014-05-02",5458.100098
"2014-05-05",5462.200195
"2014-05-06",5481.399902
"2014-05-07",5435.799805
"2014-05-08",5476.799805
"2014-05-09",5460.799805
"2014-05-12",5448.399902
"2014-05-13",5498.200195
"2014-05-14",5496.5
"2014-05-15",5510.799805
"2014-05-16",5479
"2014-05-19",5409
"2014-05-20",5420.399902
"2014-05-21",5424.600098
"2014-05-22",5479.899902
"2014-05-23",5492.799805
"2014-05-26",5512.799805
"2014-05-27",5511.700195
"2014-05-28",5527.200195
"2014-05-29",5519.5
"2014-05-30",5492.5
"2014-06-02",5518.5
"2014-06-03",5479.700195
"2014-06-04",5444.799805
"2014-06-05",5436.899902
"2014-06-06",5464
"2014-06-10",5469.700195
"2014-06-11",5454
"2014-06-12",5428.799805
"2014-06-13",5405.100098
"2014-06-16",5412.299805
"2014-06-17",5400.700195
"2014-06-18",5382.700195
"2014-06-19",5468.200195
"2014-06-20",5419.5
"2014-06-23",5453.299805
"2014-06-24",5432.799805
"2014-06-25",5402
"2014-06-26",5464.299805
"2014-06-27",5445.100098
"2014-06-30",5395.700195
"2014-07-01",5375.899902
"2014-07-02",5455.399902
"2014-07-03",5491.200195
"2014-07-04",5525
"2014-07-07",5518.899902
"2014-07-08",5510.899902
"2014-07-09",5452.5
"2014-07-10",5464.399902
"2014-07-11",5486.799805
"2014-07-14",5511.399902
"2014-07-15",5511.299805
"2014-07-16",5518.899902
"2014-07-17",5522.399902
"2014-07-18",5531.700195
"2014-07-21",5539.899902
"2014-07-22",5543.299805
"2014-07-23",5576.700195
"2014-07-24",5587.799805
"2014-07-25",5583.5
"2014-07-28",5577.399902
"2014-07-29",5588.399902
"2014-07-30",5622.899902
"2014-07-31",5632.899902
"2014-08-01",5556.399902
"2014-08-04",5540.899902
"2014-08-05",5518.600098
"2014-08-06",5512
"2014-08-07",5509
"2014-08-08",5435.299805
"2014-08-11",5457
"2014-08-12",5530.299805
"2014-08-13",5514.700195
"2014-08-14",5548.5
"2014-08-15",5566.5
"2014-08-18",5587.100098
"2014-08-19",5623.799805
"2014-08-20",5634.600098
"2014-08-21",5638.899902
"2014-08-22",5645.600098
"2014-08-25",5634.899902
"2014-08-26",5637.600098
"2014-08-27",5651.200195
"2014-08-28",5624.399902
"2014-08-29",5625.899902
"2014-09-01",5629.799805
"2014-09-02",5658.5
"2014-09-03",5656.100098
"2014-09-04",5631.299805
"2014-09-05",5598.700195
"2014-09-08",5577
"2014-09-09",5607.899902
"2014-09-10",5574.299805
"2014-09-11",5546.100098
"2014-09-12",5531.100098
"2014-09-15",5473.5
"2014-09-16",5445.399902
"2014-09-17",5407.299805
"2014-09-18",5415.799805
"2014-09-19",5433.100098
"2014-09-22",5363
"2014-09-23",5415.700195
"2014-09-24",5375.799805
"2014-09-25",5382.200195
"2014-09-26",5313.399902
"2014-09-29",5264.200195
"2014-09-30",5292.799805
"2014-10-01",5334.100098
"2014-10-02",5297.700195
"2014-10-03",5318.200195
"2014-10-06",5292.899902
"2014-10-07",5284.200195
"2014-10-08",5241.299805
"2014-10-09",5296.700195
"2014-10-10",5188.299805
"2014-10-13",5155.5
"2014-10-14",5207.399902
"2014-10-15",5245.600098
"2014-10-16",5254.899902
"2014-10-17",5271.700195
"2014-10-20",5319.399902
"2014-10-21",5325
"2014-10-22",5385.899902
"2014-10-23",5383.100098
"2014-10-24",5412.200195
"2014-10-27",5459
"2014-10-28",5452.600098
"2014-10-29",5447.700195
"2014-10-30",5476.200195
"2014-10-31",5526.600098
"2014-11-03",5506.899902
"2014-11-04",5519.899902
"2014-11-05",5517.899902
"2014-11-06",5506.100098
"2014-11-07",5549.100098
"2014-11-10",5524
"2014-11-11",5517.100098
"2014-11-12",5463.100098
"2014-11-13",5442.700195
"2014-11-14",5454.299805
"2014-11-17",5412.5
"2014-11-18",5399.700195
"2014-11-19",5368.799805
"2014-11-20",5316.200195
"2014-11-21",5304.299805
"2014-11-24",5361.799805
"2014-11-25",5334.799805
"2014-11-26",5396.200195
"2014-11-27",5332.399902
"2014-11-28",5313
"2014-12-01",5207.700195
"2014-12-02",5281.299805
"2014-12-03",5321.799805
"2014-12-04",5368.799805
"2014-12-05",5335.299805
"2014-12-08",5338.600098
"2014-12-09",5282.700195
"2014-12-10",5259
"2014-12-11",5231
"2014-12-12",5219.600098
"2014-12-15",5186.100098
"2014-12-16",5152.299805
"2014-12-17",5161.899902
"2014-12-18",5210.799805
"2014-12-19",5338.600098
"2014-12-22",5442
"2014-12-23",5380.899902
"2014-12-24",5394.5
"2014-12-29",5473.799805
"2014-12-30",5416.600098
"2014-12-31",5411
"2015-01-02",5435.899902
"2015-01-05",5450.299805
"2015-01-06",5364.799805
"2015-01-07",5353.600098
"2015-01-08",5381.5
"2015-01-09",5465.600098
"2015-01-12",5422.700195
"2015-01-13",5404.700195
"2015-01-14",5353.600098
"2015-01-15",5331.399902
"2015-01-16",5299.200195
"2015-01-19",5309.100098
"2015-01-20",5307.700195
"2015-01-21",5393.399902
"2015-01-22",5419.899902
"2015-01-23",5501.799805
"2015-01-27",5547.200195
"2015-01-28",5552.799805
"2015-01-29",5569.5
"2015-01-30",5588.299805
"2015-02-02",5625.299805
"2015-02-03",5707.399902
"2015-02-04",5777.299805
"2015-02-05",5811
"2015-02-06",5820.200195
"2015-02-09",5814.899902
"2015-02-10",5800.600098
"2015-02-11",5769.100098
"2015-02-12",5743.600098
"2015-02-13",5877.5
"2015-02-16",5888.700195
"2015-02-17",5858.200195
"2015-02-18",5915.700195
"2015-02-19",5904.200195
"2015-02-20",5881.5
"2015-02-23",5908
"2015-02-24",5927
"2015-02-25",5944.899902
"2015-02-26",5908.5
"2015-02-27",5928.799805
"2015-03-02",5958.899902
"2015-03-03",5933.899902
"2015-03-04",5901.600098
"2015-03-05",5904.200195
"2015-03-06",5898.899902
"2015-03-09",5821.299805
"2015-03-10",5824.200195
"2015-03-11",5793.200195
"2015-03-12",5850.200195
"2015-03-13",5814.5
"2015-03-16",5797.700195
"2015-03-17",5842.100098
"2015-03-18",5842.299805
"2015-03-19",5950.799805
"2015-03-20",5975.5
"2015-03-23",5956.100098
"2015-03-24",5969.100098
"2015-03-25",5973.299805
"2015-03-26",5879.100098
"2015-03-27",5919.899902
"2015-03-30",5846.100098
"2015-03-31",5891.5
"2015-04-01",5860.799805
"2015-04-02",5898.600098
"2015-04-07",5926
"2015-04-08",5960.700195
"2015-04-09",5932.200195
"2015-04-10",5968.399902
"2015-04-13",5960.299805
"2015-04-14",5946.600098
"2015-04-15",5908.399902
"2015-04-16",5947.5
"2015-04-17",5877.899902
"2015-04-20",5833.100098
"2015-04-21",5872.299805
"2015-04-22",5837.5
"2015-04-23",5844.799805
"2015-04-24",5933.299805
"2015-04-27",5982.700195
"2015-04-28",5948.5
"2015-04-29",5838.600098
"2015-04-30",5790
"2015-05-01",5814.399902
"2015-05-04",5827.5
"2015-05-05",5826.5
"2015-05-06",5692.200195
"2015-05-07",5645.700195
"2015-05-08",5634.600098
"2015-05-11",5625.200195
"2015-05-12",5674.700195
"2015-05-13",5715.100098
"2015-05-14",5696.600098
"2015-05-15",5735.5
"2015-05-18",5659.200195
"2015-05-19",5615.5
"2015-05-20",5610.299805
"2015-05-21",5662.299805
"2015-05-22",5664.700195
"2015-05-25",5721.5
"2015-05-26",5773.399902
"2015-05-27",5725.299805
"2015-05-28",5713.100098
"2015-05-29",5777.200195
"2015-06-01",5735.399902
"2015-06-02",5636
"2015-06-03",5583.600098
"2015-06-04",5504.299805
"2015-06-05",5498.5
"2015-06-09",5471.299805
"2015-06-10",5478.600098
"2015-06-11",5556.700195
"2015-06-12",5545.299805
"2015-06-15",5538.799805
"2015-06-16",5535.799805
"2015-06-17",5595.399902
"2015-06-18",5524.899902
"2015-06-19",5597
"2015-06-22",5610.200195
"2015-06-23",5684.299805
"2015-06-24",5686.799805
"2015-06-25",5632.700195
"2015-06-26",5545.899902
"2015-06-29",5422.5
"2015-06-30",5459
"2015-07-01",5515.700195
"2015-07-02",5599.799805
"2015-07-03",5538.299805
"2015-07-06",5475
"2015-07-07",5581.399902
"2015-07-08",5469.5
"2015-07-09",5471
"2015-07-10",5492
"2015-07-13",5473.200195
"2015-07-14",5577.399902
"2015-07-15",5636.200195
"2015-07-16",5669.600098
"2015-07-17",5670.100098
"2015-07-20",5686.899902
"2015-07-21",5706.700195
"2015-07-22",5614.600098
"2015-07-23",5590.299805
"2015-07-24",5566.100098
"2015-07-27",5589.899902
"2015-07-28",5584.700195
"2015-07-29",5624.200195
"2015-07-30",5669.5
"2015-07-31",5699.200195
"2015-08-03",5679.299805
"2015-08-04",5697.899902
"2015-08-05",5674
"2015-08-06",5610.100098
"2015-08-07",5474.799805
"2015-08-10",5509.200195
"2015-08-11",5473.200195
"2015-08-12",5382.100098
"2015-08-13",5387.899902
"2015-08-14",5356.5
"2015-08-17",5367.700195
"2015-08-18",5303.100098
"2015-08-19",5380.200195
"2015-08-20",5288.600098
"2015-08-21",5214.600098
"2015-08-24",5001.299805
"2015-08-25",5137.299805
"2015-08-26",5172.799805
"2015-08-27",5233.299805
"2015-08-28",5263.600098
"2015-08-31",5207
"2015-09-01",5096.399902
"2015-09-02",5101.5
"2015-09-03",5027.799805
"2015-09-04",5040.600098
"2015-09-07",5030.399902
"2015-09-08",5115.200195
"2015-09-09",5221.100098
"2015-09-10",5095
"2015-09-11",5071.100098
"2015-09-14",5096.5
"2015-09-15",5018.399902
"2015-09-16",5098.899902
"2015-09-17",5146.799805
"2015-09-18",5170.5
"2015-09-21",5066.200195
"2015-09-22",5103.600098
"2015-09-23",4998.100098
"2015-09-24",5071.700195
"2015-09-25",5042.100098
"2015-09-28",5113.5
"2015-09-29",4918.399902
"2015-09-30",5021.600098
"2015-10-01",5112.100098
"2015-10-02",5052
"2015-10-05",5150.5
"2015-10-06",5167.399902
"2015-10-07",5197.899902
"2015-10-08",5210.399902
"2015-10-09",5279.700195
"2015-10-12",5232.899902
"2015-10-13",5202.899902
"2015-10-14",5197.299805
"2015-10-15",5230
"2015-10-16",5268.200195
"2015-10-19",5269.700195
"2015-10-20",5235.600098
"2015-10-21",5248.299805
"2015-10-22",5263.799805
"2015-10-23",5351.600098
"2015-10-26",5348
"2015-10-27",5346.200195
"2015-10-28",5335.200195
"2015-10-29",5266.899902
"2015-10-30",5239.399902
"2015-11-02",5165.799805
"2015-11-03",5239.200195
"2015-11-04",5242.299805
"2015-11-05",5193
"2015-11-06",5215
"2015-11-09",5119.5
"2015-11-10",5099.200195
"2015-11-11",5122.600098
"2015-11-12",5125.700195
"2015-11-13",5051.299805
"2015-11-16",5003.799805
"2015-11-17",5118.200195
"2015-11-18",5133.100098
"2015-11-19",5242.600098
"2015-11-20",5256.100098
"2015-11-23",5276.399902
"2015-11-24",5226.399902
"2015-11-25",5193.700195
"2015-11-26",5210.700195
"2015-11-27",5202.600098
"2015-11-30",5166.5
"2015-12-01",5266.100098
"2015-12-02",5258.299805
"2015-12-03",5227.700195
"2015-12-04",5151.600098
"2015-12-07",5155.700195
"2015-12-08",5108.600098
"2015-12-09",5080.5
"2015-12-10",5037.700195
"2015-12-11",5029.5
"2015-12-14",4928.600098
"2015-12-15",4909.600098
"2015-12-16",5028.399902
"2015-12-17",5102
"2015-12-18",5106.700195
"2015-12-21",5109
"2015-12-22",5116.700195
"2015-12-23",5141.799805
"2015-12-24",5207.600098
"2015-12-28",NA
"2015-12-29",5267.299805
"2015-12-30",5319.899902
"2015-12-31",5295.899902
"2016-01-04",5270.5
"2016-01-05",5184.399902
"2016-01-06",5123.100098
"2016-01-07",5010.299805
"2016-01-08",4990.799805
"2016-01-11",4932.200195
"2016-01-12",4925.100098
"2016-01-13",4987.399902
"2016-01-14",4909.399902
"2016-01-15",4892.799805
"2016-01-18",4858.700195
"2016-01-19",4903.100098
"2016-01-20",4841.5
"2016-01-21",4864
"2016-01-22",4916
"2016-01-25",5006.600098
"2016-01-27",4946.399902
"2016-01-28",4976.200195
"2016-01-29",5005.5
"2016-02-01",5043.600098
"2016-02-02",4993.299805
"2016-02-03",4876.799805
"2016-02-04",4980.399902
"2016-02-05",4976.200195
"2016-02-08",4975.399902
"2016-02-09",4832.100098
"2016-02-10",4775.700195
"2016-02-11",4821.100098
"2016-02-12",4765.299805
"2016-02-15",4843.5
"2016-02-16",4910
"2016-02-17",4882.100098
"2016-02-18",4992
"2016-02-19",4952.799805
"2016-02-22",5001.200195
"2016-02-23",4979.600098
"2016-02-24",4875
"2016-02-25",4881.200195
"2016-02-26",4880
"2016-02-29",4880.899902
"2016-03-01",4922.299805
"2016-03-02",5021.200195
"2016-03-03",5081.100098
"2016-03-04",5090
"2016-03-07",5142.799805
"2016-03-08",5108
"2016-03-09",5157.200195
"2016-03-10",5150.100098
"2016-03-11",5166.399902
"2016-03-14",5185.5
"2016-03-15",5111.399902
"2016-03-16",5119
"2016-03-17",5168.200195
"2016-03-18",5183.100098
"2016-03-21",5166.600098
"2016-03-22",5166.600098
"2016-03-23",5142.299805
"2016-03-24",5084.200195
"2016-03-29",5004.5
"2016-03-30",5010.299805
"2016-03-31",5082.799805
"2016-04-01",4999.399902
"2016-04-04",4995.299805
"2016-04-05",4924.399902
"2016-04-06",4945.899902
"2016-04-07",4964.100098
"2016-04-08",4937.600098
"2016-04-11",4931.5
"2016-04-12",4975.600098
"2016-04-13",5054.700195
"2016-04-14",5118.600098
"2016-04-15",5157.5
"2016-04-18",5137.100098
"2016-04-19",5188.799805
"2016-04-20",5216
"2016-04-21",5272.700195
"2016-04-22",5236.399902
"2016-04-26",5220.600098
"2016-04-27",5187.700195
"2016-04-28",5225.399902
"2016-04-29",5252.200195
"2016-05-02",5243
"2016-05-03",5353.799805
"2016-05-04",5271.100098
"2016-05-05",5279.100098
"2016-05-06",5292
"2016-05-09",5320.700195
"2016-05-10",5342.799805
"2016-05-11",5372.299805
"2016-05-12",5359.299805
"2016-05-13",5329
"2016-05-16",5358.899902
"2016-05-17",5395.899902
"2016-05-18",5356.200195
"2016-05-19",5323.299805
"2016-05-20",5351.299805
"2016-05-23",5318.899902
"2016-05-24",5295.600098
"2016-05-25",5372.5
"2016-05-26",5388.100098
"2016-05-27",5405.899902
"2016-05-30",5408
"2016-05-31",5378.600098
"2016-06-01",5323.200195
"2016-06-02",5278.899902
"2016-06-03",5318.899902
"2016-06-06",5360.399902
"2016-06-07",5371
"2016-06-08",5370
"2016-06-09",5361.899902
"2016-06-10",5312.600098
"2016-06-14",5203.299805
"2016-06-15",5147.100098
"2016-06-16",5146
"2016-06-17",5162.700195
"2016-06-20",5256.799805
"2016-06-21",5274.399902
"2016-06-22",5270.899902
"2016-06-23",5280.700195
"2016-06-24",5113.200195
"2016-06-27",5137.200195
"2016-06-28",5103.299805
"2016-06-29",5142.399902
"2016-06-30",5233.399902
"2016-07-01",5246.600098
"2016-07-04",5281.799805
"2016-07-05",5228
"2016-07-06",5197.5
"2016-07-07",5227.899902
"2016-07-08",5230.5
"2016-07-11",5337.100098
"2016-07-12",5353.200195
"2016-07-13",5388.5
"2016-07-14",5411.600098
"2016-07-15",5429.600098
"2016-07-18",5458.5
"2016-07-19",5451.299805
"2016-07-20",5488.700195
"2016-07-21",5512.399902
"2016-07-22",5498.200195
"2016-07-25",5533.600098
"2016-07-26",5537.5
"2016-07-27",5539.700195
"2016-07-28",5556.600098
"2016-07-29",5562.299805
"2016-08-01",5587.399902
"2016-08-02",5540.5
"2016-08-03",5465.700195
"2016-08-04",5475.799805
"2016-08-05",5497.399902
"2016-08-08",5537.799805
"2016-08-09",5552.5
"2016-08-10",5543.700195
"2016-08-11",5508
"2016-08-12",5530.899902
"2016-08-15",5540
"2016-08-16",5532
"2016-08-17",5535
"2016-08-18",5507.799805
"2016-08-19",5526.700195
"2016-08-22",5515.100098
"2016-08-23",5553.799805
"2016-08-24",5561.700195
"2016-08-25",5541.899902
"2016-08-26",5515.5
"2016-08-29",5469.200195
"2016-08-30",5478.299805
"2016-08-31",5433
"2016-09-01",5415.600098
"2016-09-02",5372.799805
"2016-09-05",5429.600098
"2016-09-06",5413.600098
"2016-09-07",5424.200195
"2016-09-08",5385.799805
"2016-09-09",5339.200195
"2016-09-12",5219.600098
"2016-09-13",5207.799805
"2016-09-14",5227.700195
"2016-09-15",5239.899902
"2016-09-16",5296.700195
"2016-09-19",5294.799805
"2016-09-20",5303.600098
"2016-09-21",5339.600098
"2016-09-22",5374.5
"2016-09-23",5431.299805
"2016-09-26",5431.399902
"2016-09-27",5405.899902
"2016-09-28",5412.399902
"2016-09-29",5471.299805
"2016-09-30",5435.899902
"2016-10-03",5478.5
"2016-10-04",5484
"2016-10-05",5452.899902
"2016-10-06",5483
"2016-10-07",5467.399902
"2016-10-10",5475.399902
"2016-10-11",5479.799805
"2016-10-12",5474.600098
"2016-10-13",5435.5
"2016-10-14",5434
"2016-10-17",5388.700195
"2016-10-18",5410.799805
"2016-10-19",5435.399902
"2016-10-20",5442.100098
"2016-10-21",5430.299805
"2016-10-24",5408.5
"2016-10-25",5442.799805
"2016-10-26",5359.799805
"2016-10-27",5295.5
"2016-10-28",5283.799805
"2016-10-31",5317.700195
"2016-11-01",5290.5
"2016-11-02",5229
"2016-11-03",5225.600098
"2016-11-04",5180.799805
"2016-11-07",5250.799805
"2016-11-08",5257.799805
"2016-11-09",5156.600098
"2016-11-10",5328.799805
"2016-11-11",5370.700195
"2016-11-14",5345.700195
"2016-11-15",5326.200195
"2016-11-16",5327.700195
"2016-11-17",5338.5
"2016-11-18",5359.399902
"2016-11-21",5351.299805
"2016-11-22",5413.299805
"2016-11-23",5484.399902
"2016-11-24",5485.100098
"2016-11-25",5507.799805
"2016-11-28",5464.399902
"2016-11-29",5457.5
"2016-11-30",5440.5
"2016-12-01",5500.200195
"2016-12-02",5444
"2016-12-05",5400.399902
"2016-12-06",5428.700195
"2016-12-07",5478.100098
"2016-12-08",5543.600098
"2016-12-09",5560.600098
"2016-12-12",5562.799805
"2016-12-13",5545
"2016-12-14",5584.600098
"2016-12-15",5538.600098
"2016-12-16",5532.899902
"2016-12-19",5562.100098
"2016-12-20",5591.100098
"2016-12-21",5613.5
"2016-12-22",5643.899902
"2016-12-23",5627.899902
"2016-12-28",5685
"2016-12-29",5699.100098
"2016-12-30",5665.799805
"2017-01-03",5733.200195
"2017-01-04",5736.399902
"2017-01-05",5753.299805
"2017-01-06",5755.600098
"2017-01-09",5807.399902
"2017-01-10",5760.700195
"2017-01-11",5771.5
"2017-01-12",5766.899902
"2017-01-13",5721.100098
"2017-01-16",5748.399902
"2017-01-17",5699.399902
"2017-01-18",5678.799805
"2017-01-19",5692.200195
"2017-01-20",5654.799805
"2017-01-23",5611
"2017-01-24",5650.100098
"2017-01-25",5671.5
"2017-01-27",5714
"2017-01-30",5661.5
"2017-01-31",5620.899902
"2017-02-01",5653.200195
"2017-02-02",5645.399902
"2017-02-03",5621.600098
"2017-02-06",5615.600098
"2017-02-07",5621.899902
"2017-02-08",5651.399902
"2017-02-09",5664.600098
"2017-02-10",5720.600098
"2017-02-13",5760.700195
"2017-02-14",5755.200195
"2017-02-15",5809.100098
"2017-02-16",5816.299805
"2017-02-17",5805.799805
"2017-02-20",5795.100098
"2017-02-21",5791
"2017-02-22",5805.100098
"2017-02-23",5784.700195
"2017-02-24",5739
"2017-02-27",5724.200195
"2017-02-28",5712.200195
"2017-03-01",5704.799805
"2017-03-02",5776.600098
"2017-03-03",5729.600098
"2017-03-06",5746.5
"2017-03-07",5761.399902
"2017-03-08",5759.700195
"2017-03-09",5741.200195
"2017-03-10",5775.600098
"2017-03-13",5757.299805
"2017-03-14",5759.100098
"2017-03-15",5774
"2017-03-16",5785.799805
"2017-03-17",5799.600098
"2017-03-20",5778.899902
"2017-03-21",5774.600098
"2017-03-22",5684.5
"2017-03-23",5708
"2017-03-24",5753.5
"2017-03-27",5746.700195
"2017-03-28",5821.200195
"2017-03-29",5873.5
"2017-03-30",5896.200195
"2017-03-31",5864.899902
"2017-04-03",5872.700195
"2017-04-04",5856.600098
"2017-04-05",5876.200195
"2017-04-06",5856.299805
"2017-04-07",5862.5
"2017-04-10",5912.899902
"2017-04-11",5929.299805
"2017-04-12",5934
"2017-04-13",5889.899902
"2017-04-18",5836.700195
"2017-04-19",5804
"2017-04-20",5821.399902
"2017-04-21",5854.100098
"2017-04-24",5871.799805
"2017-04-26",5912
"2017-04-27",5921.5
"2017-04-28",5924.100098
"2017-05-01",5956.399902
"2017-05-02",5950.399902
"2017-05-03",5892.299805
"2017-05-04",5876.399902
"2017-05-05",5836.600098
"2017-05-08",5870.899902
"2017-05-09",5839.899902
"2017-05-10",5875.399902
"2017-05-11",5878.299805
"2017-05-12",5836.899902
"2017-05-15",5838.399902
"2017-05-16",5850.5
"2017-05-17",5786
"2017-05-18",5738.299805
"2017-05-19",5727.399902
"2017-05-22",5771.200195
"2017-05-23",5760.200195
"2017-05-24",5769
"2017-05-25",5789.600098
"2017-05-26",5751.700195
"2017-05-29",5707.100098
"2017-05-30",5717.899902
"2017-05-31",5724.600098
"2017-06-01",5738.100098
"2017-06-02",5788.100098
"2017-06-05",5754.899902
"2017-06-06",5667.5
"2017-06-07",5667.200195
"2017-06-08",5676.600098
"2017-06-09",5677.799805
"2017-06-13",5772.799805
"2017-06-14",5833.899902
"2017-06-15",5763.200195
"2017-06-16",5774
"2017-06-19",5805.200195
"2017-06-20",5757.299805
"2017-06-21",5665.700195
"2017-06-22",5706
"2017-06-23",5715.899902
"2017-06-26",5720.200195
"2017-06-27",5714.200195
"2017-06-28",5755.700195
"2017-06-29",5818.100098
"2017-06-30",5721.5
"2017-07-03",5684.5
"2017-07-04",5783.799805
"2017-07-05",5763.299805
"2017-07-06",5758.799805
"2017-07-07",5703.600098
"2017-07-10",5724.399902
"2017-07-11",5728.899902
"2017-07-12",5673.799805
"2017-07-13",5736.799805
"2017-07-14",5765.100098
"2017-07-17",5755.5
"2017-07-18",5687.399902
"2017-07-19",5732.100098
"2017-07-20",5761.5
"2017-07-21",5722.799805
"2017-07-24",5688.100098
"2017-07-25",5726.600098
"2017-07-26",5776.600098
"2017-07-27",5785
"2017-07-28",5702.799805
"2017-07-31",5720.600098
"2017-08-01",5772.399902
"2017-08-02",5744.200195
"2017-08-03",5735.100098
"2017-08-04",5720.600098
"2017-08-07",5773.600098
"2017-08-08",5743.799805
"2017-08-09",5765.700195
"2017-08-10",5760.899902
"2017-08-11",5693.100098
"2017-08-14",5730.399902
"2017-08-15",5757.5
"2017-08-16",5785.100098
"2017-08-17",5779.200195
"2017-08-18",5747.100098
"2017-08-21",5725.899902
"2017-08-22",5750.100098
"2017-08-23",5737.200195
"2017-08-24",5745.5
"2017-08-25",5743.899902
"2017-08-28",5709.899902
"2017-08-29",5669
"2017-08-30",5669.700195
"2017-08-31",5714.5
"2017-09-01",5724.600098
"2017-09-04",NA
"2017-09-05",5706.200195
"2017-09-06",5689.700195
"2017-09-07",5689.899902
"2017-09-08",5672.600098
"2017-09-11",5713.100098
"2017-09-12",5746.399902
"2017-09-13",5744.299805
"2017-09-14",5738.700195
"2017-09-15",5695
"2017-09-18",5720.600098
"2017-09-19",5713.600098
"2017-09-20",5709.100098
"2017-09-21",5655.399902
"2017-09-22",5682.100098
"2017-09-25",5683.700195
"2017-09-26",5671
"2017-09-27",5664.299805
"2017-09-28",5670.399902
"2017-09-29",5681.600098
"2017-10-02",5729.299805
"2017-10-03",5701.399902
"2017-10-04",5652.100098
"2017-10-05",5651.799805
"2017-10-06",5710.700195
"2017-10-09",5739.299805
"2017-10-10",5738.100098
"2017-10-11",5772.100098
"2017-10-12",5794.5
"2017-10-13",5814.200195
"2017-10-16",5846.799805
"2017-10-17",5889.600098
"2017-10-18",5890.5
"2017-10-19",5896.100098
"2017-10-20",5907
"2017-10-23",5894
"2017-10-24",5897.600098
"2017-10-25",5905.600098
"2017-10-26",5916.299805
"2017-10-27",5903.200195
"2017-10-30",5919.100098
"2017-10-31",5909
"2017-11-01",5937.799805
"2017-11-02",5931.700195
"2017-11-03",5959.899902
"2017-11-06",5953.799805
"2017-11-07",6014.299805
"2017-11-08",6016.299805
"2017-11-09",6049.399902
"2017-11-10",6029.399902
"2017-11-13",6021.799805
"2017-11-14",5966
"2017-11-15",5934.200195
"2017-11-16",5943.5
"2017-11-17",5957.299805
"2017-11-20",5945.700195
"2017-11-21",5963.5
"2017-11-22",5986.399902
"2017-11-23",5960.600098
"2017-11-24",5982.600098
"2017-11-27",5988.799805
"2017-11-28",5984.299805
"2017-11-29",6011.100098
"2017-11-30",5969.899902
"2017-12-01",5989.799805
"2017-12-04",5985.600098
"2017-12-05",5971.700195
"2017-12-06",5946.100098
"2017-12-07",5977.700195
"2017-12-08",5994.399902
"2017-12-11",5998.299805
"2017-12-12",6013.200195
"2017-12-13",6021.799805
"2017-12-14",6011.299805
"2017-12-15",5997
"2017-12-18",6038.899902
"2017-12-19",6071.799805
"2017-12-20",6075.600098
"2017-12-21",6060.399902
"2017-12-22",6069.700195
"2017-12-27",6069.899902
"2017-12-28",6088.100098
"2017-12-29",6065.100098
"2018-01-02",6061.299805
"2018-01-03",6070.399902
"2018-01-04",6077.100098
"2018-01-05",6122.299805
"2018-01-08",6130.399902
"2018-01-09",6135.799805
"2018-01-10",6096.700195
"2018-01-11",6067.600098
"2018-01-12",6070.100098
"2018-01-15",6077.100098
"2018-01-16",6048.600098
"2018-01-17",6015.799805
"2018-01-18",6014.600098
"2018-01-19",6005.799805
"2018-01-22",5991.899902
"2018-01-23",6037
"2018-01-24",6054.700195
"2018-01-25",6050
"2018-01-29",6075.399902
"2018-01-30",6022.799805
"2018-01-31",6037.700195
"2018-02-01",6090.100098
"2018-02-02",6121.399902
"2018-02-05",6026.200195
"2018-02-06",5833.299805
"2018-02-07",5876.799805
"2018-02-08",5890.700195
"2018-02-09",5838
"2018-02-12",5820.700195
"2018-02-13",5855.899902
"2018-02-14",5841.200195
"2018-02-15",5909
"2018-02-16",5904
"2018-02-19",5941.600098
"2018-02-20",5940.899902
"2018-02-21",5943.700195
"2018-02-22",5950.899902
"2018-02-23",5999.799805
"2018-02-26",6042.200195
"2018-02-27",6056.899902
"2018-02-28",6016
"2018-03-01",5973.299805
"2018-03-02",5928.899902
"2018-03-05",5959.5
"2018-03-06",5962.399902
"2018-03-07",5902
"2018-03-08",5942.899902
"2018-03-09",5963.200195
"2018-03-12",5996.100098
"2018-03-13",5974.700195
"2018-03-14",5935.299805
"2018-03-15",5920.799805
"2018-03-16",5949.399902
"2018-03-19",5959.399902
"2018-03-20",5936.399902
"2018-03-21",5950.299805
"2018-03-22",5937.200195
"2018-03-23",5820.700195
"2018-03-26",5790.5
"2018-03-27",5832.299805
"2018-03-28",5789.5
"2018-03-29",5759.399902
"2018-04-03",5751.899902
"2018-04-04",5761.399902
"2018-04-05",5788.799805
"2018-04-06",5788.700195
"2018-04-09",5808.700195
"2018-04-10",5857
"2018-04-11",5828.700195
"2018-04-12",5815.5
"2018-04-13",5829.100098
"2018-04-16",5841.299805
"2018-04-17",5841.5
"2018-04-18",5861.399902
"2018-04-19",5881
"2018-04-20",5868.799805
"2018-04-23",5886
"2018-04-24",5921.600098
"2018-04-26",5910.799805
"2018-04-27",5953.600098
"2018-04-30",5982.700195
"2018-05-01",6015.200195
"2018-05-02",6050.200195
"2018-05-03",6098.299805
"2018-05-04",6062.899902
"2018-05-07",6084.5
"2018-05-08",6091.899902
"2018-05-09",6108
"2018-05-10",6118.700195
"2018-05-11",6116.200195
"2018-05-14",6135.299805
"2018-05-15",6097.799805
"2018-05-16",6107
"2018-05-17",6094.299805
"2018-05-18",6087.399902
"2018-05-21",6084.5
"2018-05-22",6041.899902
"2018-05-23",6032.5
"2018-05-24",6037.100098
"2018-05-25",6032.799805
"2018-05-28",6004
"2018-05-29",6013.600098
"2018-05-30",5984.700195
"2018-05-31",6011.899902
"2018-06-01",5990.399902
"2018-06-04",6025.5
"2018-06-05",5994.899902
"2018-06-06",6025.100098
"2018-06-07",6057.299805
"2018-06-08",6045.200195
"2018-06-12",6054.399902
"2018-06-13",6023.5
"2018-06-14",6016.600098
"2018-06-15",6094
"2018-06-18",6104.100098
"2018-06-19",6102.100098
"2018-06-20",6172.600098
"2018-06-21",6232.100098
"2018-06-22",6225.200195
"2018-06-25",6210.399902
"2018-06-26",6197.600098
"2018-06-27",6195.899902
"2018-06-28",6215.399902
"2018-06-29",6194.600098
"2018-07-02",6177.799805
"2018-07-03",6210.200195
"2018-07-04",6183.399902
"2018-07-05",6215.5
"2018-07-06",6272.299805
"2018-07-09",6286
"2018-07-10",6258.100098
"2018-07-11",6215.600098
"2018-07-12",6268.299805
"2018-07-13",6268.399902
"2018-07-16",6241.5
"2018-07-17",6203.600098
"2018-07-18",6245.100098
"2018-07-19",6262.700195
"2018-07-20",6285.899902
"2018-07-23",6227.600098
"2018-07-24",6265.799805
"2018-07-25",6247.600098
"2018-07-26",6244.5
"2018-07-27",6300.200195
"2018-07-30",6278.399902
"2018-07-31",6280.200195
"2018-08-01",6275.700195
"2018-08-02",6240.899902
"2018-08-03",6234.799805
"2018-08-06",6273
"2018-08-07",6253.899902
"2018-08-08",6268.5
"2018-08-09",6297.700195
"2018-08-10",6278.399902
"2018-08-13",6252.200195
"2018-08-14",6299.600098
"2018-08-15",6329
"2018-08-16",6328.299805
"2018-08-17",6339.200195
"2018-08-20",6345
"2018-08-21",6284.399902
"2018-08-22",6266
"2018-08-23",6244.399902
"2018-08-24",6247.299805
"2018-08-27",6268.899902
"2018-08-28",6304.700195
"2018-08-29",6352.200195
"2018-08-30",6351.799805
"2018-08-31",6319.5
"2018-09-03",6310.899902
"2018-09-04",6293.100098
"2018-09-05",6230.399902
"2018-09-06",6160.399902
"2018-09-07",6143.799805
"2018-09-10",6141.700195
"2018-09-11",6179.700195
"2018-09-12",6175.899902
"2018-09-13",6128.700195
"2018-09-14",6165.299805
"2018-09-17",6185
"2018-09-18",6161.5
"2018-09-19",6190
"2018-09-20",6169.5
"2018-09-21",6194.600098
"2018-09-24",6186.899902
"2018-09-25",6185.899902
"2018-09-26",6192.299805
"2018-09-27",6181.200195
"2018-09-28",6207.600098
"2018-10-01",6172.299805
"2018-10-02",6126.200195
"2018-10-03",6146.100098
"2018-10-04",6176.299805
"2018-10-05",6185.5
"2018-10-08",6100.299805
"2018-10-09",6041.100098
"2018-10-10",6049.799805
"2018-10-11",5883.799805
"2018-10-12",5895.700195
"2018-10-15",5837.100098
"2018-10-16",5869.899902
"2018-10-17",5939.100098
"2018-10-18",5942.399902
"2018-10-19",5939.5
"2018-10-22",5904.899902
"2018-10-23",5843.100098
"2018-10-24",5829
"2018-10-25",5664.100098
"2018-10-26",5665.200195
"2018-10-29",5728.200195
"2018-10-30",5805.100098
"2018-10-31",5830.299805
"2018-11-01",5840.799805
"2018-11-02",5849.200195
"2018-11-05",5818.100098
"2018-11-06",5875.200195
"2018-11-07",5896.899902
"2018-11-08",5928.200195
"2018-11-09",5921.799805
"2018-11-12",5941.299805
"2018-11-13",5834.200195
"2018-11-14",5732.799805
"2018-11-15",5736
"2018-11-16",5730.600098
"2018-11-19",5693.700195
"2018-11-20",5671.799805
"2018-11-21",5642.799805
"2018-11-22",5691.299805
"2018-11-23",5716.200195
"2018-11-26",5671.600098
"2018-11-27",5728.299805
"2018-11-28",5725.100098
"2018-11-29",5758.399902
"2018-11-30",5667.200195
"2018-12-03",5771.200195
"2018-12-04",5713.100098
"2018-12-05",5668.399902
"2018-12-06",5657.600098
"2018-12-07",5681.5
"2018-12-10",5552.5
"2018-12-11",5575.899902
"2018-12-12",5653.5
"2018-12-13",5661.600098
"2018-12-14",5602
"2018-12-17",5658.299805
"2018-12-18",5589.5
"2018-12-19",5580.600098
"2018-12-20",5505.799805
"2018-12-21",5467.600098
"2018-12-24",5493.799805
"2018-12-27",5597.200195
"2018-12-28",5654.299805
"2018-12-31",5646.399902
"2019-01-02",5557.799805
"2019-01-03",5633.399902
"2019-01-04",5619.399902
"2019-01-07",5683.200195
"2019-01-08",5722.399902
"2019-01-09",5778.299805
"2019-01-10",5795.299805
"2019-01-11",5774.600098
"2019-01-14",5773.399902
"2019-01-15",5814.600098
"2019-01-16",5835.200195
"2019-01-17",5850.100098
"2019-01-18",5879.600098
"2019-01-21",5890.399902
"2019-01-22",5858.799805
"2019-01-23",5843.700195
"2019-01-24",5865.700195
"2019-01-25",5905.600098
"2019-01-29",5874.200195
"2019-01-30",5886.700195
"2019-01-31",5864.700195
"2019-02-01",5862.799805
"2019-02-04",5891.200195
"2019-02-05",6005.899902
"2019-02-06",6026.100098
"2019-02-07",6092.5
"2019-02-08",6071.5
"2019-02-11",6060.799805
"2019-02-12",6079.100098
"2019-02-13",6063.600098
"2019-02-14",6059.399902
"2019-02-15",6066.100098
"2019-02-18",6089.799805
"2019-02-19",6106.899902
"2019-02-20",6096.5
"2019-02-21",6139.200195
"2019-02-22",6167.299805
"2019-02-25",6186.299805
"2019-02-26",6128.399902
"2019-02-27",6150.299805
"2019-02-28",6169
"2019-03-01",6192.700195
"2019-03-04",6217.399902
"2019-03-05",6199.299805
"2019-03-06",6245.600098
"2019-03-07",6263.899902
"2019-03-08",6203.799805
"2019-03-11",6180.200195
"2019-03-12",6174.799805
"2019-03-13",6161.200195
"2019-03-14",6179.600098
"2019-03-15",6175.200195
"2019-03-18",6190.5
"2019-03-19",6184.799805
"2019-03-20",6165.299805
"2019-03-21",6167.200195
"2019-03-22",6195.200195
"2019-03-25",6126.200195
"2019-03-26",6130.600098
"2019-03-27",6136
"2019-03-28",6176.100098
"2019-03-29",6180.700195
"2019-04-01",6217
"2019-04-02",6242.399902
"2019-04-03",6285
"2019-04-04",6232.799805
"2019-04-05",6181.299805
"2019-04-08",6221.399902
"2019-04-09",6221.799805
"2019-04-10",6223.5
"2019-04-11",6198.700195
"2019-04-12",6251.299805
"2019-04-15",6251.399902
"2019-04-16",6277.399902
"2019-04-17",6256.399902
"2019-04-18",6259.799805
"2019-04-23",6319.399902
"2019-04-24",6382.100098
"2019-04-26",6385.600098
"2019-04-29",6359.5
"2019-04-30",6325.5
"2019-05-01",6375.899902
"2019-05-02",6338.399902
"2019-05-03",6335.799805
"2019-05-06",6283.700195
"2019-05-07",6295.700195
"2019-05-08",6269.100098
"2019-05-09",6295.299805
"2019-05-10",6310.899902
"2019-05-13",6297.600098
"2019-05-14",6239.899902
"2019-05-15",6284.200195
"2019-05-16",6327.799805
"2019-05-17",6365.299805
"2019-05-20",6476.100098
"2019-05-21",6500.100098
"2019-05-22",6510.700195
"2019-05-23",6491.799805
"2019-05-24",6456
"2019-05-27",6451.899902
"2019-05-28",6484.799805
"2019-05-29",6440
"2019-05-30",6392.100098
"2019-05-31",6396.899902
"2019-06-03",6320.5
"2019-06-04",6332.399902
"2019-06-05",6358.5
"2019-06-06",6383
"2019-06-07",6443.899902
"2019-06-11",6546.299805
"2019-06-12",6543.700195
"2019-06-13",6542.399902
"2019-06-14",6554
"2019-06-17",6530.899902
"2019-06-18",6570
"2019-06-19",6648.100098
"2019-06-20",6687.399902
"2019-06-21",6650.799805
"2019-06-24",6665.399902
"2019-06-25",6658
"2019-06-26",6640.5
"2019-06-27",6666.299805
"2019-06-28",6618.799805
"2019-07-01",6648.100098
"2019-07-02",6653.200195
"2019-07-03",6685.5
"2019-07-04",6718
"2019-07-05",6751.299805
"2019-07-08",6672.200195
"2019-07-09",6665.700195
"2019-07-10",6689.799805
"2019-07-11",6716.100098
"2019-07-12",6696.5
"2019-07-15",6653
"2019-07-16",6641
"2019-07-17",6673.299805
"2019-07-18",6649.100098
"2019-07-19",6700.299805
"2019-07-22",6691.200195
"2019-07-23",6724.600098
"2019-07-24",6776.700195
"2019-07-25",6818
"2019-07-26",6793.399902
"2019-07-29",6825.799805
"2019-07-30",6845.100098
"2019-07-31",6812.600098
"2019-08-01",6788.899902
"2019-08-02",6768.600098
"2019-08-05",6640.299805
"2019-08-06",6478.100098
"2019-08-07",6519.5
"2019-08-08",6568.100098
"2019-08-09",6584.399902
"2019-08-12",6590.299805
"2019-08-13",6568.5
"2019-08-14",6595.899902
"2019-08-15",6408.100098
"2019-08-16",6405.5
"2019-08-19",6467.399902
"2019-08-20",6545
"2019-08-21",6483.299805
"2019-08-22",6501.799805
"2019-08-23",6523.100098
"2019-08-26",6440.100098
"2019-08-27",6471.200195
"2019-08-28",6500.600098
"2019-08-29",6507.399902
"2019-08-30",6604.200195
"2019-09-02",6579.399902
"2019-09-03",6573.399902
"2019-09-04",6553
"2019-09-05",6613.200195
"2019-09-06",6647.299805
"2019-09-09",6648
"2019-09-10",6614.100098
"2019-09-11",6638
"2019-09-12",6654.899902
"2019-09-13",6669.200195
"2019-09-16",6673.5
"2019-09-17",6695.299805
"2019-09-18",6681.600098
"2019-09-19",6717.5
"2019-09-20",6730.799805
"2019-09-23",6749.700195
"2019-09-24",6748.899902
"2019-09-25",6710.200195
"2019-09-26",6677.600098
"2019-09-27",6716.100098
"2019-09-30",6688.299805
"2019-10-01",6742.799805
"2019-10-02",6639.899902
"2019-10-03",6493
"2019-10-04",6517.100098
"2019-10-07",6563.600098
"2019-10-08",6593.399902
"2019-10-09",6546.700195
"2019-10-10",6547.100098
"2019-10-11",6606.799805
"2019-10-14",6642.600098
"2019-10-15",6652
"2019-10-16",6736.5
"2019-10-17",6684.700195
"2019-10-18",6649.700195
"2019-10-21",6652.5
"2019-10-22",6672.200195
"2019-10-23",6673.100098
"2019-10-24",6693.600098
"2019-10-25",6739.200195
"2019-10-28",6740.700195
"2019-10-29",6745.399902
"2019-10-30",6689.5
"2019-10-31",6663.399902
"2019-11-01",6669.100098
"2019-11-04",6686.899902
"2019-11-05",6697.100098
"2019-11-06",6660.200195
"2019-11-07",6726.600098
"2019-11-08",6724.100098
"2019-11-11",6772.5
"2019-11-12",6753
"2019-11-13",6698.399902
"2019-11-14",6735.100098
"2019-11-15",6793.700195
"2019-11-18",6766.799805
"2019-11-19",6814.200195
"2019-11-20",6722.399902
"2019-11-21",6672.899902
"2019-11-22",6709.799805
"2019-11-25",6731.399902
"2019-11-26",6787.5
"2019-11-27",6850.600098
"2019-11-28",6864
"2019-11-29",6846
"2019-12-02",6862.299805
"2019-12-03",6712.299805
"2019-12-04",6606.5
"2019-12-05",6683
"2019-12-06",6707
"2019-12-09",6730
"2019-12-10",6706.899902
"2019-12-11",6752.600098
"2019-12-12",6708.799805
"2019-12-13",6739.700195
"2019-12-16",6849.700195
"2019-12-17",6847.299805
"2019-12-18",6851.399902
"2019-12-19",6833.100098
"2019-12-20",6816.299805
"2019-12-23",6785.100098
"2019-12-24",6794.200195
"2019-12-27",6821.700195
"2019-12-30",6804.899902
"2019-12-31",6684.100098
"2020-01-02",6690.600098
"2020-01-03",6733.5
"2020-01-06",6735.700195
"2020-01-07",6826.399902
"2020-01-08",6817.600098
"2020-01-09",6874.200195
"2020-01-10",6929
"2020-01-13",6903.700195
"2020-01-14",6962.200195
"2020-01-15",6994.799805
"2020-01-16",7041.799805
"2020-01-17",7064.100098
"2020-01-20",7079.5
"2020-01-21",7066.299805
"2020-01-22",7132.700195
"2020-01-23",7088
"2020-01-24",7090.5
"2020-01-28",7023.5
"2020-01-29",7031.5
"2020-01-30",7008.399902
"2020-01-31",7017.200195
"2020-02-03",6923.299805
"2020-02-04",6948.700195
"2020-02-05",6976.100098
"2020-02-06",7049.200195
"2020-02-07",7022.600098
"2020-02-10",7012.5
"2020-02-11",7055.299805
"2020-02-12",7088.200195
"2020-02-13",7103.200195
"2020-02-14",7130.200195
"2020-02-17",7125.100098
"2020-02-18",7113.700195
"2020-02-19",7144.600098
"2020-02-20",7162.5
"2020-02-21",7139
"2020-02-24",6978.299805
"2020-02-25",6866.600098
"2020-02-26",6708.100098
"2020-02-27",6657.899902
"2020-02-28",6441.200195
"2020-03-02",6391.5
"2020-03-03",6435.700195
"2020-03-04",6325.399902
"2020-03-05",6395.700195
"2020-03-06",6216.200195
"2020-03-09",5760.600098
"2020-03-10",5939.600098
"2020-03-11",5725.899902
"2020-03-12",5304.600098
"2020-03-13",5539.299805
"2020-03-16",5002
"2020-03-17",5293.399902
"2020-03-18",4953.200195
"2020-03-19",4782.899902
"2020-03-20",4816.600098
"2020-03-23",4546
"2020-03-24",4735.700195
"2020-03-25",4998.100098
"2020-03-26",5113.299805
"2020-03-27",4842.399902
"2020-03-30",5181.399902
"2020-03-31",5076.799805
"2020-04-01",5258.600098
"2020-04-02",5154.299805
"2020-04-03",5067.5
"2020-04-06",5286.799805
"2020-04-07",5252.299805
"2020-04-08",5206.899902
"2020-04-09",5387.299805
"2020-04-14",5488.100098
"2020-04-15",5466.700195
"2020-04-16",5416.299805
"2020-04-17",5487.5
"2020-04-20",5353
"2020-04-21",5221.299805
"2020-04-22",5221.200195
"2020-04-23",5217.100098
"2020-04-24",5242.600098
"2020-04-27",5321.399902
"2020-04-28",5313.100098
"2020-04-29",5393.399902
"2020-04-30",5522.399902
"2020-05-01",5245.899902
"2020-05-04",5319.799805
"2020-05-05",5407.100098
"2020-05-06",5384.600098
"2020-05-07",5364.200195
"2020-05-08",5391.100098
"2020-05-11",5461.200195
"2020-05-12",5403
"2020-05-13",5421.899902
"2020-05-14",5328.700195
"2020-05-15",5404.799805
"2020-05-18",5460.5
"2020-05-19",5559.5
"2020-05-20",5573
"2020-05-21",5550.399902
"2020-05-22",5497
"2020-05-25",5615.600098
"2020-05-26",5780
"2020-05-27",5775
"2020-05-28",5851.100098
"2020-05-29",5755.700195
"2020-06-01",5819.200195
"2020-06-02",5835.100098
"2020-06-03",5941.600098
"2020-06-04",5991.799805
"2020-06-05",5998.700195
"2020-06-09",6144.899902
"2020-06-10",6148.399902
"2020-06-11",5960.600098
"2020-06-12",5847.799805
"2020-06-15",5719.799805
"2020-06-16",5942.299805
"2020-06-17",5991.799805
"2020-06-18",5936.5
"2020-06-19",5942.600098
"2020-06-22",5944.5
"2020-06-23",5954.399902
"2020-06-24",5965.700195
"2020-06-25",5817.700195
"2020-06-26",5904.100098
"2020-06-29",5815
"2020-06-30",5897.899902
"2020-07-01",5934.399902
"2020-07-02",6032.700195
"2020-07-03",6057.899902
"2020-07-06",6014.600098
"2020-07-07",6012.899902
"2020-07-08",5920.299805
"2020-07-09",5955.5
"2020-07-10",5919.200195
"2020-07-13",5977.5
"2020-07-14",5941.100098
"2020-07-15",6052.899902
"2020-07-16",6010.899902
"2020-07-17",6033.600098
"2020-07-20",6001.600098
"2020-07-21",6156.299805
"2020-07-22",6075.100098
"2020-07-23",6094.5
"2020-07-24",6024
"2020-07-27",6044.200195
"2020-07-28",6020.5
"2020-07-29",6006.399902
"2020-07-30",6051.100098
"2020-07-31",5927.799805
"2020-08-03",5926.100098
"2020-08-04",6037.600098
"2020-08-05",6001.299805
"2020-08-06",6042.200195
"2020-08-07",6004.799805
"2020-08-10",6110.200195
"2020-08-11",6138.700195
"2020-08-12",6132
"2020-08-13",6091
"2020-08-14",6126.200195
"2020-08-17",6076.399902
"2020-08-18",6123.399902
"2020-08-19",6167.600098
"2020-08-20",6120
"2020-08-21",6111.200195
"2020-08-24",6129.600098
"2020-08-25",6161.399902
"2020-08-26",6116.399902
"2020-08-27",6126.200195
"2020-08-28",6073.799805
"2020-08-31",6060.5
"2020-09-01",5953.399902
"2020-09-02",6063.200195
"2020-09-03",6112.600098
"2020-09-04",5925.5
"2020-09-07",5944.799805
"2020-09-08",6007.799805
"2020-09-09",5878.600098
"2020-09-10",5908.5
"2020-09-11",5859.399902
"2020-09-14",5899.5
"2020-09-15",5894.799805
"2020-09-16",5956.100098
"2020-09-17",5883.200195
"2020-09-18",5864.5
"2020-09-21",5822.600098
"2020-09-22",5784.100098
"2020-09-23",5923.899902
"2020-09-24",5875.899902
"2020-09-25",5964.899902
"2020-09-28",5952.299805
"2020-09-29",5952.100098
"2020-09-30",5815.899902
"2020-10-01",5872.899902
"2020-10-02",5791.5
"2020-10-05",5941.600098
"2020-10-06",5962.100098
"2020-10-07",6036.399902
"2020-10-08",6102
"2020-10-09",6102.200195
"2020-10-12",6132
"2020-10-13",6195.700195
"2020-10-14",6179.200195
"2020-10-15",6210.299805
"2020-10-16",6176.799805
"2020-10-19",6229.399902
"2020-10-20",6184.600098
"2020-10-21",6191.799805
"2020-10-22",6173.799805
"2020-10-23",6167
"2020-10-26",6155.600098
"2020-10-27",6051
"2020-10-28",6057.700195
"2020-10-29",5960.299805
"2020-10-30",5927.600098
"2020-11-02",5951.299805
"2020-11-03",6066.399902
"2020-11-04",6062.100098
"2020-11-05",6139.600098
"2020-11-06",6190.200195
"2020-11-09",6298.799805
"2020-11-10",6340.5
"2020-11-11",6449.700195
"2020-11-12",6418.200195
"2020-11-13",6405.200195
"2020-11-16",6484.299805
"2020-11-17",6498.200195
"2020-11-18",6531.100098
"2020-11-19",6547.200195
"2020-11-20",6539.200195
"2020-11-23",6561.600098
"2020-11-24",6644.100098
"2020-11-25",6683.299805
"2020-11-26",6636.399902
"2020-11-27",6601.100098
"2020-11-30",6517.799805
"2020-12-01",6588.5
"2020-12-02",6590.200195
"2020-12-03",6615.299805
"2020-12-04",6634.100098
"2020-12-07",6675
"2020-12-08",6687.700195
"2020-12-09",6728.5
"2020-12-10",6683.100098
"2020-12-11",6642.600098
"2020-12-14",6660.200195
"2020-12-15",6631.299805
"2020-12-16",6679.200195
"2020-12-17",6756.700195
"2020-12-18",6675.5
"2020-12-21",6669.899902
"2020-12-22",6599.600098
"2020-12-23",6643.100098
"2020-12-24",6664.799805
"2020-12-29",6700.299805
"2020-12-30",6682.399902
"2020-12-31",6587.100098
"2021-01-04",6684.200195
"2021-01-05",6681.899902
"2021-01-06",6607.100098
"2021-01-07",6712
"2021-01-08",6757.899902
"2021-01-11",6697.200195
"2021-01-12",6679.100098
"2021-01-13",6686.600098
"2021-01-14",6715.299805
"2021-01-15",6715.399902
"2021-01-18",6663
"2021-01-19",6742.600098
"2021-01-20",6770.399902
"2021-01-21",6823.700195
"2021-01-22",6800.399902
"2021-01-25",6824.700195
"2021-01-27",6780.600098
"2021-01-28",6649.700195
"2021-01-29",6607.399902
"2021-02-01",6663
"2021-02-02",6762.600098
"2021-02-03",6824.600098
"2021-02-04",6765.5
"2021-02-05",6840.5
"2021-02-08",6880.700195
"2021-02-09",6821.200195
"2021-02-10",6856.899902
"2021-02-11",6850.100098
"2021-02-12",6806.700195
"2021-02-15",6868.899902
"2021-02-16",6917.299805
"2021-02-17",6885.200195
"2021-02-18",6885.899902
"2021-02-19",6793.799805
"2021-02-22",6780.899902
"2021-02-23",6839.200195
"2021-02-24",6777.799805
"2021-02-25",6834
"2021-02-26",6673.299805
"2021-03-01",6789.600098
"2021-03-02",6762.299805
"2021-03-03",6818
"2021-03-04",6760.700195
"2021-03-05",6710.799805
"2021-03-08",6739.600098
"2021-03-09",6771.200195
"2021-03-10",NA
"2021-03-11",6741.600098
