"Index","DJA.Close"
"2010-01-04",3604.73999
"2010-01-05",3606.76001
"2010-01-06",3605.360107
"2010-01-07",3605.300049
"2010-01-08",3629.419922
"2010-01-11",3654.969971
"2010-01-12",3629.370117
"2010-01-13",3650.340088
"2010-01-14",3653.300049
"2010-01-15",3619.969971
"2010-01-19",3655.449951
"2010-01-20",3612.870117
"2010-01-21",3550.679932
"2010-01-22",3473.850098
"2010-01-25",3486.919922
"2010-01-26",3486.050049
"2010-01-27",3495.060059
"2010-01-28",3442.070068
"2010-01-29",3417.080078
"2010-02-01",3460.100098
"2010-02-02",3493
"2010-02-03",3467.820068
"2010-02-04",3371.639893
"2010-02-05",3373.669922
"2010-02-08",3341.389893
"2010-02-09",3394.379883
"2010-02-10",3383.830078
"2010-02-11",3419.870117
"2010-02-12",3405.800049
"2010-02-16",3468.060059
"2010-02-17",3475.620117
"2010-02-18",3493.51001
"2010-02-19",3516.97998
"2010-02-22",3516.120117
"2010-02-23",3486.830078
"2010-02-24",3511.360107
"2010-02-25",3502.959961
"2010-02-26",3504.679932
"2010-03-01",3535.610107
"2010-03-02",3534.040039
"2010-03-03",3531.399902
"2010-03-04",3544.050049
"2010-03-05",3581.639893
"2010-03-08",3582.530029
"2010-03-09",3596.23999
"2010-03-10",3605.040039
"2010-03-11",3621.399902
"2010-03-12",3621.570068
"2010-03-15",3629.560059
"2010-03-16",3654.73999
"2010-03-17",3666.52002
"2010-03-18",3682.340088
"2010-03-19",3663.129883
"2010-03-22",3668.879883
"2010-03-23",3697.27002
"2010-03-24",3669.889893
"2010-03-25",3660.280029
"2010-03-26",3665.209961
"2010-03-29",3689.090088
"2010-03-30",3692.47998
"2010-03-31",3679.02002
"2010-04-01",3703.27002
"2010-04-05",3720.52002
"2010-04-06",3728.52002
"2010-04-07",3700.820068
"2010-04-08",3718.370117
"2010-04-09",3747.429932
"2010-04-12",3754.26001
"2010-04-13",3757.540039
"2010-04-14",3802.22998
"2010-04-15",3825.090088
"2010-04-16",3775.840088
"2010-04-19",3780.570068
"2010-04-20",3804.370117
"2010-04-21",3809.530029
"2010-04-22",3820.870117
"2010-04-23",3850.669922
"2010-04-26",3849.22998
"2010-04-27",3770.169922
"2010-04-28",3791.899902
"2010-04-29",3840.189941
"2010-04-30",3794.610107
"2010-05-03",3861.780029
"2010-05-04",3762.889893
"2010-05-05",3731.73999
"2010-05-06",3615.850098
"2010-05-07",3560.600098
"2010-05-10",3710.389893
"2010-05-11",3711.169922
"2010-05-12",3765.929932
"2010-05-13",3721.149902
"2010-05-14",3665.659912
"2010-05-17",3664.01001
"2010-05-18",3622.040039
"2010-05-19",3591.879883
"2010-05-20",3451.669922
"2010-05-21",3497.530029
"2010-05-24",3458.699951
"2010-05-25",3450.320068
"2010-05-26",3447.090088
"2010-05-27",3543.790039
"2010-05-28",3509.399902
"2010-06-01",3449.840088
"2010-06-02",3535.639893
"2010-06-03",3547.120117
"2010-06-04",3416.790039
"2010-06-07",3370.469971
"2010-06-08",3413.340088
"2010-06-09",3402.360107
"2010-06-10",3512.090088
"2010-06-11",3530.080078
"2010-06-14",3534.550049
"2010-06-15",3617.290039
"2010-06-16",3610.129883
"2010-06-17",3622.139893
"2010-06-18",3627.73999
"2010-06-21",3621.01001
"2010-06-22",3537.199951
"2010-06-23",3531.5
"2010-06-24",3487.97998
"2010-06-25",3495.98999
"2010-06-28",3490.530029
"2010-06-29",3387.590088
"2010-06-30",3357.540039
"2010-07-01",3351.399902
"2010-07-02",3320.719971
"2010-07-06",3331.600098
"2010-07-07",3438.429932
"2010-07-08",3481.25
"2010-07-09",3506.090088
"2010-07-12",3512.709961
"2010-07-13",3561.330078
"2010-07-14",3570.810059
"2010-07-15",3568.429932
"2010-07-16",3477.179932
"2010-07-19",3499.080078
"2010-07-20",3535.860107
"2010-07-21",3492.47998
"2010-07-22",3578.429932
"2010-07-23",3613.189941
"2010-07-26",3662.389893
"2010-07-27",3661.409912
"2010-07-28",3649.659912
"2010-07-29",3632.969971
"2010-07-30",3631.610107
"2010-08-02",3703.449951
"2010-08-03",3679.030029
"2010-08-04",3702.949951
"2010-08-05",3698.320068
"2010-08-06",3687.860107
"2010-08-09",3712.72998
"2010-08-10",3690.070068
"2010-08-11",3581.070068
"2010-08-12",3561.419922
"2010-08-13",3551.669922
"2010-08-16",3552.01001
"2010-08-17",3600.379883
"2010-08-18",3602.929932
"2010-08-19",3542.860107
"2010-08-20",3533.800049
"2010-08-23",3518.51001
"2010-08-24",3477.159912
"2010-08-25",3480.02002
"2010-08-26",3463.800049
"2010-08-27",3528.060059
"2010-08-30",3475.570068
"2010-08-31",3482.290039
"2010-09-01",3582.02002
"2010-09-02",3604.709961
"2010-09-03",3643.449951
"2010-09-07",3609.25
"2010-09-08",3629.330078
"2010-09-09",3636.129883
"2010-09-10",3641.370117
"2010-09-13",3669.75
"2010-09-14",3665.919922
"2010-09-15",3675.169922
"2010-09-16",3665.580078
"2010-09-17",3669.399902
"2010-09-20",3715.949951
"2010-09-21",3722.949951
"2010-09-22",3711.929932
"2010-09-23",3671.080078
"2010-09-24",3749.959961
"2010-09-27",3740.790039
"2010-09-28",3755.26001
"2010-09-29",3751.610107
"2010-09-30",3735.800049
"2010-10-01",3743.719971
"2010-10-04",3713.5
"2010-10-05",3785.530029
"2010-10-06",3789.050049
"2010-10-07",3784.899902
"2010-10-08",3810.929932
"2010-10-11",3812.370117
"2010-10-12",3807.719971
"2010-10-13",3855.399902
"2010-10-14",3847.820068
"2010-10-15",3841.330078
"2010-10-18",3867.449951
"2010-10-19",3817.300049
"2010-10-20",3871.530029
"2010-10-21",3872.47998
"2010-10-22",3869.699951
"2010-10-25",3877.48999
"2010-10-26",3878.070068
"2010-10-27",3857.419922
"2010-10-28",3856.399902
"2010-10-29",3863.639893
"2010-11-01",3860.110107
"2010-11-02",3895.139893
"2010-11-03",3907.959961
"2010-11-04",3970.629883
"2010-11-05",3972
"2010-11-08",3960.679932
"2010-11-09",3927.850098
"2010-11-10",3928.179932
"2010-11-11",3917.75
"2010-11-12",3883.439941
"2010-11-15",3889.830078
"2010-11-16",3832.530029
"2010-11-17",3831.629883
"2010-11-18",3886.629883
"2010-11-19",3896.52002
"2010-11-22",3888.889893
"2010-11-23",3835.939941
"2010-11-24",3898.209961
"2010-11-26",3868.659912
"2010-11-29",3863.48999
"2010-11-30",3845.26001
"2010-12-01",3926.98999
"2010-12-02",3964.899902
"2010-12-03",3978.419922
"2010-12-06",3967.580078
"2010-12-07",3966.419922
"2010-12-08",3961.370117
"2010-12-09",3973.790039
"2010-12-10",3988.219971
"2010-12-13",3984.23999
"2010-12-14",3990.050049
"2010-12-15",3976.080078
"2010-12-16",4006.639893
"2010-12-17",3998.469971
"2010-12-20",3997.26001
"2010-12-21",4019.669922
"2010-12-22",4028.689941
"2010-12-23",4026.909912
"2010-12-27",4027.889893
"2010-12-28",4032.110107
"2010-12-29",4035
"2010-12-30",4031.820068
"2010-12-31",4033.189941
"2011-01-03",4069.439941
"2011-01-04",4067.639893
"2011-01-05",4073.25
"2011-01-06",4066.399902
"2011-01-07",4072.969971
"2011-01-10",4069.580078
"2011-01-11",4068.159912
"2011-01-12",4097.470215
"2011-01-13",4098.549805
"2011-01-14",4110.899902
"2011-01-18",4119.959961
"2011-01-19",4094.27002
"2011-01-20",4086.030029
"2011-01-21",4085.649902
"2011-01-24",4116.689941
"2011-01-25",4108.02002
"2011-01-26",4121.240234
"2011-01-27",4130.779785
"2011-01-28",4057.030029
"2011-01-31",4077.469971
"2011-02-01",4136.169922
"2011-02-02",4109.459961
"2011-02-03",4120.970215
"2011-02-04",4123.97998
"2011-02-07",4145.02002
"2011-02-08",4161.379883
"2011-02-09",4164.959961
"2011-02-10",4181.930176
"2011-02-11",4204.72998
"2011-02-14",4193.419922
"2011-02-15",4190.72998
"2011-02-16",4212.609863
"2011-02-17",4224.580078
"2011-02-18",4237.169922
"2011-02-22",4153.859863
"2011-02-23",4106.640137
"2011-02-24",4103.549805
"2011-02-25",4131.839844
"2011-02-28",4163.22998
"2011-03-01",4094.48999
"2011-03-02",4103.52002
"2011-03-03",4174.319824
"2011-03-04",4141.850098
"2011-03-07",4118.189941
"2011-03-08",4178.870117
"2011-03-09",4186.609863
"2011-03-10",4121.899902
"2011-03-11",4144.669922
"2011-03-14",4107.299805
"2011-03-15",4061.120117
"2011-03-16",3988.050049
"2011-03-17",4036.22998
"2011-03-18",4063.379883
"2011-03-21",4133.009766
"2011-03-22",4113.589844
"2011-03-23",4124.430176
"2011-03-24",4159.75
"2011-03-25",4179.390137
"2011-03-28",4177.160156
"2011-03-29",4205.620117
"2011-03-30",4230.359863
"2011-03-31",4228.419922
"2011-04-01",4260.669922
"2011-04-04",4265.890137
"2011-04-05",4253.779785
"2011-04-06",4265.370117
"2011-04-07",4252.52002
"2011-04-08",4224.169922
"2011-04-11",4213.02002
"2011-04-12",4194.310059
"2011-04-13",4196.939941
"2011-04-14",4207.959961
"2011-04-15",4233.839844
"2011-04-18",4184.540039
"2011-04-19",4202.879883
"2011-04-20",4250.450195
"2011-04-21",4268.899902
"2011-04-25",4266.839844
"2011-04-26",4319.060059
"2011-04-27",4352.919922
"2011-04-28",4386.240234
"2011-04-29",4397.049805
"2011-05-02",4393.859863
"2011-05-03",4392.799805
"2011-05-04",4354.600098
"2011-05-05",4339.279785
"2011-05-06",4356.709961
"2011-05-09",4366.930176
"2011-05-10",4405.129883
"2011-05-11",4362.540039
"2011-05-12",4379.290039
"2011-05-13",4339.47998
"2011-05-16",4327.580078
"2011-05-17",4312.540039
"2011-05-18",4346.370117
"2011-05-19",4369.580078
"2011-05-20",4345.180176
"2011-05-23",4296.089844
"2011-05-24",4282.600098
"2011-05-25",4299.77002
"2011-05-26",4303.109863
"2011-05-27",4311.930176
"2011-05-31",4354.839844
"2011-06-01",4250.47998
"2011-06-02",4247.22998
"2011-06-03",4202.52002
"2011-06-06",4170.47998
"2011-06-07",4166.950195
"2011-06-08",4149.850098
"2011-06-09",4175.97998
"2011-06-10",4121.629883
"2011-06-13",4125.810059
"2011-06-14",4175.189941
"2011-06-15",4117.490234
"2011-06-16",4135.259766
"2011-06-17",4160.120117
"2011-06-20",4188.27002
"2011-06-21",4232.910156
"2011-06-22",4211.029785
"2011-06-23",4196.660156
"2011-06-24",4155.560059
"2011-06-27",4191.540039
"2011-06-28",4239.100098
"2011-06-29",4261.72998
"2011-06-30",4309.560059
"2011-07-01",4379.47998
"2011-07-05",4360.799805
"2011-07-06",4388.100098
"2011-07-07",4420.669922
"2011-07-08",4389.27002
"2011-07-11",4328.430176
"2011-07-12",4305.950195
"2011-07-13",4320.080078
"2011-07-14",4291.350098
"2011-07-15",4299.890137
"2011-07-18",4261.339844
"2011-07-19",4320.640137
"2011-07-20",4321.410156
"2011-07-21",4382.120117
"2011-07-22",4369.589844
"2011-07-25",4351.589844
"2011-07-26",4315.129883
"2011-07-27",4245.350098
"2011-07-28",4227.399902
"2011-07-29",4199.240234
"2011-08-01",4187.029785
"2011-08-02",4081.27002
"2011-08-03",4092
"2011-08-04",3912.810059
"2011-08-05",3926.800049
"2011-08-08",3691.360107
"2011-08-09",3840.23999
"2011-08-10",3688.370117
"2011-08-11",3838.570068
"2011-08-12",3871.719971
"2011-08-15",3951.149902
"2011-08-16",3912.620117
"2011-08-17",3915.26001
"2011-08-18",3913.409912
"2011-08-19",3703.699951
"2011-08-22",3708.800049
"2011-08-23",3815.01001
"2011-08-24",3870.179932
"2011-08-25",3807.159912
"2011-08-26",3857.870117
"2011-08-29",3956.820068
"2011-08-30",3976.679932
"2011-08-31",3986.75
"2011-09-01",3944.409912
"2011-09-02",3851.47998
"2011-09-06",3813.949951
"2011-09-07",3907.330078
"2011-09-08",3872.419922
"2011-09-09",3776.080078
"2011-09-12",3793.22998
"2011-09-13",3840.02002
"2011-09-14",3894.290039
"2011-09-15",3952.820068
"2011-09-16",3974.300049
"2011-09-19",3933.070068
"2011-09-20",3928.879883
"2011-09-21",3807.179932
"2011-09-22",3690.219971
"2011-09-23",3720.280029
"2011-09-26",3799.399902
"2011-09-27",3843.550049
"2011-09-28",3773.080078
"2011-09-29",3831.840088
"2011-09-30",3742.600098
"2011-10-03",3642.709961
"2011-10-04",3709.870117
"2011-10-05",3761.080078
"2011-10-06",3830.300049
"2011-10-07",3814.050049
"2011-10-10",3930.159912
"2011-10-11",3926.679932
"2011-10-12",3957.780029
"2011-10-13",3942.449951
"2011-10-14",4004.600098
"2011-10-17",3927.169922
"2011-10-18",3999.810059
"2011-10-19",3972.370117
"2011-10-20",4001.300049
"2011-10-21",4087.669922
"2011-10-24",4124.27002
"2011-10-25",4050.199951
"2011-10-26",4088.929932
"2011-10-27",4218.799805
"2011-10-28",4213.77002
"2011-10-31",4128.75
"2011-11-01",4029.850098
"2011-11-02",4088.969971
"2011-11-03",4160.02002
"2011-11-04",4140.339844
"2011-11-07",4159.290039
"2011-11-08",4194.589844
"2011-11-09",4060.050049
"2011-11-10",4100.009766
"2011-11-11",4190.200195
"2011-11-14",4158.169922
"2011-11-15",4173.359863
"2011-11-16",4104.169922
"2011-11-17",4057.899902
"2011-11-18",4073.350098
"2011-11-21",3991.550049
"2011-11-22",3959.179932
"2011-11-23",3877.909912
"2011-11-25",3869.459961
"2011-11-28",3971.139893
"2011-11-29",3992.179932
"2011-11-30",4155.810059
"2011-12-01",4141.02002
"2011-12-02",4142.790039
"2011-12-05",4182.200195
"2011-12-06",4183.540039
"2011-12-07",4190.689941
"2011-12-08",4113.77002
"2011-12-09",4180.549805
"2011-12-12",4131.669922
"2011-12-13",4103.810059
"2011-12-14",4055.530029
"2011-12-15",4092.629883
"2011-12-16",4109.470215
"2011-12-19",4056.530029
"2011-12-20",4173.859863
"2011-12-21",4193.660156
"2011-12-22",4217.720215
"2011-12-23",4251.330078
"2011-12-27",4257.299805
"2011-12-28",4206.509766
"2011-12-29",4254.399902
"2011-12-30",4232.169922
"2012-01-03",4261.02002
"2012-01-04",4264.589844
"2012-01-05",4262.600098
"2012-01-06",4247.540039
"2012-01-09",4263.47998
"2012-01-10",4295.259766
"2012-01-11",4296.089844
"2012-01-12",4303.180176
"2012-01-13",4284.950195
"2012-01-17",4295.27002
"2012-01-18",4325.160156
"2012-01-19",4325.129883
"2012-01-20",4360.910156
"2012-01-23",4350.890137
"2012-01-24",4330.240234
"2012-01-25",4376.069824
"2012-01-26",4378.189941
"2012-01-27",4365.169922
"2012-01-30",4355.879883
"2012-01-31",4355.240234
"2012-02-01",4379.740234
"2012-02-02",4366.609863
"2012-02-03",4413.200195
"2012-02-06",4399.069824
"2012-02-07",4405.839844
"2012-02-08",4401.379883
"2012-02-09",4402.720215
"2012-02-10",4371.970215
"2012-02-13",4400.359863
"2012-02-14",4393.129883
"2012-02-15",4345.069824
"2012-02-16",4396.399902
"2012-02-17",4398.669922
"2012-02-21",4381.879883
"2012-02-22",4367.620117
"2012-02-23",4382.359863
"2012-02-24",4380.759766
"2012-02-27",4387.52002
"2012-02-28",4387.490234
"2012-02-29",4375.689941
"2012-03-01",4398.140137
"2012-03-02",4385.740234
"2012-03-05",4375.75
"2012-03-06",4316.149902
"2012-03-07",4336.22998
"2012-03-08",4368.72998
"2012-03-09",4378.189941
"2012-03-12",4388.879883
"2012-03-13",4457.779785
"2012-03-14",4431.660156
"2012-03-15",4484.180176
"2012-03-16",4479.180176
"2012-03-19",4479.22998
"2012-03-20",4452.109863
"2012-03-21",4453.149902
"2012-03-22",4412.080078
"2012-03-23",4417.580078
"2012-03-26",4469.870117
"2012-03-27",4462.399902
"2012-03-28",4438.089844
"2012-03-29",4444.339844
"2012-03-30",4460.529785
"2012-04-02",4486.640137
"2012-04-03",4472.379883
"2012-04-04",4445.149902
"2012-04-05",4440.209961
"2012-04-09",4390.180176
"2012-04-10",4314.680176
"2012-04-11",4344.240234
"2012-04-12",4408.939941
"2012-04-13",4369.370117
"2012-04-16",4398.620117
"2012-04-17",4456.959961
"2012-04-18",4438.740234
"2012-04-19",4405.390137
"2012-04-20",4425.77002
"2012-04-23",4391.77002
"2012-04-24",4425.370117
"2012-04-25",4457.790039
"2012-04-26",4470.220215
"2012-04-27",4484.790039
"2012-04-30",4474.870117
"2012-05-01",4504.52002
"2012-05-02",4509.419922
"2012-05-03",4481.149902
"2012-05-04",4437.859863
"2012-05-07",4436.029785
"2012-05-08",4419.339844
"2012-05-09",4382.790039
"2012-05-10",4388.290039
"2012-05-11",4384.069824
"2012-05-14",4348.439941
"2012-05-15",4334.669922
"2012-05-16",4325.899902
"2012-05-17",4252.52002
"2012-05-18",4223.640137
"2012-05-21",4282.25
"2012-05-22",4286.959961
"2012-05-23",4295.799805
"2012-05-24",4314.669922
"2012-05-25",4294.819824
"2012-05-29",4335.600098
"2012-05-30",4273.660156
"2012-05-31",4283.569824
"2012-06-01",4187.569824
"2012-06-04",4171.310059
"2012-06-05",4184.060059
"2012-06-06",4281.919922
"2012-06-07",4294.569824
"2012-06-08",4327.399902
"2012-06-11",4281.069824
"2012-06-12",4323.149902
"2012-06-13",4301.470215
"2012-06-14",4347.890137
"2012-06-15",4380.97998
"2012-06-18",4402.620117
"2012-06-19",4432.709961
"2012-06-20",4415.52002
"2012-06-21",4334.740234
"2012-06-22",4337.450195
"2012-06-25",4285.330078
"2012-06-26",4298.149902
"2012-06-27",4330.220215
"2012-06-28",4336.069824
"2012-06-29",4427.419922
"2012-07-02",4430.609863
"2012-07-03",4448.02002
"2012-07-05",4437.740234
"2012-07-06",4399.779785
"2012-07-09",4387.370117
"2012-07-10",4358.540039
"2012-07-11",4351.390137
"2012-07-12",4339.689941
"2012-07-13",4412.129883
"2012-07-16",4391.129883
"2012-07-17",4398.259766
"2012-07-18",4426.799805
"2012-07-19",4445.25
"2012-07-20",4398.859863
"2012-07-23",4360.259766
"2012-07-24",4320.160156
"2012-07-25",4324.850098
"2012-07-26",4395.779785
"2012-07-27",4466.589844
"2012-07-30",4466.660156
"2012-07-31",4442.240234
"2012-08-01",4405.100098
"2012-08-02",4381.509766
"2012-08-03",4454.759766
"2012-08-06",4454.450195
"2012-08-07",4456.759766
"2012-08-08",4452.290039
"2012-08-09",4444.990234
"2012-08-10",4458.839844
"2012-08-13",4447.660156
"2012-08-14",4453.830078
"2012-08-15",4462.910156
"2012-08-16",4481.390137
"2012-08-17",4490.620117
"2012-08-20",4489.180176
"2012-08-21",4472.279785
"2012-08-22",4459.22998
"2012-08-23",4416.819824
"2012-08-24",4439.830078
"2012-08-27",4425.060059
"2012-08-28",4417.160156
"2012-08-29",4411.200195
"2012-08-30",4374.350098
"2012-08-31",4393.459961
"2012-09-04",4384.890137
"2012-09-05",4368.990234
"2012-09-06",4446.189941
"2012-09-07",4454.169922
"2012-09-10",4449.939941
"2012-09-11",4468.189941
"2012-09-12",4475.959961
"2012-09-13",4533.149902
"2012-09-14",4540.189941
"2012-09-17",4509.720215
"2012-09-18",4495.180176
"2012-09-19",4504.02002
"2012-09-20",4478.149902
"2012-09-21",4463.5
"2012-09-24",4479.459961
"2012-09-25",4448.470215
"2012-09-26",4440.970215
"2012-09-27",4458.560059
"2012-09-28",4441.700195
"2012-10-01",4454.370117
"2012-10-02",4453.919922
"2012-10-03",4475.049805
"2012-10-04",4505.459961
"2012-10-05",4516.890137
"2012-10-08",4515.450195
"2012-10-09",4480.600098
"2012-10-10",4456.799805
"2012-10-11",4452.569824
"2012-10-12",4457.859863
"2012-10-15",4485.169922
"2012-10-16",4524.490234
"2012-10-17",4542.450195
"2012-10-18",4545.620117
"2012-10-19",4484.529785
"2012-10-22",4477.069824
"2012-10-23",4435.759766
"2012-10-24",4400.689941
"2012-10-25",4415.819824
"2012-10-26",4419.939941
"2012-10-31",4432.919922
"2012-11-01",4465.779785
"2012-11-02",4421.299805
"2012-11-05",4414.899902
"2012-11-06",4457.899902
"2012-11-07",4359.959961
"2012-11-08",4324.399902
"2012-11-09",4310.589844
"2012-11-12",4313.129883
"2012-11-13",4305.089844
"2012-11-14",4232.560059
"2012-11-15",4232.560059
"2012-11-16",4229.970215
"2012-11-19",4291.399902
"2012-11-20",4287.540039
"2012-11-21",4296.450195
"2012-11-23",4339.649902
"2012-11-26",4349.819824
"2012-11-27",4332.779785
"2012-11-28",4363.709961
"2012-11-29",4381.799805
"2012-11-30",4383.47998
"2012-12-03",4353.040039
"2012-12-04",4348.890137
"2012-12-05",4386.379883
"2012-12-06",4389.97998
"2012-12-07",4407.680176
"2012-12-10",4423.779785
"2012-12-11",4440.27002
"2012-12-12",4434.819824
"2012-12-13",4420
"2012-12-14",4414.189941
"2012-12-17",4452.700195
"2012-12-18",4501.410156
"2012-12-19",4480.689941
"2012-12-20",4504.009766
"2012-12-21",4473.97998
"2012-12-24",4456.600098
"2012-12-26",4437.27002
"2012-12-27",4426.720215
"2012-12-28",4380.029785
"2012-12-31",4442.069824
"2013-01-02",4543.509766
"2013-01-03",4548.470215
"2013-01-04",4577.600098
"2013-01-07",4554.089844
"2013-01-08",4537.410156
"2013-01-09",4558.899902
"2013-01-10",4583.22998
"2013-01-11",4586.399902
"2013-01-14",4595.27002
"2013-01-15",4611.959961
"2013-01-16",4605.319824
"2013-01-17",4631.700195
"2013-01-18",4652.319824
"2013-01-22",4685.029785
"2013-01-23",4695.259766
"2013-01-24",4730.830078
"2013-01-25",4752.02002
"2013-01-28",4749.47998
"2013-01-29",4768.549805
"2013-01-30",4738.600098
"2013-01-31",4736.529785
"2013-02-01",4776.950195
"2013-02-04",4739.22998
"2013-02-05",4774.720215
"2013-02-06",4774.799805
"2013-02-07",4772.850098
"2013-02-08",4787.310059
"2013-02-11",4783.600098
"2013-02-12",4794.709961
"2013-02-13",4792.040039
"2013-02-14",4786.700195
"2013-02-15",4790.310059
"2013-02-19",4826.330078
"2013-02-20",4780.379883
"2013-02-21",4755.189941
"2013-02-22",4802.930176
"2013-02-25",4722.899902
"2013-02-26",4747.299805
"2013-02-27",4829.169922
"2013-02-28",4829.209961
"2013-03-01",4835.060059
"2013-03-04",4864.52002
"2013-03-05",4914.02002
"2013-03-06",4915.009766
"2013-03-07",4911.200195
"2013-03-08",4941.370117
"2013-03-11",4955.129883
"2013-03-12",4947.310059
"2013-03-13",4976.540039
"2013-03-14",5006.580078
"2013-03-15",5006.129883
"2013-03-18",4984.709961
"2013-03-19",4986.069824
"2013-03-20",4997.410156
"2013-03-21",4953.390137
"2013-03-22",4986.47998
"2013-03-25",4962.779785
"2013-03-26",5002.069824
"2013-03-27",5001.899902
"2013-03-28",5036.939941
"2013-04-01",5011.370117
"2013-04-02",5011.220215
"2013-04-03",4968.359863
"2013-04-04",4987.319824
"2013-04-05",4991.830078
"2013-04-08",5020.109863
"2013-04-09",5024.379883
"2013-04-10",5081.080078
"2013-04-11",5090.129883
"2013-04-12",5086.540039
"2013-04-15",4969
"2013-04-16",5040.209961
"2013-04-17",4987.859863
"2013-04-18",4974.939941
"2013-04-19",5011.790039
"2013-04-22",5019.310059
"2013-04-23",5053.810059
"2013-04-24",5058.939941
"2013-04-25",5065.160156
"2013-04-26",5068.370117
"2013-04-29",5103.149902
"2013-04-30",5115.720215
"2013-05-01",5046.439941
"2013-05-02",5081.990234
"2013-05-03",5135.140137
"2013-05-06",5140.810059
"2013-05-07",5188.899902
"2013-05-08",5189.77002
"2013-05-09",5154.290039
"2013-05-10",5171.509766
"2013-05-13",5153.040039
"2013-05-14",5209.410156
"2013-05-15",5239.720215
"2013-05-16",5211.339844
"2013-05-17",5261.600098
"2013-05-20",5245.160156
"2013-05-21",5257.799805
"2013-05-22",5203.689941
"2013-05-23",5199.5
"2013-05-24",5183.049805
"2013-05-28",5190.100098
"2013-05-29",5141.069824
"2013-05-30",5148.149902
"2013-05-31",5093.149902
"2013-06-03",5118.080078
"2013-06-04",5094.430176
"2013-06-05",5019.02002
"2013-06-06",5058.529785
"2013-06-07",5138.330078
"2013-06-10",5130.620117
"2013-06-11",5088.390137
"2013-06-12",5047.890137
"2013-06-13",5121.600098
"2013-06-14",5095.640137
"2013-06-17",5116.379883
"2013-06-18",5161.419922
"2013-06-19",5085.790039
"2013-06-20",4963.609863
"2013-06-21",4974.120117
"2013-06-24",4918.160156
"2013-06-25",4973.129883
"2013-06-26",5023.149902
"2013-06-27",5055.97998
"2013-06-28",5034.660156
"2013-07-01",5051.709961
"2013-07-02",5037.910156
"2013-07-03",5041.629883
"2013-07-05",5087.299805
"2013-07-08",5116.330078
"2013-07-09",5170.52002
"2013-07-10",5160.52002
"2013-07-11",5224.209961
"2013-07-12",5219.580078
"2013-07-15",5244.850098
"2013-07-16",5223.169922
"2013-07-17",5237.339844
"2013-07-18",5285.649902
"2013-07-19",5285.459961
"2013-07-22",5283.839844
"2013-07-23",5274.319824
"2013-07-24",5237.629883
"2013-07-25",5242.279785
"2013-07-26",5256.649902
"2013-07-29",5234.910156
"2013-07-30",5242.370117
"2013-07-31",5242.640137
"2013-08-01",5326.149902
"2013-08-02",5325.879883
"2013-08-05",5297.990234
"2013-08-06",5256.310059
"2013-08-07",5239.97998
"2013-08-08",5260.25
"2013-08-09",5232.339844
"2013-08-12",5229.100098
"2013-08-13",5219.52002
"2013-08-14",5179.529785
"2013-08-15",5112.629883
"2013-08-16",5107.160156
"2013-08-19",5075.290039
"2013-08-20",5095.22998
"2013-08-21",5057.759766
"2013-08-22",5106.379883
"2013-08-23",5123.129883
"2013-08-26",5105.100098
"2013-08-27",5033.629883
"2013-08-28",5043.379883
"2013-08-29",5044.879883
"2013-08-30",5021.609863
"2013-09-03",5022.089844
"2013-09-04",5055.430176
"2013-09-05",5062.680176
"2013-09-06",5063.419922
"2013-09-09",5114.419922
"2013-09-10",5174.799805
"2013-09-11",5189.97998
"2013-09-12",5164.879883
"2013-09-13",5187.529785
"2013-09-16",5227.549805
"2013-09-17",5239.680176
"2013-09-18",5316.990234
"2013-09-19",5312.379883
"2013-09-20",5257.850098
"2013-09-23",5247.620117
"2013-09-24",5234.890137
"2013-09-25",5207.410156
"2013-09-26",5222.060059
"2013-09-27",5194.47998
"2013-09-30",5166.609863
"2013-10-01",5201.779785
"2013-10-02",5185.220215
"2013-10-03",5133.740234
"2013-10-04",5158.100098
"2013-10-07",5112.399902
"2013-10-08",5066.129883
"2013-10-09",5077.77002
"2013-10-10",5184.490234
"2013-10-11",5217.359863
"2013-10-14",5226.490234
"2013-10-15",5188.100098
"2013-10-16",5256.819824
"2013-10-17",5270.240234
"2013-10-18",5296.640137
"2013-10-21",5300.330078
"2013-10-22",5338.830078
"2013-10-23",5338.720215
"2013-10-24",5369.790039
"2013-10-25",5386.720215
"2013-10-28",5389.75
"2013-10-29",5416.25
"2013-10-30",5389.609863
"2013-10-31",5363.459961
"2013-11-01",5400.97998
"2013-11-04",5425.310059
"2013-11-05",5406.569824
"2013-11-06",5430.450195
"2013-11-07",5370.959961
"2013-11-08",5418.529785
"2013-11-11",5429.220215
"2013-11-12",5427.680176
"2013-11-13",5453.040039
"2013-11-14",5475.02002
"2013-11-15",5507.740234
"2013-11-18",5504.830078
"2013-11-19",5480.049805
"2013-11-20",5451.330078
"2013-11-21",5490.490234
"2013-11-22",5505.919922
"2013-11-25",5509.25
"2013-11-26",5500.629883
"2013-11-27",5511.410156
"2013-11-29",5504.910156
"2013-12-02",5490.970215
"2013-12-03",5461.779785
"2013-12-04",5452.609863
"2013-12-05",5431.919922
"2013-12-06",5489.439941
"2013-12-09",5492.149902
"2013-12-10",5461.330078
"2013-12-11",5403.850098
"2013-12-12",5385.029785
"2013-12-13",5392.689941
"2013-12-16",5437.339844
"2013-12-17",5428.879883
"2013-12-18",5513.740234
"2013-12-19",5510.540039
"2013-12-20",5543.180176
"2013-12-23",5561.790039
"2013-12-24",5583.180176
"2013-12-26",5609.069824
"2013-12-27",5607.52002
"2013-12-30",5614.470215
"2013-12-31",5641.549805
"2014-01-02",5577.700195
"2014-01-03",5589.680176
"2014-01-06",5561.509766
"2014-01-07",5600.5
"2014-01-08",5588.919922
"2014-01-09",5606.379883
"2014-01-10",5634.959961
"2014-01-13",5570.279785
"2014-01-14",5614.160156
"2014-01-15",5644.740234
"2014-01-16",5627.069824
"2014-01-17",5628.470215
"2014-01-21",5638.540039
"2014-01-22",5647.640137
"2014-01-23",5617.390137
"2014-01-24",5478.290039
"2014-01-27",5458.509766
"2014-01-28",5497.689941
"2014-01-29",5440.470215
"2014-01-30",5499.240234
"2014-01-31",5473.959961
"2014-02-03",5351
"2014-02-04",5378.799805
"2014-02-05",5360.490234
"2014-02-06",5426.680176
"2014-02-07",5477.709961
"2014-02-10",5467.859863
"2014-02-11",5531.52002
"2014-02-12",5526.140137
"2014-02-13",5551.569824
"2014-02-14",5586.740234
"2014-02-18",5566.359863
"2014-02-19",5525.02002
"2014-02-20",5576.240234
"2014-02-21",5583.839844
"2014-02-24",5608.600098
"2014-02-25",5590.259766
"2014-02-26",5584.660156
"2014-02-27",5605.740234
"2014-02-28",5626.950195
"2014-03-03",5579.819824
"2014-03-04",5667.359863
"2014-03-05",5659.899902
"2014-03-06",5683.700195
"2014-03-07",5699.580078
"2014-03-10",5687.580078
"2014-03-11",5666.359863
"2014-03-12",5678.72998
"2014-03-13",5616.629883
"2014-03-14",5612.390137
"2014-03-17",5667.850098
"2014-03-18",5691.910156
"2014-03-19",5650.790039
"2014-03-20",5670.080078
"2014-03-21",5665.640137
"2014-03-24",5661.399902
"2014-03-25",5690.399902
"2014-03-26",5640.419922
"2014-03-27",5641.75
"2014-03-28",5663.740234
"2014-03-31",5725.850098
"2014-04-01",5750.740234
"2014-04-02",5768.029785
"2014-04-03",5768.290039
"2014-04-04",5715.439941
"2014-04-07",5657.129883
"2014-04-08",5673.47998
"2014-04-09",5733.97998
"2014-04-10",5642.759766
"2014-04-11",5599
"2014-04-14",5641.759766
"2014-04-15",5684.52002
"2014-04-16",5750.390137
"2014-04-17",5747.560059
"2014-04-21",5766.660156
"2014-04-22",5790.169922
"2014-04-23",5789.939941
"2014-04-24",5787.339844
"2014-04-25",5741.779785
"2014-04-28",5762.850098
"2014-04-29",5784.47998
"2014-04-30",5806.310059
"2014-05-01",5815.859863
"2014-05-02",5783.370117
"2014-05-05",5788.279785
"2014-05-06",5754.140137
"2014-05-07",5800.839844
"2014-05-08",5797.680176
"2014-05-09",5794.52002
"2014-05-12",5841.149902
"2014-05-13",5855.310059
"2014-05-14",5823.799805
"2014-05-15",5777.040039
"2014-05-16",5802.540039
"2014-05-19",5807.02002
"2014-05-20",5765.720215
"2014-05-21",5807.689941
"2014-05-22",5825.740234
"2014-05-23",5850.149902
"2014-05-27",5876.629883
"2014-05-28",5885.859863
"2014-05-29",5906.859863
"2014-05-30",5915.810059
"2014-06-02",5931.540039
"2014-06-03",5914.970215
"2014-06-04",5917.970215
"2014-06-05",5957.419922
"2014-06-06",5987.459961
"2014-06-09",5985
"2014-06-10",5980.72998
"2014-06-11",5936.220215
"2014-06-12",5883.839844
"2014-06-13",5909.890137
"2014-06-16",5923.240234
"2014-06-17",5937.470215
"2014-06-18",6001.189941
"2014-06-19",6015.22998
"2014-06-20",6018.25
"2014-06-23",6005.450195
"2014-06-24",5967.97998
"2014-06-25",5998.47998
"2014-06-26",5992.549805
"2014-06-27",6002.029785
"2014-06-30",6009.939941
"2014-07-01",6039.470215
"2014-07-02",6019.419922
"2014-07-03",6040.890137
"2014-07-07",6016.950195
"2014-07-08",5997.779785
"2014-07-09",6022.350098
"2014-07-10",6009.720215
"2014-07-11",6016.350098
"2014-07-14",6040.310059
"2014-07-15",6052.580078
"2014-07-16",6083.470215
"2014-07-17",6017.390137
"2014-07-18",6074.180176
"2014-07-21",6059.009766
"2014-07-22",6090.660156
"2014-07-23",6088.209961
"2014-07-24",6090.379883
"2014-07-25",6051.160156
"2014-07-28",6047.290039
"2014-07-29",6000.390137
"2014-07-30",5990.220215
"2014-07-31",5883.759766
"2014-08-01",5867.919922
"2014-08-04",5885.390137
"2014-08-05",5827.839844
"2014-08-06",5810.120117
"2014-08-07",5799.569824
"2014-08-08",5877.290039
"2014-08-11",5890.439941
"2014-08-12",5887.839844
"2014-08-13",5919
"2014-08-14",5950.200195
"2014-08-15",5945.060059
"2014-08-18",6008.399902
"2014-08-19",6037.209961
"2014-08-20",6060.779785
"2014-08-21",6067.069824
"2014-08-22",6057.430176
"2014-08-25",6082.569824
"2014-08-26",6072.149902
"2014-08-27",6084.069824
"2014-08-28",6075.950195
"2014-08-29",6087.390137
"2014-09-02",6095.379883
"2014-09-03",6098.049805
"2014-09-04",6106.509766
"2014-09-05",6142.009766
"2014-09-08",6123.930176
"2014-09-09",6081.259766
"2014-09-10",6089.399902
"2014-09-11",6101.02002
"2014-09-12",6070.919922
"2014-09-15",6075.779785
"2014-09-16",6117.339844
"2014-09-17",6137.169922
"2014-09-18",6157.189941
"2014-09-19",6157.959961
"2014-09-22",6104.529785
"2014-09-23",6064.259766
"2014-09-24",6104.919922
"2014-09-25",6021.470215
"2014-09-26",6078.790039
"2014-09-29",6078.040039
"2014-09-30",6063.439941
"2014-10-01",5975.850098
"2014-10-02",5987.189941
"2014-10-03",6070.359863
"2014-10-06",6046.189941
"2014-10-07",5946.779785
"2014-10-08",6038.77002
"2014-10-09",5915.680176
"2014-10-10",5865.22998
"2014-10-13",5782.970215
"2014-10-14",5832.890137
"2014-10-15",5789.790039
"2014-10-16",5804.009766
"2014-10-17",5887.620117
"2014-10-20",5921.660156
"2014-10-21",6021.620117
"2014-10-22",5960.620117
"2014-10-23",6041.549805
"2014-10-24",6095.22998
"2014-10-27",6107.72998
"2014-10-28",6180.509766
"2014-10-29",6160.009766
"2014-10-30",6206.660156
"2014-10-31",6272.189941
"2014-11-03",6276.879883
"2014-11-04",6279.470215
"2014-11-05",6328.189941
"2014-11-06",6346.990234
"2014-11-07",6359.299805
"2014-11-10",6398.310059
"2014-11-11",6393.259766
"2014-11-12",6379.410156
"2014-11-13",6375.419922
"2014-11-14",6366.430176
"2014-11-17",6371.370117
"2014-11-18",6387.649902
"2014-11-19",6381.310059
"2014-11-20",6394.410156
"2014-11-21",6424.850098
"2014-11-24",6433.22998
"2014-11-25",6438.910156
"2014-11-26",6445.259766
"2014-11-28",6456.160156
"2014-12-01",6395.220215
"2014-12-02",6445.149902
"2014-12-03",6463.720215
"2014-12-04",6457.75
"2014-12-05",6488.290039
"2014-12-08",6430.140137
"2014-12-09",6414.569824
"2014-12-10",6322.830078
"2014-12-11",6359.930176
"2014-12-12",6268.569824
"2014-12-15",6244.759766
"2014-12-16",6195.939941
"2014-12-17",6286.72998
"2014-12-18",6418.25
"2014-12-19",6430.819824
"2014-12-22",6484.430176
"2014-12-23",6515.180176
"2014-12-24",6540.169922
"2014-12-26",6560.910156
"2014-12-29",6574.589844
"2014-12-30",6536.660156
"2014-12-31",6473.600098
"2015-01-02",6472.890137
"2015-01-05",6344.009766
"2015-01-06",6289.839844
"2015-01-07",6355.220215
"2015-01-08",6467.290039
"2015-01-09",6406.870117
"2015-01-12",6374.399902
"2015-01-13",6363.379883
"2015-01-14",6321.859863
"2015-01-15",6300.169922
"2015-01-16",6371.080078
"2015-01-20",6393.540039
"2015-01-21",6419.600098
"2015-01-22",6518.859863
"2015-01-23",6460.319824
"2015-01-26",6474.259766
"2015-01-27",6395.850098
"2015-01-28",6319.129883
"2015-01-29",6389.560059
"2015-01-30",6272.52002
"2015-02-02",6341.399902
"2015-02-03",6431.740234
"2015-02-04",6416.839844
"2015-02-05",6485
"2015-02-06",6423.069824
"2015-02-09",6375.149902
"2015-02-10",6440.140137
"2015-02-11",6418.970215
"2015-02-12",6452
"2015-02-13",6449.799805
"2015-02-17",6456.910156
"2015-02-18",6483.169922
"2015-02-19",6462.299805
"2015-02-20",6504.490234
"2015-02-23",6509.089844
"2015-02-24",6541.22998
"2015-02-25",6518.649902
"2015-02-26",6498.47998
"2015-02-27",6470.810059
"2015-03-02",6499.75
"2015-03-03",6480.22998
"2015-03-04",6445.350098
"2015-03-05",6457.25
"2015-03-06",6351.359863
"2015-03-09",6384.549805
"2015-03-10",6289.709961
"2015-03-11",6300.180176
"2015-03-12",6393.370117
"2015-03-13",6342.810059
"2015-03-16",6436.080078
"2015-03-17",6406.240234
"2015-03-18",6483.839844
"2015-03-19",6450.919922
"2015-03-20",6497.52002
"2015-03-23",6457.589844
"2015-03-24",6412.399902
"2015-03-25",6305.240234
"2015-03-26",6277.939941
"2015-03-27",6295.779785
"2015-03-30",6378.850098
"2015-03-31",6328.120117
"2015-04-01",6299.740234
"2015-04-02",6301.279785
"2015-04-06",6329.060059
"2015-04-07",6326.220215
"2015-04-08",6341.160156
"2015-04-09",6356.060059
"2015-04-10",6395.910156
"2015-04-13",6355.640137
"2015-04-14",6370.660156
"2015-04-15",6388.859863
"2015-04-16",6382.149902
"2015-04-17",6311.319824
"2015-04-20",6397.27002
"2015-04-21",6375.580078
"2015-04-22",6405.839844
"2015-04-23",6425.560059
"2015-04-24",6435.220215
"2015-04-27",6398.450195
"2015-04-28",6420.77002
"2015-04-29",6381.100098
"2015-04-30",6308.129883
"2015-05-01",6380.419922
"2015-05-04",6399.27002
"2015-05-05",6317.950195
"2015-05-06",6298.720215
"2015-05-07",6339.220215
"2015-05-08",6408.77002
"2015-05-11",6383.419922
"2015-05-12",6349.97998
"2015-05-13",6319.790039
"2015-05-14",6376.450195
"2015-05-15",6409.459961
"2015-05-18",6430.359863
"2015-05-19",6420.47998
"2015-05-20",6380.209961
"2015-05-21",6390.279785
"2015-05-22",6363.220215
"2015-05-26",6291.609863
"2015-05-27",6338.399902
"2015-05-28",6317.430176
"2015-05-29",6279.180176
"2015-06-01",6306.810059
"2015-06-02",6290.759766
"2015-06-03",6310.390137
"2015-06-04",6259.779785
"2015-06-05",6251.709961
"2015-06-08",6194.279785
"2015-06-09",6186.410156
"2015-06-10",6248.040039
"2015-06-11",6280.669922
"2015-06-12",6237.339844
"2015-06-15",6205.660156
"2015-06-16",6225.109863
"2015-06-17",6234.089844
"2015-06-18",6310.910156
"2015-06-19",6274.680176
"2015-06-22",6308.240234
"2015-06-23",6296.899902
"2015-06-24",6220.209961
"2015-06-25",6184.25
"2015-06-26",6200.160156
"2015-06-29",6092.419922
"2015-06-30",6096.220215
"2015-07-01",6131.169922
"2015-07-02",6142.209961
"2015-07-06",6126.459961
"2015-07-07",6189.27002
"2015-07-08",6096.089844
"2015-07-09",6102.930176
"2015-07-10",6181.399902
"2015-07-13",6242.740234
"2015-07-14",6255.209961
"2015-07-15",6246.560059
"2015-07-16",6277.220215
"2015-07-17",6272.319824
"2015-07-20",6264.589844
"2015-07-21",6233.109863
"2015-07-22",6219.359863
"2015-07-23",6145.22998
"2015-07-24",6102.52002
"2015-07-27",6088.129883
"2015-07-28",6176.370117
"2015-07-29",6233.790039
"2015-07-30",6238.569824
"2015-07-31",6229.97998
"2015-08-03",6223.72998
"2015-08-04",6202.810059
"2015-08-05",6205.560059
"2015-08-06",6170.22998
"2015-08-07",6148.450195
"2015-08-10",6217.100098
"2015-08-11",6167.77002
"2015-08-12",6173.950195
"2015-08-13",6173.75
"2015-08-14",6206.259766
"2015-08-17",6236.5
"2015-08-18",6223.620117
"2015-08-19",6183.060059
"2015-08-20",6062
"2015-08-21",5900.129883
"2015-08-24",5685.100098
"2015-08-25",5590.970215
"2015-08-26",5773.879883
"2015-08-27",5897.689941
"2015-08-28",5901.850098
"2015-08-31",5848.870117
"2015-09-01",5695.990234
"2015-09-02",5794.330078
"2015-09-03",5805.049805
"2015-09-04",5721.459961
"2015-09-08",5863.75
"2015-09-09",5792.680176
"2015-09-10",5821.799805
"2015-09-11",5853.97998
"2015-09-14",5836.990234
"2015-09-15",5917.830078
"2015-09-16",5959.950195
"2015-09-17",5966.640137
"2015-09-18",5866.850098
"2015-09-21",5909.560059
"2015-09-22",5819.240234
"2015-09-23",5804.410156
"2015-09-24",5779.160156
"2015-09-25",5825.390137
"2015-09-28",5718.350098
"2015-09-29",5733.049805
"2015-09-30",5812.930176
"2015-10-01",5808.609863
"2015-10-02",5869.27002
"2015-10-05",5981.209961
"2015-10-06",5957.990234
"2015-10-07",6002.169922
"2015-10-08",6065.060059
"2015-10-09",6080.72998
"2015-10-12",6100.370117
"2015-10-13",6048.990234
"2015-10-14",6020.919922
"2015-10-15",6103.279785
"2015-10-16",6091.450195
"2015-10-19",6102.029785
"2015-10-20",6112.819824
"2015-10-21",6093.029785
"2015-10-22",6193.209961
"2015-10-23",6218.129883
"2015-10-26",6206.72998
"2015-10-27",6149.109863
"2015-10-28",6176.470215
"2015-10-29",6178.290039
"2015-10-30",6162.459961
"2015-11-02",6219.52002
"2015-11-03",6230.549805
"2015-11-04",6212.700195
"2015-11-05",6209.790039
"2015-11-06",6195.390137
"2015-11-09",6157.830078
"2015-11-10",6169.589844
"2015-11-11",6160.109863
"2015-11-12",6075.560059
"2015-11-13",6022.370117
"2015-11-16",6091.470215
"2015-11-17",6077.930176
"2015-11-18",6161.209961
"2015-11-19",6188.209961
"2015-11-20",6215.589844
"2015-11-23",6184.689941
"2015-11-24",6173.169922
"2015-11-25",6168.410156
"2015-11-27",6178.759766
"2015-11-30",6139.089844
"2015-12-01",6201.029785
"2015-12-02",6114.120117
"2015-12-03",6026.839844
"2015-12-04",6129.410156
"2015-12-07",6094.240234
"2015-12-08",6013.810059
"2015-12-09",5990.399902
"2015-12-10",6000.859863
"2015-12-11",5906.390137
"2015-12-14",5923.629883
"2015-12-15",5975.72998
"2015-12-16",6073.950195
"2015-12-17",5992.509766
"2015-12-18",5872.919922
"2015-12-21",5907.240234
"2015-12-22",5971.910156
"2015-12-23",6040.22998
"2015-12-24",6033.129883
"2015-12-28",6018.629883
"2015-12-29",6072.069824
"2015-12-30",6030.410156
"2015-12-31",5978.339844
"2016-01-04",5890.290039
"2016-01-05",5900.509766
"2016-01-06",5818.890137
"2016-01-07",5689.620117
"2016-01-08",5648.660156
"2016-01-11",5657.5
"2016-01-12",5689.589844
"2016-01-13",5562.209961
"2016-01-14",5637.5
"2016-01-15",5529.859863
"2016-01-19",5543.560059
"2016-01-20",5466.870117
"2016-01-21",5502.740234
"2016-01-22",5580.419922
"2016-01-25",5503.919922
"2016-01-26",5601.669922
"2016-01-27",5547.259766
"2016-01-28",5575.970215
"2016-01-29",5717.759766
"2016-02-01",5736.459961
"2016-02-02",5638.319824
"2016-02-03",5702.589844
"2016-02-04",5757.549805
"2016-02-05",5697.22998
"2016-02-08",5655.939941
"2016-02-09",5675.569824
"2016-02-10",5652.319824
"2016-02-11",5561.049805
"2016-02-12",5652.47998
"2016-02-16",5736.689941
"2016-02-17",5807.810059
"2016-02-18",5808.910156
"2016-02-19",5798.100098
"2016-02-22",5884.350098
"2016-02-23",5828.689941
"2016-02-24",5836.609863
"2016-02-25",5907.600098
"2016-02-26",5872.77002
"2016-02-29",5838.589844
"2016-03-01",5936.220215
"2016-03-02",5954.160156
"2016-03-03",5985.859863
"2016-03-04",6021.060059
"2016-03-07",6047.470215
"2016-03-08",5991.299805
"2016-03-09",6014.649902
"2016-03-10",6011.310059
"2016-03-11",6093.649902
"2016-03-14",6096.970215
"2016-03-15",6094.660156
"2016-03-16",6137.72998
"2016-03-17",6230.589844
"2016-03-18",6271.410156
"2016-03-21",6272.959961
"2016-03-22",6247.689941
"2016-03-23",6226.689941
"2016-03-24",6224.819824
"2016-03-28",6209.089844
"2016-03-29",6264.47998
"2016-03-30",6280.859863
"2016-03-31",6275.600098
"2016-04-01",6288.319824
"2016-04-04",6257.589844
"2016-04-05",6202.240234
"2016-04-06",6219.370117
"2016-04-07",6164.129883
"2016-04-08",6195.220215
"2016-04-11",6178.879883
"2016-04-12",6232.5
"2016-04-13",6305.109863
"2016-04-14",6311.899902
"2016-04-15",6313.990234
"2016-04-18",6343.189941
"2016-04-19",6376.919922
"2016-04-20",6358.470215
"2016-04-21",6288.350098
"2016-04-22",6319.529785
"2016-04-25",6297.089844
"2016-04-26",6322.370117
"2016-04-27",6351.069824
"2016-04-28",6278.919922
"2016-04-29",6253.290039
"2016-05-02",6296.740234
"2016-05-03",6249.149902
"2016-05-04",6226.560059
"2016-05-05",6202.52002
"2016-05-06",6226.140137
"2016-05-09",6225.100098
"2016-05-10",6289.009766
"2016-05-11",6223.910156
"2016-05-12",6207.379883
"2016-05-13",6146.060059
"2016-05-16",6193.870117
"2016-05-17",6148.490234
"2016-05-18",6132.390137
"2016-05-19",6114.640137
"2016-05-20",6149.669922
"2016-05-23",6130.660156
"2016-05-24",6192.859863
"2016-05-25",6230.240234
"2016-05-26",6232.859863
"2016-05-27",6254.02002
"2016-05-31",6248.339844
"2016-06-01",6247.350098
"2016-06-02",6254.109863
"2016-06-03",6258.970215
"2016-06-06",6288.029785
"2016-06-07",6307.350098
"2016-06-08",6338.839844
"2016-06-09",6342.299805
"2016-06-10",6291.660156
"2016-06-13",6245.640137
"2016-06-14",6216.689941
"2016-06-15",6203.47998
"2016-06-16",6225.370117
"2016-06-17",6226.709961
"2016-06-20",6263.049805
"2016-06-21",6264.700195
"2016-06-22",6239.649902
"2016-06-23",6303.100098
"2016-06-24",6113.470215
"2016-06-27",6032.370117
"2016-06-28",6123.450195
"2016-06-29",6216.350098
"2016-06-30",6303.439941
"2016-07-01",6322.049805
"2016-07-05",6290.399902
"2016-07-06",6307.049805
"2016-07-07",6287.870117
"2016-07-08",6390
"2016-07-11",6409.870117
"2016-07-12",6452.569824
"2016-07-13",6478.209961
"2016-07-14",6516.299805
"2016-07-15",6515.220215
"2016-07-18",6517.680176
"2016-07-19",6519.540039
"2016-07-20",6520.649902
"2016-07-21",6488.450195
"2016-07-22",6538.850098
"2016-07-25",6506.450195
"2016-07-26",6511
"2016-07-27",6470.77002
"2016-07-28",6471.600098
"2016-07-29",6470.850098
"2016-08-01",6457.689941
"2016-08-02",6396.870117
"2016-08-03",6411.810059
"2016-08-04",6410.569824
"2016-08-05",6463.180176
"2016-08-08",6459.109863
"2016-08-09",6453.430176
"2016-08-10",6438.830078
"2016-08-11",6472.740234
"2016-08-12",6457.950195
"2016-08-15",6461.240234
"2016-08-16",6431.25
"2016-08-17",6460.169922
"2016-08-18",6486.009766
"2016-08-19",6465.160156
"2016-08-22",6455.459961
"2016-08-23",6460.209961
"2016-08-24",6446.140137
"2016-08-25",6428.560059
"2016-08-26",6384.660156
"2016-08-29",6422.049805
"2016-08-30",6411.569824
"2016-08-31",6397.140137
"2016-09-01",6405.629883
"2016-09-02",6440.069824
"2016-09-06",6462.799805
"2016-09-07",6481.819824
"2016-09-08",6480.560059
"2016-09-09",6305.930176
"2016-09-12",6393.839844
"2016-09-13",6295.990234
"2016-09-14",6290.680176
"2016-09-15",6342.370117
"2016-09-16",6328.109863
"2016-09-19",6344.109863
"2016-09-20",6344.879883
"2016-09-21",6430.839844
"2016-09-22",6463.189941
"2016-09-23",6428.689941
"2016-09-26",6388.529785
"2016-09-27",6416.779785
"2016-09-28",6440.080078
"2016-09-29",6381
"2016-09-30",6424.870117
"2016-10-03",6404
"2016-10-04",6358.830078
"2016-10-05",6388.700195
"2016-10-06",6385.529785
"2016-10-07",6365.649902
"2016-10-10",6408.52002
"2016-10-11",6345.97998
"2016-10-12",6352.850098
"2016-10-13",6357.319824
"2016-10-14",6356
"2016-10-17",6345.509766
"2016-10-18",6369.149902
"2016-10-19",6386.459961
"2016-10-20",6370.930176
"2016-10-21",6360.049805
"2016-10-24",6385.819824
"2016-10-25",6373.990234
"2016-10-26",6371.569824
"2016-10-27",6370.640137
"2016-10-28",6373
"2016-10-31",6400.140137
"2016-11-01",6349.120117
"2016-11-02",6324.930176
"2016-11-03",6327.629883
"2016-11-04",6317.850098
"2016-11-07",6463.410156
"2016-11-08",6485.459961
"2016-11-09",6511.819824
"2016-11-10",6562.100098
"2016-11-11",6570.649902
"2016-11-14",6611.470215
"2016-11-15",6649.540039
"2016-11-16",6616.169922
"2016-11-17",6631.089844
"2016-11-18",6634.180176
"2016-11-21",6671.810059
"2016-11-22",6691.120117
"2016-11-23",6712.75
"2016-11-25",6751.330078
"2016-11-28",6742.790039
"2016-11-29",6747.959961
"2016-11-30",6719.990234
"2016-12-01",6735.240234
"2016-12-02",6742.959961
"2016-12-05",6761.970215
"2016-12-06",6777.200195
"2016-12-07",6897.950195
"2016-12-08",6924.350098
"2016-12-09",6957.399902
"2016-12-12",6957.060059
"2016-12-13",6996.049805
"2016-12-14",6921.839844
"2016-12-15",6949.22998
"2016-12-16",6941.839844
"2016-12-19",6966.970215
"2016-12-20",7003.259766
"2016-12-21",6975.47998
"2016-12-22",6959.450195
"2016-12-23",6969.580078
"2016-12-27",6973.930176
"2016-12-28",6917.569824
"2016-12-29",6928.080078
"2016-12-30",6902.450195
"2017-01-03",6917.330078
"2017-01-04",6952.310059
"2017-01-05",6931.029785
"2017-01-06",6957.799805
"2017-01-09",6911.27002
"2017-01-10",6917.399902
"2017-01-11",6966.319824
"2017-01-12",6946.140137
"2017-01-13",6956.049805
"2017-01-17",6935.189941
"2017-01-18",6938.339844
"2017-01-19",6919.870117
"2017-01-20",6952.22998
"2017-01-23",6922.439941
"2017-01-24",6977.430176
"2017-01-25",7036.740234
"2017-01-26",7054.220215
"2017-01-27",7050.580078
"2017-01-30",7002.299805
"2017-01-31",6969.870117
"2017-02-01",6949.149902
"2017-02-02",6943.459961
"2017-02-03",7009.439941
"2017-02-06",7002.669922
"2017-02-07",7008.720215
"2017-02-08",7020.339844
"2017-02-09",7052.930176
"2017-02-10",7093.669922
"2017-02-13",7142.399902
"2017-02-14",7146.310059
"2017-02-15",7186.120117
"2017-02-16",7181.240234
"2017-02-17",7188.649902
"2017-02-21",7232.410156
"2017-02-22",7224.660156
"2017-02-23",7218.450195
"2017-02-24",7256.72998
"2017-02-27",7265.359863
"2017-02-28",7260.589844
"2017-03-01",7344.459961
"2017-03-02",7298.399902
"2017-03-03",7305.879883
"2017-03-06",7277.029785
"2017-03-07",7247.899902
"2017-03-08",7207.540039
"2017-03-09",7190.859863
"2017-03-10",7227.580078
"2017-03-13",7218.060059
"2017-03-14",7180.370117
"2017-03-15",7243.589844
"2017-03-16",7215.279785
"2017-03-17",7209.75
"2017-03-20",7190.080078
"2017-03-21",7122.790039
"2017-03-22",7139.600098
"2017-03-23",7124.439941
"2017-03-24",7116.600098
"2017-03-27",7103.240234
"2017-03-28",7169.149902
"2017-03-29",7150.47998
"2017-03-30",7172.399902
"2017-03-31",7155.819824
"2017-04-03",7147.089844
"2017-04-04",7161.790039
"2017-04-05",7159.990234
"2017-04-06",7169.259766
"2017-04-07",7155.140137
"2017-04-10",7173.790039
"2017-04-11",7162.799805
"2017-04-12",7124.029785
"2017-04-13",7072.310059
"2017-04-17",7138.169922
"2017-04-18",7106.410156
"2017-04-19",7086.419922
"2017-04-20",7148.109863
"2017-04-21",7151.859863
"2017-04-24",7231.27002
"2017-04-25",7267.919922
"2017-04-26",7240.609863
"2017-04-27",7251.560059
"2017-04-28",7217.27002
"2017-05-01",7198.049805
"2017-05-02",7226.879883
"2017-05-03",7216.959961
"2017-05-04",7219.200195
"2017-05-05",7248.009766
"2017-05-08",7226.549805
"2017-05-09",7217.100098
"2017-05-10",7199.779785
"2017-05-11",7187.549805
"2017-05-12",7180.939941
"2017-05-15",7215.540039
"2017-05-16",7205.319824
"2017-05-17",7074.060059
"2017-05-18",7096.640137
"2017-05-19",7141.620117
"2017-05-22",7187.600098
"2017-05-23",7207.97998
"2017-05-24",7232.890137
"2017-05-25",7286.009766
"2017-05-26",7288.049805
"2017-05-30",7279.680176
"2017-05-31",7282.220215
"2017-06-01",7342.310059
"2017-06-02",7367.120117
"2017-06-05",7351.810059
"2017-06-06",7333.47998
"2017-06-07",7358.470215
"2017-06-08",7349.419922
"2017-06-09",7365.950195
"2017-06-12",7368.919922
"2017-06-13",7403.419922
"2017-06-14",7406.390137
"2017-06-15",7416.490234
"2017-06-16",7427.700195
"2017-06-19",7464.200195
"2017-06-20",7414.990234
"2017-06-21",7393.410156
"2017-06-22",7392.819824
"2017-06-23",7403.669922
"2017-06-26",7427.049805
"2017-06-27",7378.580078
"2017-06-28",7423.27002
"2017-06-29",7373.060059
"2017-06-30",7402.299805
"2017-07-03",7437.97998
"2017-07-05",7435.080078
"2017-07-06",7388.430176
"2017-07-07",7435.240234
"2017-07-10",7428.47998
"2017-07-11",7412.069824
"2017-07-12",7468.47998
"2017-07-13",7466.109863
"2017-07-14",7497.810059
"2017-07-17",7491.189941
"2017-07-18",7469.149902
"2017-07-19",7474.370117
"2017-07-20",7457.129883
"2017-07-21",7457.910156
"2017-07-24",7424.75
"2017-07-25",7452.220215
"2017-07-26",7481.22998
"2017-07-27",7435.439941
"2017-07-28",7450.830078
"2017-07-31",7457.009766
"2017-08-01",7467.02002
"2017-08-02",7488.680176
"2017-08-03",7500.220215
"2017-08-04",7525.77002
"2017-08-07",7535.140137
"2017-08-08",7520.959961
"2017-08-09",7509.72998
"2017-08-10",7447.859863
"2017-08-11",7460.859863
"2017-08-14",7525.799805
"2017-08-15",7537.459961
"2017-08-16",7547.290039
"2017-08-17",7436.529785
"2017-08-18",7415.959961
"2017-08-21",7432.5
"2017-08-22",7490.649902
"2017-08-23",7450.060059
"2017-08-24",7429.049805
"2017-08-25",7464.850098
"2017-08-28",7471.689941
"2017-08-29",7497.370117
"2017-08-30",7512.879883
"2017-08-31",7525.810059
"2017-09-01",7537.649902
"2017-09-05",7476.160156
"2017-09-06",7488.759766
"2017-09-07",7501.279785
"2017-09-08",7517.120117
"2017-09-11",7602.330078
"2017-09-12",7606.180176
"2017-09-13",7605.089844
"2017-09-14",7619.819824
"2017-09-15",7642.370117
"2017-09-18",7634.97998
"2017-09-19",7637.540039
"2017-09-20",7669.259766
"2017-09-21",7660.75
"2017-09-22",7659.640137
"2017-09-25",7661.330078
"2017-09-26",7671.97998
"2017-09-27",7680.560059
"2017-09-28",7700.810059
"2017-09-29",7711.120117
"2017-10-02",7742.319824
"2017-10-03",7769.810059
"2017-10-04",7775.870117
"2017-10-05",7795.080078
"2017-10-06",7789.040039
"2017-10-09",7782.870117
"2017-10-10",7823.060059
"2017-10-11",7846.839844
"2017-10-12",7858.160156
"2017-10-13",7829.009766
"2017-10-16",7824.290039
"2017-10-17",7834.410156
"2017-10-18",7882.509766
"2017-10-19",7892.290039
"2017-10-20",7945.240234
"2017-10-23",7928.100098
"2017-10-24",7962.870117
"2017-10-25",7900.819824
"2017-10-26",7935.040039
"2017-10-27",7960.859863
"2017-10-30",7917.569824
"2017-10-31",7914.680176
"2017-11-01",7924.22998
"2017-11-02",7942.129883
"2017-11-03",7945.600098
"2017-11-06",7935.290039
"2017-11-07",7940.149902
"2017-11-08",7933.5
"2017-11-09",7888.950195
"2017-11-10",7873.52002
"2017-11-13",7894.910156
"2017-11-14",7897.850098
"2017-11-15",7848.399902
"2017-11-16",7912.709961
"2017-11-17",7859.069824
"2017-11-20",7877.919922
"2017-11-21",7932.569824
"2017-11-22",7922.279785
"2017-11-24",7929.279785
"2017-11-27",7934.049805
"2017-11-28",8024.109863
"2017-11-29",8117.109863
"2017-11-30",8229.30957
"2017-12-01",8196.75
"2017-12-04",8240.320313
"2017-12-05",8168.359863
"2017-12-06",8164.649902
"2017-12-07",8210.889648
"2017-12-08",8246.830078
"2017-12-11",8259.150391
"2017-12-12",8257.459961
"2017-12-13",8283.5
"2017-12-14",8253.269531
"2017-12-15",8299.849609
"2017-12-18",8342.540039
"2017-12-19",8318.120117
"2017-12-20",8324.799805
"2017-12-21",8319.370117
"2017-12-22",8326.860352
"2017-12-26",8318.080078
"2017-12-27",8334.55957
"2017-12-28",8344.509766
"2017-12-29",8310.349609
"2018-01-02",8360.910156
"2018-01-03",8366.870117
"2018-01-04",8393.620117
"2018-01-05",8449.129883
"2018-01-08",8477.389648
"2018-01-09",8490.230469
"2018-01-10",8476.360352
"2018-01-11",8567.269531
"2018-01-12",8619.669922
"2018-01-16",8584.580078
"2018-01-17",8661.299805
"2018-01-18",8637.009766
"2018-01-19",8654.820313
"2018-01-22",8697.339844
"2018-01-23",8705.44043
"2018-01-24",8670.389648
"2018-01-25",8675
"2018-01-26",8748.389648
"2018-01-29",8698.19043
"2018-01-30",8596.629883
"2018-01-31",8624.769531
"2018-02-01",8603.80957
"2018-02-02",8416.290039
"2018-02-05",8096.160156
"2018-02-06",8226.929688
"2018-02-07",8222.429688
"2018-02-08",7918.700195
"2018-02-09",7999.609863
"2018-02-12",8124.879883
"2018-02-13",8155.009766
"2018-02-14",8212.879883
"2018-02-15",8311.040039
"2018-02-16",8312.009766
"2018-02-20",8214.19043
"2018-02-21",8174.680176
"2018-02-22",8224.589844
"2018-02-23",8354.040039
"2018-02-26",8469.469727
"2018-02-27",8338.240234
"2018-02-28",8228.280273
"2018-03-01",8135.779785
"2018-03-02",8117.680176
"2018-03-05",8206.389648
"2018-03-06",8213.389648
"2018-03-07",8183.379883
"2018-03-08",8222.44043
"2018-03-09",8371.5
"2018-03-12",8339.070313
"2018-03-13",8320.969727
"2018-03-14",8244.429688
"2018-03-15",8269.990234
"2018-03-16",8316.879883
"2018-03-19",8234.610352
"2018-03-20",8261.849609
"2018-03-21",8239.509766
"2018-03-22",8039.109863
"2018-03-23",7899.600098
"2018-03-26",8085.709961
"2018-03-27",7993.259766
"2018-03-28",7991.089844
"2018-03-29",8092.529785
"2018-04-02",7949.359863
"2018-04-03",8072.439941
"2018-04-04",8118.490234
"2018-04-05",8189.089844
"2018-04-06",8003.240234
"2018-04-09",8007.47998
"2018-04-10",8106.609863
"2018-04-11",8054.72998
"2018-04-12",8133.740234
"2018-04-13",8119.72998
"2018-04-16",8229.530273
"2018-04-17",8280.209961
"2018-04-18",8307.450195
"2018-04-19",8268.69043
"2018-04-20",8199.370117
"2018-04-23",8206.169922
"2018-04-24",8082.700195
"2018-04-25",8117.009766
"2018-04-26",8154.930176
"2018-04-27",8193.089844
"2018-04-30",8134.209961
"2018-05-01",8111.140137
"2018-05-02",8052.359863
"2018-05-03",8042.089844
"2018-05-04",8137.330078
"2018-05-07",8147.02002
"2018-05-08",8137.950195
"2018-05-09",8178.200195
"2018-05-10",8253.219727
"2018-05-11",8297.160156
"2018-05-14",8294.469727
"2018-05-15",8236
"2018-05-16",8256.759766
"2018-05-17",8245.740234
"2018-05-18",8241.919922
"2018-05-21",8337.959961
"2018-05-22",8279.070313
"2018-05-23",8296.110352
"2018-05-24",8317.280273
"2018-05-25",8323.080078
"2018-05-29",8216.469727
"2018-05-30",8319.05957
"2018-05-31",8234.530273
"2018-06-01",8290.679688
"2018-06-04",8298.820313
"2018-06-05",8278.169922
"2018-06-06",8336.790039
"2018-06-07",8361.959961
"2018-06-08",8397.129883
"2018-06-11",8411.80957
"2018-06-12",8433.629883
"2018-06-13",8390.049805
"2018-06-14",8401.049805
"2018-06-15",8407.160156
"2018-06-18",8385.759766
"2018-06-19",8301.959961
"2018-06-20",8296.570313
"2018-06-21",8252.379883
"2018-06-22",8273.769531
"2018-06-25",8174.290039
"2018-06-26",8170.290039
"2018-06-27",8114.680176
"2018-06-28",8127.959961
"2018-06-29",8146.049805
"2018-07-02",8185.359863
"2018-07-03",8145.069824
"2018-07-05",8200.139648
"2018-07-06",8239.5
"2018-07-09",8310.639648
"2018-07-10",8342.80957
"2018-07-11",8265.480469
"2018-07-12",8319.660156
"2018-07-13",8352.209961
"2018-07-16",8335.599609
"2018-07-17",8352
"2018-07-18",8413.790039
"2018-07-19",8408
"2018-07-20",8395.830078
"2018-07-23",8401.410156
"2018-07-24",8408.849609
"2018-07-25",8496.040039
"2018-07-26",8551.69043
"2018-07-27",8524.610352
"2018-07-30",8483.799805
"2018-07-31",8547.969727
"2018-08-01",8501.05957
"2018-08-02",8522.089844
"2018-08-03",8569.120117
"2018-08-06",8593.019531
"2018-08-07",8625.969727
"2018-08-08",8603.019531
"2018-08-09",8585.469727
"2018-08-10",8529.830078
"2018-08-13",8491.919922
"2018-08-14",8536.019531
"2018-08-15",8520.469727
"2018-08-16",8628.379883
"2018-08-17",8662.889648
"2018-08-20",8702.740234
"2018-08-21",8722.379883
"2018-08-22",8671.120117
"2018-08-23",8642.219727
"2018-08-24",8677.349609
"2018-08-27",8748.990234
"2018-08-28",8744.469727
"2018-08-29",8764.509766
"2018-08-30",8718.799805
"2018-08-31",8707.549805
"2018-09-04",8716.049805
"2018-09-05",8749.509766
"2018-09-06",8753.169922
"2018-09-07",8719.620117
"2018-09-10",8759.299805
"2018-09-11",8774.089844
"2018-09-12",8773.730469
"2018-09-13",8803.009766
"2018-09-14",8819.730469
"2018-09-17",8784.009766
"2018-09-18",8828.099609
"2018-09-19",8833.129883
"2018-09-20",8885.679688
"2018-09-21",8909.80957
"2018-09-24",8828.30957
"2018-09-25",8787.450195
"2018-09-26",8767.410156
"2018-09-27",8790.469727
"2018-09-28",8810.240234
"2018-10-01",8849.790039
"2018-10-02",8861.650391
"2018-10-03",8871.980469
"2018-10-04",8828.419922
"2018-10-05",8792.589844
"2018-10-08",8809.410156
"2018-10-09",8759.209961
"2018-10-10",8495.339844
"2018-10-11",8328.919922
"2018-10-12",8405.110352
"2018-10-15",8406.280273
"2018-10-16",8568.519531
"2018-10-17",8535.070313
"2018-10-18",8413.099609
"2018-10-19",8452.299805
"2018-10-22",8419.820313
"2018-10-23",8344
"2018-10-24",8181.600098
"2018-10-25",8281.230469
"2018-10-26",8175.22998
"2018-10-29",8129.970215
"2018-10-30",8278.30957
"2018-10-31",8314.030273
"2018-11-01",8396.080078
"2018-11-02",8367.129883
"2018-11-05",8419.849609
"2018-11-06",8486.780273
"2018-11-07",8656.469727
"2018-11-08",8641.320313
"2018-11-09",8561.830078
"2018-11-12",8403.44043
"2018-11-13",8402.009766
"2018-11-14",8349.160156
"2018-11-15",8408.19043
"2018-11-16",8449.459961
"2018-11-19",8366.599609
"2018-11-20",8181.950195
"2018-11-21",8199.849609
"2018-11-23",8167.399902
"2018-11-26",8266.610352
"2018-11-27",8305.129883
"2018-11-28",8481.049805
"2018-11-29",8455.230469
"2018-11-30",8545.830078
"2018-12-03",8619.469727
"2018-12-04",8363.019531
"2018-12-06",8343.419922
"2018-12-07",8153.5
"2018-12-10",8147.310059
"2018-12-11",8129.569824
"2018-12-12",8155.060059
"2018-12-13",8143.859863
"2018-12-14",8010.049805
"2018-12-17",7844.649902
"2018-12-18",7862.879883
"2018-12-19",7727.819824
"2018-12-20",7616.5
"2018-12-21",7490.609863
"2018-12-24",7261.5
"2018-12-26",7592.600098
"2018-12-27",7666.839844
"2018-12-28",7643.970215
"2018-12-31",7710.439941
"2019-01-02",7701.200195
"2019-01-03",7504.209961
"2019-01-04",7741.120117
"2019-01-07",7763.189941
"2019-01-08",7857.450195
"2019-01-09",7897.680176
"2019-01-10",7946.790039
"2019-01-11",7940.439941
"2019-01-14",7893.620117
"2019-01-15",7919.100098
"2019-01-16",7959.660156
"2019-01-17",8027.700195
"2019-01-18",8148.459961
"2019-01-22",8052.490234
"2019-01-23",8079.77002
"2019-01-24",8103.859863
"2019-01-25",8137.990234
"2019-01-28",8091.240234
"2019-01-29",8115.680176
"2019-01-30",8231.599609
"2019-01-31",8252.360352
"2019-02-01",8273.629883
"2019-02-04",8328.219727
"2019-02-05",8371.790039
"2019-02-06",8361.55957
"2019-02-07",8330.370117
"2019-02-08",8320.879883
"2019-02-11",8333.830078
"2019-02-12",8437.870117
"2019-02-13",8467.849609
"2019-02-14",8453.129883
"2019-02-15",8550.05957
"2019-02-19",8570.820313
"2019-02-20",8589.990234
"2019-02-21",8580.400391
"2019-02-22",8618.160156
"2019-02-25",8620.280273
"2019-02-26",8606.030273
"2019-02-27",8583.110352
"2019-02-28",8567.610352
"2019-03-01",8592.780273
"2019-03-04",8544.200195
"2019-03-05",8521.44043
"2019-03-06",8484.290039
"2019-03-07",8429.150391
"2019-03-08",8420.469727
"2019-03-11",8511.179688
"2019-03-12",8491.459961
"2019-03-13",8543.860352
"2019-03-14",8539.519531
"2019-03-15",8563.570313
"2019-03-18",8593.469727
"2019-03-19",8543.5
"2019-03-20",8492.879883
"2019-03-21",8580.070313
"2019-03-22",8451.459961
"2019-03-25",8442.790039
"2019-03-26",8502.519531
"2019-03-27",8504.980469
"2019-03-28",8530.740234
"2019-03-29",8598.459961
"2019-04-01",8703.80957
"2019-04-02",8686.599609
"2019-04-03",8696.549805
"2019-04-04",8733.610352
"2019-04-05",8765.639648
"2019-04-08",8741.790039
"2019-04-09",8686.80957
"2019-04-10",8693.669922
"2019-04-11",8717.360352
"2019-04-12",8807.049805
"2019-04-15",8779.349609
"2019-04-16",8774.820313
"2019-04-17",8795.360352
"2019-04-18",8830.419922
"2019-04-22",8816.580078
"2019-04-23",8853.549805
"2019-04-24",8869.799805
"2019-04-25",8796.570313
"2019-04-26",8823.730469
"2019-04-29",8800.780273
"2019-04-30",8839.519531
"2019-05-01",8751.330078
"2019-05-02",8750.320313
"2019-05-03",8833.839844
"2019-05-06",8799.730469
"2019-05-07",8654.69043
"2019-05-08",8631.400391
"2019-05-09",8600.980469
"2019-05-10",8640.080078
"2019-05-13",8475.820313
"2019-05-14",8536.379883
"2019-05-15",8563.099609
"2019-05-16",8641.820313
"2019-05-17",8605.910156
"2019-05-20",8585.19043
"2019-05-21",8634.75
"2019-05-22",8593.400391
"2019-05-23",8516.650391
"2019-05-24",8523.009766
"2019-05-28",8426.169922
"2019-05-29",8349.099609
"2019-05-30",8356.25
"2019-05-31",8253.530273
"2019-06-03",8272.519531
"2019-06-04",8441.959961
"2019-06-05",8531.339844
"2019-06-06",8551.070313
"2019-06-07",8603.269531
"2019-06-10",8628.179688
"2019-06-11",8609.349609
"2019-06-12",8628.379883
"2019-06-13",8672.519531
"2019-06-14",8674.910156
"2019-06-17",8653.929688
"2019-06-18",8741.299805
"2019-06-19",8765.769531
"2019-06-20",8836.200195
"2019-06-21",8825.049805
"2019-06-24",8795.629883
"2019-06-25",8731.740234
"2019-06-26",8713.110352
"2019-06-27",8740.44043
"2019-06-28",8796.830078
"2019-07-01",8823.349609
"2019-07-02",8837.160156
"2019-07-03",8904.549805
"2019-07-05",8885.019531
"2019-07-08",8851.919922
"2019-07-09",8832.650391
"2019-07-10",8842.30957
"2019-07-11",8907.610352
"2019-07-12",8999.089844
"2019-07-15",9000.150391
"2019-07-16",9028.05957
"2019-07-17",8929.160156
"2019-07-18",8969.900391
"2019-07-19",8950.320313
"2019-07-22",8954.94043
"2019-07-23",8998.870117
"2019-07-24",8999.669922
"2019-07-25",8952.639648
"2019-07-26",8986.410156
"2019-07-29",8997.469727
"2019-07-30",8981.669922
"2019-07-31",8895.209961
"2019-08-01",8798.44043
"2019-08-02",8769.459961
"2019-08-05",8524.959961
"2019-08-06",8632.730469
"2019-08-07",8629.230469
"2019-08-08",8751.5
"2019-08-09",8711.580078
"2019-08-12",8596.709961
"2019-08-13",8695.740234
"2019-08-14",8464.660156
"2019-08-15",8486.360352
"2019-08-16",8592.80957
"2019-08-19",8674.320313
"2019-08-20",8621.589844
"2019-08-21",8699.450195
"2019-08-22",8702.150391
"2019-08-23",8496.740234
"2019-08-26",8587.55957
"2019-08-27",8544.490234
"2019-08-28",8625.660156
"2019-08-29",8739.009766
"2019-08-30",8751.879883
"2019-09-03",8696.629883
"2019-09-04",8767.650391
"2019-09-05",8872.870117
"2019-09-06",8869.769531
"2019-09-09",8913.94043
"2019-09-10",8962.639648
"2019-09-11",9039.599609
"2019-09-12",9039.530273
"2019-09-13",9056.669922
"2019-09-16",9010.879883
"2019-09-17",9026.360352
"2019-09-18",9009.240234
"2019-09-19",8990.299805
"2019-09-20",8955.040039
"2019-09-23",8945.259766
"2019-09-24",8926.660156
"2019-09-25",8978.610352
"2019-09-26",8966.719727
"2019-09-27",8933.900391
"2019-09-30",8961.150391
"2019-10-01",8835.450195
"2019-10-02",8672.259766
"2019-10-03",8710.660156
"2019-10-04",8827.919922
"2019-10-07",8798.549805
"2019-10-08",8684.320313
"2019-10-09",8753.110352
"2019-10-10",8805.959961
"2019-10-11",8904.75
"2019-10-14",8878.959961
"2019-10-15",8947.089844
"2019-10-16",8956.830078
"2019-10-17",8980.269531
"2019-10-18",8940.799805
"2019-10-21",8986.330078
"2019-10-22",9008.320313
"2019-10-23",9018.469727
"2019-10-24",9008.549805
"2019-10-25",9052.320313
"2019-10-28",9054.370117
"2019-10-29",9046.549805
"2019-10-30",9037.330078
"2019-10-31",8994.230469
"2019-11-01",9103.410156
"2019-11-04",9157.129883
"2019-11-05",9161.509766
"2019-11-06",9161.080078
"2019-11-07",9186.950195
"2019-11-08",9177.459961
"2019-11-11",9161.240234
"2019-11-12",9150.769531
"2019-11-13",9165.780273
"2019-11-14",9173.820313
"2019-11-15",9222.870117
"2019-11-18",9233.259766
"2019-11-19",9202.94043
"2019-11-20",9161.169922
"2019-11-21",9141.089844
"2019-11-22",9183.860352
"2019-11-25",9250.769531
"2019-11-26",9271.990234
"2019-11-27",9276.509766
"2019-11-29",9233.75
"2019-12-02",9145.629883
"2019-12-03",9050.719727
"2019-12-04",9104.240234
"2019-12-05",9111.610352
"2019-12-06",9201.179688
"2019-12-09",9168.240234
"2019-12-10",9154.44043
"2019-12-11",9174.990234
"2019-12-12",9230.919922
"2019-12-13",9241.799805
"2019-12-16",9299.709961
"2019-12-17",9309.429688
"2019-12-18",9290.110352
"2019-12-19",9321.69043
"2019-12-20",9368.759766
"2019-12-23",9374.870117
"2019-12-24",9371.160156
"2019-12-26",9403.950195
"2019-12-27",9409.019531
"2019-12-30",9359.320313
"2019-12-31",9386.480469
"2020-01-02",9446.780273
"2020-01-03",9385.55957
"2020-01-06",9390.080078
"2020-01-07",9372.830078
"2020-01-08",9424.69043
"2020-01-09",9481.030273
"2020-01-10",9447.19043
"2020-01-13",9492.25
"2020-01-14",9524.469727
"2020-01-15",9573.55957
"2020-01-16",9656.44043
"2020-01-17",9674.969727
"2020-01-21",9618.719727
"2020-01-22",9606.009766
"2020-01-23",9647.410156
"2020-01-24",9603.240234
"2020-01-27",9456.339844
"2020-01-28",9512.129883
"2020-01-29",9527.450195
"2020-01-30",9550.490234
"2020-01-31",9370.290039
"2020-02-03",9406.730469
"2020-02-04",9506.660156
"2020-02-05",9638.330078
"2020-02-06",9644.339844
"2020-02-07",9581.660156
"2020-02-10",9622.639648
"2020-02-11",9636.660156
"2020-02-12",9710.009766
"2020-02-13",9700.509766
"2020-02-14",9682.419922
"2020-02-18",9661.410156
"2020-02-19",9680.120117
"2020-02-20",9679.080078
"2020-02-21",9602.490234
"2020-02-24",9296.870117
"2020-02-25",8996.459961
"2020-02-26",8909.769531
"2020-02-27",8530.179688
"2020-02-28",8394.629883
"2020-03-02",8746.049805
"2020-03-03",8520.299805
"2020-03-04",8900.540039
"2020-03-05",8575.610352
"2020-03-06",8503.089844
"2020-03-09",7842.879883
"2020-03-10",8172.27002
"2020-03-11",7720.970215
"2020-03-12",6924.399902
"2020-03-13",7519.600098
"2020-03-16",6596.709961
"2020-03-17",7059.899902
"2020-03-18",6638.870117
"2020-03-19",6621.890137
"2020-03-20",6304.72998
"2020-03-23",6100.310059
"2020-03-24",6797.830078
"2020-03-25",6975.879883
"2020-03-26",7412.430176
"2020-03-27",7165.620117
"2020-03-30",7365.27002
"2020-03-31",7221.209961
"2020-04-01",6866.080078
"2020-04-02",7014.830078
"2020-04-03",6828.180176
"2020-04-06",7392.720215
"2020-04-07",7380.330078
"2020-04-08",7660.879883
"2020-04-09",7804.72998
"2020-04-13",7650.629883
"2020-04-14",7830.890137
"2020-04-15",7656.830078
"2020-04-16",7659.700195
"2020-04-17",7896.549805
"2020-04-20",7673.589844
"2020-04-21",7500.97998
"2020-04-22",7630.379883
"2020-04-23",7636.439941
"2020-04-24",7724.049805
"2020-04-27",7860.189941
"2020-04-28",7871.680176
"2020-04-29",8008.439941
"2020-04-30",7862.52002
"2020-05-01",7658.990234
"2020-05-04",7644.189941
"2020-05-05",7694.529785
"2020-05-06",7578.680176
"2020-05-07",7654.660156
"2020-05-08",7824.069824
"2020-05-11",7778.02002
"2020-05-12",7625.259766
"2020-05-13",7478.459961
"2020-05-14",7571.680176
"2020-05-15",7542.660156
"2020-05-18",7889.390137
"2020-05-19",7773.220215
"2020-05-20",7899.450195
"2020-05-21",7858.370117
"2020-05-22",7878.640137
"2020-05-26",8079.959961
"2020-05-27",8255.950195
"2020-05-28",8239.269531
"2020-05-29",8239.599609
"2020-06-01",8271.799805
"2020-06-02",8368.230469
"2020-06-03",8554.089844
"2020-06-04",8553.370117
"2020-06-05",8797.870117
"2020-06-08",8962.469727
"2020-06-09",8825.490234
"2020-06-10",8708.660156
"2020-06-11",8137.919922
"2020-06-12",8280.240234
"2020-06-15",8339.429688
"2020-06-16",8465.820313
"2020-06-17",8425.290039
"2020-06-18",8408.049805
"2020-06-19",8288.650391
"2020-06-22",8332.599609
"2020-06-23",8370.30957
"2020-06-24",8163.899902
"2020-06-25",8223.629883
"2020-06-26",8028.390137
"2020-06-29",8219.330078
"2020-06-30",8292.070313
"2020-07-01",8305.589844
"2020-07-02",8344.080078
"2020-07-06",8449.429688
"2020-07-07",8344.360352
"2020-07-08",8401.400391
"2020-07-09",8277.25
"2020-07-10",8415.929688
"2020-07-13",8416.330078
"2020-07-14",8572.400391
"2020-07-15",8667.570313
"2020-07-16",8677.429688
"2020-07-17",8723.950195
"2020-07-20",8671.169922
"2020-07-21",8721.799805
"2020-07-22",8767.160156
"2020-07-23",8694.919922
"2020-07-24",8643.849609
"2020-07-27",8660.919922
"2020-07-28",8618.929688
"2020-07-29",8700.769531
"2020-07-30",8656.459961
"2020-07-31",8701.839844
"2020-08-03",8734.839844
"2020-08-04",8800.839844
"2020-08-05",8886.240234
"2020-08-06",8952.740234
"2020-08-07",9040.580078
"2020-08-10",9166.379883
"2020-08-11",9116.599609
"2020-08-12",9208.969727
"2020-08-13",9178.769531
"2020-08-14",9183.349609
"2020-08-17",9163.870117
"2020-08-18",9125.740234
"2020-08-19",9107.450195
"2020-08-20",9106.55957
"2020-08-21",9151.030273
"2020-08-24",9282.429688
"2020-08-25",9253.629883
"2020-08-26",9247.44043
"2020-08-27",9298.200195
"2020-08-28",9353.919922
"2020-08-31",9286.55957
"2020-09-01",9339.25
"2020-09-02",9499.769531
"2020-09-03",9265.280273
"2020-09-04",9238.330078
"2020-09-08",9076.55957
"2020-09-09",9215.530273
"2020-09-10",9099.44043
"2020-09-11",9152.919922
"2020-09-14",9256.700195
"2020-09-15",9291.139648
"2020-09-16",9307.080078
"2020-09-17",9274.589844
"2020-09-18",9178.929688
"2020-09-21",9009.480469
"2020-09-22",9064.700195
"2020-09-23",8912.400391
"2020-09-24",8946.610352
"2020-09-25",9069.849609
"2020-09-28",9188.660156
"2020-09-29",9131.830078
"2020-09-30",9190.950195
"2020-10-01",9211.110352
"2020-10-02",9217.900391
"2020-10-05",9368.480469
"2020-10-06",9289.769531
"2020-10-07",9469.629883
"2020-10-08",9535.990234
"2020-10-09",9588.900391
"2020-10-12",9653.910156
"2020-10-13",9590.889648
"2020-10-14",9579
"2020-10-15",9596.370117
"2020-10-16",9603.019531
"2020-10-19",9484.209961
"2020-10-20",9544.30957
"2020-10-21",9489.820313
"2020-10-22",9549.860352
"2020-10-23",9576.200195
"2020-10-26",9389.790039
"2020-10-27",9307.290039
"2020-10-28",8976.629883
"2020-10-29",9058.219727
"2020-10-30",8994.360352
"2020-11-02",9132.360352
"2020-11-03",9336.269531
"2020-11-04",9352.629883
"2020-11-05",9530.969727
"2020-11-06",9500.040039
"2020-11-09",9753.129883
"2020-11-10",9875.339844
"2020-11-11",9853.429688
"2020-11-12",9730.230469
"2020-11-13",9875.679688
"2020-11-16",10044.339844
"2020-11-17",9989.400391
"2020-11-18",9873.75
"2020-11-19",9868.929688
"2020-11-20",9801.240234
"2020-11-23",9905.80957
"2020-11-24",10072.950195
"2020-11-25",10016.169922
"2020-11-27",9997.830078
"2020-11-30",9901.740234
"2020-12-01",9958.259766
"2020-12-02",9991.950195
"2020-12-03",10004.290039
"2020-12-04",10067.980469
"2020-12-07",10041.5
"2020-12-08",10070.410156
"2020-12-09",10052.589844
"2020-12-10",10010.299805
"2020-12-11",10017.75
"2020-12-14",9916.330078
"2020-12-15",10035.910156
"2020-12-16",10009.580078
"2020-12-17",10080.769531
"2020-12-18",10024.910156
"2020-12-21",9994.589844
"2020-12-22",9945.089844
"2020-12-23",9976.139648
"2020-12-24",10000.950195
"2020-12-28",10047.259766
"2020-12-29",10012.730469
"2020-12-30",10036.389648
"2020-12-31",10108.709961
"2021-01-04",9938.660156
"2021-01-05",9997.639648
"2021-01-06",10182.870117
"2021-01-07",10223.990234
"2021-01-08",10260.919922
"2021-01-11",10228.730469
"2021-01-12",10272.400391
"2021-01-13",10281.370117
"2021-01-14",10290.209961
"2021-01-15",10236.570313
"2021-01-19",10243.540039
"2021-01-20",10354.179688
"2021-01-21",10292.290039
"2021-01-22",10248.19043
"2021-01-25",10263.349609
"2021-01-26",10202.129883
"2021-01-27",9966.519531
"2021-01-28",10067.400391
"2021-01-29",9877.009766
"2021-02-01",9963.339844
"2021-02-02",10125.830078
"2021-02-03",10128.830078
"2021-02-04",10244.480469
"2021-02-05",10287.5
"2021-02-08",10340.990234
"2021-02-09",10358.049805
"2021-02-10",10377.769531
"2021-02-11",10365.44043
"2021-02-12",10404.830078
"2021-02-16",10408.780273
"2021-02-17",10412.330078
"2021-02-18",10386.650391
"2021-02-19",10415.120117
"2021-02-22",10416.129883
"2021-02-23",10432.980469
"2021-02-24",10547.400391
"2021-02-25",10363.889648
"2021-02-26",10231.459961
"2021-03-01",10435.400391
"2021-03-02",10390.160156
"2021-03-03",10348.769531
"2021-03-04",10213.870117
"2021-03-05",10435.919922
"2021-03-08",10531.44043
"2021-03-09",10563.94043
"2021-03-10",10683
