"Index","DJI.Close"
"2010-01-04",10583.959961
"2010-01-05",10572.019531
"2010-01-06",10573.679688
"2010-01-07",10606.860352
"2010-01-08",10618.19043
"2010-01-11",10663.990234
"2010-01-12",10627.259766
"2010-01-13",10680.769531
"2010-01-14",10710.549805
"2010-01-15",10609.650391
"2010-01-19",10725.429688
"2010-01-20",10603.150391
"2010-01-21",10389.879883
"2010-01-22",10172.980469
"2010-01-25",10196.860352
"2010-01-26",10194.290039
"2010-01-27",10236.160156
"2010-01-28",10120.459961
"2010-01-29",10067.330078
"2010-02-01",10185.530273
"2010-02-02",10296.849609
"2010-02-03",10270.549805
"2010-02-04",10002.179688
"2010-02-05",10012.230469
"2010-02-08",9908.389648
"2010-02-09",10058.639648
"2010-02-10",10038.379883
"2010-02-11",10144.19043
"2010-02-12",10099.139648
"2010-02-16",10268.80957
"2010-02-17",10309.240234
"2010-02-18",10392.900391
"2010-02-19",10402.349609
"2010-02-22",10383.379883
"2010-02-23",10282.410156
"2010-02-24",10374.160156
"2010-02-25",10321.030273
"2010-02-26",10325.259766
"2010-03-01",10403.790039
"2010-03-02",10405.980469
"2010-03-03",10396.759766
"2010-03-04",10444.139648
"2010-03-05",10566.200195
"2010-03-08",10552.519531
"2010-03-09",10564.379883
"2010-03-10",10567.330078
"2010-03-11",10611.839844
"2010-03-12",10624.69043
"2010-03-15",10642.150391
"2010-03-16",10685.980469
"2010-03-17",10733.669922
"2010-03-18",10779.169922
"2010-03-19",10741.980469
"2010-03-22",10785.889648
"2010-03-23",10888.830078
"2010-03-24",10836.150391
"2010-03-25",10841.209961
"2010-03-26",10850.360352
"2010-03-29",10895.860352
"2010-03-30",10907.419922
"2010-03-31",10856.629883
"2010-04-01",10927.070313
"2010-04-05",10973.549805
"2010-04-06",10969.990234
"2010-04-07",10897.519531
"2010-04-08",10927.070313
"2010-04-09",10997.349609
"2010-04-12",11005.969727
"2010-04-13",11019.419922
"2010-04-14",11123.110352
"2010-04-15",11144.570313
"2010-04-16",11018.660156
"2010-04-19",11092.049805
"2010-04-20",11117.05957
"2010-04-21",11124.919922
"2010-04-22",11134.290039
"2010-04-23",11204.280273
"2010-04-26",11205.030273
"2010-04-27",10991.990234
"2010-04-28",11045.269531
"2010-04-29",11167.320313
"2010-04-30",11008.610352
"2010-05-03",11151.830078
"2010-05-04",10926.769531
"2010-05-05",10866.830078
"2010-05-06",10520.320313
"2010-05-07",10380.429688
"2010-05-10",10785.139648
"2010-05-11",10748.259766
"2010-05-12",10896.910156
"2010-05-13",10782.950195
"2010-05-14",10620.160156
"2010-05-17",10625.830078
"2010-05-18",10510.950195
"2010-05-19",10444.370117
"2010-05-20",10068.009766
"2010-05-21",10193.389648
"2010-05-24",10066.570313
"2010-05-25",10043.75
"2010-05-26",9974.450195
"2010-05-27",10258.990234
"2010-05-28",10136.629883
"2010-06-01",10024.019531
"2010-06-02",10249.540039
"2010-06-03",10255.280273
"2010-06-04",9931.969727
"2010-06-07",9816.490234
"2010-06-08",9939.980469
"2010-06-09",9899.25
"2010-06-10",10172.530273
"2010-06-11",10211.070313
"2010-06-14",10190.889648
"2010-06-15",10404.769531
"2010-06-16",10409.459961
"2010-06-17",10434.169922
"2010-06-18",10450.639648
"2010-06-21",10442.410156
"2010-06-22",10293.519531
"2010-06-23",10298.44043
"2010-06-24",10152.799805
"2010-06-25",10143.80957
"2010-06-28",10138.519531
"2010-06-29",9870.299805
"2010-06-30",9774.019531
"2010-07-01",9732.530273
"2010-07-02",9686.480469
"2010-07-06",9743.620117
"2010-07-07",10018.280273
"2010-07-08",10138.990234
"2010-07-09",10198.030273
"2010-07-12",10216.269531
"2010-07-13",10363.019531
"2010-07-14",10366.719727
"2010-07-15",10359.30957
"2010-07-16",10097.900391
"2010-07-19",10154.429688
"2010-07-20",10229.959961
"2010-07-21",10120.530273
"2010-07-22",10322.299805
"2010-07-23",10424.620117
"2010-07-26",10525.429688
"2010-07-27",10537.69043
"2010-07-28",10497.879883
"2010-07-29",10467.160156
"2010-07-30",10465.94043
"2010-08-02",10674.379883
"2010-08-03",10636.379883
"2010-08-04",10680.429688
"2010-08-05",10674.980469
"2010-08-06",10653.55957
"2010-08-09",10698.75
"2010-08-10",10644.25
"2010-08-11",10378.830078
"2010-08-12",10319.950195
"2010-08-13",10303.150391
"2010-08-16",10302.009766
"2010-08-17",10405.849609
"2010-08-18",10415.540039
"2010-08-19",10271.209961
"2010-08-20",10213.620117
"2010-08-23",10174.410156
"2010-08-24",10040.450195
"2010-08-25",10060.05957
"2010-08-26",9985.80957
"2010-08-27",10150.650391
"2010-08-30",10009.730469
"2010-08-31",10014.719727
"2010-09-01",10269.469727
"2010-09-02",10320.099609
"2010-09-03",10447.929688
"2010-09-07",10340.69043
"2010-09-08",10387.009766
"2010-09-09",10415.240234
"2010-09-10",10462.769531
"2010-09-13",10544.129883
"2010-09-14",10526.490234
"2010-09-15",10572.730469
"2010-09-16",10594.830078
"2010-09-17",10607.849609
"2010-09-20",10753.620117
"2010-09-21",10761.030273
"2010-09-22",10739.30957
"2010-09-23",10662.419922
"2010-09-24",10860.259766
"2010-09-27",10812.040039
"2010-09-28",10858.139648
"2010-09-29",10835.280273
"2010-09-30",10788.049805
"2010-10-01",10829.679688
"2010-10-04",10751.269531
"2010-10-05",10944.719727
"2010-10-06",10967.650391
"2010-10-07",10948.580078
"2010-10-08",11006.480469
"2010-10-11",11010.339844
"2010-10-12",11020.400391
"2010-10-13",11096.080078
"2010-10-14",11094.570313
"2010-10-15",11062.780273
"2010-10-18",11143.69043
"2010-10-19",10978.620117
"2010-10-20",11107.969727
"2010-10-21",11146.570313
"2010-10-22",11132.55957
"2010-10-25",11164.049805
"2010-10-26",11169.459961
"2010-10-27",11126.280273
"2010-10-28",11113.950195
"2010-10-29",11118.490234
"2010-11-01",11124.620117
"2010-11-02",11188.719727
"2010-11-03",11215.129883
"2010-11-04",11434.839844
"2010-11-05",11444.080078
"2010-11-08",11406.839844
"2010-11-09",11346.75
"2010-11-10",11357.040039
"2010-11-11",11283.099609
"2010-11-12",11192.580078
"2010-11-15",11201.969727
"2010-11-16",11023.5
"2010-11-17",11007.879883
"2010-11-18",11181.230469
"2010-11-19",11203.549805
"2010-11-22",11178.580078
"2010-11-23",11036.370117
"2010-11-24",11187.280273
"2010-11-26",11091.870117
"2010-11-29",11052.490234
"2010-11-30",11006.019531
"2010-12-01",11255.780273
"2010-12-02",11362.410156
"2010-12-03",11382.089844
"2010-12-06",11362.19043
"2010-12-07",11359.160156
"2010-12-08",11372.480469
"2010-12-09",11370.05957
"2010-12-10",11410.320313
"2010-12-13",11428.55957
"2010-12-14",11476.540039
"2010-12-15",11457.469727
"2010-12-16",11499.25
"2010-12-17",11491.910156
"2010-12-20",11478.129883
"2010-12-21",11533.160156
"2010-12-22",11559.490234
"2010-12-23",11573.490234
"2010-12-27",11555.030273
"2010-12-28",11575.540039
"2010-12-29",11585.379883
"2010-12-30",11569.709961
"2010-12-31",11577.509766
"2011-01-03",11670.75
"2011-01-04",11691.179688
"2011-01-05",11722.889648
"2011-01-06",11697.30957
"2011-01-07",11674.759766
"2011-01-10",11637.450195
"2011-01-11",11671.879883
"2011-01-12",11755.44043
"2011-01-13",11731.900391
"2011-01-14",11787.379883
"2011-01-18",11837.929688
"2011-01-19",11825.290039
"2011-01-20",11822.799805
"2011-01-21",11871.839844
"2011-01-24",11980.519531
"2011-01-25",11977.19043
"2011-01-26",11985.44043
"2011-01-27",11989.830078
"2011-01-28",11823.700195
"2011-01-31",11891.929688
"2011-02-01",12040.160156
"2011-02-02",12041.969727
"2011-02-03",12062.259766
"2011-02-04",12092.150391
"2011-02-07",12161.629883
"2011-02-08",12233.150391
"2011-02-09",12239.889648
"2011-02-10",12229.290039
"2011-02-11",12273.259766
"2011-02-14",12268.19043
"2011-02-15",12226.639648
"2011-02-16",12288.169922
"2011-02-17",12318.139648
"2011-02-18",12391.25
"2011-02-22",12212.790039
"2011-02-23",12105.780273
"2011-02-24",12068.5
"2011-02-25",12130.450195
"2011-02-28",12226.339844
"2011-03-01",12058.019531
"2011-03-02",12066.799805
"2011-03-03",12258.200195
"2011-03-04",12169.879883
"2011-03-07",12090.030273
"2011-03-08",12214.379883
"2011-03-09",12213.089844
"2011-03-10",11984.610352
"2011-03-11",12044.400391
"2011-03-14",11993.160156
"2011-03-15",11855.419922
"2011-03-16",11613.299805
"2011-03-17",11774.589844
"2011-03-18",11858.519531
"2011-03-21",12036.530273
"2011-03-22",12018.629883
"2011-03-23",12086.019531
"2011-03-24",12170.55957
"2011-03-25",12220.589844
"2011-03-28",12197.879883
"2011-03-29",12279.009766
"2011-03-30",12350.610352
"2011-03-31",12319.730469
"2011-04-01",12376.719727
"2011-04-04",12400.030273
"2011-04-05",12393.900391
"2011-04-06",12426.75
"2011-04-07",12409.490234
"2011-04-08",12380.049805
"2011-04-11",12381.110352
"2011-04-12",12263.580078
"2011-04-13",12270.990234
"2011-04-14",12285.150391
"2011-04-15",12341.830078
"2011-04-18",12201.589844
"2011-04-19",12266.75
"2011-04-20",12453.540039
"2011-04-21",12505.990234
"2011-04-25",12479.879883
"2011-04-26",12595.370117
"2011-04-27",12690.959961
"2011-04-28",12763.30957
"2011-04-29",12810.540039
"2011-05-02",12807.360352
"2011-05-03",12807.509766
"2011-05-04",12723.580078
"2011-05-05",12584.169922
"2011-05-06",12638.740234
"2011-05-09",12684.679688
"2011-05-10",12760.360352
"2011-05-11",12630.030273
"2011-05-12",12695.919922
"2011-05-13",12595.75
"2011-05-16",12548.370117
"2011-05-17",12479.580078
"2011-05-18",12560.179688
"2011-05-19",12605.320313
"2011-05-20",12512.040039
"2011-05-23",12381.259766
"2011-05-24",12356.209961
"2011-05-25",12394.660156
"2011-05-26",12402.759766
"2011-05-27",12441.580078
"2011-05-31",12569.790039
"2011-06-01",12290.139648
"2011-06-02",12248.549805
"2011-06-03",12151.259766
"2011-06-06",12089.959961
"2011-06-07",12070.80957
"2011-06-08",12048.94043
"2011-06-09",12124.360352
"2011-06-10",11951.910156
"2011-06-13",11952.969727
"2011-06-14",12076.110352
"2011-06-15",11897.269531
"2011-06-16",11961.519531
"2011-06-17",12004.360352
"2011-06-20",12080.379883
"2011-06-21",12190.009766
"2011-06-22",12109.669922
"2011-06-23",12050
"2011-06-24",11934.580078
"2011-06-27",12043.55957
"2011-06-28",12188.69043
"2011-06-29",12261.419922
"2011-06-30",12414.339844
"2011-07-01",12582.769531
"2011-07-05",12569.870117
"2011-07-06",12626.019531
"2011-07-07",12719.490234
"2011-07-08",12657.200195
"2011-07-11",12505.759766
"2011-07-12",12446.879883
"2011-07-13",12491.610352
"2011-07-14",12437.120117
"2011-07-15",12479.730469
"2011-07-18",12385.160156
"2011-07-19",12587.419922
"2011-07-20",12571.910156
"2011-07-21",12724.410156
"2011-07-22",12681.160156
"2011-07-25",12592.799805
"2011-07-26",12501.299805
"2011-07-27",12302.549805
"2011-07-28",12240.110352
"2011-07-29",12143.240234
"2011-08-01",12132.490234
"2011-08-02",11866.620117
"2011-08-03",11896.44043
"2011-08-04",11383.679688
"2011-08-05",11444.610352
"2011-08-08",10809.849609
"2011-08-09",11239.769531
"2011-08-10",10719.94043
"2011-08-11",11143.30957
"2011-08-12",11269.019531
"2011-08-15",11482.900391
"2011-08-16",11405.929688
"2011-08-17",11410.209961
"2011-08-18",10990.580078
"2011-08-19",10817.650391
"2011-08-22",10854.650391
"2011-08-23",11176.759766
"2011-08-24",11320.709961
"2011-08-25",11149.820313
"2011-08-26",11284.540039
"2011-08-29",11539.25
"2011-08-30",11559.950195
"2011-08-31",11613.530273
"2011-09-01",11493.570313
"2011-09-02",11240.259766
"2011-09-06",11139.299805
"2011-09-07",11414.860352
"2011-09-08",11295.80957
"2011-09-09",10992.129883
"2011-09-12",11061.120117
"2011-09-13",11105.849609
"2011-09-14",11246.730469
"2011-09-15",11433.179688
"2011-09-16",11509.089844
"2011-09-19",11401.009766
"2011-09-20",11408.660156
"2011-09-21",11124.839844
"2011-09-22",10733.830078
"2011-09-23",10771.480469
"2011-09-26",11043.860352
"2011-09-27",11190.69043
"2011-09-28",11010.900391
"2011-09-29",11153.980469
"2011-09-30",10913.379883
"2011-10-03",10655.299805
"2011-10-04",10808.709961
"2011-10-05",10939.950195
"2011-10-06",11123.330078
"2011-10-07",11103.120117
"2011-10-10",11433.179688
"2011-10-11",11416.299805
"2011-10-12",11518.849609
"2011-10-13",11478.129883
"2011-10-14",11644.490234
"2011-10-17",11397
"2011-10-18",11577.049805
"2011-10-19",11504.620117
"2011-10-20",11541.780273
"2011-10-21",11808.790039
"2011-10-24",11913.620117
"2011-10-25",11706.620117
"2011-10-26",11869.040039
"2011-10-27",12208.549805
"2011-10-28",12231.110352
"2011-10-31",11955.009766
"2011-11-01",11657.959961
"2011-11-02",11836.040039
"2011-11-03",12044.469727
"2011-11-04",11983.240234
"2011-11-07",12068.389648
"2011-11-08",12170.179688
"2011-11-09",11780.94043
"2011-11-10",11893.860352
"2011-11-11",12153.679688
"2011-11-14",12078.980469
"2011-11-15",12096.160156
"2011-11-16",11905.589844
"2011-11-17",11770.730469
"2011-11-18",11796.160156
"2011-11-21",11547.30957
"2011-11-22",11493.719727
"2011-11-23",11257.549805
"2011-11-25",11231.650391
"2011-11-28",11523.009766
"2011-11-29",11555.629883
"2011-11-30",12045.679688
"2011-12-01",12020.030273
"2011-12-02",12019.419922
"2011-12-05",12097.830078
"2011-12-06",12150.129883
"2011-12-07",12196.370117
"2011-12-08",11997.700195
"2011-12-09",12184.259766
"2011-12-12",12021.389648
"2011-12-13",11954.94043
"2011-12-14",11823.480469
"2011-12-15",11868.80957
"2011-12-16",11866.389648
"2011-12-19",11766.259766
"2011-12-20",12103.580078
"2011-12-21",12107.740234
"2011-12-22",12169.650391
"2011-12-23",12294
"2011-12-27",12291.349609
"2011-12-28",12151.410156
"2011-12-29",12287.040039
"2011-12-30",12217.55957
"2012-01-03",12397.379883
"2012-01-04",12418.419922
"2012-01-05",12415.700195
"2012-01-06",12359.919922
"2012-01-09",12392.69043
"2012-01-10",12462.469727
"2012-01-11",12449.450195
"2012-01-12",12471.019531
"2012-01-13",12422.05957
"2012-01-17",12482.070313
"2012-01-18",12578.950195
"2012-01-19",12623.980469
"2012-01-20",12720.480469
"2012-01-23",12708.820313
"2012-01-24",12675.75
"2012-01-25",12758.849609
"2012-01-26",12734.629883
"2012-01-27",12660.459961
"2012-01-30",12653.719727
"2012-01-31",12632.910156
"2012-02-01",12716.459961
"2012-02-02",12705.410156
"2012-02-03",12862.230469
"2012-02-06",12845.129883
"2012-02-07",12878.200195
"2012-02-08",12883.950195
"2012-02-09",12890.459961
"2012-02-10",12801.230469
"2012-02-13",12874.040039
"2012-02-14",12878.280273
"2012-02-15",12780.950195
"2012-02-16",12904.080078
"2012-02-17",12949.870117
"2012-02-21",12965.69043
"2012-02-22",12938.669922
"2012-02-23",12984.69043
"2012-02-24",12982.950195
"2012-02-27",12981.509766
"2012-02-28",13005.120117
"2012-02-29",12952.070313
"2012-03-01",12980.299805
"2012-03-02",12977.570313
"2012-03-05",12962.80957
"2012-03-06",12759.150391
"2012-03-07",12837.330078
"2012-03-08",12907.94043
"2012-03-09",12922.019531
"2012-03-12",12959.709961
"2012-03-13",13177.679688
"2012-03-14",13194.099609
"2012-03-15",13252.759766
"2012-03-16",13232.620117
"2012-03-19",13239.129883
"2012-03-20",13170.19043
"2012-03-21",13124.620117
"2012-03-22",13046.139648
"2012-03-23",13080.730469
"2012-03-26",13241.629883
"2012-03-27",13197.730469
"2012-03-28",13126.209961
"2012-03-29",13145.820313
"2012-03-30",13212.040039
"2012-04-02",13264.490234
"2012-04-03",13199.549805
"2012-04-04",13074.75
"2012-04-05",13060.139648
"2012-04-09",12929.589844
"2012-04-10",12715.929688
"2012-04-11",12805.389648
"2012-04-12",12986.580078
"2012-04-13",12849.589844
"2012-04-16",12921.410156
"2012-04-17",13115.540039
"2012-04-18",13032.75
"2012-04-19",12964.099609
"2012-04-20",13029.259766
"2012-04-23",12927.169922
"2012-04-24",13001.55957
"2012-04-25",13090.719727
"2012-04-26",13204.620117
"2012-04-27",13228.30957
"2012-04-30",13213.629883
"2012-05-01",13279.320313
"2012-05-02",13268.570313
"2012-05-03",13206.589844
"2012-05-04",13038.269531
"2012-05-07",13008.530273
"2012-05-08",12932.089844
"2012-05-09",12835.05957
"2012-05-10",12855.040039
"2012-05-11",12820.599609
"2012-05-14",12695.349609
"2012-05-15",12632
"2012-05-16",12598.549805
"2012-05-17",12442.490234
"2012-05-18",12369.379883
"2012-05-21",12504.480469
"2012-05-22",12502.80957
"2012-05-23",12496.150391
"2012-05-24",12529.75
"2012-05-25",12454.830078
"2012-05-29",12580.69043
"2012-05-30",12419.860352
"2012-05-31",12393.450195
"2012-06-01",12118.570313
"2012-06-04",12101.459961
"2012-06-05",12127.950195
"2012-06-06",12414.790039
"2012-06-07",12460.959961
"2012-06-08",12554.200195
"2012-06-11",12411.230469
"2012-06-12",12573.799805
"2012-06-13",12496.379883
"2012-06-14",12651.910156
"2012-06-15",12767.169922
"2012-06-18",12741.820313
"2012-06-19",12837.330078
"2012-06-20",12824.389648
"2012-06-21",12573.570313
"2012-06-22",12640.780273
"2012-06-25",12502.660156
"2012-06-26",12534.669922
"2012-06-27",12627.009766
"2012-06-28",12602.259766
"2012-06-29",12880.089844
"2012-07-02",12871.389648
"2012-07-03",12943.660156
"2012-07-05",12896.669922
"2012-07-06",12772.469727
"2012-07-09",12736.290039
"2012-07-10",12653.120117
"2012-07-11",12604.530273
"2012-07-12",12573.269531
"2012-07-13",12777.089844
"2012-07-16",12727.209961
"2012-07-17",12805.540039
"2012-07-18",12908.700195
"2012-07-19",12943.360352
"2012-07-20",12822.570313
"2012-07-23",12721.459961
"2012-07-24",12617.320313
"2012-07-25",12676.049805
"2012-07-26",12887.929688
"2012-07-27",13075.660156
"2012-07-30",13073.009766
"2012-07-31",13008.679688
"2012-08-01",12976.129883
"2012-08-02",12878.879883
"2012-08-03",13096.169922
"2012-08-06",13117.509766
"2012-08-07",13168.599609
"2012-08-08",13175.639648
"2012-08-09",13165.19043
"2012-08-10",13207.950195
"2012-08-13",13169.429688
"2012-08-14",13172.139648
"2012-08-15",13164.780273
"2012-08-16",13250.110352
"2012-08-17",13275.200195
"2012-08-20",13271.639648
"2012-08-21",13203.580078
"2012-08-22",13172.759766
"2012-08-23",13057.459961
"2012-08-24",13157.969727
"2012-08-27",13124.669922
"2012-08-28",13102.990234
"2012-08-29",13107.480469
"2012-08-30",13000.709961
"2012-08-31",13090.839844
"2012-09-04",13035.94043
"2012-09-05",13047.480469
"2012-09-06",13292
"2012-09-07",13306.639648
"2012-09-10",13254.290039
"2012-09-11",13323.360352
"2012-09-12",13333.349609
"2012-09-13",13539.860352
"2012-09-14",13593.370117
"2012-09-17",13553.099609
"2012-09-18",13564.639648
"2012-09-19",13577.959961
"2012-09-20",13596.929688
"2012-09-21",13579.469727
"2012-09-24",13558.919922
"2012-09-25",13457.549805
"2012-09-26",13413.509766
"2012-09-27",13485.969727
"2012-09-28",13437.129883
"2012-10-01",13515.110352
"2012-10-02",13482.360352
"2012-10-03",13494.610352
"2012-10-04",13575.360352
"2012-10-05",13610.150391
"2012-10-08",13583.650391
"2012-10-09",13473.530273
"2012-10-10",13344.969727
"2012-10-11",13326.389648
"2012-10-12",13328.849609
"2012-10-15",13424.230469
"2012-10-16",13551.780273
"2012-10-17",13557
"2012-10-18",13548.94043
"2012-10-19",13343.509766
"2012-10-22",13345.889648
"2012-10-23",13102.530273
"2012-10-24",13077.339844
"2012-10-25",13103.679688
"2012-10-26",13107.209961
"2012-10-31",13096.459961
"2012-11-01",13232.620117
"2012-11-02",13093.160156
"2012-11-05",13112.44043
"2012-11-06",13245.679688
"2012-11-07",12932.730469
"2012-11-08",12811.320313
"2012-11-09",12815.389648
"2012-11-12",12815.080078
"2012-11-13",12756.179688
"2012-11-14",12570.950195
"2012-11-15",12542.379883
"2012-11-16",12588.30957
"2012-11-19",12795.959961
"2012-11-20",12788.509766
"2012-11-21",12836.889648
"2012-11-23",13009.530273
"2012-11-26",12967.370117
"2012-11-27",12878.129883
"2012-11-28",12985.110352
"2012-11-29",13021.820313
"2012-11-30",13025.580078
"2012-12-03",12965.599609
"2012-12-04",12951.780273
"2012-12-05",13034.490234
"2012-12-06",13074.040039
"2012-12-07",13155.129883
"2012-12-10",13169.879883
"2012-12-11",13248.44043
"2012-12-12",13245.450195
"2012-12-13",13170.719727
"2012-12-14",13135.009766
"2012-12-17",13235.389648
"2012-12-18",13350.959961
"2012-12-19",13251.969727
"2012-12-20",13311.719727
"2012-12-21",13190.839844
"2012-12-24",13138.929688
"2012-12-26",13114.589844
"2012-12-27",13096.30957
"2012-12-28",12938.110352
"2012-12-31",13104.139648
"2013-01-02",13412.549805
"2013-01-03",13391.360352
"2013-01-04",13435.209961
"2013-01-07",13384.290039
"2013-01-08",13328.849609
"2013-01-09",13390.509766
"2013-01-10",13471.219727
"2013-01-11",13488.429688
"2013-01-14",13507.320313
"2013-01-15",13534.889648
"2013-01-16",13511.230469
"2013-01-17",13596.019531
"2013-01-18",13649.700195
"2013-01-22",13712.209961
"2013-01-23",13779.330078
"2013-01-24",13825.330078
"2013-01-25",13895.980469
"2013-01-28",13881.929688
"2013-01-29",13954.419922
"2013-01-30",13910.419922
"2013-01-31",13860.580078
"2013-02-01",14009.790039
"2013-02-04",13880.080078
"2013-02-05",13979.299805
"2013-02-06",13986.519531
"2013-02-07",13944.049805
"2013-02-08",13992.969727
"2013-02-11",13971.240234
"2013-02-12",14018.700195
"2013-02-13",13982.910156
"2013-02-14",13973.389648
"2013-02-15",13981.759766
"2013-02-19",14035.669922
"2013-02-20",13927.540039
"2013-02-21",13880.620117
"2013-02-22",14000.570313
"2013-02-25",13784.169922
"2013-02-26",13900.129883
"2013-02-27",14075.370117
"2013-02-28",14054.490234
"2013-03-01",14089.660156
"2013-03-04",14127.820313
"2013-03-05",14253.769531
"2013-03-06",14296.240234
"2013-03-07",14329.490234
"2013-03-08",14397.070313
"2013-03-11",14447.290039
"2013-03-12",14450.05957
"2013-03-13",14455.280273
"2013-03-14",14539.139648
"2013-03-15",14514.110352
"2013-03-18",14452.05957
"2013-03-19",14455.820313
"2013-03-20",14511.730469
"2013-03-21",14421.490234
"2013-03-22",14512.030273
"2013-03-25",14447.75
"2013-03-26",14559.650391
"2013-03-27",14526.160156
"2013-03-28",14578.540039
"2013-04-01",14572.849609
"2013-04-02",14662.009766
"2013-04-03",14550.349609
"2013-04-04",14606.110352
"2013-04-05",14565.25
"2013-04-08",14613.480469
"2013-04-09",14673.459961
"2013-04-10",14802.240234
"2013-04-11",14865.139648
"2013-04-12",14865.05957
"2013-04-15",14599.200195
"2013-04-16",14756.780273
"2013-04-17",14618.589844
"2013-04-18",14537.139648
"2013-04-19",14547.509766
"2013-04-22",14567.169922
"2013-04-23",14719.459961
"2013-04-24",14676.299805
"2013-04-25",14700.799805
"2013-04-26",14712.549805
"2013-04-29",14818.75
"2013-04-30",14839.799805
"2013-05-01",14700.950195
"2013-05-02",14831.580078
"2013-05-03",14973.959961
"2013-05-06",14968.889648
"2013-05-07",15056.200195
"2013-05-08",15105.120117
"2013-05-09",15082.620117
"2013-05-10",15118.490234
"2013-05-13",15091.679688
"2013-05-14",15215.25
"2013-05-15",15275.69043
"2013-05-16",15233.219727
"2013-05-17",15354.400391
"2013-05-20",15335.280273
"2013-05-21",15387.580078
"2013-05-22",15307.169922
"2013-05-23",15294.5
"2013-05-24",15303.099609
"2013-05-28",15409.389648
"2013-05-29",15302.799805
"2013-05-30",15324.530273
"2013-05-31",15115.570313
"2013-06-03",15254.030273
"2013-06-04",15177.540039
"2013-06-05",14960.589844
"2013-06-06",15040.620117
"2013-06-07",15248.120117
"2013-06-10",15238.589844
"2013-06-11",15122.019531
"2013-06-12",14995.230469
"2013-06-13",15176.080078
"2013-06-14",15070.179688
"2013-06-17",15179.849609
"2013-06-18",15318.230469
"2013-06-19",15112.19043
"2013-06-20",14758.320313
"2013-06-21",14799.400391
"2013-06-24",14659.55957
"2013-06-25",14760.30957
"2013-06-26",14910.139648
"2013-06-27",15024.490234
"2013-06-28",14909.599609
"2013-07-01",14974.959961
"2013-07-02",14932.410156
"2013-07-03",14988.370117
"2013-07-05",15135.839844
"2013-07-08",15224.69043
"2013-07-09",15300.339844
"2013-07-10",15291.660156
"2013-07-11",15460.919922
"2013-07-12",15464.299805
"2013-07-15",15484.259766
"2013-07-16",15451.849609
"2013-07-17",15470.519531
"2013-07-18",15548.540039
"2013-07-19",15543.740234
"2013-07-22",15545.549805
"2013-07-23",15567.740234
"2013-07-24",15542.240234
"2013-07-25",15555.610352
"2013-07-26",15558.830078
"2013-07-29",15521.969727
"2013-07-30",15520.589844
"2013-07-31",15499.540039
"2013-08-01",15628.019531
"2013-08-02",15658.360352
"2013-08-05",15612.129883
"2013-08-06",15518.740234
"2013-08-07",15470.669922
"2013-08-08",15498.320313
"2013-08-09",15425.509766
"2013-08-12",15419.679688
"2013-08-13",15451.009766
"2013-08-14",15337.660156
"2013-08-15",15112.19043
"2013-08-16",15081.469727
"2013-08-19",15010.740234
"2013-08-20",15002.990234
"2013-08-21",14897.549805
"2013-08-22",14963.740234
"2013-08-23",15010.509766
"2013-08-26",14946.459961
"2013-08-27",14776.129883
"2013-08-28",14824.509766
"2013-08-29",14840.950195
"2013-08-30",14810.30957
"2013-09-03",14833.959961
"2013-09-04",14930.870117
"2013-09-05",14937.480469
"2013-09-06",14922.5
"2013-09-09",15063.120117
"2013-09-10",15191.05957
"2013-09-11",15326.599609
"2013-09-12",15300.639648
"2013-09-13",15376.05957
"2013-09-16",15494.780273
"2013-09-17",15529.730469
"2013-09-18",15676.94043
"2013-09-19",15636.549805
"2013-09-20",15451.089844
"2013-09-23",15401.379883
"2013-09-24",15334.589844
"2013-09-25",15273.259766
"2013-09-26",15328.299805
"2013-09-27",15258.240234
"2013-09-30",15129.669922
"2013-10-01",15191.700195
"2013-10-02",15133.139648
"2013-10-03",14996.480469
"2013-10-04",15072.580078
"2013-10-07",14936.240234
"2013-10-08",14776.530273
"2013-10-09",14802.980469
"2013-10-10",15126.070313
"2013-10-11",15237.110352
"2013-10-14",15301.259766
"2013-10-15",15168.009766
"2013-10-16",15373.830078
"2013-10-17",15371.650391
"2013-10-18",15399.650391
"2013-10-21",15392.200195
"2013-10-22",15467.660156
"2013-10-23",15413.330078
"2013-10-24",15509.209961
"2013-10-25",15570.280273
"2013-10-28",15568.929688
"2013-10-29",15680.349609
"2013-10-30",15618.759766
"2013-10-31",15545.75
"2013-11-01",15615.549805
"2013-11-04",15639.120117
"2013-11-05",15618.219727
"2013-11-06",15746.879883
"2013-11-07",15593.980469
"2013-11-08",15761.780273
"2013-11-11",15783.099609
"2013-11-12",15750.669922
"2013-11-13",15821.629883
"2013-11-14",15876.219727
"2013-11-15",15961.700195
"2013-11-18",15976.019531
"2013-11-19",15967.030273
"2013-11-20",15900.820313
"2013-11-21",16009.990234
"2013-11-22",16064.769531
"2013-11-25",16072.540039
"2013-11-26",16072.799805
"2013-11-27",16097.330078
"2013-11-29",16086.410156
"2013-12-02",16008.769531
"2013-12-03",15914.620117
"2013-12-04",15889.769531
"2013-12-05",15821.509766
"2013-12-06",16020.200195
"2013-12-09",16025.530273
"2013-12-10",15973.129883
"2013-12-11",15843.530273
"2013-12-12",15739.429688
"2013-12-13",15755.360352
"2013-12-16",15884.570313
"2013-12-17",15875.259766
"2013-12-18",16167.969727
"2013-12-19",16179.080078
"2013-12-20",16221.139648
"2013-12-23",16294.610352
"2013-12-24",16357.549805
"2013-12-26",16479.880859
"2013-12-27",16478.410156
"2013-12-30",16504.289063
"2013-12-31",16576.660156
"2014-01-02",16441.349609
"2014-01-03",16469.990234
"2014-01-06",16425.099609
"2014-01-07",16530.939453
"2014-01-08",16462.740234
"2014-01-09",16444.759766
"2014-01-10",16437.050781
"2014-01-13",16257.94043
"2014-01-14",16373.860352
"2014-01-15",16481.939453
"2014-01-16",16417.009766
"2014-01-17",16458.560547
"2014-01-21",16414.439453
"2014-01-22",16373.339844
"2014-01-23",16197.349609
"2014-01-24",15879.110352
"2014-01-27",15837.879883
"2014-01-28",15928.55957
"2014-01-29",15738.790039
"2014-01-30",15848.610352
"2014-01-31",15698.849609
"2014-02-03",15372.799805
"2014-02-04",15445.240234
"2014-02-05",15440.230469
"2014-02-06",15628.530273
"2014-02-07",15794.080078
"2014-02-10",15801.790039
"2014-02-11",15994.769531
"2014-02-12",15963.94043
"2014-02-13",16027.589844
"2014-02-14",16154.389648
"2014-02-18",16130.400391
"2014-02-19",16040.55957
"2014-02-20",16133.230469
"2014-02-21",16103.299805
"2014-02-24",16207.139648
"2014-02-25",16179.660156
"2014-02-26",16198.410156
"2014-02-27",16272.650391
"2014-02-28",16321.709961
"2014-03-03",16168.030273
"2014-03-04",16395.880859
"2014-03-05",16360.179688
"2014-03-06",16421.890625
"2014-03-07",16452.720703
"2014-03-10",16418.679688
"2014-03-11",16351.25
"2014-03-12",16340.080078
"2014-03-13",16108.889648
"2014-03-14",16065.669922
"2014-03-17",16247.219727
"2014-03-18",16336.19043
"2014-03-19",16222.169922
"2014-03-20",16331.049805
"2014-03-21",16302.769531
"2014-03-24",16276.69043
"2014-03-25",16367.879883
"2014-03-26",16268.990234
"2014-03-27",16264.230469
"2014-03-28",16323.05957
"2014-03-31",16457.660156
"2014-04-01",16532.609375
"2014-04-02",16573
"2014-04-03",16572.550781
"2014-04-04",16412.710938
"2014-04-07",16245.870117
"2014-04-08",16256.139648
"2014-04-09",16437.179688
"2014-04-10",16170.219727
"2014-04-11",16026.75
"2014-04-14",16173.240234
"2014-04-15",16262.55957
"2014-04-16",16424.849609
"2014-04-17",16408.539063
"2014-04-21",16449.25
"2014-04-22",16514.369141
"2014-04-23",16501.650391
"2014-04-24",16501.650391
"2014-04-25",16361.459961
"2014-04-28",16448.740234
"2014-04-29",16535.369141
"2014-04-30",16580.839844
"2014-05-01",16558.869141
"2014-05-02",16512.890625
"2014-05-05",16530.550781
"2014-05-06",16401.019531
"2014-05-07",16518.539063
"2014-05-08",16550.970703
"2014-05-09",16583.339844
"2014-05-12",16695.470703
"2014-05-13",16715.439453
"2014-05-14",16613.970703
"2014-05-15",16446.810547
"2014-05-16",16491.310547
"2014-05-19",16511.859375
"2014-05-20",16374.30957
"2014-05-21",16533.060547
"2014-05-22",16543.080078
"2014-05-23",16606.269531
"2014-05-27",16675.5
"2014-05-28",16633.179688
"2014-05-29",16698.740234
"2014-05-30",16717.169922
"2014-06-02",16743.630859
"2014-06-03",16722.339844
"2014-06-04",16737.529297
"2014-06-05",16836.109375
"2014-06-06",16924.279297
"2014-06-09",16943.099609
"2014-06-10",16945.919922
"2014-06-11",16843.880859
"2014-06-12",16734.189453
"2014-06-13",16775.740234
"2014-06-16",16781.009766
"2014-06-17",16808.490234
"2014-06-18",16906.619141
"2014-06-19",16921.460938
"2014-06-20",16947.080078
"2014-06-23",16937.259766
"2014-06-24",16818.130859
"2014-06-25",16867.509766
"2014-06-26",16846.130859
"2014-06-27",16851.839844
"2014-06-30",16826.599609
"2014-07-01",16956.070313
"2014-07-02",16976.240234
"2014-07-03",17068.259766
"2014-07-07",17024.210938
"2014-07-08",16906.619141
"2014-07-09",16985.609375
"2014-07-10",16915.070313
"2014-07-11",16943.810547
"2014-07-14",17055.419922
"2014-07-15",17060.679688
"2014-07-16",17138.199219
"2014-07-17",16976.810547
"2014-07-18",17100.179688
"2014-07-21",17051.730469
"2014-07-22",17113.539063
"2014-07-23",17086.630859
"2014-07-24",17083.800781
"2014-07-25",16960.570313
"2014-07-28",16982.589844
"2014-07-29",16912.109375
"2014-07-30",16880.359375
"2014-07-31",16563.300781
"2014-08-01",16493.369141
"2014-08-04",16569.279297
"2014-08-05",16429.470703
"2014-08-06",16443.339844
"2014-08-07",16368.269531
"2014-08-08",16553.929688
"2014-08-11",16569.980469
"2014-08-12",16560.539063
"2014-08-13",16651.800781
"2014-08-14",16713.580078
"2014-08-15",16662.910156
"2014-08-18",16838.740234
"2014-08-19",16919.589844
"2014-08-20",16979.130859
"2014-08-21",17039.490234
"2014-08-22",17001.220703
"2014-08-25",17076.869141
"2014-08-26",17106.699219
"2014-08-27",17122.009766
"2014-08-28",17079.570313
"2014-08-29",17098.449219
"2014-09-02",17067.560547
"2014-09-03",17078.279297
"2014-09-04",17069.580078
"2014-09-05",17137.359375
"2014-09-08",17111.419922
"2014-09-09",17013.869141
"2014-09-10",17068.710938
"2014-09-11",17049
"2014-09-12",16987.509766
"2014-09-15",17031.140625
"2014-09-16",17131.970703
"2014-09-17",17156.849609
"2014-09-18",17265.990234
"2014-09-19",17279.740234
"2014-09-22",17172.679688
"2014-09-23",17055.869141
"2014-09-24",17210.060547
"2014-09-25",16945.800781
"2014-09-26",17113.150391
"2014-09-29",17071.220703
"2014-09-30",17042.900391
"2014-10-01",16804.710938
"2014-10-02",16801.050781
"2014-10-03",17009.689453
"2014-10-06",16991.910156
"2014-10-07",16719.390625
"2014-10-08",16994.220703
"2014-10-09",16659.25
"2014-10-10",16544.099609
"2014-10-13",16321.070313
"2014-10-14",16315.19043
"2014-10-15",16141.740234
"2014-10-16",16117.240234
"2014-10-17",16380.410156
"2014-10-20",16399.669922
"2014-10-21",16614.810547
"2014-10-22",16461.320313
"2014-10-23",16677.900391
"2014-10-24",16805.410156
"2014-10-27",16817.939453
"2014-10-28",17005.75
"2014-10-29",16974.310547
"2014-10-30",17195.419922
"2014-10-31",17390.519531
"2014-11-03",17366.240234
"2014-11-04",17383.839844
"2014-11-05",17484.529297
"2014-11-06",17554.470703
"2014-11-07",17573.929688
"2014-11-10",17613.740234
"2014-11-11",17614.900391
"2014-11-12",17612.199219
"2014-11-13",17652.789063
"2014-11-14",17634.740234
"2014-11-17",17647.75
"2014-11-18",17687.820313
"2014-11-19",17685.730469
"2014-11-20",17719
"2014-11-21",17810.060547
"2014-11-24",17817.900391
"2014-11-25",17814.939453
"2014-11-26",17827.75
"2014-11-28",17828.240234
"2014-12-01",17776.800781
"2014-12-02",17879.550781
"2014-12-03",17912.619141
"2014-12-04",17900.099609
"2014-12-05",17958.789063
"2014-12-08",17852.480469
"2014-12-09",17801.199219
"2014-12-10",17533.150391
"2014-12-11",17596.339844
"2014-12-12",17280.830078
"2014-12-15",17180.839844
"2014-12-16",17068.869141
"2014-12-17",17356.869141
"2014-12-18",17778.150391
"2014-12-19",17804.800781
"2014-12-22",17959.439453
"2014-12-23",18024.169922
"2014-12-24",18030.210938
"2014-12-26",18053.710938
"2014-12-29",18038.230469
"2014-12-30",17983.070313
"2014-12-31",17823.070313
"2015-01-02",17832.990234
"2015-01-05",17501.650391
"2015-01-06",17371.640625
"2015-01-07",17584.519531
"2015-01-08",17907.869141
"2015-01-09",17737.369141
"2015-01-12",17640.839844
"2015-01-13",17613.679688
"2015-01-14",17427.089844
"2015-01-15",17320.710938
"2015-01-16",17511.570313
"2015-01-20",17515.230469
"2015-01-21",17554.279297
"2015-01-22",17813.980469
"2015-01-23",17672.599609
"2015-01-26",17678.699219
"2015-01-27",17387.210938
"2015-01-28",17191.369141
"2015-01-29",17416.849609
"2015-01-30",17164.949219
"2015-02-02",17361.039063
"2015-02-03",17666.400391
"2015-02-04",17673.019531
"2015-02-05",17884.880859
"2015-02-06",17824.289063
"2015-02-09",17729.210938
"2015-02-10",17868.759766
"2015-02-11",17862.140625
"2015-02-12",17972.380859
"2015-02-13",18019.349609
"2015-02-17",18047.580078
"2015-02-18",18029.849609
"2015-02-19",17985.769531
"2015-02-20",18140.439453
"2015-02-23",18116.839844
"2015-02-24",18209.189453
"2015-02-25",18224.570313
"2015-02-26",18214.419922
"2015-02-27",18132.699219
"2015-03-02",18288.630859
"2015-03-03",18203.369141
"2015-03-04",18096.900391
"2015-03-05",18135.720703
"2015-03-06",17856.779297
"2015-03-09",17995.720703
"2015-03-10",17662.939453
"2015-03-11",17635.390625
"2015-03-12",17895.220703
"2015-03-13",17749.310547
"2015-03-16",17977.419922
"2015-03-17",17849.080078
"2015-03-18",18076.189453
"2015-03-19",17959.029297
"2015-03-20",18127.650391
"2015-03-23",18116.039063
"2015-03-24",18011.140625
"2015-03-25",17718.539063
"2015-03-26",17678.230469
"2015-03-27",17712.660156
"2015-03-30",17976.310547
"2015-03-31",17776.119141
"2015-04-01",17698.179688
"2015-04-02",17763.240234
"2015-04-06",17880.849609
"2015-04-07",17875.419922
"2015-04-08",17902.509766
"2015-04-09",17958.730469
"2015-04-10",18057.650391
"2015-04-13",17977.039063
"2015-04-14",18036.699219
"2015-04-15",18112.609375
"2015-04-16",18105.769531
"2015-04-17",17826.300781
"2015-04-20",18034.929688
"2015-04-21",17949.589844
"2015-04-22",18038.269531
"2015-04-23",18058.689453
"2015-04-24",18080.140625
"2015-04-27",18037.970703
"2015-04-28",18110.140625
"2015-04-29",18035.529297
"2015-04-30",17840.519531
"2015-05-01",18024.060547
"2015-05-04",18070.400391
"2015-05-05",17928.199219
"2015-05-06",17841.980469
"2015-05-07",17924.060547
"2015-05-08",18191.109375
"2015-05-11",18105.169922
"2015-05-12",18068.230469
"2015-05-13",18060.490234
"2015-05-14",18252.240234
"2015-05-15",18272.560547
"2015-05-18",18298.880859
"2015-05-19",18312.390625
"2015-05-20",18285.400391
"2015-05-21",18285.740234
"2015-05-22",18232.019531
"2015-05-26",18041.539063
"2015-05-27",18162.990234
"2015-05-28",18126.119141
"2015-05-29",18010.679688
"2015-06-01",18040.369141
"2015-06-02",18011.939453
"2015-06-03",18076.269531
"2015-06-04",17905.580078
"2015-06-05",17849.460938
"2015-06-08",17766.550781
"2015-06-09",17764.039063
"2015-06-10",18000.400391
"2015-06-11",18039.369141
"2015-06-12",17898.839844
"2015-06-15",17791.169922
"2015-06-16",17904.480469
"2015-06-17",17935.740234
"2015-06-18",18115.839844
"2015-06-19",18015.949219
"2015-06-22",18119.779297
"2015-06-23",18144.070313
"2015-06-24",17966.070313
"2015-06-25",17890.359375
"2015-06-26",17946.679688
"2015-06-29",17596.349609
"2015-06-30",17619.509766
"2015-07-01",17757.910156
"2015-07-02",17730.109375
"2015-07-06",17683.580078
"2015-07-07",17776.910156
"2015-07-08",17515.419922
"2015-07-09",17548.619141
"2015-07-10",17760.410156
"2015-07-13",17977.679688
"2015-07-14",18053.580078
"2015-07-15",18050.169922
"2015-07-16",18120.25
"2015-07-17",18086.449219
"2015-07-20",18100.410156
"2015-07-21",17919.289063
"2015-07-22",17851.039063
"2015-07-23",17731.919922
"2015-07-24",17568.529297
"2015-07-27",17440.589844
"2015-07-28",17630.269531
"2015-07-29",17751.390625
"2015-07-30",17745.980469
"2015-07-31",17689.859375
"2015-08-03",17598.199219
"2015-08-04",17550.689453
"2015-08-05",17540.470703
"2015-08-06",17419.75
"2015-08-07",17373.380859
"2015-08-10",17615.169922
"2015-08-11",17402.839844
"2015-08-12",17402.509766
"2015-08-13",17408.25
"2015-08-14",17477.400391
"2015-08-17",17545.179688
"2015-08-18",17511.339844
"2015-08-19",17348.730469
"2015-08-20",16990.689453
"2015-08-21",16459.75
"2015-08-24",15871.349609
"2015-08-25",15666.44043
"2015-08-26",16285.509766
"2015-08-27",16654.769531
"2015-08-28",16643.009766
"2015-08-31",16528.029297
"2015-09-01",16058.349609
"2015-09-02",16351.379883
"2015-09-03",16374.759766
"2015-09-04",16102.379883
"2015-09-08",16492.679688
"2015-09-09",16253.570313
"2015-09-10",16330.400391
"2015-09-11",16433.089844
"2015-09-14",16370.959961
"2015-09-15",16599.849609
"2015-09-16",16739.949219
"2015-09-17",16674.740234
"2015-09-18",16384.580078
"2015-09-21",16510.189453
"2015-09-22",16330.469727
"2015-09-23",16279.889648
"2015-09-24",16201.320313
"2015-09-25",16314.669922
"2015-09-28",16001.889648
"2015-09-29",16049.129883
"2015-09-30",16284.700195
"2015-10-01",16272.009766
"2015-10-02",16472.369141
"2015-10-05",16776.429688
"2015-10-06",16790.189453
"2015-10-07",16912.289063
"2015-10-08",17050.75
"2015-10-09",17084.490234
"2015-10-12",17131.859375
"2015-10-13",17081.890625
"2015-10-14",16924.75
"2015-10-15",17141.75
"2015-10-16",17215.970703
"2015-10-19",17230.539063
"2015-10-20",17217.109375
"2015-10-21",17168.609375
"2015-10-22",17489.160156
"2015-10-23",17646.699219
"2015-10-26",17623.050781
"2015-10-27",17581.429688
"2015-10-28",17779.519531
"2015-10-29",17755.800781
"2015-10-30",17663.539063
"2015-11-02",17828.759766
"2015-11-03",17918.150391
"2015-11-04",17867.580078
"2015-11-05",17863.429688
"2015-11-06",17910.330078
"2015-11-09",17730.480469
"2015-11-10",17758.210938
"2015-11-11",17702.220703
"2015-11-12",17448.070313
"2015-11-13",17245.240234
"2015-11-16",17483.009766
"2015-11-17",17489.5
"2015-11-18",17737.160156
"2015-11-19",17732.75
"2015-11-20",17823.810547
"2015-11-23",17792.679688
"2015-11-24",17812.189453
"2015-11-25",17813.390625
"2015-11-27",17813.390625
"2015-11-30",17719.919922
"2015-12-01",17888.349609
"2015-12-02",17729.679688
"2015-12-03",17477.669922
"2015-12-04",17847.630859
"2015-12-07",17730.509766
"2015-12-08",17568
"2015-12-09",17492.300781
"2015-12-10",17574.75
"2015-12-11",17265.210938
"2015-12-14",17368.5
"2015-12-15",17524.910156
"2015-12-16",17749.089844
"2015-12-17",17495.839844
"2015-12-18",17128.550781
"2015-12-21",17251.619141
"2015-12-22",17417.269531
"2015-12-23",17602.609375
"2015-12-24",17552.169922
"2015-12-28",17528.269531
"2015-12-29",17720.980469
"2015-12-30",17603.869141
"2015-12-31",17425.029297
"2016-01-04",17148.939453
"2016-01-05",17158.660156
"2016-01-06",16906.509766
"2016-01-07",16514.099609
"2016-01-08",16346.450195
"2016-01-11",16398.570313
"2016-01-12",16516.220703
"2016-01-13",16151.410156
"2016-01-14",16379.049805
"2016-01-15",15988.080078
"2016-01-19",16016.019531
"2016-01-20",15766.740234
"2016-01-21",15882.679688
"2016-01-22",16093.509766
"2016-01-25",15885.219727
"2016-01-26",16167.230469
"2016-01-27",15944.459961
"2016-01-28",16069.639648
"2016-01-29",16466.300781
"2016-02-01",16449.179688
"2016-02-02",16153.540039
"2016-02-03",16336.660156
"2016-02-04",16416.580078
"2016-02-05",16204.969727
"2016-02-08",16027.049805
"2016-02-09",16014.379883
"2016-02-10",15914.740234
"2016-02-11",15660.179688
"2016-02-12",15973.839844
"2016-02-16",16196.410156
"2016-02-17",16453.830078
"2016-02-18",16413.429688
"2016-02-19",16391.990234
"2016-02-22",16620.660156
"2016-02-23",16431.779297
"2016-02-24",16484.990234
"2016-02-25",16697.289063
"2016-02-26",16639.970703
"2016-02-29",16516.5
"2016-03-01",16865.080078
"2016-03-02",16899.320313
"2016-03-03",16943.900391
"2016-03-04",17006.769531
"2016-03-07",17073.949219
"2016-03-08",16964.099609
"2016-03-09",17000.359375
"2016-03-10",16995.130859
"2016-03-11",17213.310547
"2016-03-14",17229.130859
"2016-03-15",17251.529297
"2016-03-16",17325.759766
"2016-03-17",17481.490234
"2016-03-18",17602.300781
"2016-03-21",17623.869141
"2016-03-22",17582.570313
"2016-03-23",17502.589844
"2016-03-24",17515.730469
"2016-03-28",17535.390625
"2016-03-29",17633.109375
"2016-03-30",17716.660156
"2016-03-31",17685.089844
"2016-04-01",17792.75
"2016-04-04",17737
"2016-04-05",17603.320313
"2016-04-06",17716.050781
"2016-04-07",17541.960938
"2016-04-08",17576.960938
"2016-04-11",17556.410156
"2016-04-12",17721.25
"2016-04-13",17908.279297
"2016-04-14",17926.429688
"2016-04-15",17897.460938
"2016-04-18",18004.160156
"2016-04-19",18053.599609
"2016-04-20",18096.269531
"2016-04-21",17982.519531
"2016-04-22",18003.75
"2016-04-25",17977.240234
"2016-04-26",17990.320313
"2016-04-27",18041.550781
"2016-04-28",17830.759766
"2016-04-29",17773.640625
"2016-05-02",17891.160156
"2016-05-03",17750.910156
"2016-05-04",17651.259766
"2016-05-05",17660.710938
"2016-05-06",17740.630859
"2016-05-09",17705.910156
"2016-05-10",17928.349609
"2016-05-11",17711.119141
"2016-05-12",17720.5
"2016-05-13",17535.320313
"2016-05-16",17710.710938
"2016-05-17",17529.980469
"2016-05-18",17526.619141
"2016-05-19",17435.400391
"2016-05-20",17500.939453
"2016-05-23",17492.929688
"2016-05-24",17706.050781
"2016-05-25",17851.509766
"2016-05-26",17828.289063
"2016-05-27",17873.220703
"2016-05-31",17787.199219
"2016-06-01",17789.669922
"2016-06-02",17838.560547
"2016-06-03",17807.060547
"2016-06-06",17920.330078
"2016-06-07",17938.279297
"2016-06-08",18005.050781
"2016-06-09",17985.189453
"2016-06-10",17865.339844
"2016-06-13",17732.480469
"2016-06-14",17674.820313
"2016-06-15",17640.169922
"2016-06-16",17733.099609
"2016-06-17",17675.160156
"2016-06-20",17804.869141
"2016-06-21",17829.730469
"2016-06-22",17780.830078
"2016-06-23",18011.070313
"2016-06-24",17400.75
"2016-06-27",17140.240234
"2016-06-28",17409.720703
"2016-06-29",17694.679688
"2016-06-30",17929.990234
"2016-07-01",17949.369141
"2016-07-05",17840.619141
"2016-07-06",17918.619141
"2016-07-07",17895.880859
"2016-07-08",18146.740234
"2016-07-11",18226.929688
"2016-07-12",18347.669922
"2016-07-13",18372.119141
"2016-07-14",18506.410156
"2016-07-15",18516.550781
"2016-07-18",18533.050781
"2016-07-19",18559.009766
"2016-07-20",18595.029297
"2016-07-21",18517.230469
"2016-07-22",18570.849609
"2016-07-25",18493.060547
"2016-07-26",18473.75
"2016-07-27",18472.169922
"2016-07-28",18456.349609
"2016-07-29",18432.240234
"2016-08-01",18404.509766
"2016-08-02",18313.769531
"2016-08-03",18355
"2016-08-04",18352.050781
"2016-08-05",18543.529297
"2016-08-08",18529.289063
"2016-08-09",18533.050781
"2016-08-10",18495.660156
"2016-08-11",18613.519531
"2016-08-12",18576.470703
"2016-08-15",18636.050781
"2016-08-16",18552.019531
"2016-08-17",18573.939453
"2016-08-18",18597.699219
"2016-08-19",18552.570313
"2016-08-22",18529.419922
"2016-08-23",18547.300781
"2016-08-24",18481.480469
"2016-08-25",18448.410156
"2016-08-26",18395.400391
"2016-08-29",18502.990234
"2016-08-30",18454.300781
"2016-08-31",18400.880859
"2016-09-01",18419.300781
"2016-09-02",18491.960938
"2016-09-06",18538.119141
"2016-09-07",18526.140625
"2016-09-08",18479.910156
"2016-09-09",18085.449219
"2016-09-12",18325.070313
"2016-09-13",18066.75
"2016-09-14",18034.769531
"2016-09-15",18212.480469
"2016-09-16",18123.800781
"2016-09-19",18120.169922
"2016-09-20",18129.960938
"2016-09-21",18293.699219
"2016-09-22",18392.460938
"2016-09-23",18261.449219
"2016-09-26",18094.830078
"2016-09-27",18228.300781
"2016-09-28",18339.240234
"2016-09-29",18143.449219
"2016-09-30",18308.150391
"2016-10-03",18253.849609
"2016-10-04",18168.449219
"2016-10-05",18281.029297
"2016-10-06",18268.5
"2016-10-07",18240.490234
"2016-10-10",18329.039063
"2016-10-11",18128.660156
"2016-10-12",18144.199219
"2016-10-13",18098.939453
"2016-10-14",18138.380859
"2016-10-17",18086.400391
"2016-10-18",18161.939453
"2016-10-19",18202.619141
"2016-10-20",18162.349609
"2016-10-21",18145.710938
"2016-10-24",18223.029297
"2016-10-25",18169.269531
"2016-10-26",18199.330078
"2016-10-27",18169.679688
"2016-10-28",18161.189453
"2016-10-31",18142.419922
"2016-11-01",18037.099609
"2016-11-02",17959.640625
"2016-11-03",17930.669922
"2016-11-04",17888.279297
"2016-11-07",18259.599609
"2016-11-08",18332.740234
"2016-11-09",18589.689453
"2016-11-10",18807.880859
"2016-11-11",18847.660156
"2016-11-14",18868.689453
"2016-11-15",18923.060547
"2016-11-16",18868.140625
"2016-11-17",18903.820313
"2016-11-18",18867.929688
"2016-11-21",18956.689453
"2016-11-22",19023.869141
"2016-11-23",19083.179688
"2016-11-25",19152.140625
"2016-11-28",19097.900391
"2016-11-29",19121.599609
"2016-11-30",19123.580078
"2016-12-01",19191.929688
"2016-12-02",19170.419922
"2016-12-05",19216.240234
"2016-12-06",19251.779297
"2016-12-07",19549.619141
"2016-12-08",19614.810547
"2016-12-09",19756.849609
"2016-12-12",19796.429688
"2016-12-13",19911.210938
"2016-12-14",19792.529297
"2016-12-15",19852.240234
"2016-12-16",19843.410156
"2016-12-19",19883.060547
"2016-12-20",19974.619141
"2016-12-21",19941.960938
"2016-12-22",19918.880859
"2016-12-23",19933.810547
"2016-12-27",19945.039063
"2016-12-28",19833.679688
"2016-12-29",19819.779297
"2016-12-30",19762.599609
"2017-01-03",19881.759766
"2017-01-04",19942.160156
"2017-01-05",19899.289063
"2017-01-06",19963.800781
"2017-01-09",19887.380859
"2017-01-10",19855.529297
"2017-01-11",19954.279297
"2017-01-12",19891
"2017-01-13",19885.730469
"2017-01-17",19826.769531
"2017-01-18",19804.720703
"2017-01-19",19732.400391
"2017-01-20",19827.25
"2017-01-23",19799.849609
"2017-01-24",19912.710938
"2017-01-25",20068.509766
"2017-01-26",20100.910156
"2017-01-27",20093.779297
"2017-01-30",19971.130859
"2017-01-31",19864.089844
"2017-02-01",19890.939453
"2017-02-02",19884.910156
"2017-02-03",20071.460938
"2017-02-06",20052.419922
"2017-02-07",20090.289063
"2017-02-08",20054.339844
"2017-02-09",20172.400391
"2017-02-10",20269.369141
"2017-02-13",20412.160156
"2017-02-14",20504.410156
"2017-02-15",20611.859375
"2017-02-16",20619.769531
"2017-02-17",20624.050781
"2017-02-21",20743
"2017-02-22",20775.599609
"2017-02-23",20810.320313
"2017-02-24",20821.759766
"2017-02-27",20837.439453
"2017-02-28",20812.240234
"2017-03-01",21115.550781
"2017-03-02",21002.970703
"2017-03-03",21005.710938
"2017-03-06",20954.339844
"2017-03-07",20924.759766
"2017-03-08",20855.730469
"2017-03-09",20858.189453
"2017-03-10",20902.980469
"2017-03-13",20881.480469
"2017-03-14",20837.369141
"2017-03-15",20950.099609
"2017-03-16",20934.550781
"2017-03-17",20914.619141
"2017-03-20",20905.859375
"2017-03-21",20668.009766
"2017-03-22",20661.300781
"2017-03-23",20656.580078
"2017-03-24",20596.720703
"2017-03-27",20550.980469
"2017-03-28",20701.5
"2017-03-29",20659.320313
"2017-03-30",20728.490234
"2017-03-31",20663.220703
"2017-04-03",20650.210938
"2017-04-04",20689.240234
"2017-04-05",20648.150391
"2017-04-06",20662.949219
"2017-04-07",20656.099609
"2017-04-10",20658.019531
"2017-04-11",20651.300781
"2017-04-12",20591.859375
"2017-04-13",20453.25
"2017-04-17",20636.919922
"2017-04-18",20523.279297
"2017-04-19",20404.490234
"2017-04-20",20578.710938
"2017-04-21",20547.759766
"2017-04-24",20763.890625
"2017-04-25",20996.119141
"2017-04-26",20975.089844
"2017-04-27",20981.330078
"2017-04-28",20940.509766
"2017-05-01",20913.460938
"2017-05-02",20949.890625
"2017-05-03",20957.900391
"2017-05-04",20951.470703
"2017-05-05",21006.939453
"2017-05-08",21012.279297
"2017-05-09",20975.779297
"2017-05-10",20943.109375
"2017-05-11",20919.419922
"2017-05-12",20896.609375
"2017-05-15",20981.939453
"2017-05-16",20979.75
"2017-05-17",20606.929688
"2017-05-18",20663.019531
"2017-05-19",20804.839844
"2017-05-22",20894.830078
"2017-05-23",20937.910156
"2017-05-24",21012.419922
"2017-05-25",21082.949219
"2017-05-26",21080.279297
"2017-05-30",21029.470703
"2017-05-31",21008.650391
"2017-06-01",21144.179688
"2017-06-02",21206.289063
"2017-06-05",21184.039063
"2017-06-06",21136.230469
"2017-06-07",21173.689453
"2017-06-08",21182.529297
"2017-06-09",21271.970703
"2017-06-12",21235.669922
"2017-06-13",21328.470703
"2017-06-14",21374.560547
"2017-06-15",21359.900391
"2017-06-16",21384.279297
"2017-06-19",21528.990234
"2017-06-20",21467.140625
"2017-06-21",21410.029297
"2017-06-22",21397.289063
"2017-06-23",21394.759766
"2017-06-26",21409.550781
"2017-06-27",21310.660156
"2017-06-28",21454.609375
"2017-06-29",21287.029297
"2017-06-30",21349.630859
"2017-07-03",21479.269531
"2017-07-05",21478.169922
"2017-07-06",21320.039063
"2017-07-07",21414.339844
"2017-07-10",21408.519531
"2017-07-11",21409.070313
"2017-07-12",21532.140625
"2017-07-13",21553.089844
"2017-07-14",21637.740234
"2017-07-17",21629.720703
"2017-07-18",21574.730469
"2017-07-19",21640.75
"2017-07-20",21611.779297
"2017-07-21",21580.070313
"2017-07-24",21513.169922
"2017-07-25",21613.429688
"2017-07-26",21711.009766
"2017-07-27",21796.550781
"2017-07-28",21830.310547
"2017-07-31",21891.119141
"2017-08-01",21963.919922
"2017-08-02",22016.240234
"2017-08-03",22026.099609
"2017-08-04",22092.810547
"2017-08-07",22118.419922
"2017-08-08",22085.339844
"2017-08-09",22048.699219
"2017-08-10",21844.009766
"2017-08-11",21858.320313
"2017-08-14",21993.710938
"2017-08-15",21998.990234
"2017-08-16",22024.869141
"2017-08-17",21750.730469
"2017-08-18",21674.509766
"2017-08-21",21703.75
"2017-08-22",21899.890625
"2017-08-23",21812.089844
"2017-08-24",21783.400391
"2017-08-25",21813.669922
"2017-08-28",21808.400391
"2017-08-29",21865.369141
"2017-08-30",21892.429688
"2017-08-31",21948.099609
"2017-09-01",21987.560547
"2017-09-05",21753.310547
"2017-09-06",21807.640625
"2017-09-07",21784.779297
"2017-09-08",21797.789063
"2017-09-11",22057.369141
"2017-09-12",22118.859375
"2017-09-13",22158.179688
"2017-09-14",22203.480469
"2017-09-15",22268.339844
"2017-09-18",22331.349609
"2017-09-19",22370.800781
"2017-09-20",22412.589844
"2017-09-21",22359.230469
"2017-09-22",22349.589844
"2017-09-25",22296.089844
"2017-09-26",22284.320313
"2017-09-27",22340.710938
"2017-09-28",22381.199219
"2017-09-29",22405.089844
"2017-10-02",22557.599609
"2017-10-03",22641.669922
"2017-10-04",22661.640625
"2017-10-05",22775.390625
"2017-10-06",22773.669922
"2017-10-09",22761.070313
"2017-10-10",22830.679688
"2017-10-11",22872.890625
"2017-10-12",22841.009766
"2017-10-13",22871.720703
"2017-10-16",22956.960938
"2017-10-17",22997.439453
"2017-10-18",23157.599609
"2017-10-19",23163.039063
"2017-10-20",23328.630859
"2017-10-23",23273.960938
"2017-10-24",23441.759766
"2017-10-25",23329.460938
"2017-10-26",23400.859375
"2017-10-27",23434.189453
"2017-10-30",23348.740234
"2017-10-31",23377.240234
"2017-11-01",23435.009766
"2017-11-02",23516.259766
"2017-11-03",23539.189453
"2017-11-06",23548.419922
"2017-11-07",23557.230469
"2017-11-08",23563.359375
"2017-11-09",23461.939453
"2017-11-10",23422.210938
"2017-11-13",23439.699219
"2017-11-14",23409.470703
"2017-11-15",23271.279297
"2017-11-16",23458.359375
"2017-11-17",23358.240234
"2017-11-20",23430.330078
"2017-11-21",23590.830078
"2017-11-22",23526.179688
"2017-11-24",23557.990234
"2017-11-27",23580.779297
"2017-11-28",23836.710938
"2017-11-29",23940.679688
"2017-11-30",24272.349609
"2017-12-01",24231.589844
"2017-12-04",24290.050781
"2017-12-05",24180.640625
"2017-12-06",24140.910156
"2017-12-07",24211.480469
"2017-12-08",24329.160156
"2017-12-11",24386.029297
"2017-12-12",24504.800781
"2017-12-13",24585.429688
"2017-12-14",24508.660156
"2017-12-15",24651.740234
"2017-12-18",24792.199219
"2017-12-19",24754.75
"2017-12-20",24726.650391
"2017-12-21",24782.289063
"2017-12-22",24754.060547
"2017-12-26",24746.210938
"2017-12-27",24774.300781
"2017-12-28",24837.509766
"2017-12-29",24719.220703
"2018-01-02",24824.009766
"2018-01-03",24922.679688
"2018-01-04",25075.130859
"2018-01-05",25295.869141
"2018-01-08",25283
"2018-01-09",25385.800781
"2018-01-10",25369.130859
"2018-01-11",25574.730469
"2018-01-12",25803.189453
"2018-01-16",25792.859375
"2018-01-17",26115.650391
"2018-01-18",26017.810547
"2018-01-19",26071.720703
"2018-01-22",26214.599609
"2018-01-23",26210.810547
"2018-01-24",26252.119141
"2018-01-25",26392.789063
"2018-01-26",26616.710938
"2018-01-29",26439.480469
"2018-01-30",26076.890625
"2018-01-31",26149.390625
"2018-02-01",26186.710938
"2018-02-02",25520.960938
"2018-02-05",24345.75
"2018-02-06",24912.769531
"2018-02-07",24893.349609
"2018-02-08",23860.460938
"2018-02-09",24190.900391
"2018-02-12",24601.269531
"2018-02-13",24640.449219
"2018-02-14",24893.490234
"2018-02-15",25200.369141
"2018-02-16",25219.380859
"2018-02-20",24964.75
"2018-02-21",24797.779297
"2018-02-22",24962.480469
"2018-02-23",25309.990234
"2018-02-26",25709.269531
"2018-02-27",25410.029297
"2018-02-28",25029.199219
"2018-03-01",24608.980469
"2018-03-02",24538.060547
"2018-03-05",24874.759766
"2018-03-06",24884.119141
"2018-03-07",24801.359375
"2018-03-08",24895.210938
"2018-03-09",25335.740234
"2018-03-12",25178.609375
"2018-03-13",25007.029297
"2018-03-14",24758.119141
"2018-03-15",24873.660156
"2018-03-16",24946.509766
"2018-03-19",24610.910156
"2018-03-20",24727.269531
"2018-03-21",24682.310547
"2018-03-22",23957.890625
"2018-03-23",23533.199219
"2018-03-26",24202.599609
"2018-03-27",23857.710938
"2018-03-28",23848.419922
"2018-03-29",24103.109375
"2018-04-02",23644.189453
"2018-04-03",24033.359375
"2018-04-04",24264.300781
"2018-04-05",24505.220703
"2018-04-06",23932.759766
"2018-04-09",23979.099609
"2018-04-10",24408
"2018-04-11",24189.449219
"2018-04-12",24483.050781
"2018-04-13",24360.140625
"2018-04-16",24573.039063
"2018-04-17",24786.630859
"2018-04-18",24748.070313
"2018-04-19",24664.890625
"2018-04-20",24462.939453
"2018-04-23",24448.689453
"2018-04-24",24024.130859
"2018-04-25",24083.830078
"2018-04-26",24322.339844
"2018-04-27",24311.189453
"2018-04-30",24163.150391
"2018-05-01",24099.050781
"2018-05-02",23924.980469
"2018-05-03",23930.150391
"2018-05-04",24262.509766
"2018-05-07",24357.320313
"2018-05-08",24360.210938
"2018-05-09",24542.539063
"2018-05-10",24739.529297
"2018-05-11",24831.169922
"2018-05-14",24899.410156
"2018-05-15",24706.410156
"2018-05-16",24768.929688
"2018-05-17",24713.980469
"2018-05-18",24715.089844
"2018-05-21",25013.289063
"2018-05-22",24834.410156
"2018-05-23",24886.810547
"2018-05-24",24811.759766
"2018-05-25",24753.089844
"2018-05-29",24361.449219
"2018-05-30",24667.779297
"2018-05-31",24415.839844
"2018-06-01",24635.210938
"2018-06-04",24813.689453
"2018-06-05",24799.980469
"2018-06-06",25146.390625
"2018-06-07",25241.410156
"2018-06-08",25316.529297
"2018-06-11",25322.310547
"2018-06-12",25320.730469
"2018-06-13",25201.199219
"2018-06-14",25175.310547
"2018-06-15",25090.480469
"2018-06-18",24987.470703
"2018-06-19",24700.210938
"2018-06-20",24657.800781
"2018-06-21",24461.699219
"2018-06-22",24580.890625
"2018-06-25",24252.800781
"2018-06-26",24283.109375
"2018-06-27",24117.589844
"2018-06-28",24216.050781
"2018-06-29",24271.410156
"2018-07-02",24307.179688
"2018-07-03",24174.820313
"2018-07-05",24356.740234
"2018-07-06",24456.480469
"2018-07-09",24776.589844
"2018-07-10",24919.660156
"2018-07-11",24700.449219
"2018-07-12",24924.890625
"2018-07-13",25019.410156
"2018-07-16",25064.359375
"2018-07-17",25119.890625
"2018-07-18",25199.289063
"2018-07-19",25064.5
"2018-07-20",25058.119141
"2018-07-23",25044.289063
"2018-07-24",25241.939453
"2018-07-25",25414.099609
"2018-07-26",25527.070313
"2018-07-27",25451.060547
"2018-07-30",25306.830078
"2018-07-31",25415.189453
"2018-08-01",25333.820313
"2018-08-02",25326.160156
"2018-08-03",25462.580078
"2018-08-06",25502.179688
"2018-08-07",25628.910156
"2018-08-08",25583.75
"2018-08-09",25509.230469
"2018-08-10",25313.140625
"2018-08-13",25187.699219
"2018-08-14",25299.919922
"2018-08-15",25162.410156
"2018-08-16",25558.730469
"2018-08-17",25669.320313
"2018-08-20",25758.689453
"2018-08-21",25822.289063
"2018-08-22",25733.599609
"2018-08-23",25656.980469
"2018-08-24",25790.349609
"2018-08-27",26049.640625
"2018-08-28",26064.019531
"2018-08-29",26124.570313
"2018-08-30",25986.919922
"2018-08-31",25964.820313
"2018-09-04",25952.480469
"2018-09-05",25974.990234
"2018-09-06",25995.869141
"2018-09-07",25916.539063
"2018-09-10",25857.070313
"2018-09-11",25971.060547
"2018-09-12",25998.919922
"2018-09-13",26145.990234
"2018-09-14",26154.669922
"2018-09-17",26062.119141
"2018-09-18",26246.960938
"2018-09-19",26405.759766
"2018-09-20",26656.980469
"2018-09-21",26743.5
"2018-09-24",26562.050781
"2018-09-25",26492.210938
"2018-09-26",26385.279297
"2018-09-27",26439.929688
"2018-09-28",26458.310547
"2018-10-01",26651.210938
"2018-10-02",26773.939453
"2018-10-03",26828.390625
"2018-10-04",26627.480469
"2018-10-05",26447.050781
"2018-10-08",26486.779297
"2018-10-09",26430.570313
"2018-10-10",25598.740234
"2018-10-11",25052.830078
"2018-10-12",25339.990234
"2018-10-15",25250.550781
"2018-10-16",25798.419922
"2018-10-17",25706.679688
"2018-10-18",25379.449219
"2018-10-19",25444.339844
"2018-10-22",25317.410156
"2018-10-23",25191.429688
"2018-10-24",24583.419922
"2018-10-25",24984.550781
"2018-10-26",24688.310547
"2018-10-29",24442.919922
"2018-10-30",24874.640625
"2018-10-31",25115.759766
"2018-11-01",25380.740234
"2018-11-02",25270.830078
"2018-11-05",25461.699219
"2018-11-06",25635.009766
"2018-11-07",26180.300781
"2018-11-08",26191.220703
"2018-11-09",25989.300781
"2018-11-12",25387.179688
"2018-11-13",25286.490234
"2018-11-14",25080.5
"2018-11-15",25289.269531
"2018-11-16",25413.220703
"2018-11-19",25017.439453
"2018-11-20",24465.640625
"2018-11-21",24464.689453
"2018-11-23",24285.949219
"2018-11-26",24640.240234
"2018-11-27",24748.730469
"2018-11-28",25366.429688
"2018-11-29",25338.839844
"2018-11-30",25538.460938
"2018-12-03",25826.429688
"2018-12-04",25027.070313
"2018-12-06",24947.669922
"2018-12-07",24388.949219
"2018-12-10",24423.259766
"2018-12-11",24370.240234
"2018-12-12",24527.269531
"2018-12-13",24597.380859
"2018-12-14",24100.509766
"2018-12-17",23592.980469
"2018-12-18",23675.640625
"2018-12-19",23323.660156
"2018-12-20",22859.599609
"2018-12-21",22445.369141
"2018-12-24",21792.199219
"2018-12-26",22878.449219
"2018-12-27",23138.820313
"2018-12-28",23062.400391
"2018-12-31",23327.460938
"2019-01-02",23346.240234
"2019-01-03",22686.220703
"2019-01-04",23433.160156
"2019-01-07",23531.349609
"2019-01-08",23787.449219
"2019-01-09",23879.119141
"2019-01-10",24001.919922
"2019-01-11",23995.949219
"2019-01-14",23909.839844
"2019-01-15",24065.589844
"2019-01-16",24207.160156
"2019-01-17",24370.099609
"2019-01-18",24706.349609
"2019-01-22",24404.480469
"2019-01-23",24575.619141
"2019-01-24",24553.240234
"2019-01-25",24737.199219
"2019-01-28",24528.220703
"2019-01-29",24579.960938
"2019-01-30",25014.859375
"2019-01-31",24999.669922
"2019-02-01",25063.890625
"2019-02-04",25239.369141
"2019-02-05",25411.519531
"2019-02-06",25390.300781
"2019-02-07",25169.529297
"2019-02-08",25106.330078
"2019-02-11",25053.109375
"2019-02-12",25425.759766
"2019-02-13",25543.269531
"2019-02-14",25439.390625
"2019-02-15",25883.25
"2019-02-19",25891.320313
"2019-02-20",25954.439453
"2019-02-21",25850.630859
"2019-02-22",26031.810547
"2019-02-25",26091.949219
"2019-02-26",26057.980469
"2019-02-27",25985.160156
"2019-02-28",25916
"2019-03-01",26026.320313
"2019-03-04",25819.650391
"2019-03-05",25806.630859
"2019-03-06",25673.460938
"2019-03-07",25473.230469
"2019-03-08",25450.240234
"2019-03-11",25650.880859
"2019-03-12",25554.660156
"2019-03-13",25702.890625
"2019-03-14",25709.939453
"2019-03-15",25848.869141
"2019-03-18",25914.099609
"2019-03-19",25887.380859
"2019-03-20",25745.669922
"2019-03-21",25962.509766
"2019-03-22",25502.320313
"2019-03-25",25516.830078
"2019-03-26",25657.730469
"2019-03-27",25625.589844
"2019-03-28",25717.460938
"2019-03-29",25928.679688
"2019-04-01",26258.419922
"2019-04-02",26179.130859
"2019-04-03",26218.130859
"2019-04-04",26384.630859
"2019-04-05",26424.990234
"2019-04-08",26341.019531
"2019-04-09",26150.580078
"2019-04-10",26157.160156
"2019-04-11",26143.050781
"2019-04-12",26412.300781
"2019-04-15",26384.769531
"2019-04-16",26452.660156
"2019-04-17",26449.539063
"2019-04-18",26559.539063
"2019-04-22",26511.050781
"2019-04-23",26656.390625
"2019-04-24",26597.050781
"2019-04-25",26462.080078
"2019-04-26",26543.330078
"2019-04-29",26554.390625
"2019-04-30",26592.910156
"2019-05-01",26430.140625
"2019-05-02",26307.789063
"2019-05-03",26504.949219
"2019-05-06",26438.480469
"2019-05-07",25965.089844
"2019-05-08",25967.330078
"2019-05-09",25828.359375
"2019-05-10",25942.369141
"2019-05-13",25324.990234
"2019-05-14",25532.050781
"2019-05-15",25648.019531
"2019-05-16",25862.679688
"2019-05-17",25764
"2019-05-20",25679.900391
"2019-05-21",25877.330078
"2019-05-22",25776.609375
"2019-05-23",25490.470703
"2019-05-24",25585.689453
"2019-05-28",25347.769531
"2019-05-29",25126.410156
"2019-05-30",25169.880859
"2019-05-31",24815.039063
"2019-06-03",24819.779297
"2019-06-04",25332.179688
"2019-06-05",25539.570313
"2019-06-06",25720.660156
"2019-06-07",25983.939453
"2019-06-10",26062.679688
"2019-06-11",26048.509766
"2019-06-12",26004.830078
"2019-06-13",26106.769531
"2019-06-14",26089.609375
"2019-06-17",26112.529297
"2019-06-18",26465.539063
"2019-06-19",26504
"2019-06-20",26753.169922
"2019-06-21",26719.130859
"2019-06-24",26727.539063
"2019-06-25",26548.220703
"2019-06-26",26536.820313
"2019-06-27",26526.580078
"2019-06-28",26599.960938
"2019-07-01",26717.429688
"2019-07-02",26786.679688
"2019-07-03",26966
"2019-07-05",26922.119141
"2019-07-08",26806.140625
"2019-07-09",26783.490234
"2019-07-10",26860.199219
"2019-07-11",27088.080078
"2019-07-12",27332.029297
"2019-07-15",27359.160156
"2019-07-16",27335.630859
"2019-07-17",27219.849609
"2019-07-18",27222.970703
"2019-07-19",27154.199219
"2019-07-22",27171.900391
"2019-07-23",27349.189453
"2019-07-24",27269.970703
"2019-07-25",27140.980469
"2019-07-26",27192.449219
"2019-07-29",27221.349609
"2019-07-30",27198.019531
"2019-07-31",26864.269531
"2019-08-01",26583.419922
"2019-08-02",26485.009766
"2019-08-05",25717.740234
"2019-08-06",26029.519531
"2019-08-07",26007.070313
"2019-08-08",26378.189453
"2019-08-09",26287.439453
"2019-08-12",25896.439453
"2019-08-13",26279.910156
"2019-08-14",25479.419922
"2019-08-15",25579.390625
"2019-08-16",25886.009766
"2019-08-19",26135.789063
"2019-08-20",25962.439453
"2019-08-21",26202.730469
"2019-08-22",26252.240234
"2019-08-23",25628.900391
"2019-08-26",25898.830078
"2019-08-27",25777.900391
"2019-08-28",26036.099609
"2019-08-29",26362.25
"2019-08-30",26403.279297
"2019-09-03",26118.019531
"2019-09-04",26355.470703
"2019-09-05",26728.150391
"2019-09-06",26797.460938
"2019-09-09",26835.509766
"2019-09-10",26909.429688
"2019-09-11",27137.039063
"2019-09-12",27182.449219
"2019-09-13",27219.519531
"2019-09-16",27076.820313
"2019-09-17",27110.800781
"2019-09-18",27147.080078
"2019-09-19",27094.789063
"2019-09-20",26935.070313
"2019-09-23",26949.990234
"2019-09-24",26807.769531
"2019-09-25",26970.710938
"2019-09-26",26891.119141
"2019-09-27",26820.25
"2019-09-30",26916.830078
"2019-10-01",26573.039063
"2019-10-02",26078.619141
"2019-10-03",26201.039063
"2019-10-04",26573.720703
"2019-10-07",26478.019531
"2019-10-08",26164.039063
"2019-10-09",26346.009766
"2019-10-10",26496.669922
"2019-10-11",26816.589844
"2019-10-14",26787.359375
"2019-10-15",27024.800781
"2019-10-16",27001.980469
"2019-10-17",27025.880859
"2019-10-18",26770.199219
"2019-10-21",26827.640625
"2019-10-22",26788.099609
"2019-10-23",26833.949219
"2019-10-24",26805.529297
"2019-10-25",26958.060547
"2019-10-28",27090.720703
"2019-10-29",27071.460938
"2019-10-30",27186.689453
"2019-10-31",27046.230469
"2019-11-01",27347.359375
"2019-11-04",27462.109375
"2019-11-05",27492.630859
"2019-11-06",27492.560547
"2019-11-07",27674.800781
"2019-11-08",27681.240234
"2019-11-11",27691.490234
"2019-11-12",27691.490234
"2019-11-13",27783.589844
"2019-11-14",27781.960938
"2019-11-15",28004.890625
"2019-11-18",28036.220703
"2019-11-19",27934.019531
"2019-11-20",27821.089844
"2019-11-21",27766.289063
"2019-11-22",27875.619141
"2019-11-25",28066.470703
"2019-11-26",28121.679688
"2019-11-27",28164
"2019-11-29",28051.410156
"2019-12-02",27783.039063
"2019-12-03",27502.810547
"2019-12-04",27649.779297
"2019-12-05",27677.789063
"2019-12-06",28015.060547
"2019-12-09",27909.599609
"2019-12-10",27881.720703
"2019-12-11",27911.300781
"2019-12-12",28132.050781
"2019-12-13",28135.380859
"2019-12-16",28235.890625
"2019-12-17",28267.160156
"2019-12-18",28239.279297
"2019-12-19",28376.960938
"2019-12-20",28455.089844
"2019-12-23",28551.529297
"2019-12-24",28515.449219
"2019-12-26",28621.390625
"2019-12-27",28645.259766
"2019-12-30",28462.140625
"2019-12-31",28538.439453
"2020-01-02",28868.800781
"2020-01-03",28634.880859
"2020-01-06",28703.380859
"2020-01-07",28583.679688
"2020-01-08",28745.089844
"2020-01-09",28956.900391
"2020-01-10",28823.769531
"2020-01-13",28907.050781
"2020-01-14",28939.669922
"2020-01-15",29030.220703
"2020-01-16",29297.640625
"2020-01-17",29348.099609
"2020-01-21",29196.039063
"2020-01-22",29186.269531
"2020-01-23",29160.089844
"2020-01-24",28989.730469
"2020-01-27",28535.800781
"2020-01-28",28722.849609
"2020-01-29",28734.449219
"2020-01-30",28859.439453
"2020-01-31",28256.029297
"2020-02-03",28399.810547
"2020-02-04",28807.630859
"2020-02-05",29290.849609
"2020-02-06",29379.769531
"2020-02-07",29102.509766
"2020-02-10",29276.820313
"2020-02-11",29276.339844
"2020-02-12",29551.419922
"2020-02-13",29423.310547
"2020-02-14",29398.080078
"2020-02-18",29232.189453
"2020-02-19",29348.029297
"2020-02-20",29219.980469
"2020-02-21",28992.410156
"2020-02-24",27960.800781
"2020-02-25",27081.359375
"2020-02-26",26957.589844
"2020-02-27",25766.640625
"2020-02-28",25409.359375
"2020-03-02",26703.320313
"2020-03-03",25917.410156
"2020-03-04",27090.859375
"2020-03-05",26121.279297
"2020-03-06",25864.779297
"2020-03-09",23851.019531
"2020-03-10",25018.160156
"2020-03-11",23553.220703
"2020-03-12",21200.619141
"2020-03-13",23185.619141
"2020-03-16",20188.519531
"2020-03-17",21237.380859
"2020-03-18",19898.919922
"2020-03-19",20087.189453
"2020-03-20",19173.980469
"2020-03-23",18591.929688
"2020-03-24",20704.910156
"2020-03-25",21200.550781
"2020-03-26",22552.169922
"2020-03-27",21636.779297
"2020-03-30",22327.480469
"2020-03-31",21917.160156
"2020-04-01",20943.509766
"2020-04-02",21413.439453
"2020-04-03",21052.529297
"2020-04-06",22679.990234
"2020-04-07",22653.859375
"2020-04-08",23433.570313
"2020-04-09",23719.369141
"2020-04-13",23390.769531
"2020-04-14",23949.759766
"2020-04-15",23504.349609
"2020-04-16",23537.679688
"2020-04-17",24242.490234
"2020-04-20",23650.439453
"2020-04-21",23018.880859
"2020-04-22",23475.820313
"2020-04-23",23515.259766
"2020-04-24",23775.269531
"2020-04-27",24133.779297
"2020-04-28",24101.550781
"2020-04-29",24633.859375
"2020-04-30",24345.720703
"2020-05-01",23723.689453
"2020-05-04",23749.759766
"2020-05-05",23883.089844
"2020-05-06",23664.640625
"2020-05-07",23875.890625
"2020-05-08",24331.320313
"2020-05-11",24221.990234
"2020-05-12",23764.779297
"2020-05-13",23247.970703
"2020-05-14",23625.339844
"2020-05-15",23685.419922
"2020-05-18",24597.369141
"2020-05-19",24206.859375
"2020-05-20",24575.900391
"2020-05-21",24474.119141
"2020-05-22",24465.160156
"2020-05-26",24995.109375
"2020-05-27",25548.269531
"2020-05-28",25400.640625
"2020-05-29",25383.109375
"2020-06-01",25475.019531
"2020-06-02",25742.650391
"2020-06-03",26269.890625
"2020-06-04",26281.820313
"2020-06-05",27110.980469
"2020-06-08",27572.439453
"2020-06-09",27272.300781
"2020-06-10",26989.990234
"2020-06-11",25128.169922
"2020-06-12",25605.539063
"2020-06-15",25763.160156
"2020-06-16",26289.980469
"2020-06-17",26119.609375
"2020-06-18",26080.099609
"2020-06-19",25871.460938
"2020-06-22",26024.960938
"2020-06-23",26156.099609
"2020-06-24",25445.939453
"2020-06-25",25745.599609
"2020-06-26",25015.550781
"2020-06-29",25595.800781
"2020-06-30",25812.880859
"2020-07-01",25734.970703
"2020-07-02",25827.359375
"2020-07-06",26287.029297
"2020-07-07",25890.179688
"2020-07-08",26067.279297
"2020-07-09",25706.089844
"2020-07-10",26075.300781
"2020-07-13",26085.800781
"2020-07-14",26642.589844
"2020-07-15",26870.099609
"2020-07-16",26734.710938
"2020-07-17",26671.949219
"2020-07-20",26680.869141
"2020-07-21",26840.400391
"2020-07-22",27005.839844
"2020-07-23",26652.330078
"2020-07-24",26469.890625
"2020-07-27",26584.769531
"2020-07-28",26379.279297
"2020-07-29",26539.570313
"2020-07-30",26313.650391
"2020-07-31",26428.320313
"2020-08-03",26664.400391
"2020-08-04",26828.470703
"2020-08-05",27201.519531
"2020-08-06",27386.980469
"2020-08-07",27433.480469
"2020-08-10",27791.439453
"2020-08-11",27686.910156
"2020-08-12",27976.839844
"2020-08-13",27896.720703
"2020-08-14",27931.019531
"2020-08-17",27844.910156
"2020-08-18",27778.070313
"2020-08-19",27692.880859
"2020-08-20",27739.730469
"2020-08-21",27930.330078
"2020-08-24",28308.460938
"2020-08-25",28248.439453
"2020-08-26",28331.919922
"2020-08-27",28492.269531
"2020-08-28",28653.869141
"2020-08-31",28430.050781
"2020-09-01",28645.660156
"2020-09-02",29100.5
"2020-09-03",28292.730469
"2020-09-04",28133.310547
"2020-09-08",27500.890625
"2020-09-09",27940.470703
"2020-09-10",27534.580078
"2020-09-11",27665.640625
"2020-09-14",27993.330078
"2020-09-15",27995.599609
"2020-09-16",28032.380859
"2020-09-17",27901.980469
"2020-09-18",27657.419922
"2020-09-21",27147.699219
"2020-09-22",27288.179688
"2020-09-23",26763.130859
"2020-09-24",26815.439453
"2020-09-25",27173.960938
"2020-09-28",27584.060547
"2020-09-29",27452.660156
"2020-09-30",27781.699219
"2020-10-01",27816.900391
"2020-10-02",27682.810547
"2020-10-05",28148.640625
"2020-10-06",27772.759766
"2020-10-07",28303.460938
"2020-10-08",28425.509766
"2020-10-09",28586.900391
"2020-10-12",28837.519531
"2020-10-13",28679.810547
"2020-10-14",28514
"2020-10-15",28494.199219
"2020-10-16",28606.310547
"2020-10-19",28195.419922
"2020-10-20",28308.789063
"2020-10-21",28210.820313
"2020-10-22",28363.660156
"2020-10-23",28335.570313
"2020-10-26",27685.380859
"2020-10-27",27463.189453
"2020-10-28",26519.949219
"2020-10-29",26659.109375
"2020-10-30",26501.599609
"2020-11-02",26925.050781
"2020-11-03",27480.029297
"2020-11-04",27847.660156
"2020-11-05",28390.179688
"2020-11-06",28323.400391
"2020-11-09",29157.970703
"2020-11-10",29420.919922
"2020-11-11",29397.630859
"2020-11-12",29080.169922
"2020-11-13",29479.810547
"2020-11-16",29950.439453
"2020-11-17",29783.349609
"2020-11-18",29438.419922
"2020-11-19",29483.230469
"2020-11-20",29263.480469
"2020-11-23",29591.269531
"2020-11-24",30046.240234
"2020-11-25",29872.470703
"2020-11-27",29910.369141
"2020-11-30",29638.640625
"2020-12-01",29823.919922
"2020-12-02",29883.789063
"2020-12-03",29969.519531
"2020-12-04",30218.259766
"2020-12-07",30069.789063
"2020-12-08",30173.880859
"2020-12-09",30068.810547
"2020-12-10",29999.259766
"2020-12-11",30046.369141
"2020-12-14",29861.550781
"2020-12-15",30199.310547
"2020-12-16",30154.539063
"2020-12-17",30303.369141
"2020-12-18",30179.050781
"2020-12-21",30216.449219
"2020-12-22",30015.509766
"2020-12-23",30129.830078
"2020-12-24",30199.869141
"2020-12-28",30403.970703
"2020-12-29",30335.669922
"2020-12-30",30409.560547
"2020-12-31",30606.480469
"2021-01-04",30223.890625
"2021-01-05",30391.599609
"2021-01-06",30829.400391
"2021-01-07",31041.130859
"2021-01-08",31097.970703
"2021-01-11",31008.689453
"2021-01-12",31068.689453
"2021-01-13",31060.470703
"2021-01-14",30991.519531
"2021-01-15",30814.259766
"2021-01-19",30930.519531
"2021-01-20",31188.380859
"2021-01-21",31176.009766
"2021-01-22",30996.980469
"2021-01-25",30960
"2021-01-26",30937.039063
"2021-01-27",30303.169922
"2021-01-28",30603.359375
"2021-01-29",29982.619141
"2021-02-01",30211.910156
"2021-02-02",30687.480469
"2021-02-03",30723.599609
"2021-02-04",31055.859375
"2021-02-05",31148.240234
"2021-02-08",31385.759766
"2021-02-09",31375.830078
"2021-02-10",31437.800781
"2021-02-11",31430.699219
"2021-02-12",31458.400391
"2021-02-16",31522.75
"2021-02-17",31613.019531
"2021-02-18",31493.339844
"2021-02-19",31494.320313
"2021-02-22",31521.689453
"2021-02-23",31537.349609
"2021-02-24",31961.859375
"2021-02-25",31402.009766
"2021-02-26",30932.369141
"2021-03-01",31535.509766
"2021-03-02",31391.519531
"2021-03-03",31270.089844
"2021-03-04",30924.140625
"2021-03-05",31496.300781
"2021-03-08",31802.439453
"2021-03-09",31832.740234
"2021-03-10",32297.019531
