"Index","FTAS.Close"
"2010-01-04",2806.949951
"2010-01-05",2818.48999
"2010-01-06",2823.179932
"2010-01-07",2823.360107
"2010-01-08",2829.129883
"2010-01-11",2832.469971
"2010-01-12",2810.719971
"2010-01-13",2798.27002
"2010-01-14",2809.209961
"2010-01-15",2789.75
"2010-01-18",2807.959961
"2010-01-19",2815.679932
"2010-01-20",2771.899902
"2010-01-21",2732.300049
"2010-01-22",2714.070068
"2010-01-25",2694.219971
"2010-01-26",2700.860107
"2010-01-27",2672.959961
"2010-01-28",2640.459961
"2010-01-29",2660.48999
"2010-02-01",2689.040039
"2010-02-02",2711.050049
"2010-02-03",2695.830078
"2010-02-04",2638.030029
"2010-02-05",2596.719971
"2010-02-08",2609.360107
"2010-02-09",2618.209961
"2010-02-10",2628.669922
"2010-02-11",2643.939941
"2010-02-12",2632.830078
"2010-02-15",2644.639893
"2010-02-16",2682.23999
"2010-02-17",2701.929932
"2010-02-18",2725.23999
"2010-02-19",2741.540039
"2010-02-22",2739.469971
"2010-02-23",2721.179932
"2010-02-24",2732.419922
"2010-02-25",2698.610107
"2010-02-26",2736.800049
"2010-03-01",2764.620117
"2010-03-02",2803.580078
"2010-03-03",2825.27002
"2010-03-04",2824.699951
"2010-03-05",2861.060059
"2010-03-08",2864.469971
"2010-03-09",2862.26001
"2010-03-10",2882.080078
"2010-03-11",2871.679932
"2010-03-12",2878.679932
"2010-03-15",2862.580078
"2010-03-16",2875.889893
"2010-03-17",2889.26001
"2010-03-18",2888.060059
"2010-03-19",2891.949951
"2010-03-22",2888.300049
"2010-03-23",2902.409912
"2010-03-24",2906.189941
"2010-03-25",2932.350098
"2010-03-26",2922.850098
"2010-03-29",2925.22998
"2010-03-30",2907.780029
"2010-03-31",2910.189941
"2010-04-01",2943.860107
"2010-04-06",2964.409912
"2010-04-07",2955.830078
"2010-04-08",2932.639893
"2010-04-09",2961.629883
"2010-04-12",2965.360107
"2010-04-13",2956.290039
"2010-04-14",2974.51001
"2010-04-15",2989.129883
"2010-04-16",2950.149902
"2010-04-19",2940.73999
"2010-04-20",2968.820068
"2010-04-21",2941.870117
"2010-04-22",2914.159912
"2010-04-23",2946.389893
"2010-04-26",2963.379883
"2010-04-27",2888.860107
"2010-04-28",2875.379883
"2010-04-29",2892.679932
"2010-04-30",2863.350098
"2010-05-04",2792.469971
"2010-05-05",2755.580078
"2010-05-06",2717.050049
"2010-05-07",2640.22998
"2010-05-10",2776.320068
"2010-05-11",2751.429932
"2010-05-12",2780.909912
"2010-05-13",2806.919922
"2010-05-14",2722.01001
"2010-05-17",2718.340088
"2010-05-18",2739.889893
"2010-05-19",2662.27002
"2010-05-20",2615.570068
"2010-05-21",2611.080078
"2010-05-24",2615.840088
"2010-05-25",2547.370117
"2010-05-26",2598.080078
"2010-05-27",2676.51001
"2010-05-28",2673.169922
"2010-06-01",2661.699951
"2010-06-02",2657.77002
"2010-06-03",2689.580078
"2010-06-04",2644.570068
"2010-06-07",2614.840088
"2010-06-08",2592.169922
"2010-06-09",2622.360107
"2010-06-10",2647.219971
"2010-06-11",2663
"2010-06-14",2684.790039
"2010-06-15",2694.75
"2010-06-16",2702.879883
"2010-06-17",2709.949951
"2010-06-18",2711.620117
"2010-06-21",2734.530029
"2010-06-22",2709.580078
"2010-06-23",2675.860107
"2010-06-24",2636.429932
"2010-06-25",2609.050049
"2010-06-28",2621.72998
"2010-06-29",2542.26001
"2010-06-30",2543.469971
"2010-07-01",2485.689941
"2010-07-02",2505.189941
"2010-07-05",2499.850098
"2010-07-06",2569.27002
"2010-07-07",2593.209961
"2010-07-08",2639.169922
"2010-07-09",2652.649902
"2010-07-12",2668.689941
"2010-07-13",2720.030029
"2010-07-14",2710.580078
"2010-07-15",2690.600098
"2010-07-16",2664.540039
"2010-07-19",2658.050049
"2010-07-20",2652.699951
"2010-07-21",2691.449951
"2010-07-22",2740.449951
"2010-07-23",2743.570068
"2010-07-26",2762.540039
"2010-07-27",2768.030029
"2010-07-28",2744.379883
"2010-07-29",2744.300049
"2010-07-30",2715.360107
"2010-08-02",2784.189941
"2010-08-03",2783.030029
"2010-08-04",2778.080078
"2010-08-05",2771.209961
"2010-08-06",2753.669922
"2010-08-09",2792.560059
"2010-08-10",2772.570068
"2010-08-11",2706.590088
"2010-08-12",2712.959961
"2010-08-13",2716.959961
"2010-08-16",2716.959961
"2010-08-17",2754.77002
"2010-08-18",2732.800049
"2010-08-19",2690.810059
"2010-08-20",2681.120117
"2010-08-23",2700.949951
"2010-08-24",2661.459961
"2010-08-25",2638.120117
"2010-08-26",2660.350098
"2010-08-27",2684.409912
"2010-08-31",2696.719971
"2010-09-01",2767.469971
"2010-09-02",2772.909912
"2010-09-03",2800.219971
"2010-09-06",2806.780029
"2010-09-07",2790.719971
"2010-09-08",2801.76001
"2010-09-09",2833.780029
"2010-09-10",2840.25
"2010-09-13",2872.72998
"2010-09-14",2872.100098
"2010-09-15",2868.060059
"2010-09-16",2859.219971
"2010-09-17",2844.709961
"2010-09-20",2890.540039
"2010-09-21",2879.320068
"2010-09-22",2865.02002
"2010-09-23",2862.449951
"2010-09-24",2889.120117
"2010-09-27",2879.25
"2010-09-28",2881.159912
"2010-09-29",2877.550049
"2010-09-30",2867.580078
"2010-10-01",2889.709961
"2010-10-04",2872.600098
"2010-10-05",2912.179932
"2010-10-06",2936.580078
"2010-10-07",2926.97998
"2010-10-08",2923.540039
"2010-10-11",2933.100098
"2010-10-12",2926.600098
"2010-10-13",2969.570068
"2010-10-14",2960.379883
"2010-10-15",2948.030029
"2010-10-18",2966.75
"2010-10-19",2947.98999
"2010-10-20",2959.340088
"2010-10-21",2974.360107
"2010-10-22",2967
"2010-10-25",2974.580078
"2010-10-26",2953.870117
"2010-10-27",2922.340088
"2010-10-28",2937.409912
"2010-10-29",2936.149902
"2010-11-01",2945.620117
"2010-11-02",2975.199951
"2010-11-03",2969.409912
"2010-11-04",3024.719971
"2010-11-05",3032.580078
"2010-11-08",3020.330078
"2010-11-09",3033.47998
"2010-11-10",3003.449951
"2010-11-11",2999.199951
"2010-11-12",2989.689941
"2010-11-15",3002.110107
"2010-11-16",2933.370117
"2010-11-17",2937.879883
"2010-11-18",2976.389893
"2010-11-19",2959.820068
"2010-11-22",2935.939941
"2010-11-23",2885.310059
"2010-11-24",2922.72998
"2010-11-25",2945.02002
"2010-11-26",2930.780029
"2010-11-29",2874.780029
"2010-11-30",2861.610107
"2010-12-01",2919.429932
"2010-12-02",2984.399902
"2010-12-03",2974.73999
"2010-12-06",2988.600098
"2010-12-07",3010.679932
"2010-12-08",3001.780029
"2010-12-09",3009.379883
"2010-12-10",3012.399902
"2010-12-13",3036.340088
"2010-12-14",3051.76001
"2010-12-15",3046.330078
"2010-12-16",3045.209961
"2010-12-17",3044.149902
"2010-12-20",3053.129883
"2010-12-21",3082.389893
"2010-12-22",3098.290039
"2010-12-23",3104.699951
"2010-12-24",3107.709961
"2010-12-29",3107.409912
"2010-12-30",3094.409912
"2010-12-31",3062.850098
"2011-01-04",3119
"2011-01-05",3133.050049
"2011-01-06",3121.129883
"2011-01-07",3104.22998
"2011-01-10",3088.449951
"2011-01-11",3120.179932
"2011-01-12",3137.5
"2011-01-13",3125.840088
"2011-01-14",3115.370117
"2011-01-17",3108.290039
"2011-01-18",3142.620117
"2011-01-19",3103.830078
"2011-01-20",3048
"2011-01-21",3061.469971
"2011-01-24",3083.879883
"2011-01-25",3069.72998
"2011-01-26",3096.379883
"2011-01-27",3094.689941
"2011-01-28",3055.159912
"2011-01-31",3044.27002
"2011-02-01",3090.97998
"2011-02-02",3109.5
"2011-02-03",3101.030029
"2011-02-04",3110.389893
"2011-02-07",3139.560059
"2011-02-08",3158.129883
"2011-02-09",3139.429932
"2011-02-10",3122.310059
"2011-02-11",3143.889893
"2011-02-14",3144.080078
"2011-02-15",3131.040039
"2011-02-16",3154.22998
"2011-02-17",3155.969971
"2011-02-18",3154.100098
"2011-02-21",3120.399902
"2011-02-22",3109.389893
"2011-02-23",3072.27002
"2011-02-24",3066.320068
"2011-02-25",3109.27002
"2011-02-28",3106.580078
"2011-03-01",3079.659912
"2011-03-02",3069.040039
"2011-03-03",3112.719971
"2011-03-04",3109.26001
"2011-03-07",3102.820068
"2011-03-08",3103.129883
"2011-03-09",3086.02002
"2011-03-10",3037.389893
"2011-03-11",3026.23999
"2011-03-14",2999.959961
"2011-03-15",2956.290039
"2011-03-16",2909.52002
"2011-03-17",2959.899902
"2011-03-18",2973.639893
"2011-03-21",3009.72998
"2011-03-22",2997.219971
"2011-03-23",3012.73999
"2011-03-24",3055.77002
"2011-03-25",3065.830078
"2011-03-28",3068.219971
"2011-03-29",3080.080078
"2011-03-30",3088.860107
"2011-03-31",3067.72998
"2011-04-01",3116.830078
"2011-04-04",3122.149902
"2011-04-05",3116.629883
"2011-04-06",3133.629883
"2011-04-07",3114.51001
"2011-04-08",3138.22998
"2011-04-11",3136.110107
"2011-04-12",3091.219971
"2011-04-13",3114.120117
"2011-04-14",3093.330078
"2011-04-15",3110.300049
"2011-04-18",3047.600098
"2011-04-19",3062.290039
"2011-04-20",3124.340088
"2011-04-21",3124.350098
"2011-04-26",3148.959961
"2011-04-27",3149.530029
"2011-04-28",3155.030029
"2011-04-29",NA
"2011-05-03",3160.850098
"2011-05-04",3113.25
"2011-05-05",3082.419922
"2011-05-06",3109.629883
"2011-05-09",3094.139893
"2011-05-10",3133.72998
"2011-05-11",3113.199951
"2011-05-12",3097.620117
"2011-05-13",3090.52002
"2011-05-16",3087.439941
"2011-05-17",3055.52002
"2011-05-18",3085.149902
"2011-05-19",3102.98999
"2011-05-20",3099.969971
"2011-05-23",3042.659912
"2011-05-24",3055.159912
"2011-05-25",3058.919922
"2011-05-26",3064.659912
"2011-05-27",3094.620117
"2011-05-31",3121.070068
"2011-06-01",3092.540039
"2011-06-02",3054.97998
"2011-06-03",3058.580078
"2011-06-06",3062.73999
"2011-06-07",3064.030029
"2011-06-08",3034.52002
"2011-06-09",3057.040039
"2011-06-10",3012.620117
"2011-06-13",3015.719971
"2011-06-14",3031.969971
"2011-06-15",3001.840088
"2011-06-16",2977.469971
"2011-06-17",2985.570068
"2011-06-20",2971.26001
"2011-06-21",3011.73999
"2011-06-22",3010.189941
"2011-06-23",2959.860107
"2011-06-24",2973.080078
"2011-06-27",2984.330078
"2011-06-28",3005.850098
"2011-06-29",3052.050049
"2011-06-30",3096.719971
"2011-07-01",3120.330078
"2011-07-04",3134.939941
"2011-07-05",3139.389893
"2011-07-06",3129.810059
"2011-07-07",3154.100098
"2011-07-08",3122.429932
"2011-07-11",3088.280029
"2011-07-12",3057.699951
"2011-07-13",3076.550049
"2011-07-14",3047.459961
"2011-07-15",3045.51001
"2011-07-18",2997.209961
"2011-07-19",3016.330078
"2011-07-20",3048.050049
"2011-07-21",3068.360107
"2011-07-22",3088.360107
"2011-07-25",3082.800049
"2011-07-26",3085.139893
"2011-07-27",3047.98999
"2011-07-28",3053.939941
"2011-07-29",3026.02002
"2011-08-01",3004.409912
"2011-08-02",2970.209961
"2011-08-03",2903.02002
"2011-08-04",2802.51001
"2011-08-05",2727.179932
"2011-08-08",2631.570068
"2011-08-09",2681.600098
"2011-08-10",2605.629883
"2011-08-11",2683.659912
"2011-08-12",2763.810059
"2011-08-15",2781.350098
"2011-08-16",2780.310059
"2011-08-17",2767.080078
"2011-08-18",2643.01001
"2011-08-19",2616.340088
"2011-08-22",2643.610107
"2011-08-23",2661.100098
"2011-08-24",2699.060059
"2011-08-25",2665.23999
"2011-08-26",2663.530029
"2011-08-30",2733.889893
"2011-08-31",2800.51001
"2011-09-01",2812.610107
"2011-09-02",2749.639893
"2011-09-05",2655.23999
"2011-09-06",2678.25
"2011-09-07",2758.629883
"2011-09-08",2769.780029
"2011-09-09",2706.530029
"2011-09-12",2662.110107
"2011-09-13",2683.030029
"2011-09-14",2709.560059
"2011-09-15",2766.459961
"2011-09-16",2783.649902
"2011-09-19",2728.149902
"2011-09-20",2777.050049
"2011-09-21",2742.169922
"2011-09-22",2619.050049
"2011-09-23",2626.97998
"2011-09-26",2637.459961
"2011-09-27",2738.530029
"2011-09-28",2701.639893
"2011-09-29",2690.439941
"2011-09-30",2654.379883
"2011-10-03",2628.409912
"2011-10-04",2557.820068
"2011-10-05",2632.350098
"2011-10-06",2727.370117
"2011-10-07",2734.97998
"2011-10-10",2783.969971
"2011-10-11",2783.149902
"2011-10-12",2809.530029
"2011-10-13",2789.139893
"2011-10-14",2821.040039
"2011-10-17",2805.159912
"2011-10-18",2790.429932
"2011-10-19",2810.050049
"2011-10-20",2776.22998
"2011-10-21",2827.830078
"2011-10-24",2861.429932
"2011-10-25",2849.959961
"2011-10-26",2862.110107
"2011-10-27",2944.75
"2011-10-28",2941.350098
"2011-10-31",2860.860107
"2011-11-01",2795.560059
"2011-11-02",2826.310059
"2011-11-03",2858.419922
"2011-11-04",2849.889893
"2011-11-07",2839.48999
"2011-11-08",2868.530029
"2011-11-09",2815.689941
"2011-11-10",2805.590088
"2011-11-11",2857.02002
"2011-11-14",2844.360107
"2011-11-15",2840.360107
"2011-11-16",2837.050049
"2011-11-17",2794.659912
"2011-11-18",2764.189941
"2011-11-21",2692.030029
"2011-11-22",2682.719971
"2011-11-23",2647.639893
"2011-11-24",2643.550049
"2011-11-25",2661.179932
"2011-11-28",2736.149902
"2011-11-29",2751.300049
"2011-11-30",2835.840088
"2011-12-01",2824.72998
"2011-12-02",2856.449951
"2011-12-05",2865.51001
"2011-12-06",2864
"2011-12-07",2853.459961
"2011-12-08",2818.449951
"2011-12-09",2839.830078
"2011-12-12",2786.800049
"2011-12-13",2816.22998
"2011-12-14",2754.780029
"2011-12-15",2772.25
"2011-12-16",2764.959961
"2011-12-19",2753.050049
"2011-12-20",2781.409912
"2011-12-21",2767.77002
"2011-12-22",2799.610107
"2011-12-23",2827.090088
"2011-12-28",2825.879883
"2011-12-29",2853.580078
"2011-12-30",2857.879883
"2012-01-03",2923.629883
"2012-01-04",2906.399902
"2012-01-05",2882.23999
"2012-01-06",2897.030029
"2012-01-09",2880.929932
"2012-01-10",2921.899902
"2012-01-11",2911.300049
"2012-01-12",2911.47998
"2012-01-13",2899.909912
"2012-01-16",2909.959961
"2012-01-17",2930.340088
"2012-01-18",2937.110107
"2012-01-19",2959.399902
"2012-01-20",2954.790039
"2012-01-23",2980.330078
"2012-01-24",2962.120117
"2012-01-25",2949.969971
"2012-01-26",2987.73999
"2012-01-27",2958.860107
"2012-01-30",2925.649902
"2012-01-31",2932.909912
"2012-02-01",2990.340088
"2012-02-02",2995.51001
"2012-02-03",3047.419922
"2012-02-06",3043.620117
"2012-02-07",3041.570068
"2012-02-08",3034.149902
"2012-02-09",3046.110107
"2012-02-10",3024.620117
"2012-02-13",3052.149902
"2012-02-14",3048.469971
"2012-02-15",3046.419922
"2012-02-16",3040.139893
"2012-02-17",3053.050049
"2012-02-20",3075.120117
"2012-02-21",3066.01001
"2012-02-22",3063.469971
"2012-02-23",3074.939941
"2012-02-24",3074.649902
"2012-02-27",3063.959961
"2012-02-28",3071.620117
"2012-02-29",3043.909912
"2012-03-01",3073.689941
"2012-03-02",3065.110107
"2012-03-05",3044.530029
"2012-03-06",2986.540039
"2012-03-07",3002.909912
"2012-03-08",3039.389893
"2012-03-09",3054.310059
"2012-03-12",3057.899902
"2012-03-13",3092.659912
"2012-03-14",3088.340088
"2012-03-15",3084.51001
"2012-03-16",3098.090088
"2012-03-19",3095.879883
"2012-03-20",3059.909912
"2012-03-21",3061.070068
"2012-03-22",3036.959961
"2012-03-23",3041.590088
"2012-03-26",3068.610107
"2012-03-27",3053.199951
"2012-03-28",3022.379883
"2012-03-29",2987.100098
"2012-03-30",3002.780029
"2012-04-02",3053.419922
"2012-04-03",3036.969971
"2012-04-04",2967.02002
"2012-04-05",2977.030029
"2012-04-10",2911.340088
"2012-04-11",2932.129883
"2012-04-12",2972.300049
"2012-04-13",2943.050049
"2012-04-16",2947.360107
"2012-04-17",2997.649902
"2012-04-18",2988.409912
"2012-04-19",2987.790039
"2012-04-20",3000.679932
"2012-04-23",2944.060059
"2012-04-24",2966.389893
"2012-04-25",2973.030029
"2012-04-26",2987.030029
"2012-04-27",3003.969971
"2012-04-30",2984.669922
"2012-05-01",3020.600098
"2012-05-02",2995.580078
"2012-05-03",2999.540039
"2012-05-04",2938.159912
"2012-05-08",2883.780029
"2012-05-09",2869.649902
"2012-05-10",2881.5
"2012-05-11",2897.790039
"2012-05-14",2841.629883
"2012-05-15",2826.01001
"2012-05-16",2809.409912
"2012-05-17",2776.649902
"2012-05-18",2739.199951
"2012-05-21",2755.639893
"2012-05-22",2804.679932
"2012-05-23",2736.47998
"2012-05-24",2777.120117
"2012-05-25",2775.860107
"2012-05-29",2801.909912
"2012-05-30",2754.469971
"2012-05-31",2767.090088
"2012-06-01",2732.649902
"2012-06-06",2795.610107
"2012-06-07",2829.370117
"2012-06-08",2822.169922
"2012-06-11",2819.77002
"2012-06-12",2834.040039
"2012-06-13",2837.659912
"2012-06-14",2831.469971
"2012-06-15",2842.439941
"2012-06-18",2847.840088
"2012-06-19",2895.439941
"2012-06-20",2916.719971
"2012-06-21",2889.090088
"2012-06-22",2861.52002
"2012-06-25",2828.050049
"2012-06-26",2826.399902
"2012-06-27",2863.330078
"2012-06-28",2848
"2012-06-29",2891.449951
"2012-07-02",2927.120117
"2012-07-03",2951.719971
"2012-07-04",2949.570068
"2012-07-05",2952.189941
"2012-07-06",2936.850098
"2012-07-09",2918.159912
"2012-07-10",2937.189941
"2012-07-11",2933.949951
"2012-07-12",2907.310059
"2012-07-13",2937.149902
"2012-07-16",2936.600098
"2012-07-17",2919.689941
"2012-07-18",2947.149902
"2012-07-19",2965.629883
"2012-07-20",2935.149902
"2012-07-23",2873.370117
"2012-07-24",2857.629883
"2012-07-25",2856.909912
"2012-07-26",2896.139893
"2012-07-27",2924.699951
"2012-07-30",2956.530029
"2012-07-31",2927.27002
"2012-08-01",2963.290039
"2012-08-02",2937.120117
"2012-08-03",3000.51001
"2012-08-06",3014.530029
"2012-08-07",3029.929932
"2012-08-08",3031.409912
"2012-08-09",3035.22998
"2012-08-10",3033.580078
"2012-08-13",3025.76001
"2012-08-14",3043.189941
"2012-08-15",3029.070068
"2012-08-16",3029.72998
"2012-08-17",3042.060059
"2012-08-20",3027.340088
"2012-08-21",3045.01001
"2012-08-22",3002.949951
"2012-08-23",3003.120117
"2012-08-24",3002.620117
"2012-08-28",2999.75
"2012-08-29",2985.949951
"2012-08-30",2973.110107
"2012-08-31",2972.629883
"2012-09-03",2996.540039
"2012-09-04",2955.620117
"2012-09-05",2949.810059
"2012-09-06",3011
"2012-09-07",3023.98999
"2012-09-10",3024.47998
"2012-09-11",3021.719971
"2012-09-12",3018.340088
"2012-09-13",3036.48999
"2012-09-14",3088.570068
"2012-09-17",3077.76001
"2012-09-18",3061.139893
"2012-09-19",3071.48999
"2012-09-20",3054.850098
"2012-09-21",3055.02002
"2012-09-24",3047.129883
"2012-09-25",3057.52002
"2012-09-26",3010.100098
"2012-09-27",3015.830078
"2012-09-28",2998.860107
"2012-10-01",3038.340088
"2012-10-02",3034.580078
"2012-10-03",3041.110107
"2012-10-04",3044.73999
"2012-10-05",3067.72998
"2012-10-08",3051.620117
"2012-10-09",3035.52002
"2012-10-10",3017.76001
"2012-10-11",3043.580078
"2012-10-12",3025.620117
"2012-10-15",3031.620117
"2012-10-16",3065.149902
"2012-10-17",3085.23999
"2012-10-18",3088.949951
"2012-10-19",3079.649902
"2012-10-22",3072.77002
"2012-10-23",3029.810059
"2012-10-24",3031.899902
"2012-10-25",3035.889893
"2012-10-26",3034.73999
"2012-10-29",3029.48999
"2012-10-30",3054.97998
"2012-10-31",3024.399902
"2012-11-01",3064.72998
"2012-11-02",3068.719971
"2012-11-05",3052.419922
"2012-11-06",3074.52002
"2012-11-07",3028.969971
"2012-11-08",3019.850098
"2012-11-09",3014.97998
"2012-11-12",3012.590088
"2012-11-13",3020.449951
"2012-11-14",2989.030029
"2012-11-15",2968.629883
"2012-11-16",2932.719971
"2012-11-19",2997.320068
"2012-11-20",3004.52002
"2012-11-21",3005.02002
"2012-11-22",3025.27002
"2012-11-23",3038.77002
"2012-11-26",3022.889893
"2012-11-27",3029.469971
"2012-11-28",3031.77002
"2012-11-29",3066.399902
"2012-11-30",3065.300049
"2012-12-03",3067.070068
"2012-12-04",3067.159912
"2012-12-05",3079.330078
"2012-12-06",3085.320068
"2012-12-07",3092.52002
"2012-12-10",3095.800049
"2012-12-11",3097.629883
"2012-12-12",3108.25
"2012-12-13",3100.570068
"2012-12-14",3098.409912
"2012-12-17",3093.050049
"2012-12-18",3106.570068
"2012-12-19",3122.320068
"2012-12-20",3121.27002
"2012-12-21",3111.169922
"2012-12-24",3118.560059
"2012-12-27",3118.97998
"2012-12-28",3105.01001
"2012-12-31",3093.409912
"2013-01-02",3159.649902
"2013-01-03",3170.26001
"2013-01-04",3191.100098
"2013-01-07",3180.949951
"2013-01-08",3173.139893
"2013-01-09",3195.919922
"2013-01-10",3198.280029
"2013-01-11",3209.560059
"2013-01-14",3201.959961
"2013-01-15",3206.790039
"2013-01-16",3200.48999
"2013-01-17",3216.22998
"2013-01-18",3229.550049
"2013-01-21",3243.300049
"2013-01-22",3241.280029
"2013-01-23",3248.620117
"2013-01-24",3283.100098
"2013-01-25",3294.379883
"2013-01-28",3299.040039
"2013-01-29",3317.969971
"2013-01-30",3308.560059
"2013-01-31",3287.379883
"2013-02-01",3327.23999
"2013-02-04",3278.929932
"2013-02-05",3297.169922
"2013-02-06",3306.27002
"2013-02-07",3275.649902
"2013-02-08",3294.27002
"2013-02-11",3299.879883
"2013-02-12",3330.800049
"2013-02-13",3344.580078
"2013-02-14",3326.709961
"2013-02-15",3329.02002
"2013-02-18",3322.719971
"2013-02-19",3355.149902
"2013-02-20",3365.959961
"2013-02-21",3312.909912
"2013-02-22",3336.179932
"2013-02-25",3345.840088
"2013-02-26",3302.800049
"2013-02-27",3331.080078
"2013-02-28",3349.389893
"2013-03-01",3358.290039
"2013-03-04",3341.459961
"2013-03-05",3386.610107
"2013-03-06",3387.419922
"2013-03-07",3393.199951
"2013-03-08",3415.550049
"2013-03-11",3424.629883
"2013-03-12",3427.860107
"2013-03-13",3413.149902
"2013-03-14",3438.72998
"2013-03-15",3422.110107
"2013-03-18",3406.659912
"2013-03-19",3397.560059
"2013-03-20",3393.51001
"2013-03-21",3371.959961
"2013-03-22",3372.790039
"2013-03-25",3366.379883
"2013-03-26",3376.879883
"2013-03-27",3367.330078
"2013-03-28",3380.639893
"2013-04-02",3420.02002
"2013-04-03",3385.25
"2013-04-04",3344.399902
"2013-04-05",3292.669922
"2013-04-08",3306.040039
"2013-04-09",3324.97998
"2013-04-10",3364.780029
"2013-04-11",3383.860107
"2013-04-12",3367.48999
"2013-04-15",3343.560059
"2013-04-16",3323.5
"2013-04-17",3292.189941
"2013-04-18",3292.530029
"2013-04-19",3314
"2013-04-22",3310.469971
"2013-04-23",3374.129883
"2013-04-24",3388.25
"2013-04-25",3397.110107
"2013-04-26",3388.73999
"2013-04-29",3403.540039
"2013-04-30",3390.179932
"2013-05-01",3402.27002
"2013-05-02",3402.909912
"2013-05-03",3435.659912
"2013-05-07",3451.52002
"2013-05-08",3466.76001
"2013-05-09",3473.98999
"2013-05-10",3490.01001
"2013-05-13",3492.649902
"2013-05-14",3519.540039
"2013-05-15",3526.540039
"2013-05-16",3527.330078
"2013-05-17",3547.379883
"2013-05-20",3563.050049
"2013-05-21",3587.850098
"2013-05-22",3604.72998
"2013-05-23",3529.22998
"2013-05-24",3506.560059
"2013-05-28",3562.659912
"2013-05-29",3494.73999
"2013-05-30",3509.719971
"2013-05-31",3473.820068
"2013-06-03",3443.620117
"2013-06-04",3459.370117
"2013-06-05",3387.899902
"2013-06-06",3345.22998
"2013-06-07",3384.560059
"2013-06-10",3380.620117
"2013-06-11",3345.620117
"2013-06-12",3325.97998
"2013-06-13",3324.469971
"2013-06-14",3331.409912
"2013-06-17",3344.76001
"2013-06-18",3367.080078
"2013-06-19",3356.419922
"2013-06-20",3260.01001
"2013-06-21",3236.600098
"2013-06-24",3188.090088
"2013-06-25",3226.939941
"2013-06-26",3260.280029
"2013-06-27",3302.120117
"2013-06-28",3289.709961
"2013-07-01",3338.610107
"2013-07-02",3336.530029
"2013-07-03",3301.790039
"2013-07-04",3399.600098
"2013-07-05",3377.600098
"2013-07-08",3417.840088
"2013-07-09",3451.350098
"2013-07-10",3444.949951
"2013-07-11",3465.919922
"2013-07-12",3468.850098
"2013-07-15",3489.409912
"2013-07-16",3473.439941
"2013-07-17",3481.830078
"2013-07-18",3513.129883
"2013-07-19",3511.199951
"2013-07-22",3509.040039
"2013-07-23",3497.02002
"2013-07-24",3507.72998
"2013-07-25",3491.110107
"2013-07-26",3475.179932
"2013-07-29",3478.110107
"2013-07-30",3486.110107
"2013-07-31",3509.939941
"2013-08-01",3543.689941
"2013-08-02",3531.169922
"2013-08-05",3520.830078
"2013-08-06",3511.02002
"2013-08-07",3464.719971
"2013-08-08",3477
"2013-08-09",3502.469971
"2013-08-12",3497.370117
"2013-08-13",3515.070068
"2013-08-14",3503.860107
"2013-08-15",3443.580078
"2013-08-16",3456.02002
"2013-08-19",3442.199951
"2013-08-20",3432.850098
"2013-08-21",3404.350098
"2013-08-22",3433.22998
"2013-08-23",3456.949951
"2013-08-27",3427.810059
"2013-08-28",3417.97998
"2013-08-29",3445.26001
"2013-08-30",3410.429932
"2013-09-02",3460.540039
"2013-09-03",3443.560059
"2013-09-04",3445.800049
"2013-09-05",3475.780029
"2013-09-06",3484.840088
"2013-09-09",3479.209961
"2013-09-10",3510.199951
"2013-09-11",3511.179932
"2013-09-12",3509.02002
"2013-09-13",3507.889893
"2013-09-16",3528.580078
"2013-09-17",3500.52002
"2013-09-18",3493.469971
"2013-09-19",3525.23999
"2013-09-20",3508.98999
"2013-09-23",3487.219971
"2013-09-24",3498.909912
"2013-09-25",3488.860107
"2013-09-26",3494.149902
"2013-09-27",3467.27002
"2013-09-30",3443.850098
"2013-10-01",3445.080078
"2013-10-02",3432.22998
"2013-10-03",3435.719971
"2013-10-04",3437.929932
"2013-10-07",3428.090088
"2013-10-08",3392.75
"2013-10-09",3379.25
"2013-10-10",3429.820068
"2013-10-11",3457.889893
"2013-10-14",3469.830078
"2013-10-15",3491.25
"2013-10-16",3503.919922
"2013-10-17",3506.679932
"2013-10-18",3533.22998
"2013-10-21",3551.909912
"2013-10-22",3570.5
"2013-10-23",3560.300049
"2013-10-24",3578.360107
"2013-10-25",3581.330078
"2013-10-28",3581.120117
"2013-10-29",3606.5
"2013-10-30",3609.709961
"2013-10-31",3585.320068
"2013-11-01",3585.98999
"2013-11-04",3599.449951
"2013-11-05",3588.47998
"2013-11-06",3587.600098
"2013-11-07",3567.419922
"2013-11-08",3570.330078
"2013-11-11",3582.199951
"2013-11-12",3579.870117
"2013-11-13",3529.530029
"2013-11-14",3548.97998
"2013-11-15",3560.76001
"2013-11-18",3575.48999
"2013-11-19",3563.060059
"2013-11-20",3552.370117
"2013-11-21",3551.02002
"2013-11-22",3549.370117
"2013-11-25",3562.22998
"2013-11-26",3536.639893
"2013-11-27",3545.97998
"2013-11-28",3549.060059
"2013-11-29",3548.449951
"2013-12-02",3519.469971
"2013-12-03",3485.330078
"2013-12-04",3474.659912
"2013-12-05",3470.199951
"2013-12-06",3499.800049
"2013-12-09",3505.909912
"2013-12-10",3490.52002
"2013-12-11",3483.129883
"2013-12-12",3448.919922
"2013-12-13",3447.48999
"2013-12-16",3489
"2013-12-17",3471.810059
"2013-12-18",3475.550049
"2013-12-19",3524.379883
"2013-12-20",3535.629883
"2013-12-23",3571.080078
"2013-12-24",NA
"2013-12-27",3608.52002
"2013-12-30",3600.75
"2013-12-31",NA
"2014-01-02",3595.75
"2014-01-03",3605
"2014-01-06",3606.159912
"2014-01-07",3618.159912
"2014-01-08",3600.879883
"2014-01-09",3585.679932
"2014-01-10",3616.030029
"2014-01-13",3626.330078
"2014-01-14",3629.620117
"2014-01-15",3655.570068
"2014-01-16",3650.389893
"2014-01-17",3655.909912
"2014-01-20",3660.840088
"2014-01-21",3657.219971
"2014-01-22",3653.790039
"2014-01-23",3624.01001
"2014-01-24",3565.540039
"2014-01-27",3508.179932
"2014-01-28",3524.439941
"2014-01-29",3511.820068
"2014-01-30",3509.810059
"2014-01-31",3496.51001
"2014-02-03",3472.419922
"2014-02-04",3464.120117
"2014-02-05",3468.77002
"2014-02-06",3521.370117
"2014-02-07",3530.169922
"2014-02-10",3540.620117
"2014-02-11",3582.5
"2014-02-12",3583.98999
"2014-02-13",3575.22998
"2014-02-14",3580.439941
"2014-02-17",3616.600098
"2014-02-18",3647.129883
"2014-02-19",3647.51001
"2014-02-20",3655.580078
"2014-02-21",3670.100098
"2014-02-24",3685.070068
"2014-02-25",3669.330078
"2014-02-26",3652.97998
"2014-02-27",3659.459961
"2014-02-28",3666.659912
"2014-03-03",3608.550049
"2014-03-04",3671.879883
"2014-03-05",3647.47998
"2014-03-06",3655.639893
"2014-03-07",3618.340088
"2014-03-10",3604.189941
"2014-03-11",3603.540039
"2014-03-12",3569.100098
"2014-03-13",3534.23999
"2014-03-14",3520.25
"2014-03-17",3544.179932
"2014-03-18",3562.110107
"2014-03-19",3547.540039
"2014-03-20",3529.570068
"2014-03-21",3533.199951
"2014-03-24",3512.439941
"2014-03-25",3554.159912
"2014-03-26",3557.27002
"2014-03-27",3548.100098
"2014-03-28",3559.439941
"2014-03-31",3555.590088
"2014-04-01",3584.469971
"2014-04-02",3587.860107
"2014-04-03",3581.26001
"2014-04-04",3604.879883
"2014-04-07",3566.709961
"2014-04-08",3543.169922
"2014-04-09",3567.889893
"2014-04-10",3570.25
"2014-04-11",3525.889893
"2014-04-14",3528.530029
"2014-04-15",3505.72998
"2014-04-16",3530.409912
"2014-04-17",3554.5
"2014-04-22",3585.590088
"2014-04-23",3579.580078
"2014-04-24",3592.129883
"2014-04-25",3580.590088
"2014-04-28",3584.850098
"2014-04-29",3618.100098
"2014-04-30",3619.830078
"2014-05-01",3633.610107
"2014-05-02",3642.52002
"2014-05-06",3632.25
"2014-05-07",3629.129883
"2014-05-08",3651.330078
"2014-05-09",3637.300049
"2014-05-12",3657.179932
"2014-05-13",3668.810059
"2014-05-14",3669.169922
"2014-05-15",3639.540039
"2014-05-16",3637.909912
"2014-05-19",3632.110107
"2014-05-20",3614.98999
"2014-05-21",3628.98999
"2014-05-22",3631.409912
"2014-05-23",3630.97998
"2014-05-27",3648.669922
"2014-05-28",3654.709961
"2014-05-29",3664.620117
"2014-05-30",3655.01001
"2014-06-02",3666.639893
"2014-06-03",3650.340088
"2014-06-04",3643.129883
"2014-06-05",3641
"2014-06-06",3669.040039
"2014-06-09",3676.189941
"2014-06-10",3675.209961
"2014-06-11",3655.75
"2014-06-12",3658.570068
"2014-06-13",3618.540039
"2014-06-16",3604.419922
"2014-06-17",3604.810059
"2014-06-18",3611.590088
"2014-06-19",3626.780029
"2014-06-20",3638.350098
"2014-06-23",3623.389893
"2014-06-24",3612.530029
"2014-06-25",3585.429932
"2014-06-26",3592.909912
"2014-06-27",3604.389893
"2014-06-30",3600.189941
"2014-07-01",3630.370117
"2014-07-02",3638.129883
"2014-07-03",3665.060059
"2014-07-04",3666.22998
"2014-07-07",3642.340088
"2014-07-08",3596.050049
"2014-07-09",3583.129883
"2014-07-10",3558.929932
"2014-07-11",3566.790039
"2014-07-14",3595.75
"2014-07-15",3575.219971
"2014-07-16",3613.550049
"2014-07-17",3591.370117
"2014-07-18",3595.969971
"2014-07-21",3584.060059
"2014-07-22",3619.189941
"2014-07-23",3623.199951
"2014-07-24",3634.439941
"2014-07-25",3619.340088
"2014-07-28",3615.110107
"2014-07-29",3626.409912
"2014-07-30",3609.419922
"2014-07-31",3585.620117
"2014-08-01",3559.02002
"2014-08-04",3557.129883
"2014-08-05",3558.889893
"2014-08-06",3534.820068
"2014-08-07",3517.050049
"2014-08-08",3503.689941
"2014-08-11",3540.360107
"2014-08-12",3540.590088
"2014-08-13",3553.639893
"2014-08-14",3571.610107
"2014-08-15",3573.179932
"2014-08-18",3600.679932
"2014-08-19",3621.340088
"2014-08-20",3606.330078
"2014-08-21",3618.889893
"2014-08-22",3619.379883
"2014-08-26",3644.5
"2014-08-27",3649.219971
"2014-08-28",3634.22998
"2014-08-29",3639.540039
"2014-09-01",3644.570068
"2014-09-02",3646.629883
"2014-09-03",3667.379883
"2014-09-04",3669.100098
"2014-09-05",3656.629883
"2014-09-08",3642.350098
"2014-09-09",3640.379883
"2014-09-10",3636.709961
"2014-09-11",3621.169922
"2014-09-12",3627.850098
"2014-09-15",3624.139893
"2014-09-16",3616.350098
"2014-09-17",3610.72998
"2014-09-18",3632.620117
"2014-09-19",3646.050049
"2014-09-22",3613.370117
"2014-09-23",3563.139893
"2014-09-24",3576.679932
"2014-09-25",3543.590088
"2014-09-26",3545.899902
"2014-09-29",3544.909912
"2014-09-30",3533.929932
"2014-10-01",3498.959961
"2014-10-02",3442.199951
"2014-10-03",3485.949951
"2014-10-06",3503.629883
"2014-10-07",3467.070068
"2014-10-08",3454.51001
"2014-10-09",3427.699951
"2014-10-10",3380.02002
"2014-10-13",3387.01001
"2014-10-14",3403.040039
"2014-10-15",3314.629883
"2014-10-16",3308.669922
"2014-10-17",3369.590088
"2014-10-20",3351.149902
"2014-10-21",3407.340088
"2014-10-22",3424.780029
"2014-10-23",3432.709961
"2014-10-24",3418.090088
"2014-10-27",3405.27002
"2014-10-28",3425.409912
"2014-10-29",3452.52002
"2014-10-30",3458.909912
"2014-10-31",3503.459961
"2014-11-03",3476.129883
"2014-11-04",3458.540039
"2014-11-05",3500.830078
"2014-11-06",3505.72998
"2014-11-07",3510.97998
"2014-11-10",3535.459961
"2014-11-11",3543.530029
"2014-11-12",3535.340088
"2014-11-13",3546.75
"2014-11-14",3555.51001
"2014-11-17",3562.939941
"2014-11-18",3581.01001
"2014-11-19",3571.879883
"2014-11-20",3564.139893
"2014-11-21",3599.110107
"2014-11-24",3590.98999
"2014-11-25",3595.909912
"2014-11-26",3593.620117
"2014-11-27",3594.620117
"2014-11-28",3593.320068
"2014-12-01",3558.939941
"2014-12-02",3601.129883
"2014-12-03",3588.669922
"2014-12-04",3573.469971
"2014-12-05",3607.25
"2014-12-08",3574.300049
"2014-12-09",3502.879883
"2014-12-10",3491.02002
"2014-12-11",3470.899902
"2014-12-12",3389.48999
"2014-12-15",3332.060059
"2014-12-16",3404.219971
"2014-12-17",3407.040039
"2014-12-18",3474.919922
"2014-12-19",3515.699951
"2014-12-22",3533.330078
"2014-12-23",3546.560059
"2014-12-24",NA
"2014-12-29",3560.899902
"2014-12-30",3521.219971
"2014-12-31",NA
"2015-01-02",3524.090088
"2015-01-05",3462.389893
"2015-01-06",3434.72998
"2015-01-07",3460.780029
"2015-01-08",3535.469971
"2015-01-09",3502.47998
"2015-01-12",3500.080078
"2015-01-13",3523.040039
"2015-01-14",3447.51001
"2015-01-15",3497.580078
"2015-01-16",3520.22998
"2015-01-19",3540.969971
"2015-01-20",3558.629883
"2015-01-21",3610.370117
"2015-01-22",3644.97998
"2015-01-23",3664.409912
"2015-01-26",3672.97998
"2015-01-27",3650.800049
"2015-01-28",3659.719971
"2015-01-29",3650.26001
"2015-01-30",3621.810059
"2015-02-02",3638.290039
"2015-02-03",3685.139893
"2015-02-04",3680.179932
"2015-02-05",3687.080078
"2015-02-06",3681.47998
"2015-02-09",3670.27002
"2015-02-10",3669.540039
"2015-02-11",3664
"2015-02-12",3674.580078
"2015-02-13",3696.469971
"2015-02-16",3690.050049
"2015-02-17",3708.610107
"2015-02-18",3712.669922
"2015-02-19",3710.280029
"2015-02-20",3724.449951
"2015-02-23",3724.850098
"2015-02-24",3742.580078
"2015-02-25",3736.310059
"2015-02-26",3744.560059
"2015-02-27",3744.26001
"2015-03-02",3740.320068
"2015-03-03",3714.449951
"2015-03-04",3727.300049
"2015-03-05",3752
"2015-03-06",3728.949951
"2015-03-09",3710.080078
"2015-03-10",3624.77002
"2015-03-11",3633.899902
"2015-03-12",3655.280029
"2015-03-13",3648.23999
"2015-03-16",3679.47998
"2015-03-17",3694.389893
"2015-03-18",3747.379883
"2015-03-19",3758.090088
"2015-03-20",3788.26001
"2015-03-23",3795.610107
"2015-03-24",3788.899902
"2015-03-25",3773.629883
"2015-03-26",3722.620117
"2015-03-27",3701.620117
"2015-03-30",3719.429932
"2015-03-31",3663.580078
"2015-04-01",3680.449951
"2015-04-02",3696.030029
"2015-04-07",3761.469971
"2015-04-08",3752.780029
"2015-04-09",3792.639893
"2015-04-10",3830.870117
"2015-04-13",3818.25
"2015-04-14",3824.159912
"2015-04-15",3834.360107
"2015-04-16",3813.340088
"2015-04-17",3778.370117
"2015-04-20",3804.689941
"2015-04-21",3813.399902
"2015-04-22",3795.360107
"2015-04-23",3808.199951
"2015-04-24",3817.399902
"2015-04-27",3834.449951
"2015-04-28",3797.290039
"2015-04-29",3753.879883
"2015-04-30",3760.060059
"2015-05-01",3770.75
"2015-05-05",3744.860107
"2015-05-06",3746.5
"2015-05-07",3726.25
"2015-05-08",3814.449951
"2015-05-11",3805.47998
"2015-05-12",3756.449951
"2015-05-13",3769.689941
"2015-05-14",3782.48999
"2015-05-15",3779.959961
"2015-05-18",3784.330078
"2015-05-19",3801.5
"2015-05-20",3805.77002
"2015-05-21",3809.080078
"2015-05-22",3818.840088
"2015-05-26",3779.300049
"2015-05-27",3821.129883
"2015-05-28",3824.669922
"2015-05-29",3797.120117
"2015-06-01",3786.370117
"2015-06-02",3775.52002
"2015-06-03",3786.840088
"2015-06-04",3740.389893
"2015-06-05",3711.100098
"2015-06-08",3702.689941
"2015-06-09",3685.060059
"2015-06-10",3725
"2015-06-11",3734.360107
"2015-06-12",3702.01001
"2015-06-15",3660.909912
"2015-06-16",3660.840088
"2015-06-17",3647.629883
"2015-06-18",3658.530029
"2015-06-19",3660.060059
"2015-06-22",3718.179932
"2015-06-23",3725.47998
"2015-06-24",3727.590088
"2015-06-25",3711.629883
"2015-06-26",3683.840088
"2015-06-29",3614.22998
"2015-06-30",3570.580078
"2015-07-01",3615.73999
"2015-07-02",3624.5
"2015-07-03",3602.469971
"2015-07-06",3573.97998
"2015-07-07",3519.879883
"2015-07-08",3541.73999
"2015-07-09",3588.189941
"2015-07-10",3635.550049
"2015-07-13",3671.800049
"2015-07-14",3676.51001
"2015-07-15",3676.459961
"2015-07-16",3700.01001
"2015-07-17",3690.580078
"2015-07-20",3697.469971
"2015-07-21",3687.939941
"2015-07-22",3639.52002
"2015-07-23",3633.399902
"2015-07-24",3595.909912
"2015-07-27",3554.47998
"2015-07-28",3580.040039
"2015-07-29",3618.449951
"2015-07-30",3635.280029
"2015-07-31",3652.790039
"2015-08-03",3649.139893
"2015-08-04",3650.75
"2015-08-05",3681.209961
"2015-08-06",3677.77002
"2015-08-07",3662.139893
"2015-08-10",3673.810059
"2015-08-11",3638.939941
"2015-08-12",3589.340088
"2015-08-13",3593.899902
"2015-08-14",3587.169922
"2015-08-17",3586.659912
"2015-08-18",3576.320068
"2015-08-19",3514.27002
"2015-08-20",3492.639893
"2015-08-21",3399.929932
"2015-08-24",3245.98999
"2015-08-25",3346.23999
"2015-08-26",3297.330078
"2015-08-27",3403.050049
"2015-08-28",3434.659912
"2015-09-01",3341.830078
"2015-09-02",3354.659912
"2015-09-03",3410.840088
"2015-09-04",3334.370117
"2015-09-07",3349.27002
"2015-09-08",3386.48999
"2015-09-09",3428.689941
"2015-09-10",3391.139893
"2015-09-11",3372.850098
"2015-09-14",3356.570068
"2015-09-15",3380.919922
"2015-09-16",3424.540039
"2015-09-17",3405.530029
"2015-09-18",3365.679932
"2015-09-21",3365.51001
"2015-09-22",3276.300049
"2015-09-23",3323.25
"2015-09-24",3286.320068
"2015-09-25",3361.429932
"2015-09-28",3288.620117
"2015-09-29",3260.459961
"2015-09-30",3335.919922
"2015-10-01",3344.139893
"2015-10-02",3370.659912
"2015-10-05",3456.600098
"2015-10-06",3469.820068
"2015-10-07",3471.25
"2015-10-08",3487.159912
"2015-10-09",3508.600098
"2015-10-12",3485.659912
"2015-10-13",3469.52002
"2015-10-14",3434.320068
"2015-10-15",3469.620117
"2015-10-16",3484.689941
"2015-10-19",3474.060059
"2015-10-20",3473.01001
"2015-10-21",3475.98999
"2015-10-22",3488.73999
"2015-10-23",3526.02002
"2015-10-26",3512.139893
"2015-10-27",3484.159912
"2015-10-28",3519.52002
"2015-10-29",3499.860107
"2015-10-30",3484.600098
"2015-11-02",3487.01001
"2015-11-03",3497.52002
"2015-11-04",3510.179932
"2015-11-05",3486.639893
"2015-11-06",3483.5
"2015-11-09",3455.850098
"2015-11-10",3444.310059
"2015-11-11",3455.77002
"2015-11-12",3395.570068
"2015-11-13",3365.179932
"2015-11-16",3379.590088
"2015-11-17",3441.969971
"2015-11-18",3446.610107
"2015-11-19",3471.040039
"2015-11-20",3475.040039
"2015-11-23",3458.699951
"2015-11-24",3441.040039
"2015-11-25",3473.219971
"2015-11-26",3501.379883
"2015-11-27",3494.889893
"2015-11-30",3492.129883
"2015-12-01",3513.189941
"2015-12-02",3525.810059
"2015-12-03",3456.090088
"2015-12-04",3438.719971
"2015-12-07",3431.679932
"2015-12-08",3386.97998
"2015-12-09",3381.570068
"2015-12-10",3362.26001
"2015-12-11",3295.070068
"2015-12-14",3256.530029
"2015-12-15",3327.709961
"2015-12-16",3349.830078
"2015-12-17",3371.76001
"2015-12-18",3348.100098
"2015-12-21",3339.560059
"2015-12-22",3364.330078
"2015-12-23",3441.209961
"2015-12-24",NA
"2015-12-29",3480.429932
"2015-12-30",3461.01001
"2015-12-31",NA
"2016-01-04",3367.419922
"2016-01-05",3389.409912
"2016-01-06",3356
"2016-01-07",3293.300049
"2016-01-08",3272.610107
"2016-01-11",3251.719971
"2016-01-12",3277.840088
"2016-01-13",3292.600098
"2016-01-14",3262.610107
"2016-01-15",3202.330078
"2016-01-18",3183.919922
"2016-01-19",3231.530029
"2016-01-20",3123.429932
"2016-01-21",3174.330078
"2016-01-22",3241.5
"2016-01-25",3232.590088
"2016-01-26",3248.360107
"2016-01-27",3286.570068
"2016-01-28",3258.27002
"2016-01-29",3335.899902
"2016-02-01",3325.540039
"2016-02-02",3257.659912
"2016-02-03",3209.110107
"2016-02-04",3240.060059
"2016-02-05",3215.110107
"2016-02-08",3126.949951
"2016-02-09",3093.669922
"2016-02-10",3118.570068
"2016-02-11",3046.530029
"2016-02-12",3129.629883
"2016-02-15",3192.100098
"2016-02-16",3208.280029
"2016-02-17",3298.280029
"2016-02-18",3274.169922
"2016-02-19",3263.909912
"2016-02-22",3307.98999
"2016-02-23",3272.679932
"2016-02-24",3226.47998
"2016-02-25",3300.600098
"2016-02-26",3343.98999
"2016-02-29",3345.840088
"2016-03-01",3377.179932
"2016-03-02",3373.429932
"2016-03-03",3367.830078
"2016-03-04",3405.27002
"2016-03-07",3394.679932
"2016-03-08",3362.780029
"2016-03-09",3369.929932
"2016-03-10",3314.199951
"2016-03-11",3367.52002
"2016-03-14",3386.050049
"2016-03-15",3368.610107
"2016-03-16",3388.659912
"2016-03-17",3403.469971
"2016-03-18",3400.909912
"2016-03-21",3396.949951
"2016-03-22",3402.23999
"2016-03-23",3403.590088
"2016-03-24",3355.540039
"2016-03-29",3358.469971
"2016-03-30",3408.899902
"2016-03-31",3395.189941
"2016-04-01",3379.360107
"2016-04-04",3387.530029
"2016-04-05",3350.679932
"2016-04-06",3387.310059
"2016-04-07",3370.97998
"2016-04-08",3405.370117
"2016-04-11",3401.969971
"2016-04-12",3421.51001
"2016-04-13",3483.969971
"2016-04-14",3483.409912
"2016-04-15",3470.959961
"2016-04-18",3474.22998
"2016-04-19",3502.699951
"2016-04-20",3504.159912
"2016-04-21",3490.629883
"2016-04-22",3455.51001
"2016-04-25",3436.300049
"2016-04-26",3445.669922
"2016-04-27",3466.139893
"2016-04-28",3466.399902
"2016-04-29",3421.699951
"2016-05-03",3393.969971
"2016-05-04",3358.689941
"2016-05-05",3361.040039
"2016-05-06",3364.23999
"2016-05-09",3360.820068
"2016-05-10",3380.820068
"2016-05-11",3383.639893
"2016-05-12",3355.5
"2016-05-13",3370.330078
"2016-05-16",3377.830078
"2016-05-17",3390.290039
"2016-05-18",3390.179932
"2016-05-19",3334.790039
"2016-05-20",3387.219971
"2016-05-23",3382.149902
"2016-05-24",3421.929932
"2016-05-25",3444.810059
"2016-05-26",3444.780029
"2016-05-27",3448.449951
"2016-05-31",3429.77002
"2016-06-01",3407.909912
"2016-06-02",3406.050049
"2016-06-03",3416.100098
"2016-06-06",3448.530029
"2016-06-07",3454.090088
"2016-06-08",3461.659912
"2016-06-09",3428.360107
"2016-06-10",3366.909912
"2016-06-13",3325.949951
"2016-06-14",3259.73999
"2016-06-15",3281.409912
"2016-06-16",3263.429932
"2016-06-17",3309.389893
"2016-06-20",3409.01001
"2016-06-21",3419.350098
"2016-06-22",3437.090088
"2016-06-23",3481.73999
"2016-06-24",3348.580078
"2016-06-27",3237.540039
"2016-06-28",3326.280029
"2016-06-29",3441.620117
"2016-06-30",3515.449951
"2016-07-01",3555.449951
"2016-07-04",3518.959961
"2016-07-05",3514.459961
"2016-07-06",3475.790039
"2016-07-07",3515.120117
"2016-07-08",3550.169922
"2016-07-11",3611.02002
"2016-07-12",3613.659912
"2016-07-13",3607.610107
"2016-07-14",3602.280029
"2016-07-15",3606.719971
"2016-07-18",3623.22998
"2016-07-19",3625.959961
"2016-07-20",3644.050049
"2016-07-21",3633.120117
"2016-07-22",3643.800049
"2016-07-25",3639.01001
"2016-07-26",3644.5
"2016-07-27",3663.949951
"2016-07-28",3651.129883
"2016-07-29",3653.830078
"2016-08-01",3635.5
"2016-08-02",3610.929932
"2016-08-03",3603.959961
"2016-08-04",3659.120117
"2016-08-05",3690.810059
"2016-08-08",3700.889893
"2016-08-09",3724.840088
"2016-08-10",3732.379883
"2016-08-11",3757.320068
"2016-08-12",3762.030029
"2016-08-15",3773.929932
"2016-08-16",3748.860107
"2016-08-17",3731.810059
"2016-08-18",3740.27002
"2016-08-19",3735.899902
"2016-08-22",3722.709961
"2016-08-23",3743.52002
"2016-08-24",3730.840088
"2016-08-25",3717.52002
"2016-08-26",3728.709961
"2016-08-30",3718.310059
"2016-08-31",3697.189941
"2016-09-01",3685.629883
"2016-09-02",3756.399902
"2016-09-05",3750.709961
"2016-09-06",3726.469971
"2016-09-07",3737.860107
"2016-09-08",3748.060059
"2016-09-09",3701.379883
"2016-09-12",3661.409912
"2016-09-13",3643.409912
"2016-09-14",3645.800049
"2016-09-15",3674.939941
"2016-09-16",3670.860107
"2016-09-19",3717.610107
"2016-09-20",3725.649902
"2016-09-21",3729.169922
"2016-09-22",3765.139893
"2016-09-23",3761.850098
"2016-09-26",3714.320068
"2016-09-27",3706.830078
"2016-09-28",3730.649902
"2016-09-29",3764.22998
"2016-09-30",3755.340088
"2016-10-03",3804.580078
"2016-10-04",3849.100098
"2016-10-05",3826.530029
"2016-10-06",3808.590088
"2016-10-07",3824.76001
"2016-10-10",3847.709961
"2016-10-11",3839.02002
"2016-10-12",3813.98999
"2016-10-13",3789.919922
"2016-10-14",3809.909912
"2016-10-17",3773.939941
"2016-10-18",3804.23999
"2016-10-19",3815.22998
"2016-10-20",3814.330078
"2016-10-21",3811.189941
"2016-10-24",3793.870117
"2016-10-25",3805.76001
"2016-10-26",3774.379883
"2016-10-27",3784.02002
"2016-10-28",3790.300049
"2016-10-31",3768.139893
"2016-11-01",3751.159912
"2016-11-02",3717
"2016-11-03",3696.209961
"2016-11-04",3641.909912
"2016-11-07",3698.649902
"2016-11-08",3713.780029
"2016-11-09",3748.409912
"2016-11-10",3714.899902
"2016-11-11",3664.050049
"2016-11-14",3675.459961
"2016-11-15",3696.689941
"2016-11-16",3674.199951
"2016-11-17",3698.389893
"2016-11-18",3692.209961
"2016-11-21",3688.209961
"2016-11-22",3712.439941
"2016-11-23",3709.689941
"2016-11-24",3713.72998
"2016-11-25",3719.280029
"2016-11-28",3698.159912
"2016-11-29",3686.800049
"2016-11-30",3692.399902
"2016-12-01",3677.030029
"2016-12-02",3665
"2016-12-05",3673.780029
"2016-12-06",3687.97998
"2016-12-07",3748.340088
"2016-12-08",3763.350098
"2016-12-09",3775.800049
"2016-12-12",3744.929932
"2016-12-13",3781.800049
"2016-12-14",3772.280029
"2016-12-15",3797.439941
"2016-12-16",3803.699951
"2016-12-19",3806.379883
"2016-12-20",3817.939941
"2016-12-21",3816.050049
"2016-12-22",3831.310059
"2016-12-23",3833.899902
"2016-12-28",3854.540039
"2016-12-29",3861.050049
"2016-12-30",3873.219971
"2017-01-03",3891.540039
"2017-01-04",3897.310059
"2017-01-05",3905.22998
"2017-01-06",3913.550049
"2017-01-09",3927.780029
"2017-01-10",3945.340088
"2017-01-11",3951.850098
"2017-01-12",3948.98999
"2017-01-13",3971.689941
"2017-01-16",3965.080078
"2017-01-17",3915.909912
"2017-01-18",3929.52002
"2017-01-19",3909.409912
"2017-01-20",3902.699951
"2017-01-23",3880.5
"2017-01-24",3879.540039
"2017-01-25",3887.129883
"2017-01-26",3886.070068
"2017-01-27",3897.48999
"2017-01-30",3864.47998
"2017-01-31",3858.26001
"2017-02-01",3865.659912
"2017-02-02",3880.909912
"2017-02-03",3907.689941
"2017-02-06",3899.699951
"2017-02-07",3912.659912
"2017-02-08",3915.290039
"2017-02-09",3933.98999
"2017-02-10",3950.360107
"2017-02-13",3961.169922
"2017-02-14",3957.590088
"2017-02-15",3974.23999
"2017-02-16",3959.199951
"2017-02-17",3968.780029
"2017-02-20",3970.100098
"2017-02-21",3960.169922
"2017-02-22",3968.620117
"2017-02-23",3953.600098
"2017-02-24",3939.169922
"2017-02-27",3946.27002
"2017-02-28",3953.419922
"2017-03-01",4014.719971
"2017-03-02",4013.290039
"2017-03-03",4007.469971
"2017-03-06",3996.870117
"2017-03-07",3992.389893
"2017-03-08",3992.189941
"2017-03-09",3981.639893
"2017-03-10",3996.610107
"2017-03-13",4009.699951
"2017-03-14",4002.899902
"2017-03-15",4008.360107
"2017-03-16",4031.530029
"2017-03-17",4038.379883
"2017-03-20",4042.350098
"2017-03-21",4013.76001
"2017-03-22",3984.23999
"2017-03-23",3997.129883
"2017-03-24",3995.030029
"2017-03-27",3972.72998
"2017-03-28",3997.189941
"2017-03-29",4011.800049
"2017-03-30",4011.01001
"2017-03-31",3990
"2017-04-03",3970.97998
"2017-04-04",3990.300049
"2017-04-05",3996.540039
"2017-04-06",3986.219971
"2017-04-07",4010.280029
"2017-04-10",4011.820068
"2017-04-11",4020.73999
"2017-04-12",4018.120117
"2017-04-13",4012.300049
"2017-04-18",3924.929932
"2017-04-19",3914.5
"2017-04-20",3914.899902
"2017-04-21",3912.580078
"2017-04-24",3987.560059
"2017-04-25",3992.199951
"2017-04-26",4001.879883
"2017-04-27",3977.340088
"2017-04-28",3962.48999
"2017-05-02",3990.159912
"2017-05-03",3978.429932
"2017-05-04",3983.97998
"2017-05-05",4006.840088
"2017-05-08",4009.570068
"2017-05-09",4031.360107
"2017-05-10",4053.080078
"2017-05-11",4050.639893
"2017-05-12",4071.149902
"2017-05-15",4079.219971
"2017-05-16",4113.100098
"2017-05-17",4101.200195
"2017-05-18",4067.860107
"2017-05-19",4087.600098
"2017-05-22",4102.890137
"2017-05-23",4098.450195
"2017-05-24",4112.930176
"2017-05-25",4114.680176
"2017-05-26",4130.149902
"2017-05-30",4119.580078
"2017-05-31",4116.080078
"2017-06-01",4127.680176
"2017-06-02",4129.129883
"2017-06-05",4114.399902
"2017-06-06",4105.930176
"2017-06-07",4086.97998
"2017-06-08",4076.649902
"2017-06-09",4111.629883
"2017-06-12",4101.720215
"2017-06-13",4103.069824
"2017-06-14",4095.51001
"2017-06-15",4055.550049
"2017-06-16",4085.040039
"2017-06-19",4113.560059
"2017-06-20",4087.850098
"2017-06-21",4073.23999
"2017-06-22",4069.070068
"2017-06-23",4063.600098
"2017-06-26",4073.449951
"2017-06-27",4062.449951
"2017-06-28",4039.300049
"2017-06-29",4018.610107
"2017-06-30",4002.179932
"2017-07-03",4029.699951
"2017-07-04",4019.629883
"2017-07-05",4029.810059
"2017-07-06",4013.800049
"2017-07-07",4020.820068
"2017-07-10",4027.689941
"2017-07-11",4004.570068
"2017-07-12",4045.370117
"2017-07-13",4049.070068
"2017-07-14",4033.51001
"2017-07-17",4048.850098
"2017-07-18",4046.360107
"2017-07-19",4067.610107
"2017-07-20",4095.070068
"2017-07-21",4079.620117
"2017-07-24",4042.689941
"2017-07-25",4068.25
"2017-07-26",4079.449951
"2017-07-27",4079.830078
"2017-07-28",4042.02002
"2017-07-31",4046.199951
"2017-08-01",4071.320068
"2017-08-02",4065.439941
"2017-08-03",4095.48999
"2017-08-04",4114.200195
"2017-08-07",4123.799805
"2017-08-08",4127.660156
"2017-08-09",4105.600098
"2017-08-10",4050.909912
"2017-08-11",4010.330078
"2017-08-14",4034.850098
"2017-08-15",4048.310059
"2017-08-16",4075.810059
"2017-08-17",4052.370117
"2017-08-18",4018.659912
"2017-08-21",4017.48999
"2017-08-22",4048.820068
"2017-08-23",4048.98999
"2017-08-24",4058.439941
"2017-08-25",4054.629883
"2017-08-29",4021.419922
"2017-08-30",4036.919922
"2017-08-31",4072.97998
"2017-09-01",4075.75
"2017-09-04",4060.72998
"2017-09-05",4044.600098
"2017-09-06",4034.300049
"2017-09-07",4054.620117
"2017-09-08",4043.280029
"2017-09-11",4061.860107
"2017-09-12",4054.830078
"2017-09-13",4043.100098
"2017-09-14",4002.97998
"2017-09-15",3962.439941
"2017-09-18",3981.580078
"2017-09-19",3994.360107
"2017-09-20",3992.929932
"2017-09-21",3985.050049
"2017-09-22",4008.860107
"2017-09-25",4006.879883
"2017-09-26",3997.469971
"2017-09-27",4012.649902
"2017-09-28",4020.77002
"2017-09-29",4049.889893
"2017-10-02",4082.949951
"2017-10-03",4098.450195
"2017-10-04",4098.299805
"2017-10-05",4118.560059
"2017-10-06",4128.100098
"2017-10-09",4119.160156
"2017-10-10",4134.209961
"2017-10-11",4133.080078
"2017-10-12",4145.97998
"2017-10-13",4137.060059
"2017-10-16",4132.620117
"2017-10-17",4124.450195
"2017-10-18",4140.609863
"2017-10-19",4127.209961
"2017-10-20",4127.919922
"2017-10-23",4127.450195
"2017-10-24",4127.919922
"2017-10-25",4091.169922
"2017-10-26",4111.399902
"2017-10-27",4120.209961
"2017-10-30",4114.939941
"2017-10-31",4117.689941
"2017-11-01",4120.009766
"2017-11-02",4151.700195
"2017-11-03",4156.950195
"2017-11-06",4156.410156
"2017-11-07",4130.470215
"2017-11-08",4137.5
"2017-11-09",4108.390137
"2017-11-10",4084.050049
"2017-11-13",4068.120117
"2017-11-14",4069.090088
"2017-11-15",4044.620117
"2017-11-16",4056.399902
"2017-11-17",4051.780029
"2017-11-20",4058.050049
"2017-11-21",4070.449951
"2017-11-22",4076.76001
"2017-11-23",4075.429932
"2017-11-24",4070.199951
"2017-11-27",4056.22998
"2017-11-28",4095.129883
"2017-11-29",4066.919922
"2017-11-30",4033.840088
"2017-12-01",4018.870117
"2017-12-04",4038.5
"2017-12-05",4031.050049
"2017-12-06",4037.840088
"2017-12-07",4025.330078
"2017-12-08",4063.719971
"2017-12-11",4092.590088
"2017-12-12",4114.089844
"2017-12-13",4111.959961
"2017-12-14",4088.580078
"2017-12-15",4108.959961
"2017-12-18",4136.810059
"2017-12-19",4143.350098
"2017-12-20",4135.160156
"2017-12-21",4173.009766
"2017-12-22",4170.209961
"2017-12-27",4188.5
"2017-12-28",4190.330078
"2017-12-29",4221.819824
"2018-01-02",4202.529785
"2018-01-03",4215.450195
"2018-01-04",4229.47998
"2018-01-05",4246.370117
"2018-01-08",4231.990234
"2018-01-09",4248.120117
"2018-01-10",4251.899902
"2018-01-11",4258.089844
"2018-01-12",4268.890137
"2018-01-15",4264.439941
"2018-01-16",4260.080078
"2018-01-17",4242.350098
"2018-01-18",4227.859863
"2018-01-19",4240.5
"2018-01-22",4233.549805
"2018-01-23",4241.580078
"2018-01-24",4197.669922
"2018-01-25",4185.040039
"2018-01-26",4209.419922
"2018-01-29",4210.509766
"2018-01-30",4165.080078
"2018-01-31",4137.660156
"2018-02-01",4115.990234
"2018-02-02",4086.719971
"2018-02-05",4027.439941
"2018-02-06",3924.949951
"2018-02-07",4002.51001
"2018-02-08",3941.25
"2018-02-09",3902.850098
"2018-02-12",3946.419922
"2018-02-13",3939.709961
"2018-02-14",3964.969971
"2018-02-15",3978.899902
"2018-02-16",4012.280029
"2018-02-19",3988.330078
"2018-02-20",3991.899902
"2018-02-21",4007.429932
"2018-02-22",3992.399902
"2018-02-23",3991.5
"2018-02-26",4012.75
"2018-02-27",4011.52002
"2018-02-28",3981.610107
"2018-03-01",3953.280029
"2018-03-02",3899.699951
"2018-03-05",3927.22998
"2018-03-06",3945.72998
"2018-03-07",3952.800049
"2018-03-08",3979.76001
"2018-03-09",3993.449951
"2018-03-12",3991.040039
"2018-03-13",3948.560059
"2018-03-14",3943.629883
"2018-03-15",3947.159912
"2018-03-16",3957.080078
"2018-03-19",3898.51001
"2018-03-20",3907.72998
"2018-03-21",3895.310059
"2018-03-22",3846.879883
"2018-03-23",3830.25
"2018-03-26",3810.810059
"2018-03-27",3866.919922
"2018-03-28",3885.159912
"2018-03-29",3894.169922
"2018-04-03",3881.040039
"2018-04-04",3876.629883
"2018-04-05",3961.280029
"2018-04-06",3953.469971
"2018-04-09",3956.840088
"2018-04-10",3995.860107
"2018-04-11",3991.850098
"2018-04-12",3996.540039
"2018-04-13",4001.330078
"2018-04-16",3970
"2018-04-17",3984.51001
"2018-04-18",4031.919922
"2018-04-19",4042.300049
"2018-04-20",4062.300049
"2018-04-23",4078.949951
"2018-04-24",4086.959961
"2018-04-25",4059.929932
"2018-04-26",4083.530029
"2018-04-27",4123.919922
"2018-04-30",4127.680176
"2018-05-01",4135.310059
"2018-05-02",4150.850098
"2018-05-03",4128.120117
"2018-05-04",4158.640137
"2018-05-08",4164.359863
"2018-05-09",4210.600098
"2018-05-10",4228.419922
"2018-05-11",4242.040039
"2018-05-14",4236.830078
"2018-05-15",4241.879883
"2018-05-16",4248.779785
"2018-05-17",4278.589844
"2018-05-18",4273.810059
"2018-05-21",4314.700195
"2018-05-22",4324.410156
"2018-05-23",4278.279785
"2018-05-24",4244.709961
"2018-05-25",4255.200195
"2018-05-29",4199.299805
"2018-05-30",4226.470215
"2018-05-31",4222.200195
"2018-06-01",4237.549805
"2018-06-04",4259.899902
"2018-06-05",4233.759766
"2018-06-06",4249.819824
"2018-06-07",4245.879883
"2018-06-08",4235.379883
"2018-06-11",4265.709961
"2018-06-12",4248.850098
"2018-06-13",4248.120117
"2018-06-14",4278.700195
"2018-06-15",4209.939941
"2018-06-18",4208.430176
"2018-06-19",4190.439941
"2018-06-20",4203.660156
"2018-06-21",4164.990234
"2018-06-22",4230.430176
"2018-06-25",4145.569824
"2018-06-26",4157.220215
"2018-06-27",4197.129883
"2018-06-28",4188.600098
"2018-06-29",4202.25
"2018-07-02",4155.359863
"2018-07-03",4177.839844
"2018-07-04",4168.709961
"2018-07-05",4180.72998
"2018-07-06",4187.169922
"2018-07-09",4225.209961
"2018-07-10",4228.439941
"2018-07-11",4176.220215
"2018-07-12",4207.120117
"2018-07-13",4213.220215
"2018-07-16",4185.459961
"2018-07-17",4199.689941
"2018-07-18",4225.589844
"2018-07-19",4226.129883
"2018-07-20",4224.5
"2018-07-23",4208.75
"2018-07-24",4235.799805
"2018-07-25",4209.379883
"2018-07-26",4212.100098
"2018-07-27",4232.640137
"2018-07-30",4232.129883
"2018-07-31",4253.310059
"2018-08-01",4208.629883
"2018-08-02",4165.549805
"2018-08-03",4205.700195
"2018-08-06",4208.220215
"2018-08-07",4233.52002
"2018-08-08",4263
"2018-08-09",4248.580078
"2018-08-10",4210.660156
"2018-08-13",4196.129883
"2018-08-14",4179.990234
"2018-08-15",4122.240234
"2018-08-16",4153.089844
"2018-08-17",4153.819824
"2018-08-20",4171.569824
"2018-08-21",4164.299805
"2018-08-22",4167.830078
"2018-08-23",4163.379883
"2018-08-24",4170.870117
"2018-08-28",4194.240234
"2018-08-29",4166.600098
"2018-08-30",4143.649902
"2018-08-31",4106.140137
"2018-09-03",4138.839844
"2018-09-04",4113.259766
"2018-09-05",4074.620117
"2018-09-06",4042.340088
"2018-09-07",4022
"2018-09-10",4023.129883
"2018-09-11",4019.280029
"2018-09-12",4042.219971
"2018-09-13",4023.77002
"2018-09-14",4038.110107
"2018-09-17",4036.98999
"2018-09-18",4038.98999
"2018-09-19",4054.629883
"2018-09-20",4072.139893
"2018-09-21",4128.580078
"2018-09-24",4110.709961
"2018-09-25",4131.850098
"2018-09-26",4132.850098
"2018-09-27",4145.890137
"2018-09-28",4127.910156
"2018-10-01",4124.600098
"2018-10-02",4110.810059
"2018-10-03",4127.549805
"2018-10-04",4078.469971
"2018-10-05",4028.189941
"2018-10-08",3980.26001
"2018-10-09",3978.639893
"2018-10-10",3926.860107
"2018-10-11",3848.580078
"2018-10-12",3850.159912
"2018-10-15",3859.27002
"2018-10-16",3885.070068
"2018-10-17",3878.209961
"2018-10-18",3864.620117
"2018-10-19",3868.48999
"2018-10-22",3864.040039
"2018-10-23",3809.969971
"2018-10-24",3815.790039
"2018-10-25",3836.719971
"2018-10-26",3800.409912
"2018-10-29",3846.969971
"2018-10-30",3854.679932
"2018-10-31",3904.22998
"2018-11-01",3907.100098
"2018-11-02",3904.310059
"2018-11-05",3900.25
"2018-11-06",3870.419922
"2018-11-07",3909.120117
"2018-11-08",3923.320068
"2018-11-09",3901.719971
"2018-11-12",3868.409912
"2018-11-13",3873.969971
"2018-11-14",3863.320068
"2018-11-15",3857.129883
"2018-11-16",3843.090088
"2018-11-19",3835.370117
"2018-11-20",3805.040039
"2018-11-21",3857.889893
"2018-11-22",3815.77002
"2018-11-23",3812.320068
"2018-11-26",3855.719971
"2018-11-27",3845.169922
"2018-11-28",3839.179932
"2018-11-29",3853.360107
"2018-11-30",3823.340088
"2018-12-03",3863.090088
"2018-12-04",3837.070068
"2018-12-05",3789.870117
"2018-12-06",3674.030029
"2018-12-07",3710.659912
"2018-12-10",3672.209961
"2018-12-11",3715.790039
"2018-12-12",3759.530029
"2018-12-13",3752.659912
"2018-12-14",3732.959961
"2018-12-17",3692.570068
"2018-12-18",3662.98999
"2018-12-19",3694.97998
"2018-12-20",3665.149902
"2018-12-21",3668.659912
"2018-12-24",3648.159912
"2018-12-27",3596.070068
"2018-12-28",3675.27002
"2018-12-31",3675.060059
"2019-01-02",3681.370117
"2019-01-03",3657.52002
"2019-01-04",3733.550049
"2019-01-07",3728.72998
"2019-01-08",3758.889893
"2019-01-09",3787.429932
"2019-01-10",3804.399902
"2019-01-11",3797.129883
"2019-01-14",3764.02002
"2019-01-15",3782.110107
"2019-01-16",3769.070068
"2019-01-17",3757.860107
"2019-01-18",3826.120117
"2019-01-21",3827.669922
"2019-01-22",3794.199951
"2019-01-23",3764.870117
"2019-01-24",3755.050049
"2019-01-25",3751.879883
"2019-01-28",3720.070068
"2019-01-29",3764.709961
"2019-01-30",3816.669922
"2019-01-31",3825.620117
"2019-02-01",3851.899902
"2019-02-04",3859.459961
"2019-02-05",3928.139893
"2019-02-06",3928.370117
"2019-02-07",3884.26001
"2019-02-08",3869.439941
"2019-02-11",3901.120117
"2019-02-12",3903.01001
"2019-02-13",3933.360107
"2019-02-14",3934.290039
"2019-02-15",3954.560059
"2019-02-18",3951.780029
"2019-02-19",3931.77002
"2019-02-20",3957.929932
"2019-02-21",3931.73999
"2019-02-22",3938.100098
"2019-02-25",3939.76001
"2019-02-26",3925.899902
"2019-02-27",3902.73999
"2019-02-28",3888.810059
"2019-03-01",3911.070068
"2019-03-04",3923.72998
"2019-03-05",3946.870117
"2019-03-06",3949.649902
"2019-03-07",3926.030029
"2019-03-08",3897.48999
"2019-03-11",3910.800049
"2019-03-12",3921.600098
"2019-03-13",3926.899902
"2019-03-14",3941.780029
"2019-03-15",3968.310059
"2019-03-18",4000.030029
"2019-03-19",4013.600098
"2019-03-20",3993.5
"2019-03-21",4020.51001
"2019-03-22",3942.590088
"2019-03-25",3921.909912
"2019-03-26",3932.73999
"2019-03-27",3932.560059
"2019-03-28",3951.360107
"2019-03-29",3978.280029
"2019-04-01",3999.830078
"2019-04-02",4035.52002
"2019-04-03",4056.310059
"2019-04-04",4046.620117
"2019-04-05",4067.439941
"2019-04-08",4069.280029
"2019-04-09",4054.790039
"2019-04-10",4054.580078
"2019-04-11",4057.76001
"2019-04-12",4069.899902
"2019-04-15",4073.120117
"2019-04-16",4092.040039
"2019-04-17",4090.550049
"2019-04-18",4084.73999
"2019-04-23",4115.589844
"2019-04-24",4096.240234
"2019-04-25",4075.629883
"2019-04-26",4072.72998
"2019-04-29",4080.320068
"2019-04-30",4067.97998
"2019-05-01",4052.600098
"2019-05-02",4033.030029
"2019-05-03",4046.860107
"2019-05-07",3985.209961
"2019-05-08",3991.929932
"2019-05-09",3955.090088
"2019-05-10",3955.810059
"2019-05-13",3929.52002
"2019-05-14",3972.469971
"2019-05-15",3997.669922
"2019-05-16",4028.330078
"2019-05-17",4025.27002
"2019-05-20",4002.879883
"2019-05-21",4014.439941
"2019-05-22",4012.870117
"2019-05-23",3957.01001
"2019-05-24",3981.610107
"2019-05-28",3980.379883
"2019-05-29",3934.169922
"2019-05-30",3954.179932
"2019-05-31",3923.870117
"2019-06-03",3931.100098
"2019-06-04",3948.129883
"2019-06-05",3952.919922
"2019-06-06",3970.370117
"2019-06-07",4008.149902
"2019-06-10",4030.560059
"2019-06-11",4041.370117
"2019-06-12",4024.800049
"2019-06-13",4022.840088
"2019-06-14",4010.800049
"2019-06-17",4016.959961
"2019-06-18",4060.629883
"2019-06-19",4040.929932
"2019-06-20",4054.830078
"2019-06-21",4045.120117
"2019-06-24",4047.949951
"2019-06-25",4049.830078
"2019-06-26",4046.050049
"2019-06-27",4041.719971
"2019-06-28",4056.879883
"2019-07-01",4095.179932
"2019-07-02",4123.100098
"2019-07-03",4150.069824
"2019-07-04",4147.970215
"2019-07-05",4120.509766
"2019-07-08",4115.790039
"2019-07-09",4105.850098
"2019-07-10",4101.879883
"2019-07-11",4093.5
"2019-07-12",4094.939941
"2019-07-15",4107.5
"2019-07-16",4130.359863
"2019-07-17",4110.439941
"2019-07-18",4088.570068
"2019-07-19",4098.319824
"2019-07-22",4102.02002
"2019-07-23",4124.220215
"2019-07-24",4100.359863
"2019-07-25",4096.029785
"2019-07-26",4124.080078
"2019-07-29",4186.169922
"2019-07-30",4164.689941
"2019-07-31",4134.029785
"2019-08-01",4132.22998
"2019-08-02",4039.530029
"2019-08-05",3944.149902
"2019-08-06",3920.699951
"2019-08-07",3935.76001
"2019-08-08",3981.330078
"2019-08-09",3965.540039
"2019-08-12",3947.530029
"2019-08-13",3961.159912
"2019-08-14",3905.590088
"2019-08-15",3865.550049
"2019-08-16",3893.659912
"2019-08-19",3936.290039
"2019-08-20",3904.600098
"2019-08-21",3946.689941
"2019-08-22",3912.939941
"2019-08-23",3898.580078
"2019-08-27",3899.219971
"2019-08-28",3905.47998
"2019-08-29",3939.370117
"2019-08-30",3953.02002
"2019-09-02",3989.810059
"2019-09-03",3982.629883
"2019-09-04",4007.189941
"2019-09-05",3990.649902
"2019-09-06",3998.179932
"2019-09-09",3976.159912
"2019-09-10",3992.48999
"2019-09-11",4032.439941
"2019-09-12",4035.209961
"2019-09-13",4053.310059
"2019-09-16",4028.790039
"2019-09-17",4027.310059
"2019-09-18",4024.850098
"2019-09-19",4044.879883
"2019-09-20",4042.860107
"2019-09-23",4029.780029
"2019-09-24",4009.840088
"2019-09-25",4003.600098
"2019-09-26",4031.560059
"2019-09-27",4071.290039
"2019-09-30",4061.73999
"2019-10-01",4038.459961
"2019-10-02",3918.72998
"2019-10-03",3893.780029
"2019-10-04",3933.149902
"2019-10-07",3950.219971
"2019-10-08",3918.169922
"2019-10-09",3926.969971
"2019-10-10",3938.330078
"2019-10-11",3992.159912
"2019-10-14",3974.439941
"2019-10-15",3982.060059
"2019-10-16",3962.679932
"2019-10-17",3970.800049
"2019-10-18",3956.889893
"2019-10-21",3965.340088
"2019-10-22",3982.659912
"2019-10-23",4003.98999
"2019-10-24",4033.51001
"2019-10-25",4030.100098
"2019-10-28",4036.639893
"2019-10-29",4024.040039
"2019-10-30",4032.800049
"2019-10-31",3993.459961
"2019-11-01",4022.73999
"2019-11-04",4055.899902
"2019-11-05",4065.310059
"2019-11-06",4066.860107
"2019-11-07",4078.830078
"2019-11-08",4055.659912
"2019-11-11",4043.570068
"2019-11-12",4060.540039
"2019-11-13",4048.919922
"2019-11-14",4020.949951
"2019-11-15",4031.98999
"2019-11-18",4035.469971
"2019-11-19",4045.939941
"2019-11-20",4016.889893
"2019-11-21",4002.370117
"2019-11-22",4045.73999
"2019-11-25",4083.879883
"2019-11-26",4092.77002
"2019-11-27",4108.089844
"2019-11-28",4104.540039
"2019-11-29",4066.72998
"2019-12-02",4035.77002
"2019-12-03",3971.649902
"2019-12-04",3990.919922
"2019-12-05",3969.840088
"2019-12-06",4023.209961
"2019-12-09",4020.330078
"2019-12-10",4006.120117
"2019-12-11",4003.030029
"2019-12-12",4033.409912
"2019-12-13",4095.030029
"2019-12-16",4183.970215
"2019-12-17",4179.540039
"2019-12-18",4186.140137
"2019-12-19",4200.870117
"2019-12-20",4206.27002
"2019-12-23",4230.509766
"2019-12-24",4239.279785
"2019-12-27",4247.589844
"2019-12-30",4217.819824
"2019-12-31",4196.470215
"2020-01-02",4231.660156
"2020-01-03",4235.649902
"2020-01-06",4206.970215
"2020-01-07",4209.339844
"2020-01-08",4203.439941
"2020-01-09",4213.77002
"2020-01-10",4206.720215
"2020-01-13",4225.779785
"2020-01-14",4229.22998
"2020-01-15",4237.589844
"2020-01-16",4222.790039
"2020-01-17",4257.930176
"2020-01-20",4245.569824
"2020-01-21",4223.350098
"2020-01-22",4206.930176
"2020-01-23",4170.339844
"2020-01-24",4213.140137
"2020-01-27",4118.990234
"2020-01-28",4154.589844
"2020-01-29",4157.330078
"2020-01-30",4105.319824
"2020-01-31",4057.469971
"2020-02-03",4076.189941
"2020-02-04",4136.759766
"2020-02-05",4159.029785
"2020-02-06",4170.890137
"2020-02-07",4151.149902
"2020-02-10",4141.620117
"2020-02-11",4170.069824
"2020-02-12",4191.169922
"2020-02-13",4150.02002
"2020-02-14",4135.069824
"2020-02-17",4147.100098
"2020-02-18",4118.839844
"2020-02-19",4158.299805
"2020-02-20",4150.189941
"2020-02-21",4132.709961
"2020-02-24",3998.129883
"2020-02-25",3921.629883
"2020-02-26",3928
"2020-02-27",3787.969971
"2020-02-28",3673.610107
"2020-03-02",3706.830078
"2020-03-03",3749.090088
"2020-03-04",3795.379883
"2020-03-05",3731.48999
"2020-03-06",3600.949951
"2020-03-09",3334.860107
"2020-03-10",3332.97998
"2020-03-11",3287.070068
"2020-03-12",2942.209961
"2020-03-13",2994.399902
"2020-03-16",2848.870117
"2020-03-17",2894.320068
"2020-03-18",2764.47998
"2020-03-19",2788.370117
"2020-03-20",2837.050049
"2020-03-23",2727.860107
"2020-03-24",2969.580078
"2020-03-25",3102.97998
"2020-03-26",3179.75
"2020-03-27",3021.889893
"2020-03-30",3041.159912
"2020-03-31",3107.419922
"2020-04-01",2991.120117
"2020-04-02",2998.540039
"2020-04-03",2958.399902
"2020-04-06",3058.850098
"2020-04-07",3141.280029
"2020-04-08",3140.100098
"2020-04-09",3233.23999
"2020-04-14",3200.139893
"2020-04-15",3087.439941
"2020-04-16",3102.129883
"2020-04-17",3190.199951
"2020-04-20",3200.719971
"2020-04-21",3108.439941
"2020-04-22",3173.48999
"2020-04-23",3205.669922
"2020-04-24",3168.879883
"2020-04-27",3220.290039
"2020-04-28",3281.879883
"2020-04-29",3371.26001
"2020-04-30",3262.51001
"2020-05-01",3189.409912
"2020-05-04",3178.590088
"2020-05-05",3225.899902
"2020-05-06",3224.699951
"2020-05-07",3270.550049
"2020-05-11",3273.26001
"2020-05-12",3294.629883
"2020-05-13",3243.830078
"2020-05-14",3153.149902
"2020-05-15",3188.52002
"2020-05-18",3320.209961
"2020-05-19",3302.73999
"2020-05-20",3333.860107
"2020-05-21",3311.399902
"2020-05-22",3301.879883
"2020-05-26",3354.419922
"2020-05-27",3396.129883
"2020-05-28",3437.300049
"2020-05-29",3363.669922
"2020-06-01",3412.5
"2020-06-02",3442.459961
"2020-06-03",3531.75
"2020-06-04",3509.98999
"2020-06-05",3589.76001
"2020-06-08",3582.370117
"2020-06-09",3507.709961
"2020-06-10",3499.689941
"2020-06-11",3363.629883
"2020-06-12",3379.820068
"2020-06-15",3362.120117
"2020-06-16",3455.399902
"2020-06-17",3464.5
"2020-06-18",3449.449951
"2020-06-19",3486.77002
"2020-06-22",3461.350098
"2020-06-23",3498.110107
"2020-06-24",3392.629883
"2020-06-25",3401.429932
"2020-06-26",3406.449951
"2020-06-29",3438.929932
"2020-06-30",3410.929932
"2020-07-01",3407.780029
"2020-07-02",3451.449951
"2020-07-03",3412.280029
"2020-07-06",3479.199951
"2020-07-07",3429.030029
"2020-07-08",3407.939941
"2020-07-09",3353.070068
"2020-07-10",3379.620117
"2020-07-13",3423.060059
"2020-07-14",3417.139893
"2020-07-15",3476.22998
"2020-07-16",3454
"2020-07-17",3472.73999
"2020-07-20",3461.01001
"2020-07-21",3468.850098
"2020-07-22",3439.23999
"2020-07-23",3441.550049
"2020-07-24",3394.850098
"2020-07-27",3382.75
"2020-07-28",3397.899902
"2020-07-29",3397.360107
"2020-07-30",3325.679932
"2020-07-31",3282.02002
"2020-08-03",3349.5
"2020-08-04",3356.300049
"2020-08-05",3398.939941
"2020-08-06",3358.540039
"2020-08-07",3366.070068
"2020-08-10",3377.969971
"2020-08-11",3434.560059
"2020-08-12",3494.219971
"2020-08-13",3447.01001
"2020-08-14",3397.870117
"2020-08-17",3415.77002
"2020-08-18",3387.25
"2020-08-19",3401.860107
"2020-08-20",3354.330078
"2020-08-21",3352.179932
"2020-08-24",3402.169922
"2020-08-25",3367.919922
"2020-08-26",3377.72998
"2020-08-27",3357.919922
"2020-08-28",3342.439941
"2020-09-01",3290.810059
"2020-09-02",3329.780029
"2020-09-03",3281.389893
"2020-09-04",3254.139893
"2020-09-07",3326.26001
"2020-09-08",3322.129883
"2020-09-09",3358.149902
"2020-09-10",3353.820068
"2020-09-11",3365.899902
"2020-09-14",3367.560059
"2020-09-15",3407.959961
"2020-09-16",3394.889893
"2020-09-17",3380.280029
"2020-09-18",3356.02002
"2020-09-21",3240.110107
"2020-09-22",3249.290039
"2020-09-23",3286.620117
"2020-09-24",3245.120117
"2020-09-25",3261.98999
"2020-09-28",3311.879883
"2020-09-29",3291.350098
"2020-09-30",3282.25
"2020-10-01",3290.909912
"2020-10-02",3301.340088
"2020-10-05",3326.830078
"2020-10-06",3337.870117
"2020-10-07",3336.830078
"2020-10-08",3356.090088
"2020-10-09",3378.370117
"2020-10-12",3374.540039
"2020-10-13",3350.919922
"2020-10-14",3337.639893
"2020-10-15",3286.959961
"2020-10-16",3325.669922
"2020-10-19",3311.77002
"2020-10-20",3315.72998
"2020-10-21",3261.01001
"2020-10-22",3268.540039
"2020-10-23",3310.379883
"2020-10-26",3271.080078
"2020-10-27",3233.98999
"2020-10-28",3155.25
"2020-10-29",3152.110107
"2020-10-30",3151.27002
"2020-11-02",3184.550049
"2020-11-03",3254.879883
"2020-11-04",3309.129883
"2020-11-05",3324.360107
"2020-11-06",3326.649902
"2020-11-09",3485.27002
"2020-11-10",3541.820068
"2020-11-11",3590.159912
"2020-11-12",3569.98999
"2020-11-13",3560.25
"2020-11-16",3619.48999
"2020-11-17",3591.590088
"2020-11-18",3607.610107
"2020-11-19",3578.379883
"2020-11-20",3586.51001
"2020-11-23",3582.280029
"2020-11-24",3633.350098
"2020-11-25",3607.810059
"2020-11-26",3589.040039
"2020-11-27",3593.679932
"2020-11-30",3542.870117
"2020-12-01",3614.169922
"2020-12-02",3651.320068
"2020-12-03",3672.879883
"2020-12-04",3702.27002
"2020-12-07",3695.800049
"2020-12-08",3695.129883
"2020-12-09",3697.659912
"2020-12-10",3708.97998
"2020-12-11",3680.429932
"2020-12-14",3678.409912
"2020-12-15",3673.280029
"2020-12-16",3707.679932
"2020-12-17",3705.399902
"2020-12-18",3689.820068
"2020-12-21",3624.300049
"2020-12-22",3649.620117
"2020-12-23",3681.189941
"2020-12-24",3692.840088
"2020-12-29",3750.909912
"2020-12-30",3723.97998
"2020-12-31",3673.629883
"2021-01-04",3724.5
"2021-01-05",3749.27002
"2021-01-06",3861.77002
"2021-01-07",3870.449951
"2021-01-08",3880.429932
"2021-01-11",3837.350098
"2021-01-12",3815.699951
"2021-01-13",3808.429932
"2021-01-14",3839.419922
"2021-01-15",3803.75
"2021-01-18",3798.300049
"2021-01-19",3793.909912
"2021-01-20",3816.310059
"2021-01-21",3802.300049
"2021-01-22",3786.060059
"2021-01-25",3752
"2021-01-26",3761.639893
"2021-01-27",3716.370117
"2021-01-28",3699.969971
"2021-01-29",3641.929932
"2021-02-01",3673.959961
"2021-02-02",3707.199951
"2021-02-03",3706.360107
"2021-02-04",3706.199951
"2021-02-05",3709.949951
"2021-02-08",3726.030029
"2021-02-09",3731.030029
"2021-02-10",3723.830078
"2021-02-11",3726.459961
"2021-02-12",3755
"2021-02-15",3843.189941
"2021-02-16",3840.159912
"2021-02-17",3813.850098
"2021-02-18",3763.780029
"2021-02-19",3769.949951
"2021-02-22",3762.959961
"2021-02-23",3771.340088
"2021-02-24",3795.060059
"2021-02-25",3788.73999
"2021-02-26",3702.399902
"2021-03-01",3761.449951
"2021-03-02",3771.679932
"2021-03-03",3808.23999
"2021-03-04",3792.090088
"2021-03-05",3771.72998
"2021-03-08",3820.189941
"2021-03-09",3831.590088
"2021-03-10",3830.209961
