"Index","FTMC.Close"
"2010-01-04",9510.099609
"2010-01-05",9557.099609
"2010-01-06",9589.5
"2010-01-07",9630.400391
"2010-01-08",9689.099609
"2010-01-11",9726.400391
"2010-01-12",9603.5
"2010-01-13",9569.5
"2010-01-14",9568
"2010-01-15",9538.200195
"2010-01-18",9572.099609
"2010-01-19",9555.400391
"2010-01-20",9472.299805
"2010-01-21",9418.099609
"2010-01-22",9325.200195
"2010-01-25",9293.099609
"2010-01-26",9292.900391
"2010-01-27",9245.299805
"2010-01-28",9213.799805
"2010-01-29",9237.299805
"2010-02-01",9312.099609
"2010-02-02",9480.799805
"2010-02-03",9417.799805
"2010-02-04",9223.799805
"2010-02-05",9035.900391
"2010-02-08",9010.400391
"2010-02-09",9020
"2010-02-10",9064.299805
"2010-02-11",9127.900391
"2010-02-12",9053
"2010-02-15",9073
"2010-02-16",9176.299805
"2010-02-17",9329.900391
"2010-02-18",9385.299805
"2010-02-19",9431.400391
"2010-02-22",9441.700195
"2010-02-23",9387.900391
"2010-02-24",9359.200195
"2010-02-25",9226.900391
"2010-02-26",9344.400391
"2010-03-01",9479.799805
"2010-03-02",9598.700195
"2010-03-03",9612.200195
"2010-03-04",9665.299805
"2010-03-05",9774.700195
"2010-03-08",9786.400391
"2010-03-09",9774.700195
"2010-03-10",9865.299805
"2010-03-11",9854.400391
"2010-03-12",9941.599609
"2010-03-15",9879
"2010-03-16",9930
"2010-03-17",10008.5
"2010-03-18",10004.200195
"2010-03-19",10019.799805
"2010-03-22",9991.900391
"2010-03-23",10030.099609
"2010-03-24",10081.099609
"2010-03-25",10190.900391
"2010-03-26",10223.599609
"2010-03-29",10209.5
"2010-03-30",10186.099609
"2010-03-31",10165.299805
"2010-04-01",10309.5
"2010-04-06",10434
"2010-04-07",10420.099609
"2010-04-08",10379.5
"2010-04-09",10463.299805
"2010-04-12",10481.799805
"2010-04-13",10418.900391
"2010-04-14",10495.599609
"2010-04-15",10539.200195
"2010-04-16",10447.799805
"2010-04-19",10390.900391
"2010-04-20",10487.599609
"2010-04-21",10469.200195
"2010-04-22",10435.599609
"2010-04-23",10601.5
"2010-04-26",10690.099609
"2010-04-27",10470.099609
"2010-04-28",10299
"2010-04-29",10393
"2010-04-30",10366
"2010-05-04",10151.400391
"2010-05-05",9982.099609
"2010-05-06",9902.700195
"2010-05-07",9491.900391
"2010-05-10",10004.799805
"2010-05-11",9976.900391
"2010-05-12",10186.900391
"2010-05-13",10286
"2010-05-14",10022.900391
"2010-05-17",9932
"2010-05-18",9993.200195
"2010-05-19",9670.599609
"2010-05-20",9433.599609
"2010-05-21",9446.900391
"2010-05-24",9477.599609
"2010-05-25",9189.400391
"2010-05-26",9392.700195
"2010-05-27",9647.299805
"2010-05-28",9637.099609
"2010-06-01",9621.5
"2010-06-02",9660.400391
"2010-06-03",9801.200195
"2010-06-04",9599.900391
"2010-06-07",9477.700195
"2010-06-08",9356.200195
"2010-06-09",9487.200195
"2010-06-10",9609.700195
"2010-06-11",9662.599609
"2010-06-14",9795.400391
"2010-06-15",9880.299805
"2010-06-16",9860
"2010-06-17",9863.799805
"2010-06-18",9952.700195
"2010-06-21",9997.799805
"2010-06-22",9938.700195
"2010-06-23",9833.200195
"2010-06-24",9698.299805
"2010-06-25",9606.099609
"2010-06-28",9644.900391
"2010-06-29",9365.299805
"2010-06-30",9366.099609
"2010-07-01",9139.700195
"2010-07-02",9276.400391
"2010-07-05",9301.400391
"2010-07-06",9501.099609
"2010-07-07",9562.700195
"2010-07-08",9719.200195
"2010-07-09",9745.799805
"2010-07-12",9774.200195
"2010-07-13",9938.400391
"2010-07-14",9895.599609
"2010-07-15",9852.5
"2010-07-16",9775.299805
"2010-07-19",9726.5
"2010-07-20",9691.299805
"2010-07-21",9846.299805
"2010-07-22",10003.200195
"2010-07-23",10093.700195
"2010-07-26",10138.099609
"2010-07-27",10106.400391
"2010-07-28",10019.700195
"2010-07-29",10074.200195
"2010-07-30",9948.700195
"2010-08-02",10161.200195
"2010-08-03",10135.900391
"2010-08-04",10126.400391
"2010-08-05",10166.099609
"2010-08-06",10089.799805
"2010-08-09",10212.200195
"2010-08-10",10079.799805
"2010-08-11",9854.5
"2010-08-12",9788.299805
"2010-08-13",9782.299805
"2010-08-16",9774.200195
"2010-08-17",9911.900391
"2010-08-18",9886.799805
"2010-08-19",9835.099609
"2010-08-20",9761.200195
"2010-08-23",9826.200195
"2010-08-24",9700.900391
"2010-08-25",9623.599609
"2010-08-26",9677.900391
"2010-08-27",9779.900391
"2010-08-31",9825.099609
"2010-09-01",10060.900391
"2010-09-02",10141
"2010-09-03",10204.099609
"2010-09-06",10240.400391
"2010-09-07",10181.299805
"2010-09-08",10216.700195
"2010-09-09",10325.700195
"2010-09-10",10401.799805
"2010-09-13",10508.299805
"2010-09-14",10472.400391
"2010-09-15",10494.299805
"2010-09-16",10442.099609
"2010-09-17",10441
"2010-09-20",10548.200195
"2010-09-21",10545.099609
"2010-09-22",10448.299805
"2010-09-23",10426
"2010-09-24",10539
"2010-09-27",10562.700195
"2010-09-28",10552.400391
"2010-09-29",10562.5
"2010-09-30",10531.799805
"2010-10-01",10592.5
"2010-10-04",10563.799805
"2010-10-05",10682
"2010-10-06",10800.200195
"2010-10-07",10765.599609
"2010-10-08",10724.900391
"2010-10-11",10804.799805
"2010-10-12",10753.599609
"2010-10-13",10902
"2010-10-14",10882.700195
"2010-10-15",10833.5
"2010-10-18",10875.099609
"2010-10-19",10826.200195
"2010-10-20",10831.900391
"2010-10-21",10904.700195
"2010-10-22",10894.700195
"2010-10-25",10978.099609
"2010-10-26",10940.700195
"2010-10-27",10827.299805
"2010-10-28",10848.799805
"2010-10-29",10843.5
"2010-11-01",10875.299805
"2010-11-02",10927.5
"2010-11-03",10876.299805
"2010-11-04",11016.5
"2010-11-05",11080
"2010-11-08",11047.599609
"2010-11-09",11106.900391
"2010-11-10",10994.5
"2010-11-11",10899.099609
"2010-11-12",10866.5
"2010-11-15",10923.200195
"2010-11-16",10717.700195
"2010-11-17",10713.200195
"2010-11-18",10844.400391
"2010-11-19",10827.099609
"2010-11-22",10796.599609
"2010-11-23",10619.299805
"2010-11-24",10731.099609
"2010-11-25",10835
"2010-11-26",10809.400391
"2010-11-29",10689.599609
"2010-11-30",10607.799805
"2010-12-01",10809.299805
"2010-12-02",11076.799805
"2010-12-03",11082.200195
"2010-12-06",11151.400391
"2010-12-07",11299.400391
"2010-12-08",11218.700195
"2010-12-09",11263.400391
"2010-12-10",11281
"2010-12-13",11359.700195
"2010-12-14",11409.799805
"2010-12-15",11372.799805
"2010-12-16",11329
"2010-12-17",11426.799805
"2010-12-20",11433.099609
"2010-12-21",11506.700195
"2010-12-22",11550.200195
"2010-12-23",11569.200195
"2010-12-24",11492.900391
"2010-12-29",11628.900391
"2010-12-30",11569.400391
"2010-12-31",11558.799805
"2011-01-04",11722.599609
"2011-01-05",11741.599609
"2011-01-06",11716.900391
"2011-01-07",11674.400391
"2011-01-10",11575.299805
"2011-01-11",11735.299805
"2011-01-12",11765.299805
"2011-01-13",11767
"2011-01-14",11742.400391
"2011-01-17",11741.5
"2011-01-18",11830.299805
"2011-01-19",11728.200195
"2011-01-20",11505
"2011-01-21",11532.700195
"2011-01-24",11573.400391
"2011-01-25",11501.599609
"2011-01-26",11612.299805
"2011-01-27",11617.400391
"2011-01-28",11546
"2011-01-31",11471.5
"2011-02-01",11608.5
"2011-02-02",11606.700195
"2011-02-03",11575.799805
"2011-02-04",11666.5
"2011-02-07",11811.099609
"2011-02-08",11830.5
"2011-02-09",11796.599609
"2011-02-10",11721.599609
"2011-02-11",11797.799805
"2011-02-14",11833.900391
"2011-02-15",11749.700195
"2011-02-16",11807.299805
"2011-02-17",11827.799805
"2011-02-18",11828.299805
"2011-02-21",11727.700195
"2011-02-22",11652.400391
"2011-02-23",11521.900391
"2011-02-24",11409.700195
"2011-02-25",11609
"2011-02-28",11621.299805
"2011-03-01",11574.099609
"2011-03-02",11543.400391
"2011-03-03",11652.400391
"2011-03-04",11723
"2011-03-07",11747.900391
"2011-03-08",11743.5
"2011-03-09",11730.200195
"2011-03-10",11515.599609
"2011-03-11",11409.5
"2011-03-14",11349.700195
"2011-03-15",11151.200195
"2011-03-16",11033.099609
"2011-03-17",11236.400391
"2011-03-18",11345.799805
"2011-03-21",11511.200195
"2011-03-22",11441.599609
"2011-03-23",11447.400391
"2011-03-24",11605.5
"2011-03-25",11629.299805
"2011-03-28",11637.400391
"2011-03-29",11636.400391
"2011-03-30",11676.400391
"2011-03-31",11592
"2011-04-01",11708.700195
"2011-04-04",11766.599609
"2011-04-05",11737.700195
"2011-04-06",11781.400391
"2011-04-07",11659.400391
"2011-04-08",11726.200195
"2011-04-11",11689.700195
"2011-04-12",11541.599609
"2011-04-13",11615.799805
"2011-04-14",11603.200195
"2011-04-15",11679.200195
"2011-04-18",11490.799805
"2011-04-19",11574.5
"2011-04-20",11756.200195
"2011-04-21",11810.5
"2011-04-26",11869.400391
"2011-04-27",11895
"2011-04-28",12013.900391
"2011-04-29",12013.900391
"2011-05-03",12014.799805
"2011-05-04",11909.099609
"2011-05-05",11845.700195
"2011-05-06",11907.200195
"2011-05-09",11896.099609
"2011-05-10",12055.200195
"2011-05-11",12017.900391
"2011-05-12",11967.099609
"2011-05-13",11999.200195
"2011-05-16",11943.599609
"2011-05-17",11836
"2011-05-18",11887.5
"2011-05-19",11986.5
"2011-05-20",11992.200195
"2011-05-23",11795.700195
"2011-05-24",11858.799805
"2011-05-25",11825.200195
"2011-05-26",11841
"2011-05-27",11958.799805
"2011-05-31",12060.799805
"2011-06-01",12009.799805
"2011-06-02",11963
"2011-06-03",11972.700195
"2011-06-06",11996.900391
"2011-06-07",12008.799805
"2011-06-08",11870.900391
"2011-06-09",11911.599609
"2011-06-10",11786
"2011-06-13",11779.5
"2011-06-14",11861.400391
"2011-06-15",11763.400391
"2011-06-16",11631.900391
"2011-06-17",11661.799805
"2011-06-20",11537.799805
"2011-06-21",11654.900391
"2011-06-22",11636.200195
"2011-06-23",11453.700195
"2011-06-24",11528.299805
"2011-06-27",11549.099609
"2011-06-28",11606.400391
"2011-06-29",11799.200195
"2011-06-30",11934
"2011-07-01",12040.299805
"2011-07-04",12102.299805
"2011-07-05",12145.400391
"2011-07-06",12131.700195
"2011-07-07",12167.799805
"2011-07-08",12074.299805
"2011-07-11",11880.099609
"2011-07-12",11778
"2011-07-13",11843.200195
"2011-07-14",11766.599609
"2011-07-15",11746.799805
"2011-07-18",11527.799805
"2011-07-19",11592.400391
"2011-07-20",11701.5
"2011-07-21",11706.700195
"2011-07-22",11820.299805
"2011-07-25",11786.200195
"2011-07-26",11788.900391
"2011-07-27",11650.299805
"2011-07-28",11615.599609
"2011-07-29",11552.099609
"2011-08-01",11443
"2011-08-02",11188.599609
"2011-08-03",10994.599609
"2011-08-04",10570.599609
"2011-08-05",10313.099609
"2011-08-08",9862
"2011-08-09",10090.5
"2011-08-10",9891
"2011-08-11",10139.700195
"2011-08-12",10432.099609
"2011-08-15",10531.799805
"2011-08-16",10412.700195
"2011-08-17",10369.400391
"2011-08-18",9860.200195
"2011-08-19",9759.099609
"2011-08-22",9854.799805
"2011-08-23",9922.099609
"2011-08-24",10041.599609
"2011-08-25",10021.400391
"2011-08-26",9997.099609
"2011-08-30",10243.200195
"2011-08-31",10525.900391
"2011-09-01",10576.799805
"2011-09-02",10381
"2011-09-05",10084.099609
"2011-09-06",10071.200195
"2011-09-07",10321.299805
"2011-09-08",10365.099609
"2011-09-09",10151.400391
"2011-09-12",9983.799805
"2011-09-13",10011.099609
"2011-09-14",10107.900391
"2011-09-15",10324.099609
"2011-09-16",10428.200195
"2011-09-19",10229
"2011-09-20",10308.599609
"2011-09-21",10266
"2011-09-22",9888.299805
"2011-09-23",9815.5
"2011-09-26",9839.200195
"2011-09-27",10127.099609
"2011-09-28",10038.700195
"2011-09-29",9985.5
"2011-09-30",9819.400391
"2011-10-03",9750.599609
"2011-10-04",9425.900391
"2011-10-05",9567.799805
"2011-10-06",9888.599609
"2011-10-07",9958
"2011-10-10",10140.799805
"2011-10-11",10155.099609
"2011-10-12",10320
"2011-10-13",10230.5
"2011-10-14",10338.5
"2011-10-17",10250.400391
"2011-10-18",10178.900391
"2011-10-19",10231.799805
"2011-10-20",10111.099609
"2011-10-21",10265.5
"2011-10-24",10469.099609
"2011-10-25",10428.400391
"2011-10-26",10422.400391
"2011-10-27",10733.299805
"2011-10-28",10773.099609
"2011-10-31",10479.700195
"2011-11-01",10167.599609
"2011-11-02",10251.700195
"2011-11-03",10406.700195
"2011-11-04",10387.799805
"2011-11-07",10302.200195
"2011-11-08",10419.299805
"2011-11-09",10268.900391
"2011-11-10",10187.400391
"2011-11-11",10389.299805
"2011-11-14",10347.799805
"2011-11-15",10260.099609
"2011-11-16",10275.599609
"2011-11-17",10150.299805
"2011-11-18",10044.400391
"2011-11-21",9767.900391
"2011-11-22",9703.099609
"2011-11-23",9568.799805
"2011-11-24",9601.900391
"2011-11-25",9640.299805
"2011-11-28",9908.5
"2011-11-29",10031.599609
"2011-11-30",10315.299805
"2011-12-01",10203.799805
"2011-12-02",10307.299805
"2011-12-05",10368.299805
"2011-12-06",10312.299805
"2011-12-07",10280.200195
"2011-12-08",10086.099609
"2011-12-09",10130.599609
"2011-12-12",9901.200195
"2011-12-13",9961
"2011-12-14",9744.200195
"2011-12-15",9827.299805
"2011-12-16",9803.200195
"2011-12-19",9748.400391
"2011-12-20",9868.400391
"2011-12-21",9843
"2011-12-22",9903.599609
"2011-12-23",9984.200195
"2011-12-28",10013.200195
"2011-12-29",10056.299805
"2011-12-30",10102.900391
"2012-01-03",10362
"2012-01-04",10273.799805
"2012-01-05",10144.599609
"2012-01-06",10245.900391
"2012-01-09",10251.099609
"2012-01-10",10347.700195
"2012-01-11",10372.599609
"2012-01-12",10466.5
"2012-01-13",10457.700195
"2012-01-16",10478.599609
"2012-01-17",10592.200195
"2012-01-18",10661.099609
"2012-01-19",10808.299805
"2012-01-20",10825.900391
"2012-01-23",10867.599609
"2012-01-24",10736.900391
"2012-01-25",10748.400391
"2012-01-26",10908.799805
"2012-01-27",10854.700195
"2012-01-30",10694.200195
"2012-01-31",10769.400391
"2012-02-01",11021
"2012-02-02",11086.5
"2012-02-03",11235.200195
"2012-02-06",11237.700195
"2012-02-07",11193.700195
"2012-02-08",11161.900391
"2012-02-09",11234.599609
"2012-02-10",11167.599609
"2012-02-13",11275.599609
"2012-02-14",11245.700195
"2012-02-15",11288.900391
"2012-02-16",11203.400391
"2012-02-17",11312.200195
"2012-02-20",11420.200195
"2012-02-21",11379.5
"2012-02-22",11449.200195
"2012-02-23",11505.700195
"2012-02-24",11527
"2012-02-27",11472.099609
"2012-02-28",11529.200195
"2012-02-29",11449.5
"2012-03-01",11535.400391
"2012-03-02",11538.400391
"2012-03-05",11414.099609
"2012-03-06",11144.099609
"2012-03-07",11287.099609
"2012-03-08",11458.400391
"2012-03-09",11528
"2012-03-12",11563.900391
"2012-03-13",11750.099609
"2012-03-14",11750.299805
"2012-03-15",11699.299805
"2012-03-16",11792.900391
"2012-03-19",11785.5
"2012-03-20",11633.200195
"2012-03-21",11656.799805
"2012-03-22",11551.700195
"2012-03-23",11566.700195
"2012-03-26",11734.700195
"2012-03-27",11710.700195
"2012-03-28",11589.700195
"2012-03-29",11431
"2012-03-30",11538.900391
"2012-04-02",11655.099609
"2012-04-03",11638.799805
"2012-04-04",11352.5
"2012-04-05",11380.599609
"2012-04-10",11136.200195
"2012-04-11",11234
"2012-04-12",11414.5
"2012-04-13",11311.099609
"2012-04-16",11255.400391
"2012-04-17",11426.299805
"2012-04-18",11432
"2012-04-19",11423
"2012-04-20",11444.900391
"2012-04-23",11181.599609
"2012-04-24",11272.200195
"2012-04-25",11334.5
"2012-04-26",11361.400391
"2012-04-27",11479.700195
"2012-04-30",11417.599609
"2012-05-01",11503.900391
"2012-05-02",11475.900391
"2012-05-03",11483.299805
"2012-05-04",11156.200195
"2012-05-08",10872.5
"2012-05-09",10788.200195
"2012-05-10",10943.400391
"2012-05-11",11016.400391
"2012-05-14",10813.599609
"2012-05-15",10722.5
"2012-05-16",10675.299805
"2012-05-17",10592.900391
"2012-05-18",10431.900391
"2012-05-21",10435.5
"2012-05-22",10579.5
"2012-05-23",10375.700195
"2012-05-24",10472.5
"2012-05-25",10417.5
"2012-05-29",10657.900391
"2012-05-30",10494.799805
"2012-05-31",10558.200195
"2012-06-01",10346.700195
"2012-06-06",10583.799805
"2012-06-07",10745.099609
"2012-06-08",10699
"2012-06-11",10658.200195
"2012-06-12",10561.200195
"2012-06-13",10538.599609
"2012-06-14",10574.599609
"2012-06-15",10729.700195
"2012-06-18",10721.400391
"2012-06-19",10870.900391
"2012-06-20",11022.799805
"2012-06-21",10944.700195
"2012-06-22",10823.900391
"2012-06-25",10671.400391
"2012-06-26",10665.400391
"2012-06-27",10752
"2012-06-28",10688.299805
"2012-06-29",10932.099609
"2012-07-02",11093.5
"2012-07-03",11189.799805
"2012-07-04",11161.200195
"2012-07-05",11130.900391
"2012-07-06",11070.599609
"2012-07-09",10983.299805
"2012-07-10",11065.5
"2012-07-11",10967.799805
"2012-07-12",10924.099609
"2012-07-13",11043.799805
"2012-07-16",11075.299805
"2012-07-17",11019.200195
"2012-07-18",11085.700195
"2012-07-19",11242.5
"2012-07-20",11168.900391
"2012-07-23",10896.900391
"2012-07-24",10885.900391
"2012-07-25",10873.400391
"2012-07-26",11039.5
"2012-07-27",11179
"2012-07-30",11238.900391
"2012-07-31",11136.700195
"2012-08-01",11186.200195
"2012-08-02",11076.599609
"2012-08-03",11301.099609
"2012-08-06",11426.400391
"2012-08-07",11460.900391
"2012-08-08",11436.400391
"2012-08-09",11464
"2012-08-10",11470.799805
"2012-08-13",11436.799805
"2012-08-14",11504.299805
"2012-08-15",11498.099609
"2012-08-16",11502.299805
"2012-08-17",11618.099609
"2012-08-20",11563.299805
"2012-08-21",11639.5
"2012-08-22",11494.400391
"2012-08-23",11466.5
"2012-08-24",11449.099609
"2012-08-28",11375.200195
"2012-08-29",11387.700195
"2012-08-30",11325.900391
"2012-08-31",11410.200195
"2012-09-03",11503.099609
"2012-09-04",11428.799805
"2012-09-05",11446.099609
"2012-09-06",11676.400391
"2012-09-07",11808
"2012-09-10",11841.5
"2012-09-11",11780.400391
"2012-09-12",11811.099609
"2012-09-13",11846.5
"2012-09-14",12116.099609
"2012-09-17",12080.900391
"2012-09-18",11933.700195
"2012-09-19",11974.200195
"2012-09-20",11929
"2012-09-21",11950
"2012-09-24",11903.099609
"2012-09-25",11931.400391
"2012-09-26",11737.900391
"2012-09-27",11754.400391
"2012-09-28",11734.099609
"2012-10-01",11867.5
"2012-10-02",11894.400391
"2012-10-03",11872.700195
"2012-10-04",11954.400391
"2012-10-05",12061.400391
"2012-10-08",11974.599609
"2012-10-09",11911.799805
"2012-10-10",11828.299805
"2012-10-11",11898.400391
"2012-10-12",11838.299805
"2012-10-15",11855.700195
"2012-10-16",11985.299805
"2012-10-17",12045.900391
"2012-10-18",12071.299805
"2012-10-19",12074.299805
"2012-10-22",12040
"2012-10-23",11891.099609
"2012-10-24",11862.700195
"2012-10-25",11972.200195
"2012-10-26",11925.900391
"2012-10-29",11920.700195
"2012-10-30",11954.299805
"2012-10-31",11935
"2012-11-01",12091.799805
"2012-11-02",12120.799805
"2012-11-05",12030.5
"2012-11-06",12081.599609
"2012-11-07",11961.299805
"2012-11-08",11895.700195
"2012-11-09",11842.400391
"2012-11-12",11803.299805
"2012-11-13",11797.200195
"2012-11-14",11718.700195
"2012-11-15",11683.5
"2012-11-16",11577
"2012-11-19",11744.799805
"2012-11-20",11820.799805
"2012-11-21",11783.299805
"2012-11-22",11861.700195
"2012-11-23",11888.900391
"2012-11-26",11843.599609
"2012-11-27",11867.200195
"2012-11-28",11890.599609
"2012-11-29",12026.599609
"2012-11-30",12034.200195
"2012-12-03",12027.400391
"2012-12-04",12053.299805
"2012-12-05",12103.099609
"2012-12-06",12149.200195
"2012-12-07",12187.599609
"2012-12-10",12178.200195
"2012-12-11",12190.599609
"2012-12-12",12224.299805
"2012-12-13",12211.599609
"2012-12-14",12244.200195
"2012-12-17",12218.599609
"2012-12-18",12293.299805
"2012-12-19",12402.400391
"2012-12-20",12422.799805
"2012-12-21",12362.400391
"2012-12-24",12395.799805
"2012-12-27",12397.700195
"2012-12-28",12359.700195
"2012-12-31",12375
"2013-01-02",12611.900391
"2013-01-03",12651.299805
"2013-01-04",12694.900391
"2013-01-07",12722
"2013-01-08",12635
"2013-01-09",12709.099609
"2013-01-10",12730.799805
"2013-01-11",12797.799805
"2013-01-14",12759.099609
"2013-01-15",12774.799805
"2013-01-16",12763.599609
"2013-01-17",12847.599609
"2013-01-18",12946.099609
"2013-01-21",12994.900391
"2013-01-22",12958.099609
"2013-01-23",12934.400391
"2013-01-24",13066.400391
"2013-01-25",13136.099609
"2013-01-28",13132.5
"2013-01-29",13107.599609
"2013-01-30",13046.5
"2013-01-31",13030.5
"2013-02-01",13275.799805
"2013-02-04",13177
"2013-02-05",13242.799805
"2013-02-06",13341.599609
"2013-02-07",13300.700195
"2013-02-08",13375.299805
"2013-02-11",13373.599609
"2013-02-12",13476
"2013-02-13",13603
"2013-02-14",13500.5
"2013-02-15",13558.400391
"2013-02-18",13499
"2013-02-19",13655
"2013-02-20",13739.900391
"2013-02-21",13554.700195
"2013-02-22",13668.900391
"2013-02-25",13685.700195
"2013-02-26",13536
"2013-02-27",13625.5
"2013-02-28",13704
"2013-03-01",13750.599609
"2013-03-04",13674.5
"2013-03-05",13861.299805
"2013-03-06",13923.299805
"2013-03-07",13953.400391
"2013-03-08",14018.799805
"2013-03-11",14012.700195
"2013-03-12",14020
"2013-03-13",13971.700195
"2013-03-14",14084
"2013-03-15",14105.599609
"2013-03-18",14089.799805
"2013-03-19",14035.900391
"2013-03-20",14030.700195
"2013-03-21",13980.799805
"2013-03-22",13957.599609
"2013-03-25",13961.299805
"2013-03-26",13988.099609
"2013-03-27",13862.400391
"2013-03-28",13923
"2013-04-02",14057
"2013-04-03",13960.200195
"2013-04-04",13755.599609
"2013-04-05",13480.200195
"2013-04-08",13523.700195
"2013-04-09",13598.299805
"2013-04-10",13794.299805
"2013-04-11",13968.099609
"2013-04-12",13906.799805
"2013-04-15",13741.599609
"2013-04-16",13659.599609
"2013-04-17",13531.200195
"2013-04-18",13553
"2013-04-19",13616.700195
"2013-04-22",13591.5
"2013-04-23",13817.5
"2013-04-24",13895.099609
"2013-04-25",14006.099609
"2013-04-26",13975
"2013-04-29",13992.799805
"2013-04-30",13949.900391
"2013-05-01",14029.400391
"2013-05-02",13930.200195
"2013-05-03",14106.200195
"2013-05-07",14101.400391
"2013-05-08",14193.299805
"2013-05-09",14281.599609
"2013-05-10",14315.700195
"2013-05-13",14299.900391
"2013-05-14",14377.700195
"2013-05-15",14476
"2013-05-16",14566.5
"2013-05-17",14693.099609
"2013-05-20",14720.900391
"2013-05-21",14805.5
"2013-05-22",14824.099609
"2013-05-23",14507.700195
"2013-05-24",14393
"2013-05-28",14622.400391
"2013-05-29",14389.599609
"2013-05-30",14442.700195
"2013-05-31",14350.900391
"2013-06-03",14233.599609
"2013-06-04",14259.400391
"2013-06-05",13996.900391
"2013-06-06",13840.200195
"2013-06-07",14005
"2013-06-10",14025.200195
"2013-06-11",13806.099609
"2013-06-12",13764.5
"2013-06-13",13677.900391
"2013-06-14",13822.400391
"2013-06-17",13907.400391
"2013-06-18",13994.400391
"2013-06-19",14010.400391
"2013-06-20",13667.400391
"2013-06-21",13544.900391
"2013-06-24",13272.200195
"2013-06-25",13458.599609
"2013-06-26",13609.099609
"2013-06-27",13802.599609
"2013-06-28",13798.200195
"2013-07-01",14030.700195
"2013-07-02",14009.900391
"2013-07-03",13967.5
"2013-07-04",14319
"2013-07-05",14266.400391
"2013-07-08",14473.200195
"2013-07-09",14620.599609
"2013-07-10",14531.200195
"2013-07-11",14641
"2013-07-12",14699.400391
"2013-07-15",14762
"2013-07-16",14682.200195
"2013-07-17",14724.299805
"2013-07-18",14819.799805
"2013-07-19",14814.900391
"2013-07-22",14849.599609
"2013-07-23",14822.200195
"2013-07-24",14835.099609
"2013-07-25",14767.900391
"2013-07-26",14725.599609
"2013-07-29",14737.400391
"2013-07-30",14829.900391
"2013-07-31",14872.900391
"2013-08-01",15061.200195
"2013-08-02",15132
"2013-08-05",15197.200195
"2013-08-06",15115.099609
"2013-08-07",14970.099609
"2013-08-08",15086.200195
"2013-08-09",15125.400391
"2013-08-12",15076.900391
"2013-08-13",15100.799805
"2013-08-14",15086.299805
"2013-08-15",14693
"2013-08-16",14834.599609
"2013-08-19",14865.200195
"2013-08-20",14774.099609
"2013-08-21",14743.099609
"2013-08-22",14853.599609
"2013-08-23",14953.099609
"2013-08-27",14768
"2013-08-28",14625.799805
"2013-08-29",14735.799805
"2013-08-30",14625.200195
"2013-09-02",14875.5
"2013-09-03",14861.5
"2013-09-04",14851.5
"2013-09-05",14977.299805
"2013-09-06",15048.299805
"2013-09-09",15092.900391
"2013-09-10",15270.700195
"2013-09-11",15245.799805
"2013-09-12",15192.099609
"2013-09-13",15220.099609
"2013-09-16",15292
"2013-09-17",15152.299805
"2013-09-18",15089.200195
"2013-09-19",15137.099609
"2013-09-20",15032.299805
"2013-09-23",14920.900391
"2013-09-24",15063.200195
"2013-09-25",15028.799805
"2013-09-26",15009.400391
"2013-09-27",14924.900391
"2013-09-30",14908.200195
"2013-10-01",14966.400391
"2013-10-02",14891.299805
"2013-10-03",14853
"2013-10-04",14839.200195
"2013-10-07",14771
"2013-10-08",14667.599609
"2013-10-09",14638
"2013-10-10",14896.599609
"2013-10-11",14969.799805
"2013-10-14",15057.400391
"2013-10-15",15128.400391
"2013-10-16",15216.599609
"2013-10-17",15231.900391
"2013-10-18",15391.200195
"2013-10-21",15522
"2013-10-22",15512.5
"2013-10-23",15495
"2013-10-24",15526.900391
"2013-10-25",15491.599609
"2013-10-28",15428.799805
"2013-10-29",15535.5
"2013-10-30",15583
"2013-10-31",15480
"2013-11-01",15455.700195
"2013-11-04",15468.400391
"2013-11-05",15367.599609
"2013-11-06",15403.799805
"2013-11-07",15389.5
"2013-11-08",15342
"2013-11-11",15420.400391
"2013-11-12",15369.099609
"2013-11-13",15179.799805
"2013-11-14",15257.900391
"2013-11-15",15246.599609
"2013-11-18",15290.5
"2013-11-19",15265.599609
"2013-11-20",15178.799805
"2013-11-21",15148.5
"2013-11-22",15187.700195
"2013-11-25",15299.900391
"2013-11-26",15306.099609
"2013-11-27",15406.700195
"2013-11-28",15431.799805
"2013-11-29",15466.599609
"2013-12-02",15334.799805
"2013-12-03",15153.099609
"2013-12-04",15128
"2013-12-05",15157.700195
"2013-12-06",15317.099609
"2013-12-09",15391.799805
"2013-12-10",15410.799805
"2013-12-11",15396.099609
"2013-12-12",15211.5
"2013-12-13",15233.5
"2013-12-16",15384.599609
"2013-12-17",15348.599609
"2013-12-18",15366.700195
"2013-12-19",15590
"2013-12-20",15636.599609
"2013-12-23",15741.700195
"2013-12-24",NA
"2013-12-27",15878.099609
"2013-12-30",15900.700195
"2013-12-31",NA
"2014-01-02",15919.099609
"2014-01-03",16020.5
"2014-01-06",16049.299805
"2014-01-07",16069.200195
"2014-01-08",16001.700195
"2014-01-09",15949
"2014-01-10",16191.700195
"2014-01-13",16254.799805
"2014-01-14",16236
"2014-01-15",16292.900391
"2014-01-16",16209.700195
"2014-01-17",16187.099609
"2014-01-20",16227.099609
"2014-01-21",16144.200195
"2014-01-22",16147.200195
"2014-01-23",15980.099609
"2014-01-24",15703.400391
"2014-01-27",15528.200195
"2014-01-28",15715.799805
"2014-01-29",15688.299805
"2014-01-30",15701.799805
"2014-01-31",15674.400391
"2014-02-03",15558.200195
"2014-02-04",15540.299805
"2014-02-05",15561.400391
"2014-02-06",15789.900391
"2014-02-07",15865.099609
"2014-02-10",15910.700195
"2014-02-11",16078.299805
"2014-02-12",16079.200195
"2014-02-13",16029.400391
"2014-02-14",16110.599609
"2014-02-17",16244.700195
"2014-02-18",16342.099609
"2014-02-19",16347.299805
"2014-02-20",16368.799805
"2014-02-21",16460.900391
"2014-02-24",16539.300781
"2014-02-25",16527.900391
"2014-02-26",16471.699219
"2014-02-27",16523
"2014-02-28",16726
"2014-03-03",16374.799805
"2014-03-04",16698.900391
"2014-03-05",16614.400391
"2014-03-06",16671.800781
"2014-03-07",16559.5
"2014-03-10",16451.199219
"2014-03-11",16481.5
"2014-03-12",16326.700195
"2014-03-13",16186.200195
"2014-03-14",16124.900391
"2014-03-17",16297.400391
"2014-03-18",16354.200195
"2014-03-19",16338.799805
"2014-03-20",16217.400391
"2014-03-21",16160.099609
"2014-03-24",16019.400391
"2014-03-25",16153.099609
"2014-03-26",16252.900391
"2014-03-27",16202.200195
"2014-03-28",16181.700195
"2014-03-31",16273.700195
"2014-04-01",16407.599609
"2014-04-02",16416
"2014-04-03",16349.099609
"2014-04-04",16433.699219
"2014-04-07",16262.799805
"2014-04-08",16014.5
"2014-04-09",16163.700195
"2014-04-10",16148.5
"2014-04-11",15898.400391
"2014-04-14",15702.400391
"2014-04-15",15590.5
"2014-04-16",15746
"2014-04-17",15907.900391
"2014-04-22",16082.200195
"2014-04-23",15989.599609
"2014-04-24",15991.799805
"2014-04-25",15888.200195
"2014-04-28",15826.200195
"2014-04-29",15896.599609
"2014-04-30",15817.200195
"2014-05-01",15850.299805
"2014-05-02",15930.900391
"2014-05-06",15938.700195
"2014-05-07",15882
"2014-05-08",15968.5
"2014-05-09",15885.200195
"2014-05-12",15981.400391
"2014-05-13",16038.900391
"2014-05-14",15974.599609
"2014-05-15",15616.5
"2014-05-16",15397.900391
"2014-05-19",15379.400391
"2014-05-20",15440.299805
"2014-05-21",15603.200195
"2014-05-22",15675.099609
"2014-05-23",15706
"2014-05-27",15843.900391
"2014-05-28",15935.400391
"2014-05-29",15954.799805
"2014-05-30",16010.299805
"2014-06-02",16084.400391
"2014-06-03",15971.900391
"2014-06-04",15986.5
"2014-06-05",15995.5
"2014-06-06",16232.900391
"2014-06-09",16218.400391
"2014-06-10",16210.599609
"2014-06-11",16087.599609
"2014-06-12",16126
"2014-06-13",15814.799805
"2014-06-16",15706.700195
"2014-06-17",15585.5
"2014-06-18",15624.200195
"2014-06-19",15683.900391
"2014-06-20",15791.400391
"2014-06-23",15675.299805
"2014-06-24",15547.200195
"2014-06-25",15454
"2014-06-26",15646.799805
"2014-06-27",15681.5
"2014-06-30",15723.599609
"2014-07-01",15840.900391
"2014-07-02",15897.099609
"2014-07-03",16029
"2014-07-04",16050.200195
"2014-07-07",15892.299805
"2014-07-08",15652.5
"2014-07-09",15549.599609
"2014-07-10",15439.900391
"2014-07-11",15451.400391
"2014-07-14",15577.700195
"2014-07-15",15440.5
"2014-07-16",15600.200195
"2014-07-17",15554
"2014-07-18",15556.799805
"2014-07-21",15486.099609
"2014-07-22",15650.700195
"2014-07-23",15726
"2014-07-24",15748.700195
"2014-07-25",15691.799805
"2014-07-28",15616.5
"2014-07-29",15687
"2014-07-30",15629.799805
"2014-07-31",15495.599609
"2014-08-01",15402.700195
"2014-08-04",15362.599609
"2014-08-05",15351.900391
"2014-08-06",15262.700195
"2014-08-07",15240.099609
"2014-08-08",15243.400391
"2014-08-11",15460.700195
"2014-08-12",15465.799805
"2014-08-13",15527.5
"2014-08-14",15675.599609
"2014-08-15",15667.799805
"2014-08-18",15796.400391
"2014-08-19",15895.299805
"2014-08-20",15748.900391
"2014-08-21",15838.599609
"2014-08-22",15881.099609
"2014-08-26",15998
"2014-08-27",16024.599609
"2014-08-28",15910.900391
"2014-08-29",15885.700195
"2014-09-01",15957.099609
"2014-09-02",15965.400391
"2014-09-03",15991.900391
"2014-09-04",15995.799805
"2014-09-05",15924.599609
"2014-09-08",15768.299805
"2014-09-09",15786.900391
"2014-09-10",15672.700195
"2014-09-11",15621.400391
"2014-09-12",15711.900391
"2014-09-15",15649.200195
"2014-09-16",15593.099609
"2014-09-17",15576.700195
"2014-09-18",15722.799805
"2014-09-19",15859.099609
"2014-09-22",15744.599609
"2014-09-23",15533.700195
"2014-09-24",15537.599609
"2014-09-25",15425.900391
"2014-09-26",15383.700195
"2014-09-29",15390.099609
"2014-09-30",15379.700195
"2014-10-01",15210.900391
"2014-10-02",15005.200195
"2014-10-03",15230.099609
"2014-10-06",15277
"2014-10-07",15099.200195
"2014-10-08",14933.5
"2014-10-09",14811.299805
"2014-10-10",14641.599609
"2014-10-13",14544
"2014-10-14",14669.799805
"2014-10-15",14426.700195
"2014-10-16",14480.099609
"2014-10-17",14757.599609
"2014-10-20",14756
"2014-10-21",15025
"2014-10-22",15170.099609
"2014-10-23",15136
"2014-10-24",15089.599609
"2014-10-27",15040.400391
"2014-10-28",15123.400391
"2014-10-29",15234.099609
"2014-10-30",15298.299805
"2014-10-31",15501.400391
"2014-11-03",15453.200195
"2014-11-04",15394.099609
"2014-11-05",15526.299805
"2014-11-06",15515.099609
"2014-11-07",15464.5
"2014-11-10",15596.200195
"2014-11-11",15630.700195
"2014-11-12",15604.299805
"2014-11-13",15631.900391
"2014-11-14",15644.099609
"2014-11-17",15648.599609
"2014-11-18",15699.400391
"2014-11-19",15601.900391
"2014-11-20",15604.5
"2014-11-21",15691.599609
"2014-11-24",15710.099609
"2014-11-25",15831.599609
"2014-11-26",15788.400391
"2014-11-27",15889.700195
"2014-11-28",15851.799805
"2014-12-01",15719.799805
"2014-12-02",15833
"2014-12-03",15811.599609
"2014-12-04",15840.5
"2014-12-05",16002.900391
"2014-12-08",15952.5
"2014-12-09",15714.299805
"2014-12-10",15737.5
"2014-12-11",15663.5
"2014-12-12",15377.099609
"2014-12-15",15233.900391
"2014-12-16",15426.799805
"2014-12-17",15444
"2014-12-18",15732.700195
"2014-12-19",15888.900391
"2014-12-22",15991.5
"2014-12-23",16094.200195
"2014-12-24",NA
"2014-12-29",16050.700195
"2014-12-30",15990.299805
"2014-12-31",NA
"2015-01-02",16052
"2015-01-05",15921.700195
"2015-01-06",15778.700195
"2015-01-07",15851.700195
"2015-01-08",16085.5
"2015-01-09",16011
"2015-01-12",15943.700195
"2015-01-13",16085
"2015-01-14",15872.099609
"2015-01-15",15915.299805
"2015-01-16",15922.5
"2015-01-19",16067.200195
"2015-01-20",16126.599609
"2015-01-21",16253.299805
"2015-01-22",16378.900391
"2015-01-23",16458.900391
"2015-01-26",16470.5
"2015-01-27",16353.900391
"2015-01-28",16425.699219
"2015-01-29",16359
"2015-01-30",16305.799805
"2015-02-02",16355.599609
"2015-02-03",16570.300781
"2015-02-04",16571.599609
"2015-02-05",16695
"2015-02-06",16685.599609
"2015-02-09",16579.199219
"2015-02-10",16658.699219
"2015-02-11",16632.599609
"2015-02-12",16809.400391
"2015-02-13",16847.800781
"2015-02-16",16861.199219
"2015-02-17",16887.699219
"2015-02-18",17002.099609
"2015-02-19",17049.800781
"2015-02-20",17122.599609
"2015-02-23",17168
"2015-02-24",17201.900391
"2015-02-25",17188.300781
"2015-02-26",17249.800781
"2015-02-27",17273.800781
"2015-03-02",17249.900391
"2015-03-03",17146
"2015-03-04",17135.699219
"2015-03-05",17310.300781
"2015-03-06",17272.199219
"2015-03-09",17167.099609
"2015-03-10",16922.5
"2015-03-11",16948.900391
"2015-03-12",17061.099609
"2015-03-13",17109.5
"2015-03-16",17201
"2015-03-17",17202.900391
"2015-03-18",17363.699219
"2015-03-19",17438.199219
"2015-03-20",17537.599609
"2015-03-23",17551.199219
"2015-03-24",17579.199219
"2015-03-25",17502.300781
"2015-03-26",17260.599609
"2015-03-27",17162.599609
"2015-03-30",17208.099609
"2015-03-31",17090.599609
"2015-04-01",17123.400391
"2015-04-02",17268.800781
"2015-04-07",17521.5
"2015-04-08",17561.5
"2015-04-09",17715.5
"2015-04-10",17875.099609
"2015-04-13",17829.800781
"2015-04-14",17858.800781
"2015-04-15",17873.5
"2015-04-16",17730.300781
"2015-04-17",17572.400391
"2015-04-20",17603.5
"2015-04-21",17712.599609
"2015-04-22",17635.599609
"2015-04-23",17684.699219
"2015-04-24",17729.400391
"2015-04-27",17784.699219
"2015-04-28",17659.400391
"2015-04-29",17481.199219
"2015-04-30",17474.599609
"2015-05-01",17468.300781
"2015-05-05",17452.099609
"2015-05-06",17412.099609
"2015-05-07",17448
"2015-05-08",17935.900391
"2015-05-11",17870.599609
"2015-05-12",17689.199219
"2015-05-13",17861.5
"2015-05-14",17929.300781
"2015-05-15",18020.400391
"2015-05-18",18022.199219
"2015-05-19",18176.099609
"2015-05-20",18135.5
"2015-05-21",18154.599609
"2015-05-22",18192.699219
"2015-05-26",18098.800781
"2015-05-27",18237.5
"2015-05-28",18237
"2015-05-29",18154.400391
"2015-06-01",18220.199219
"2015-06-02",18220.300781
"2015-06-03",18263.5
"2015-06-04",18090.400391
"2015-06-05",17931.300781
"2015-06-08",17878.400391
"2015-06-09",17839.800781
"2015-06-10",18030.099609
"2015-06-11",18089.5
"2015-06-12",17949.099609
"2015-06-15",17728.699219
"2015-06-16",17736.199219
"2015-06-17",17706.199219
"2015-06-18",17678.900391
"2015-06-19",17705
"2015-06-22",17906.300781
"2015-06-23",17997.599609
"2015-06-24",17924.800781
"2015-06-25",17944.900391
"2015-06-26",17822.300781
"2015-06-29",17534.699219
"2015-06-30",17531.5
"2015-07-01",17717.099609
"2015-07-02",17686
"2015-07-03",17613.5
"2015-07-06",17443.300781
"2015-07-07",17212.900391
"2015-07-08",17112.900391
"2015-07-09",17296
"2015-07-10",17486.300781
"2015-07-13",17708.900391
"2015-07-14",17642.400391
"2015-07-15",17637.099609
"2015-07-16",17765.400391
"2015-07-17",17755.900391
"2015-07-20",17781.400391
"2015-07-21",17755.900391
"2015-07-22",17645.699219
"2015-07-23",17619.099609
"2015-07-24",17499.099609
"2015-07-27",17267.599609
"2015-07-28",17387.900391
"2015-07-29",17512.800781
"2015-07-30",17521
"2015-07-31",17677.400391
"2015-08-03",17670.099609
"2015-08-04",17734.400391
"2015-08-05",17775.099609
"2015-08-06",17745.800781
"2015-08-07",17655.800781
"2015-08-10",17760.900391
"2015-08-11",17667
"2015-08-12",17438.099609
"2015-08-13",17595.5
"2015-08-14",17620.900391
"2015-08-17",17608.900391
"2015-08-18",17616.900391
"2015-08-19",17398.599609
"2015-08-20",17239.400391
"2015-08-21",16876.599609
"2015-08-24",16214.299805
"2015-08-25",16721.599609
"2015-08-26",16601.300781
"2015-08-27",16922
"2015-08-28",17106.400391
"2015-09-01",16840.400391
"2015-09-02",16885.699219
"2015-09-03",17087.199219
"2015-09-04",16808
"2015-09-07",16842.5
"2015-09-08",17000.300781
"2015-09-09",17153.300781
"2015-09-10",17020.099609
"2015-09-11",16968.400391
"2015-09-14",16925.699219
"2015-09-15",16961.800781
"2015-09-16",17062
"2015-09-17",17043.5
"2015-09-18",16950.699219
"2015-09-21",16893.300781
"2015-09-22",16530
"2015-09-23",16659.900391
"2015-09-24",16514.5
"2015-09-25",16799.900391
"2015-09-28",16614.199219
"2015-09-29",16442.5
"2015-09-30",16683
"2015-10-01",16763.699219
"2015-10-02",16796.099609
"2015-10-05",17110.300781
"2015-10-06",17132.800781
"2015-10-07",17031.199219
"2015-10-08",17003.800781
"2015-10-09",17085.900391
"2015-10-12",16987
"2015-10-13",16898
"2015-10-14",16811.5
"2015-10-15",16949.5
"2015-10-16",16892.699219
"2015-10-19",16917.300781
"2015-10-20",16984
"2015-10-21",17036.699219
"2015-10-22",17044.5
"2015-10-23",17240.699219
"2015-10-26",17178.699219
"2015-10-27",17045.199219
"2015-10-28",17144
"2015-10-29",17114.400391
"2015-10-30",17117.199219
"2015-11-02",17167.400391
"2015-11-03",17189
"2015-11-04",17182.5
"2015-11-05",17117.099609
"2015-11-06",17165.900391
"2015-11-09",17112.699219
"2015-11-10",17039.800781
"2015-11-11",17101.800781
"2015-11-12",16869.5
"2015-11-13",16775.599609
"2015-11-16",16844.400391
"2015-11-17",17084.800781
"2015-11-18",17089.099609
"2015-11-19",17144.699219
"2015-11-20",17189.099609
"2015-11-23",17106.900391
"2015-11-24",16950
"2015-11-25",17111.300781
"2015-11-26",17216.400391
"2015-11-27",17265.099609
"2015-11-30",17420.699219
"2015-12-01",17516.800781
"2015-12-02",17553.900391
"2015-12-03",17391.900391
"2015-12-04",17366.900391
"2015-12-07",17356.099609
"2015-12-08",17191.900391
"2015-12-09",17139.900391
"2015-12-10",17080.300781
"2015-12-11",16877.300781
"2015-12-14",16772.599609
"2015-12-15",16999.599609
"2015-12-16",17075.900391
"2015-12-17",17177.300781
"2015-12-18",17105.900391
"2015-12-21",17076.900391
"2015-12-22",17166.199219
"2015-12-23",17391.900391
"2015-12-24",NA
"2015-12-29",17569.400391
"2015-12-30",17519.699219
"2015-12-31",NA
"2016-01-04",17122.199219
"2016-01-05",17205
"2016-01-06",17059
"2016-01-07",16792.199219
"2016-01-08",16732.699219
"2016-01-11",16658.300781
"2016-01-12",16687.900391
"2016-01-13",16695.800781
"2016-01-14",16413.300781
"2016-01-15",16160.599609
"2016-01-18",15958.799805
"2016-01-19",16114.599609
"2016-01-20",15641
"2016-01-21",15833.599609
"2016-01-22",16128
"2016-01-25",16147
"2016-01-26",16179
"2016-01-27",16281
"2016-01-28",16196.599609
"2016-01-29",16487.699219
"2016-02-01",16489.300781
"2016-02-02",16299.700195
"2016-02-03",15992.400391
"2016-02-04",16086.700195
"2016-02-05",16002.299805
"2016-02-08",15498
"2016-02-09",15316.900391
"2016-02-10",15512.5
"2016-02-11",15178.799805
"2016-02-12",15431.299805
"2016-02-15",15728.099609
"2016-02-16",15702.299805
"2016-02-17",16156.299805
"2016-02-18",16176.799805
"2016-02-19",16158.099609
"2016-02-22",16288.799805
"2016-02-23",16229.200195
"2016-02-24",16117.5
"2016-02-25",16399.099609
"2016-02-26",16567
"2016-02-29",16603.099609
"2016-03-01",16789.5
"2016-03-02",16729
"2016-03-03",16745.599609
"2016-03-04",16931.199219
"2016-03-07",16831.400391
"2016-03-08",16654
"2016-03-09",16591.599609
"2016-03-10",16385.199219
"2016-03-11",16595.300781
"2016-03-14",16693.099609
"2016-03-15",16634.800781
"2016-03-16",16752.800781
"2016-03-17",16849
"2016-03-18",16901.300781
"2016-03-21",16862.800781
"2016-03-22",16903.900391
"2016-03-23",16864.599609
"2016-03-24",16674.400391
"2016-03-29",16756.300781
"2016-03-30",16975
"2016-03-31",16926.099609
"2016-04-01",16843.699219
"2016-04-04",16845.599609
"2016-04-05",16725.599609
"2016-04-06",16866.099609
"2016-04-07",16714.199219
"2016-04-08",16829.699219
"2016-04-11",16778.800781
"2016-04-12",16795.300781
"2016-04-13",17048
"2016-04-14",17001.400391
"2016-04-15",16910.800781
"2016-04-18",16889.800781
"2016-04-19",17044.300781
"2016-04-20",17018
"2016-04-21",16979.400391
"2016-04-22",16871.5
"2016-04-25",16965.699219
"2016-04-26",16945.5
"2016-04-27",17083.699219
"2016-04-28",17066.5
"2016-04-29",16801.599609
"2016-05-03",16730.099609
"2016-05-04",16659.400391
"2016-05-05",16661.699219
"2016-05-06",16648.800781
"2016-05-09",16687.099609
"2016-05-10",16724.400391
"2016-05-11",16720.800781
"2016-05-12",16659.900391
"2016-05-13",16650.300781
"2016-05-16",16699.300781
"2016-05-17",16845.099609
"2016-05-18",16881.199219
"2016-05-19",16730.099609
"2016-05-20",16922.099609
"2016-05-23",17031.699219
"2016-05-24",17135.699219
"2016-05-25",17232.599609
"2016-05-26",17192.800781
"2016-05-27",17232.300781
"2016-05-31",17184.699219
"2016-06-01",17061.5
"2016-06-02",17076.300781
"2016-06-03",17067.900391
"2016-06-06",17181.800781
"2016-06-07",17195.400391
"2016-06-08",17177.900391
"2016-06-09",17111.599609
"2016-06-10",16827.5
"2016-06-13",16574.300781
"2016-06-14",16232.299805
"2016-06-15",16298.299805
"2016-06-16",16032
"2016-06-17",16422
"2016-06-20",16959.099609
"2016-06-21",16980.300781
"2016-06-22",17043.5
"2016-06-23",17333.5
"2016-06-24",16088.099609
"2016-06-27",14967.900391
"2016-06-28",15503.099609
"2016-06-29",16002.900391
"2016-06-30",16271.099609
"2016-07-01",16465.5
"2016-07-04",16116.700195
"2016-07-05",15734.700195
"2016-07-06",15669.700195
"2016-07-07",15898.799805
"2016-07-08",16177.799805
"2016-07-11",16706.400391
"2016-07-12",16807.099609
"2016-07-13",16751
"2016-07-14",16788
"2016-07-15",16727.300781
"2016-07-18",16867.699219
"2016-07-19",16906.300781
"2016-07-20",17018.900391
"2016-07-21",17047.400391
"2016-07-22",16983.5
"2016-07-25",17091
"2016-07-26",17069.099609
"2016-07-27",17265.900391
"2016-07-28",17252.300781
"2016-07-29",17282.900391
"2016-08-01",17139.199219
"2016-08-02",17063
"2016-08-03",16997.099609
"2016-08-04",17244.300781
"2016-08-05",17465.400391
"2016-08-08",17557.699219
"2016-08-09",17687.400391
"2016-08-10",17699.699219
"2016-08-11",17807.599609
"2016-08-12",17921.400391
"2016-08-15",17929.300781
"2016-08-16",17808.5
"2016-08-17",17758.699219
"2016-08-18",17871
"2016-08-19",17874.099609
"2016-08-22",17872.099609
"2016-08-23",17982.5
"2016-08-24",18014.699219
"2016-08-25",17882.900391
"2016-08-26",17930.800781
"2016-08-30",17847.199219
"2016-08-31",17732.800781
"2016-09-01",17849.599609
"2016-09-02",18016.5
"2016-09-05",18026
"2016-09-06",18003.400391
"2016-09-07",18060.199219
"2016-09-08",18193.099609
"2016-09-09",17894.199219
"2016-09-12",17730.199219
"2016-09-13",17661
"2016-09-14",17631
"2016-09-15",17752.099609
"2016-09-16",17851.900391
"2016-09-19",17889.800781
"2016-09-20",17900.199219
"2016-09-21",17933.900391
"2016-09-22",17987.800781
"2016-09-23",17923.099609
"2016-09-26",17722.800781
"2016-09-27",17628.699219
"2016-09-28",17792.300781
"2016-09-29",17864.900391
"2016-09-30",17871.400391
"2016-10-03",18183.5
"2016-10-04",18342.099609
"2016-10-05",18200.5
"2016-10-06",18115.900391
"2016-10-07",17995.199219
"2016-10-10",17978.900391
"2016-10-11",18073.199219
"2016-10-12",17956.300781
"2016-10-13",17877.099609
"2016-10-14",17980.199219
"2016-10-17",17792.5
"2016-10-18",17994.400391
"2016-10-19",18040.5
"2016-10-20",17945.099609
"2016-10-21",17934.199219
"2016-10-24",17860.5
"2016-10-25",17801.900391
"2016-10-26",17669
"2016-10-27",17581.300781
"2016-10-28",17644.800781
"2016-10-31",17544.199219
"2016-11-01",17523.300781
"2016-11-02",17463.5
"2016-11-03",17581.900391
"2016-11-04",17271.199219
"2016-11-07",17457.699219
"2016-11-08",17447.800781
"2016-11-09",17591
"2016-11-10",17659.5
"2016-11-11",17445
"2016-11-14",17472.400391
"2016-11-15",17573.099609
"2016-11-16",17474
"2016-11-17",17600.900391
"2016-11-18",17659.199219
"2016-11-21",17527.599609
"2016-11-22",17679.099609
"2016-11-23",17622.5
"2016-11-24",17590.599609
"2016-11-25",17603.400391
"2016-11-28",17518.300781
"2016-11-29",17532.099609
"2016-11-30",17545.800781
"2016-12-01",17497.300781
"2016-12-02",17435.300781
"2016-12-05",17461.900391
"2016-12-06",17452.099609
"2016-12-07",17625.5
"2016-12-08",17682
"2016-12-09",17733.099609
"2016-12-12",17641.199219
"2016-12-13",17715.599609
"2016-12-14",17682.400391
"2016-12-15",17769.400391
"2016-12-16",17784.800781
"2016-12-19",17782.400391
"2016-12-20",17769.900391
"2016-12-21",17745.400391
"2016-12-22",17891.599609
"2016-12-23",17909.599609
"2016-12-28",18012.800781
"2016-12-29",18029.5
"2016-12-30",18077.300781
"2017-01-03",18140.699219
"2017-01-04",18151.300781
"2017-01-05",18308.199219
"2017-01-06",18341.199219
"2017-01-09",18379.599609
"2017-01-10",18413.300781
"2017-01-11",18394.099609
"2017-01-12",18303.5
"2017-01-13",18371.900391
"2017-01-16",18307.699219
"2017-01-17",18241
"2017-01-18",18312.800781
"2017-01-19",18223.699219
"2017-01-20",18150.800781
"2017-01-23",18116
"2017-01-24",18100.699219
"2017-01-25",18133.400391
"2017-01-26",18142.699219
"2017-01-27",18190.800781
"2017-01-30",18081.800781
"2017-01-31",18147.800781
"2017-02-01",18240.199219
"2017-02-02",18259.199219
"2017-02-03",18411.699219
"2017-02-06",18377.400391
"2017-02-07",18559.699219
"2017-02-08",18606.099609
"2017-02-09",18627.599609
"2017-02-10",18715.400391
"2017-02-13",18758.800781
"2017-02-14",18787.5
"2017-02-15",18827.199219
"2017-02-16",18705.699219
"2017-02-17",18707.5
"2017-02-20",18746.199219
"2017-02-21",18772.199219
"2017-02-22",18677.599609
"2017-02-23",18643.5
"2017-02-24",18588.599609
"2017-02-27",18671.099609
"2017-02-28",18770.699219
"2017-03-01",18983
"2017-03-02",18950.900391
"2017-03-03",18882.900391
"2017-03-06",18881.400391
"2017-03-07",18885.900391
"2017-03-08",18931.099609
"2017-03-09",18891.5
"2017-03-10",18961.400391
"2017-03-13",19029.199219
"2017-03-14",18951.099609
"2017-03-15",18964
"2017-03-16",19027
"2017-03-17",19094.900391
"2017-03-20",19151.800781
"2017-03-21",18988
"2017-03-22",18832.900391
"2017-03-23",19002.300781
"2017-03-24",18980.400391
"2017-03-27",18900
"2017-03-28",18953.300781
"2017-03-29",18978.699219
"2017-03-30",19011.900391
"2017-03-31",18971.800781
"2017-04-03",18954.199219
"2017-04-04",19020.099609
"2017-04-05",19069.300781
"2017-04-06",19126.099609
"2017-04-07",19229.699219
"2017-04-10",19264.599609
"2017-04-11",19306.5
"2017-04-12",19423.900391
"2017-04-13",19525.300781
"2017-04-18",19297.900391
"2017-04-19",19417.800781
"2017-04-20",19378.800781
"2017-04-21",19358.400391
"2017-04-24",19602.800781
"2017-04-25",19582.300781
"2017-04-26",19678.800781
"2017-04-27",19636.599609
"2017-04-28",19615.400391
"2017-05-02",19805.300781
"2017-05-03",19683.400391
"2017-05-04",19680.800781
"2017-05-05",19699.599609
"2017-05-08",19729.699219
"2017-05-09",19817
"2017-05-10",19876.800781
"2017-05-11",19795.699219
"2017-05-12",19763
"2017-05-15",19751
"2017-05-16",19875.900391
"2017-05-17",19773.599609
"2017-05-18",19691.599609
"2017-05-19",19812.800781
"2017-05-22",19912.599609
"2017-05-23",19920.099609
"2017-05-24",19950.5
"2017-05-25",19967.599609
"2017-05-26",20024.900391
"2017-05-30",19991.900391
"2017-05-31",19972.199219
"2017-06-01",20010.599609
"2017-06-02",20002.800781
"2017-06-05",19868.699219
"2017-06-06",19654.800781
"2017-06-07",19695.900391
"2017-06-08",19743.400391
"2017-06-09",19770
"2017-06-12",19682.699219
"2017-06-13",19859.5
"2017-06-14",19974.699219
"2017-06-15",19553.699219
"2017-06-16",19816.400391
"2017-06-19",19873.300781
"2017-06-20",19771.699219
"2017-06-21",19682.599609
"2017-06-22",19658.400391
"2017-06-23",19685.099609
"2017-06-26",19684.599609
"2017-06-27",19526.800781
"2017-06-28",19476.400391
"2017-06-29",19346.400391
"2017-06-30",19340.199219
"2017-07-03",19320.400391
"2017-07-04",19301.5
"2017-07-05",19451.199219
"2017-07-06",19369.099609
"2017-07-07",19395.099609
"2017-07-10",19357.400391
"2017-07-11",19215.400391
"2017-07-12",19267.900391
"2017-07-13",19418.300781
"2017-07-14",19408.400391
"2017-07-17",19520.599609
"2017-07-18",19613.400391
"2017-07-19",19693.900391
"2017-07-20",19763.900391
"2017-07-21",19751.199219
"2017-07-24",19616.300781
"2017-07-25",19641.300781
"2017-07-26",19762.699219
"2017-07-27",19879.400391
"2017-07-28",19728.199219
"2017-07-31",19781.099609
"2017-08-01",19863.599609
"2017-08-02",19841.400391
"2017-08-03",19908.199219
"2017-08-04",19969.699219
"2017-08-07",19988.5
"2017-08-08",19949.5
"2017-08-09",19875
"2017-08-10",19699.400391
"2017-08-11",19544.800781
"2017-08-14",19692.5
"2017-08-15",19694.800781
"2017-08-16",19859.199219
"2017-08-17",19773.099609
"2017-08-18",19626.5
"2017-08-21",19646.900391
"2017-08-22",19751.199219
"2017-08-23",19743.199219
"2017-08-24",19710.300781
"2017-08-25",19671.300781
"2017-08-29",19527.900391
"2017-08-30",19616.599609
"2017-08-31",19803.599609
"2017-09-01",19786.199219
"2017-09-04",19697.900391
"2017-09-05",19726.800781
"2017-09-06",19652.300781
"2017-09-07",19696.699219
"2017-09-08",19610.400391
"2017-09-11",19694.300781
"2017-09-12",19665.900391
"2017-09-13",19590
"2017-09-14",19523.900391
"2017-09-15",19378.199219
"2017-09-18",19437.900391
"2017-09-19",19535.5
"2017-09-20",19540.800781
"2017-09-21",19418.300781
"2017-09-22",19517.400391
"2017-09-25",19566.400391
"2017-09-26",19503.199219
"2017-09-27",19569.5
"2017-09-28",19678.5
"2017-09-29",19874.800781
"2017-10-02",19957.099609
"2017-10-03",20035.400391
"2017-10-04",20029.400391
"2017-10-05",20088.5
"2017-10-06",20166.5
"2017-10-09",20102.599609
"2017-10-10",20146.300781
"2017-10-11",20167.800781
"2017-10-12",20251.199219
"2017-10-13",20259.5
"2017-10-16",20217.099609
"2017-10-17",20131
"2017-10-18",20259.800781
"2017-10-19",20131.5
"2017-10-20",20146.900391
"2017-10-23",20131.599609
"2017-10-24",20113.199219
"2017-10-25",20073.300781
"2017-10-26",20163.400391
"2017-10-27",20146.099609
"2017-10-30",20213.300781
"2017-10-31",20227.900391
"2017-11-01",20328.199219
"2017-11-02",20385.5
"2017-11-03",20472.400391
"2017-11-06",20432.599609
"2017-11-07",20307.099609
"2017-11-08",20300.199219
"2017-11-09",20071.900391
"2017-11-10",20020.900391
"2017-11-13",19787.900391
"2017-11-14",19846.599609
"2017-11-15",19693.400391
"2017-11-16",19850
"2017-11-17",19797.800781
"2017-11-20",19871.300781
"2017-11-21",19944
"2017-11-22",20013.900391
"2017-11-23",20006.099609
"2017-11-24",19944.800781
"2017-11-27",19881.300781
"2017-11-28",20026.199219
"2017-11-29",20059.599609
"2017-11-30",19952.900391
"2017-12-01",19854.400391
"2017-12-04",19936
"2017-12-05",19871.099609
"2017-12-06",19828.900391
"2017-12-07",19810.300781
"2017-12-08",19992.5
"2017-12-11",20064.599609
"2017-12-12",20073
"2017-12-13",20061.400391
"2017-12-14",20006.300781
"2017-12-15",20048.599609
"2017-12-18",20255.400391
"2017-12-19",20341.5
"2017-12-20",20350.300781
"2017-12-21",20422.699219
"2017-12-22",20481.099609
"2017-12-27",20640
"2017-12-28",20642.300781
"2017-12-29",20726.300781
"2018-01-02",20681.5
"2018-01-03",20743.900391
"2018-01-04",20820.5
"2018-01-05",20932.599609
"2018-01-08",20856.599609
"2018-01-09",20875
"2018-01-10",20760
"2018-01-11",20737.900391
"2018-01-12",20859.400391
"2018-01-15",20832.800781
"2018-01-16",20877.300781
"2018-01-17",20769.400391
"2018-01-18",20665
"2018-01-19",20653.300781
"2018-01-22",20655.199219
"2018-01-23",20671.199219
"2018-01-24",20538.5
"2018-01-25",20521.699219
"2018-01-26",20615.599609
"2018-01-29",20577.900391
"2018-01-30",20370.900391
"2018-01-31",20243.599609
"2018-02-01",20185.5
"2018-02-02",19962.5
"2018-02-05",19690.5
"2018-02-06",19262.599609
"2018-02-07",19691.699219
"2018-02-08",19327.699219
"2018-02-09",19217.5
"2018-02-12",19379.300781
"2018-02-13",19320.099609
"2018-02-14",19448.400391
"2018-02-15",19574.800781
"2018-02-16",19733.599609
"2018-02-19",19653.599609
"2018-02-20",19802.900391
"2018-02-21",19788.900391
"2018-02-22",19736.099609
"2018-02-23",19801.099609
"2018-02-26",19828.699219
"2018-02-27",19875.800781
"2018-02-28",19687.300781
"2018-03-01",19551.699219
"2018-03-02",19386.5
"2018-03-05",19567
"2018-03-06",19690.300781
"2018-03-07",19774.199219
"2018-03-08",19968
"2018-03-09",20085.099609
"2018-03-12",20117.5
"2018-03-13",19863.199219
"2018-03-14",19820.099609
"2018-03-15",19828.400391
"2018-03-16",19804.900391
"2018-03-19",19694.800781
"2018-03-20",19723.599609
"2018-03-21",19668
"2018-03-22",19393.900391
"2018-03-23",19319.5
"2018-03-26",19187.099609
"2018-03-27",19389.099609
"2018-03-28",19356.599609
"2018-03-29",19460.5
"2018-04-03",19398
"2018-04-04",19264.199219
"2018-04-05",19576.199219
"2018-04-06",19530.199219
"2018-04-09",19484.400391
"2018-04-10",19675.5
"2018-04-11",19655
"2018-04-12",19772.900391
"2018-04-13",19838.5
"2018-04-16",19771.5
"2018-04-17",19829.400391
"2018-04-18",20012
"2018-04-19",20147.199219
"2018-04-20",20220.800781
"2018-04-23",20316.400391
"2018-04-24",20195.300781
"2018-04-25",20019.099609
"2018-04-26",20137.599609
"2018-04-27",20271.599609
"2018-04-30",20285.099609
"2018-05-01",20348.300781
"2018-05-02",20506.300781
"2018-05-03",20365.900391
"2018-05-04",20421.900391
"2018-05-08",20594.699219
"2018-05-09",20682
"2018-05-10",20699.400391
"2018-05-11",20785.599609
"2018-05-14",20801
"2018-05-15",20784.900391
"2018-05-16",20828.800781
"2018-05-17",21019.400391
"2018-05-18",20989.800781
"2018-05-21",21137.699219
"2018-05-22",21191.400391
"2018-05-23",21004.900391
"2018-05-24",20989.5
"2018-05-25",21110.5
"2018-05-29",20746.800781
"2018-05-30",20822.699219
"2018-05-31",20846.300781
"2018-06-01",20984.900391
"2018-06-04",21110.599609
"2018-06-05",21051.900391
"2018-06-06",21171.400391
"2018-06-07",21154.699219
"2018-06-08",21160.5
"2018-06-11",21318.800781
"2018-06-12",21241.599609
"2018-06-13",21232.900391
"2018-06-14",21324
"2018-06-15",21005.5
"2018-06-18",20999.599609
"2018-06-19",20835.800781
"2018-06-20",20926.400391
"2018-06-21",20729.099609
"2018-06-22",21009.900391
"2018-06-25",20774.400391
"2018-06-26",20757.199219
"2018-06-27",20844.099609
"2018-06-28",20684.199219
"2018-06-29",20831
"2018-07-02",20605.900391
"2018-07-03",20665.199219
"2018-07-04",20652.5
"2018-07-05",20621.099609
"2018-07-06",20618.300781
"2018-07-09",20821.199219
"2018-07-10",20851.599609
"2018-07-11",20642.300781
"2018-07-12",20779.800781
"2018-07-13",20813.099609
"2018-07-16",20800.599609
"2018-07-17",20871.300781
"2018-07-18",20984.199219
"2018-07-19",20907.199219
"2018-07-20",20925.699219
"2018-07-23",20770.400391
"2018-07-24",20852.900391
"2018-07-25",20753.599609
"2018-07-26",20768.599609
"2018-07-27",20868.900391
"2018-07-30",20878.300781
"2018-07-31",20877.900391
"2018-08-01",20801.5
"2018-08-02",20549
"2018-08-03",20635.300781
"2018-08-06",20639.400391
"2018-08-07",20675.599609
"2018-08-08",20770.599609
"2018-08-09",20806.199219
"2018-08-10",20667.5
"2018-08-13",20575.099609
"2018-08-14",20509.800781
"2018-08-15",20320.400391
"2018-08-16",20462.300781
"2018-08-17",20444.400391
"2018-08-20",20531.199219
"2018-08-21",20642.900391
"2018-08-22",20642.5
"2018-08-23",20665.5
"2018-08-24",20691.400391
"2018-08-28",20849.199219
"2018-08-29",20736.900391
"2018-08-30",20691.800781
"2018-08-31",20689
"2018-09-03",20695.900391
"2018-09-04",20548.599609
"2018-09-05",20388.5
"2018-09-06",20283.5
"2018-09-07",20209.599609
"2018-09-10",20259.800781
"2018-09-11",20226.400391
"2018-09-12",20380.5
"2018-09-13",20243.599609
"2018-09-14",20375.900391
"2018-09-17",20374.400391
"2018-09-18",20458.300781
"2018-09-19",20500.5
"2018-09-20",20551.300781
"2018-09-21",20590.400391
"2018-09-24",20488.099609
"2018-09-25",20461.099609
"2018-09-26",20436.5
"2018-09-27",20374.199219
"2018-09-28",20307
"2018-10-01",20401.199219
"2018-10-02",20264.900391
"2018-10-03",20300
"2018-10-04",20088.699219
"2018-10-05",19918
"2018-10-08",19646.099609
"2018-10-09",19549.599609
"2018-10-10",19239.199219
"2018-10-11",18827.800781
"2018-10-12",18973.5
"2018-10-15",18803.5
"2018-10-16",19149.900391
"2018-10-17",19014
"2018-10-18",18961.400391
"2018-10-19",18795.800781
"2018-10-22",18758.199219
"2018-10-23",18352.099609
"2018-10-24",18406.5
"2018-10-25",18531.5
"2018-10-26",18352.900391
"2018-10-29",18566.800781
"2018-10-30",18667.699219
"2018-10-31",18917.699219
"2018-11-01",19171.900391
"2018-11-02",19325.699219
"2018-11-05",19063.699219
"2018-11-06",19043.699219
"2018-11-07",19147.199219
"2018-11-08",19257.099609
"2018-11-09",19106.599609
"2018-11-12",18811.599609
"2018-11-13",18985.699219
"2018-11-14",18910.099609
"2018-11-15",18662.199219
"2018-11-16",18589.099609
"2018-11-19",18540.099609
"2018-11-20",18366.400391
"2018-11-21",18584.900391
"2018-11-22",18530
"2018-11-23",18533
"2018-11-26",18719.099609
"2018-11-27",18660.900391
"2018-11-28",18639.699219
"2018-11-29",18609
"2018-11-30",18480.800781
"2018-12-03",18563.900391
"2018-12-04",18329.599609
"2018-12-05",18271.099609
"2018-12-06",17753.300781
"2018-12-07",17844.099609
"2018-12-10",17492.300781
"2018-12-11",17653.300781
"2018-12-12",17989
"2018-12-13",17818.599609
"2018-12-14",17666.900391
"2018-12-17",17417
"2018-12-18",17495
"2018-12-19",17604.5
"2018-12-20",17446.900391
"2018-12-21",17443
"2018-12-24",17312.199219
"2018-12-27",17090.5
"2018-12-28",17465.099609
"2018-12-31",17502.099609
"2019-01-02",17586.699219
"2019-01-03",17438.900391
"2019-01-04",17795.900391
"2019-01-07",17976.199219
"2019-01-08",18175.800781
"2019-01-09",18413.699219
"2019-01-10",18435.599609
"2019-01-11",18542.300781
"2019-01-14",18417.599609
"2019-01-15",18429.800781
"2019-01-16",18486.699219
"2019-01-17",18537.300781
"2019-01-18",18764.5
"2019-01-21",18762.800781
"2019-01-22",18681.599609
"2019-01-23",18582.900391
"2019-01-24",18627.599609
"2019-01-25",18643.599609
"2019-01-28",18534.699219
"2019-01-29",18702.599609
"2019-01-30",18828
"2019-01-31",18711.800781
"2019-02-01",18811.400391
"2019-02-04",18848.800781
"2019-02-05",18996
"2019-02-06",19073.400391
"2019-02-07",18799.300781
"2019-02-08",18652.900391
"2019-02-11",18831.800781
"2019-02-12",18824.800781
"2019-02-13",18972.599609
"2019-02-14",18898.199219
"2019-02-15",18987.199219
"2019-02-18",19127.300781
"2019-02-19",19068.900391
"2019-02-20",19202
"2019-02-21",19236.900391
"2019-02-22",19269.599609
"2019-02-25",19247
"2019-02-26",19270.699219
"2019-02-27",19153.800781
"2019-02-28",19181.400391
"2019-03-01",19399.699219
"2019-03-04",19411.400391
"2019-03-05",19443.099609
"2019-03-06",19359.300781
"2019-03-07",19183.800781
"2019-03-08",19047.699219
"2019-03-11",19093.099609
"2019-03-12",19144
"2019-03-13",19180.099609
"2019-03-14",19283.099609
"2019-03-15",19491
"2019-03-18",19486.699219
"2019-03-19",19551.300781
"2019-03-20",19389
"2019-03-21",19347.599609
"2019-03-22",18998.5
"2019-03-25",18799.599609
"2019-03-26",18896.199219
"2019-03-27",18893.699219
"2019-03-28",18908.599609
"2019-03-29",19117.5
"2019-04-01",19238.800781
"2019-04-02",19329.300781
"2019-04-03",19563.400391
"2019-04-04",19507.300781
"2019-04-05",19538.300781
"2019-04-08",19517.199219
"2019-04-09",19433.800781
"2019-04-10",19484.800781
"2019-04-11",19621.199219
"2019-04-12",19711.699219
"2019-04-15",19807.099609
"2019-04-16",19923.400391
"2019-04-17",19858.099609
"2019-04-18",19835.900391
"2019-04-23",19908
"2019-04-24",19993.699219
"2019-04-25",19871.099609
"2019-04-26",19856.900391
"2019-04-29",19911.199219
"2019-04-30",19824.800781
"2019-05-01",19813.699219
"2019-05-02",19686.699219
"2019-05-03",19705.199219
"2019-05-07",19465.699219
"2019-05-08",19531.900391
"2019-05-09",19285.599609
"2019-05-10",19366.800781
"2019-05-13",19126.900391
"2019-05-14",19367.400391
"2019-05-15",19369.800781
"2019-05-16",19530.699219
"2019-05-17",19498.599609
"2019-05-20",19335.599609
"2019-05-21",19436.400391
"2019-05-22",19307.300781
"2019-05-23",19031.199219
"2019-05-24",19127.300781
"2019-05-28",19204.900391
"2019-05-29",18946.099609
"2019-05-30",19111.5
"2019-05-31",18970.300781
"2019-06-03",18877.199219
"2019-06-04",19008.199219
"2019-06-05",19072.199219
"2019-06-06",19065.5
"2019-06-07",19232.400391
"2019-06-10",19309.599609
"2019-06-11",19325.699219
"2019-06-12",19250.099609
"2019-06-13",19172.400391
"2019-06-14",19118.300781
"2019-06-17",19157.599609
"2019-06-18",19311.800781
"2019-06-19",19245.5
"2019-06-20",19384.099609
"2019-06-21",19324.599609
"2019-06-24",19299.699219
"2019-06-25",19286.5
"2019-06-26",19260.400391
"2019-06-27",19314.5
"2019-06-28",19462.099609
"2019-07-01",19634.699219
"2019-07-02",19659.300781
"2019-07-03",19790.800781
"2019-07-04",19797.599609
"2019-07-05",19655.300781
"2019-07-08",19581.5
"2019-07-09",19467.400391
"2019-07-10",19419.400391
"2019-07-11",19443.199219
"2019-07-12",19551.800781
"2019-07-15",19584.099609
"2019-07-16",19656.099609
"2019-07-17",19614.199219
"2019-07-18",19535.099609
"2019-07-19",19621.699219
"2019-07-22",19648
"2019-07-23",19752.300781
"2019-07-24",19787.800781
"2019-07-25",19820.400391
"2019-07-26",19857.900391
"2019-07-29",19886.699219
"2019-07-30",19774.800781
"2019-07-31",19666.5
"2019-08-01",19634.300781
"2019-08-02",19253.199219
"2019-08-05",18871.400391
"2019-08-06",18846.199219
"2019-08-07",18941
"2019-08-08",19137.599609
"2019-08-09",19092.199219
"2019-08-12",18913
"2019-08-13",19008.199219
"2019-08-14",18731.099609
"2019-08-15",18640.699219
"2019-08-16",18821.900391
"2019-08-19",19098
"2019-08-20",19008.099609
"2019-08-21",19207.800781
"2019-08-22",19205.300781
"2019-08-23",19236.099609
"2019-08-27",19335.900391
"2019-08-28",19203
"2019-08-29",19292.5
"2019-08-30",19393.599609
"2019-09-02",19481.599609
"2019-09-03",19464.099609
"2019-09-04",19619.099609
"2019-09-05",19649.599609
"2019-09-06",19705.5
"2019-09-09",19678.5
"2019-09-10",19738.900391
"2019-09-11",19982.199219
"2019-09-12",19962.599609
"2019-09-13",20195.800781
"2019-09-16",20060.300781
"2019-09-17",20040.5
"2019-09-18",20054.400391
"2019-09-19",20089.5
"2019-09-20",20169.400391
"2019-09-23",20043.800781
"2019-09-24",19919.099609
"2019-09-25",19774.900391
"2019-09-26",19818.599609
"2019-09-27",19971
"2019-09-30",19936.699219
"2019-10-01",19872.800781
"2019-10-02",19476.900391
"2019-10-03",19348.199219
"2019-10-04",19480.400391
"2019-10-07",19420.199219
"2019-10-08",19200.900391
"2019-10-09",19171.599609
"2019-10-10",19235.699219
"2019-10-11",20041.699219
"2019-10-14",19929.900391
"2019-10-15",20197
"2019-10-16",20188
"2019-10-17",20221.099609
"2019-10-18",20228.5
"2019-10-21",20308.800781
"2019-10-22",20181.900391
"2019-10-23",20180.900391
"2019-10-24",20152.199219
"2019-10-25",20103.5
"2019-10-28",20210.199219
"2019-10-29",20168.300781
"2019-10-30",20115.099609
"2019-10-31",20021.5
"2019-11-01",20158.800781
"2019-11-04",20249.699219
"2019-11-05",20295
"2019-11-06",20216.599609
"2019-11-07",20433.199219
"2019-11-08",20357.599609
"2019-11-11",20410
"2019-11-12",20427.199219
"2019-11-13",20289.800781
"2019-11-14",20231.800781
"2019-11-15",20404.400391
"2019-11-18",20440.5
"2019-11-19",20528.5
"2019-11-20",20475.300781
"2019-11-21",20369.900391
"2019-11-22",20485.800781
"2019-11-25",20703.199219
"2019-11-26",20864.900391
"2019-11-27",20954.300781
"2019-11-28",21023.599609
"2019-11-29",20812.599609
"2019-12-02",20700.199219
"2019-12-03",20500.900391
"2019-12-04",20665.5
"2019-12-05",20707.300781
"2019-12-06",20933
"2019-12-09",20922.599609
"2019-12-10",20781.099609
"2019-12-11",20647.099609
"2019-12-12",20793
"2019-12-13",21507.800781
"2019-12-16",21920.699219
"2019-12-17",21690.199219
"2019-12-18",21663.099609
"2019-12-19",21666.099609
"2019-12-20",21674.300781
"2019-12-23",21843.400391
"2019-12-24",21981.099609
"2019-12-27",22059
"2019-12-30",21936.300781
"2019-12-31",21883.400391
"2020-01-02",22108.300781
"2020-01-03",21988.199219
"2020-01-06",21761.800781
"2020-01-07",21832.699219
"2020-01-08",21651.900391
"2020-01-09",21643.099609
"2020-01-10",21566.699219
"2020-01-13",21716.800781
"2020-01-14",21756.099609
"2020-01-15",21713.099609
"2020-01-16",21721.199219
"2020-01-17",21886.099609
"2020-01-20",21847
"2020-01-21",21745.400391
"2020-01-22",21763
"2020-01-23",21540.599609
"2020-01-24",21763.900391
"2020-01-27",21303.699219
"2020-01-28",21433.099609
"2020-01-29",21469
"2020-01-30",21291.900391
"2020-01-31",21143.5
"2020-02-03",21160.900391
"2020-02-04",21439.900391
"2020-02-05",21520
"2020-02-06",21572.900391
"2020-02-07",21499.300781
"2020-02-10",21493.300781
"2020-02-11",21646
"2020-02-12",21793.5
"2020-02-13",21673.900391
"2020-02-14",21790.099609
"2020-02-17",21826.300781
"2020-02-18",21678.5
"2020-02-19",21850.900391
"2020-02-20",21866.699219
"2020-02-21",21780.199219
"2020-02-24",21117.900391
"2020-02-25",20716
"2020-02-26",20623
"2020-02-27",19783.5
"2020-02-28",19330.900391
"2020-03-02",19301.699219
"2020-03-03",19682.699219
"2020-03-04",19742.800781
"2020-03-05",19323.099609
"2020-03-06",18746.5
"2020-03-09",17547.199219
"2020-03-10",17547.099609
"2020-03-11",17339.199219
"2020-03-12",15717.400391
"2020-03-13",15562
"2020-03-16",14349.799805
"2020-03-17",13924.900391
"2020-03-18",13008.200195
"2020-03-19",12829.700195
"2020-03-20",13592.599609
"2020-03-23",13078
"2020-03-24",14172.700195
"2020-03-25",14819.900391
"2020-03-26",15380.700195
"2020-03-27",14769.799805
"2020-03-30",14624.599609
"2020-03-31",15101.099609
"2020-04-01",14547.200195
"2020-04-02",14436.799805
"2020-04-03",14099.200195
"2020-04-06",14812.400391
"2020-04-07",15569
"2020-04-08",15862.799805
"2020-04-09",16407.900391
"2020-04-14",16082.599609
"2020-04-15",15347.599609
"2020-04-16",15378.599609
"2020-04-17",15859.299805
"2020-04-20",15822.700195
"2020-04-21",15399.299805
"2020-04-22",15586.099609
"2020-04-23",15794
"2020-04-24",15687.400391
"2020-04-27",15952.700195
"2020-04-28",16291.599609
"2020-04-29",16835.300781
"2020-04-30",16454.5
"2020-05-01",16148.299805
"2020-05-04",15951.700195
"2020-05-05",16093.099609
"2020-05-06",15982.5
"2020-05-07",16247.900391
"2020-05-11",16271.5
"2020-05-12",16173
"2020-05-13",15878.099609
"2020-05-14",15404.599609
"2020-05-15",15660.799805
"2020-05-18",16230
"2020-05-19",16320.099609
"2020-05-20",16367.5
"2020-05-21",16386
"2020-05-22",16398.900391
"2020-05-26",16933.400391
"2020-05-27",17143.599609
"2020-05-28",17338.5
"2020-05-29",17043
"2020-06-01",17277.5
"2020-06-02",17436.300781
"2020-06-03",17897.099609
"2020-06-04",17826
"2020-06-05",18229.300781
"2020-06-08",18136.900391
"2020-06-09",17755.300781
"2020-06-10",17605.5
"2020-06-11",16973.699219
"2020-06-12",17077.300781
"2020-06-15",17089.199219
"2020-06-16",17464.699219
"2020-06-17",17582.400391
"2020-06-18",17518.300781
"2020-06-19",17687.300781
"2020-06-22",17573.400391
"2020-06-23",17652.800781
"2020-06-24",17150.800781
"2020-06-25",17112.099609
"2020-06-26",17113.199219
"2020-06-29",17198.699219
"2020-06-30",17119.199219
"2020-07-01",17189.400391
"2020-07-02",17367.900391
"2020-07-03",17302
"2020-07-06",17550
"2020-07-07",17350
"2020-07-08",17185.199219
"2020-07-09",16985.099609
"2020-07-10",17180
"2020-07-13",17385.099609
"2020-07-14",17174.699219
"2020-07-15",17420.599609
"2020-07-16",17321.300781
"2020-07-17",17347.900391
"2020-07-20",17385.900391
"2020-07-21",17501.800781
"2020-07-22",17465.699219
"2020-07-23",17489.5
"2020-07-24",17264.800781
"2020-07-27",17157.900391
"2020-07-28",17278.199219
"2020-07-29",17247.699219
"2020-07-30",17017.099609
"2020-07-31",16932.699219
"2020-08-03",17158.099609
"2020-08-04",17307.699219
"2020-08-05",17638.300781
"2020-08-06",17479.400391
"2020-08-07",17622.900391
"2020-08-10",17724.900391
"2020-08-11",17997.199219
"2020-08-12",18089.599609
"2020-08-13",17924.599609
"2020-08-14",17735.599609
"2020-08-17",17771.900391
"2020-08-18",17623
"2020-08-19",17583.400391
"2020-08-20",17496.400391
"2020-08-21",17577.699219
"2020-08-24",17685.099609
"2020-08-25",17577.900391
"2020-08-26",17753.599609
"2020-08-27",17762
"2020-08-28",17788.300781
"2020-09-01",17604.599609
"2020-09-02",17704.400391
"2020-09-03",17459.699219
"2020-09-04",17354.300781
"2020-09-07",17642.199219
"2020-09-08",17625.199219
"2020-09-09",17594.900391
"2020-09-10",17579.300781
"2020-09-11",17555.900391
"2020-09-14",17677.300781
"2020-09-15",17815.400391
"2020-09-16",17795.300781
"2020-09-17",17737.699219
"2020-09-18",17569.699219
"2020-09-21",16870.800781
"2020-09-22",16821.699219
"2020-09-23",16993
"2020-09-24",16802.699219
"2020-09-25",17044.099609
"2020-09-28",17370.300781
"2020-09-29",17173.699219
"2020-09-30",17315.300781
"2020-10-01",17383.5
"2020-10-02",17395.800781
"2020-10-05",17583.099609
"2020-10-06",17797.400391
"2020-10-07",17801.800781
"2020-10-08",17946.199219
"2020-10-09",18074.400391
"2020-10-12",18167.699219
"2020-10-13",17891
"2020-10-14",17950.400391
"2020-10-15",17838.5
"2020-10-16",17822.900391
"2020-10-19",17866.099609
"2020-10-20",17929.199219
"2020-10-21",17787.800781
"2020-10-22",17894.400391
"2020-10-23",18109.599609
"2020-10-26",17853.300781
"2020-10-27",17587.699219
"2020-10-28",17248.900391
"2020-10-29",17177.699219
"2020-10-30",17214.400391
"2020-11-02",17180.5
"2020-11-03",17491.699219
"2020-11-04",17796.099609
"2020-11-05",17928.5
"2020-11-06",17917.800781
"2020-11-09",18850.400391
"2020-11-10",19028.300781
"2020-11-11",19340.199219
"2020-11-12",19302.199219
"2020-11-13",19270
"2020-11-16",19608.099609
"2020-11-17",19516.199219
"2020-11-18",19699.900391
"2020-11-19",19506.5
"2020-11-20",19507
"2020-11-23",19582.400391
"2020-11-24",19789.599609
"2020-11-25",19569.400391
"2020-11-26",19396.300781
"2020-11-27",19462.699219
"2020-11-30",19336.300781
"2020-12-01",19844.800781
"2020-12-02",19877.800781
"2020-12-03",20132.400391
"2020-12-04",20182.699219
"2020-12-07",19929.699219
"2020-12-08",19870.5
"2020-12-09",19883.900391
"2020-12-10",19756.099609
"2020-12-11",19622.199219
"2020-12-14",19764
"2020-12-15",19852.400391
"2020-12-16",20096.599609
"2020-12-17",20296
"2020-12-18",20116.300781
"2020-12-21",19692.099609
"2020-12-22",19950.699219
"2020-12-23",20297.800781
"2020-12-24",20546.699219
"2020-12-29",20897.599609
"2020-12-30",20715.099609
"2020-12-31",20488.300781
"2021-01-04",20537.900391
"2021-01-05",20717.400391
"2021-01-06",20973.199219
"2021-01-07",21009.900391
"2021-01-08",21064.199219
"2021-01-11",20776.099609
"2021-01-12",20713
"2021-01-13",20616.300781
"2021-01-14",20775.800781
"2021-01-15",20615.599609
"2021-01-18",20639.300781
"2021-01-19",20602.900391
"2021-01-20",20881.5
"2021-01-21",20793.699219
"2021-01-22",20596.900391
"2021-01-25",20350.400391
"2021-01-26",20448.400391
"2021-01-27",20278.400391
"2021-01-28",20368.300781
"2021-01-29",20228.599609
"2021-02-01",20392.599609
"2021-02-02",20690.199219
"2021-02-03",20752.400391
"2021-02-04",20809.300781
"2021-02-05",21066.900391
"2021-02-08",21086.599609
"2021-02-09",21112.900391
"2021-02-10",20996.400391
"2021-02-11",21017.900391
"2021-02-12",21037.5
"2021-02-15",21418.900391
"2021-02-16",21416.400391
"2021-02-17",21149.5
"2021-02-18",20933.900391
"2021-02-19",21036
"2021-02-22",20981.099609
"2021-02-23",21057.699219
"2021-02-24",21312.699219
"2021-02-25",21198.099609
"2021-02-26",20910.400391
"2021-03-01",21221.5
"2021-03-02",21177.900391
"2021-03-03",21436.300781
"2021-03-04",21296.199219
"2021-03-05",20961.300781
"2021-03-08",21210.199219
"2021-03-09",21382.5
"2021-03-10",21406.669922
