"Index","FTSE.Close"
"2010-01-04",5500.299805
"2010-01-05",5522.5
"2010-01-06",5530
"2010-01-07",5526.700195
"2010-01-08",5534.200195
"2010-01-11",5538.100098
"2010-01-12",5498.700195
"2010-01-13",5473.5
"2010-01-14",5498.200195
"2010-01-15",5455.399902
"2010-01-18",5494.399902
"2010-01-19",5513.100098
"2010-01-20",5420.799805
"2010-01-21",5335.100098
"2010-01-22",5303
"2010-01-25",5260.299805
"2010-01-26",5276.899902
"2010-01-27",5217.5
"2010-01-28",5145.700195
"2010-01-29",5188.5
"2010-02-01",5247.399902
"2010-02-02",5283.299805
"2010-02-03",5253.200195
"2010-02-04",5139.299805
"2010-02-05",5060.899902
"2010-02-08",5092.299805
"2010-02-09",5111.799805
"2010-02-10",5132
"2010-02-11",5161.5
"2010-02-12",5142.5
"2010-02-15",5167.5
"2010-02-16",5244.100098
"2010-02-17",5276.600098
"2010-02-18",5325.100098
"2010-02-19",5358.200195
"2010-02-22",5352.100098
"2010-02-23",5315.100098
"2010-02-24",5342.899902
"2010-02-25",5278.200195
"2010-02-26",5354.5
"2010-03-01",5405.899902
"2010-03-02",5484.100098
"2010-03-03",5533.200195
"2010-03-04",5527.200195
"2010-03-05",5599.799805
"2010-03-08",5606.700195
"2010-03-09",5602.299805
"2010-03-10",5640.600098
"2010-03-11",5617.299805
"2010-03-12",5625.700195
"2010-03-15",5593.899902
"2010-03-16",5620.399902
"2010-03-17",5644.600098
"2010-03-18",5642.600098
"2010-03-19",5650.100098
"2010-03-22",5644.5
"2010-03-23",5673.600098
"2010-03-24",5677.899902
"2010-03-25",5727.700195
"2010-03-26",5703
"2010-03-29",5710.700195
"2010-03-30",5672.299805
"2010-03-31",5679.600098
"2010-04-01",5744.899902
"2010-04-06",5780.399902
"2010-04-07",5762.100098
"2010-04-08",5712.700195
"2010-04-09",5771
"2010-04-12",5777.700195
"2010-04-13",5761.700195
"2010-04-14",5796.299805
"2010-04-15",5825
"2010-04-16",5744
"2010-04-19",5727.899902
"2010-04-20",5783.700195
"2010-04-21",5723.399902
"2010-04-22",5665.299805
"2010-04-23",5723.700195
"2010-04-26",5753.899902
"2010-04-27",5603.5
"2010-04-28",5586.600098
"2010-04-29",5617.799805
"2010-04-30",5553.299805
"2010-05-04",5411.100098
"2010-05-05",5341.899902
"2010-05-06",5261
"2010-05-07",5123
"2010-05-10",5387.399902
"2010-05-11",5334.200195
"2010-05-12",5383.5
"2010-05-13",5433.700195
"2010-05-14",5262.899902
"2010-05-17",5262.5
"2010-05-18",5307.299805
"2010-05-19",5158.100098
"2010-05-20",5073.100098
"2010-05-21",5062.899902
"2010-05-24",5069.600098
"2010-05-25",4940.700195
"2010-05-26",5038.100098
"2010-05-27",5195.200195
"2010-05-28",5188.399902
"2010-06-01",5163.299805
"2010-06-02",5151.299805
"2010-06-03",5211.200195
"2010-06-04",5126
"2010-06-07",5069.100098
"2010-06-08",5028.200195
"2010-06-09",5085.899902
"2010-06-10",5132.5
"2010-06-11",5163.700195
"2010-06-14",5202.100098
"2010-06-15",5217.799805
"2010-06-16",5237.899902
"2010-06-17",5253.899902
"2010-06-18",5250.799805
"2010-06-21",5299.100098
"2010-06-22",5247
"2010-06-23",5178.5
"2010-06-24",5100.200195
"2010-06-25",5046.5
"2010-06-28",5071.700195
"2010-06-29",4914.200195
"2010-06-30",4916.899902
"2010-07-01",4805.799805
"2010-07-02",4838.100098
"2010-07-05",4823.5
"2010-07-06",4965
"2010-07-07",5014.799805
"2010-07-08",5105.5
"2010-07-09",5132.899902
"2010-07-12",5167
"2010-07-13",5271
"2010-07-14",5253.5
"2010-07-15",5211.299805
"2010-07-16",5158.899902
"2010-07-19",5148.299805
"2010-07-20",5139.5
"2010-07-21",5214.600098
"2010-07-22",5313.799805
"2010-07-23",5312.600098
"2010-07-26",5351.100098
"2010-07-27",5365.700195
"2010-07-28",5319.700195
"2010-07-29",5314
"2010-07-30",5258
"2010-08-02",5397.100098
"2010-08-03",5396.5
"2010-08-04",5386.200195
"2010-08-05",5365.799805
"2010-08-06",5332.399902
"2010-08-09",5410.5
"2010-08-10",5376.399902
"2010-08-11",5245.200195
"2010-08-12",5266.100098
"2010-08-13",5275.399902
"2010-08-16",5276.100098
"2010-08-17",5350.600098
"2010-08-18",5302.899902
"2010-08-19",5211.299805
"2010-08-20",5195.299805
"2010-08-23",5234.799805
"2010-08-24",5156
"2010-08-25",5109.399902
"2010-08-26",5155.799805
"2010-08-27",5201.600098
"2010-08-31",5225.200195
"2010-09-01",5366.399902
"2010-09-02",5371
"2010-09-03",5428.200195
"2010-09-06",5439.200195
"2010-09-07",5407.799805
"2010-09-08",5429.700195
"2010-09-09",5494.200195
"2010-09-10",5501.600098
"2010-09-13",5565.5
"2010-09-14",5567.399902
"2010-09-15",5555.600098
"2010-09-16",5540.100098
"2010-09-17",5508.5
"2010-09-20",5602.5
"2010-09-21",5576.200195
"2010-09-22",5551.899902
"2010-09-23",5547.100098
"2010-09-24",5598.5
"2010-09-27",5573.399902
"2010-09-28",5578.399902
"2010-09-29",5569.299805
"2010-09-30",5548.600098
"2010-10-01",5592.899902
"2010-10-04",5556
"2010-10-05",5635.799805
"2010-10-06",5681.399902
"2010-10-07",5662.100098
"2010-10-08",5657.600098
"2010-10-11",5672.399902
"2010-10-12",5661.600098
"2010-10-13",5747.399902
"2010-10-14",5727.200195
"2010-10-15",5703.399902
"2010-10-18",5742.5
"2010-10-19",5703.899902
"2010-10-20",5728.899902
"2010-10-21",5757.899902
"2010-10-22",5741.399902
"2010-10-25",5752
"2010-10-26",5707.299805
"2010-10-27",5646
"2010-10-28",5677.899902
"2010-10-29",5675.200195
"2010-11-01",5694.600098
"2010-11-02",5757.399902
"2010-11-03",5749
"2010-11-04",5862.799805
"2010-11-05",5875.399902
"2010-11-08",5850
"2010-11-09",5875.200195
"2010-11-10",5816.899902
"2010-11-11",5815.200195
"2010-11-12",5796.899902
"2010-11-15",5820.399902
"2010-11-16",5681.899902
"2010-11-17",5692.600098
"2010-11-18",5768.700195
"2010-11-19",5732.799805
"2010-11-22",5680.799805
"2010-11-23",5581.299805
"2010-11-24",5657.100098
"2010-11-25",5698.899902
"2010-11-26",5668.700195
"2010-11-29",5551
"2010-11-30",5528.299805
"2010-12-01",5642.5
"2010-12-02",5767.600098
"2010-12-03",5745.299805
"2010-12-06",5770.299805
"2010-12-07",5808.5
"2010-12-08",5794.5
"2010-12-09",5808
"2010-12-10",5813
"2010-12-13",5860.799805
"2010-12-14",5891.200195
"2010-12-15",5882.200195
"2010-12-16",5881.100098
"2010-12-17",5871.799805
"2010-12-20",5891.600098
"2010-12-21",5951.799805
"2010-12-22",5983.5
"2010-12-23",5996.100098
"2010-12-24",6008.899902
"2010-12-29",5996.399902
"2010-12-30",5971
"2010-12-31",5899.899902
"2011-01-04",6013.899902
"2011-01-05",6043.899902
"2011-01-06",6019.5
"2011-01-07",5984.299805
"2011-01-10",5956.299805
"2011-01-11",6014
"2011-01-12",6050.700195
"2011-01-13",6023.899902
"2011-01-14",6002.100098
"2011-01-17",5985.700195
"2011-01-18",6056.399902
"2011-01-19",5976.700195
"2011-01-20",5867.899902
"2011-01-21",5896.299805
"2011-01-24",5943.899902
"2011-01-25",5917.700195
"2011-01-26",5969.200195
"2011-01-27",5965.100098
"2011-01-28",5881.399902
"2011-01-31",5862.899902
"2011-02-01",5957.799805
"2011-02-02",6000.100098
"2011-02-03",5983.299805
"2011-02-04",5997.399902
"2011-02-07",6051
"2011-02-08",6091.299805
"2011-02-09",6052.299805
"2011-02-10",6020
"2011-02-11",6062.899902
"2011-02-14",6060.100098
"2011-02-15",6037.100098
"2011-02-16",6085.299805
"2011-02-17",6087.399902
"2011-02-18",6083
"2011-02-21",6014.799805
"2011-02-22",5996.799805
"2011-02-23",5923.5
"2011-02-24",5920
"2011-02-25",6001.200195
"2011-02-28",5994
"2011-03-01",5935.799805
"2011-03-02",5914.899902
"2011-03-03",6005.100098
"2011-03-04",5990.399902
"2011-03-07",5973.799805
"2011-03-08",5974.799805
"2011-03-09",5937.299805
"2011-03-10",5845.299805
"2011-03-11",5828.700195
"2011-03-14",5775.200195
"2011-03-15",5695.299805
"2011-03-16",5598.200195
"2011-03-17",5696.100098
"2011-03-18",5718.100098
"2011-03-21",5786.100098
"2011-03-22",5762.700195
"2011-03-23",5795.899902
"2011-03-24",5880.899902
"2011-03-25",5900.799805
"2011-03-28",5904.5
"2011-03-29",5932.200195
"2011-03-30",5948.299805
"2011-03-31",5908.799805
"2011-04-01",6009.899902
"2011-04-04",6017
"2011-04-05",6007.100098
"2011-04-06",6041.100098
"2011-04-07",6007.399902
"2011-04-08",6055.799805
"2011-04-11",6053.399902
"2011-04-12",5964.5
"2011-04-13",6010.399902
"2011-04-14",5963.799805
"2011-04-15",5996
"2011-04-18",5870.100098
"2011-04-19",5896.899902
"2011-04-20",6022.299805
"2011-04-21",6018.299805
"2011-04-26",6069.399902
"2011-04-27",6068.200195
"2011-04-28",6069.899902
"2011-04-29",NA
"2011-05-03",6082.899902
"2011-05-04",5984.100098
"2011-05-05",5920
"2011-05-06",5976.799805
"2011-05-09",5942.700195
"2011-05-10",6018.899902
"2011-05-11",5976
"2011-05-12",5945
"2011-05-13",5925.899902
"2011-05-16",5923.700195
"2011-05-17",5861
"2011-05-18",5923.5
"2011-05-19",5956
"2011-05-20",5948.5
"2011-05-23",5835.899902
"2011-05-24",5858.399902
"2011-05-25",5870.100098
"2011-05-26",5881
"2011-05-27",5938.899902
"2011-05-31",5990
"2011-06-01",5928.600098
"2011-06-02",5847.899902
"2011-06-03",5855
"2011-06-06",5863.200195
"2011-06-07",5864.700195
"2011-06-08",5808.899902
"2011-06-09",5856.299805
"2011-06-10",5765.799805
"2011-06-13",5773.5
"2011-06-14",5803.100098
"2011-06-15",5742.600098
"2011-06-16",5698.799805
"2011-06-17",5714.899902
"2011-06-20",5693.399902
"2011-06-21",5775.299805
"2011-06-22",5773
"2011-06-23",5674.399902
"2011-06-24",5697.700195
"2011-06-27",5722.299805
"2011-06-28",5766.899902
"2011-06-29",5856
"2011-06-30",5945.700195
"2011-07-01",5989.799805
"2011-07-04",6017.5
"2011-07-05",6024
"2011-07-06",6002.899902
"2011-07-07",6054.600098
"2011-07-08",5990.600098
"2011-07-11",5929.200195
"2011-07-12",5869
"2011-07-13",5906.399902
"2011-07-14",5847
"2011-07-15",5843.700195
"2011-07-18",5752.799805
"2011-07-19",5790
"2011-07-20",5853.799805
"2011-07-21",5899.899902
"2011-07-22",5935
"2011-07-25",5925.299805
"2011-07-26",5929.700195
"2011-07-27",5856.600098
"2011-07-28",5873.200195
"2011-07-29",5815.200195
"2011-08-01",5774.399902
"2011-08-02",5718.399902
"2011-08-03",5584.5
"2011-08-04",5393.100098
"2011-08-05",5247
"2011-08-08",5069
"2011-08-09",5164.899902
"2011-08-10",5007.200195
"2011-08-11",5162.799805
"2011-08-12",5320
"2011-08-15",5350.600098
"2011-08-16",5357.600098
"2011-08-17",5331.600098
"2011-08-18",5092.200195
"2011-08-19",5040.799805
"2011-08-22",5095.299805
"2011-08-23",5129.399902
"2011-08-24",5205.899902
"2011-08-25",5131.100098
"2011-08-26",5129.899902
"2011-08-30",5268.700195
"2011-08-31",5394.5
"2011-09-01",5418.700195
"2011-09-02",5292
"2011-09-05",5102.600098
"2011-09-06",5156.799805
"2011-09-07",5318.600098
"2011-09-08",5340.399902
"2011-09-09",5214.700195
"2011-09-12",5129.600098
"2011-09-13",5174.299805
"2011-09-14",5227
"2011-09-15",5337.5
"2011-09-16",5368.399902
"2011-09-19",5259.600098
"2011-09-20",5363.700195
"2011-09-21",5288.399902
"2011-09-22",5041.600098
"2011-09-23",5066.799805
"2011-09-26",5089.399902
"2011-09-27",5294.100098
"2011-09-28",5217.600098
"2011-09-29",5196.799805
"2011-09-30",5128.5
"2011-10-03",5075.5
"2011-10-04",4944.399902
"2011-10-05",5102.200195
"2011-10-06",5291.299805
"2011-10-07",5303.399902
"2011-10-10",5399
"2011-10-11",5395.700195
"2011-10-12",5441.799805
"2011-10-13",5403.399902
"2011-10-14",5466.399902
"2011-10-17",5436.700195
"2011-10-18",5410.399902
"2011-10-19",5450.5
"2011-10-20",5384.700195
"2011-10-21",5488.700195
"2011-10-24",5548.100098
"2011-10-25",5525.5
"2011-10-26",5553.200195
"2011-10-27",5713.799805
"2011-10-28",5702.200195
"2011-10-31",5544.200195
"2011-11-01",5421.600098
"2011-11-02",5484.100098
"2011-11-03",5545.600098
"2011-11-04",5527.200195
"2011-11-07",5510.799805
"2011-11-08",5567.299805
"2011-11-09",5460.399902
"2011-11-10",5444.799805
"2011-11-11",5545.399902
"2011-11-14",5519
"2011-11-15",5517.399902
"2011-11-16",5509
"2011-11-17",5423.100098
"2011-11-18",5362.899902
"2011-11-21",5222.600098
"2011-11-22",5206.799805
"2011-11-23",5139.799805
"2011-11-24",5127.600098
"2011-11-25",5164.700195
"2011-11-28",5312.799805
"2011-11-29",5337
"2011-11-30",5505.399902
"2011-12-01",5489.299805
"2011-12-02",5552.299805
"2011-12-05",5568
"2011-12-06",5568.700195
"2011-12-07",5546.899902
"2011-12-08",5483.799805
"2011-12-09",5529.200195
"2011-12-12",5427.899902
"2011-12-13",5490.200195
"2011-12-14",5366.799805
"2011-12-15",5400.899902
"2011-12-16",5387.299805
"2011-12-19",5365
"2011-12-20",5419.600098
"2011-12-21",5389.700195
"2011-12-22",5457
"2011-12-23",5512.700195
"2011-12-28",5507.399902
"2011-12-29",5566.799805
"2011-12-30",5572.299805
"2012-01-03",5699.899902
"2012-01-04",5668.5
"2012-01-05",5624.299805
"2012-01-06",5649.700195
"2012-01-09",5612.299805
"2012-01-10",5696.700195
"2012-01-11",5670.799805
"2012-01-12",5662.399902
"2012-01-13",5636.600098
"2012-01-16",5657.399902
"2012-01-17",5694
"2012-01-18",5702.399902
"2012-01-19",5741.200195
"2012-01-20",5728.600098
"2012-01-23",5782.600098
"2012-01-24",5751.899902
"2012-01-25",5723
"2012-01-26",5795.200195
"2012-01-27",5733.5
"2012-01-30",5671.100098
"2012-01-31",5681.600098
"2012-02-01",5790.700195
"2012-02-02",5796.100098
"2012-02-03",5901.100098
"2012-02-06",5892.200195
"2012-02-07",5890.299805
"2012-02-08",5875.899902
"2012-02-09",5895.5
"2012-02-10",5852.399902
"2012-02-13",5905.700195
"2012-02-14",5899.899902
"2012-02-15",5892.200195
"2012-02-16",5885.399902
"2012-02-17",5905.100098
"2012-02-20",5945.299805
"2012-02-21",5928.200195
"2012-02-22",5916.600098
"2012-02-23",5937.899902
"2012-02-24",5935.100098
"2012-02-27",5915.600098
"2012-02-28",5927.899902
"2012-02-29",5871.5
"2012-03-01",5931.299805
"2012-03-02",5911.100098
"2012-03-05",5874.799805
"2012-03-06",5765.799805
"2012-03-07",5791.399902
"2012-03-08",5859.700195
"2012-03-09",5887.5
"2012-03-12",5892.799805
"2012-03-13",5955.899902
"2012-03-14",5945.399902
"2012-03-15",5940.700195
"2012-03-16",5965.600098
"2012-03-19",5961.100098
"2012-03-20",5891.399902
"2012-03-21",5892
"2012-03-22",5845.700195
"2012-03-23",5854.899902
"2012-03-26",5902.700195
"2012-03-27",5869.600098
"2012-03-28",5809
"2012-03-29",5742
"2012-03-30",5768.5
"2012-04-02",5874.899902
"2012-04-03",5838.299805
"2012-04-04",5703.799805
"2012-04-05",5723.700195
"2012-04-10",5595.600098
"2012-04-11",5634.700195
"2012-04-12",5710.5
"2012-04-13",5651.799805
"2012-04-16",5666.299805
"2012-04-17",5767
"2012-04-18",5745.299805
"2012-04-19",5744.600098
"2012-04-20",5772.200195
"2012-04-23",5665.600098
"2012-04-24",5709.5
"2012-04-25",5718.899902
"2012-04-26",5748.700195
"2012-04-27",5777.100098
"2012-04-30",5737.799805
"2012-05-01",5812.200195
"2012-05-02",5758.100098
"2012-05-03",5766.600098
"2012-05-04",5655.100098
"2012-05-08",5554.600098
"2012-05-09",5530.100098
"2012-05-10",5544
"2012-05-11",5575.5
"2012-05-14",5465.5
"2012-05-15",5437.600098
"2012-05-16",5405.299805
"2012-05-17",5338.399902
"2012-05-18",5267.600098
"2012-05-21",5304.5
"2012-05-22",5403.299805
"2012-05-23",5266.399902
"2012-05-24",5350.100098
"2012-05-25",5351.5
"2012-05-29",5391.100098
"2012-05-30",5297.299805
"2012-05-31",5320.899902
"2012-06-01",5260.200195
"2012-06-06",5384.100098
"2012-06-07",5447.799805
"2012-06-08",5435.100098
"2012-06-11",5432.399902
"2012-06-12",5473.700195
"2012-06-13",5483.799805
"2012-06-14",5467.100098
"2012-06-15",5478.799805
"2012-06-18",5491.100098
"2012-06-19",5586.299805
"2012-06-20",5622.299805
"2012-06-21",5566.399902
"2012-06-22",5513.700195
"2012-06-25",5450.700195
"2012-06-26",5447
"2012-06-27",5523.899902
"2012-06-28",5493.100098
"2012-06-29",5571.200195
"2012-07-02",5640.600098
"2012-07-03",5687.700195
"2012-07-04",5684.5
"2012-07-05",5692.600098
"2012-07-06",5662.600098
"2012-07-09",5627.299805
"2012-07-10",5664.100098
"2012-07-11",5664.5
"2012-07-12",5608.299805
"2012-07-13",5666.100098
"2012-07-16",5662.399902
"2012-07-17",5629.100098
"2012-07-18",5685.799805
"2012-07-19",5714.200195
"2012-07-20",5651.799805
"2012-07-23",5533.899902
"2012-07-24",5499.200195
"2012-07-25",5498.299805
"2012-07-26",5573.200195
"2012-07-27",5627.200195
"2012-07-30",5693.600098
"2012-07-31",5635.299805
"2012-08-01",5712.799805
"2012-08-02",5662.299805
"2012-08-03",5787.299805
"2012-08-06",5808.799805
"2012-08-07",5841.200195
"2012-08-08",5845.899902
"2012-08-09",5851.5
"2012-08-10",5847.100098
"2012-08-13",5831.899902
"2012-08-14",5864.799805
"2012-08-15",5833
"2012-08-16",5834.5
"2012-08-17",5852.399902
"2012-08-20",5824.399902
"2012-08-21",5857.5
"2012-08-22",5774.200195
"2012-08-23",5776.600098
"2012-08-24",5776.600098
"2012-08-28",5775.700195
"2012-08-29",5743.5
"2012-08-30",5719.5
"2012-08-31",5711.5
"2012-09-03",5758.399902
"2012-09-04",5672
"2012-09-05",5657.899902
"2012-09-06",5777.299805
"2012-09-07",5794.799805
"2012-09-10",5793.200195
"2012-09-11",5792.200195
"2012-09-12",5782.100098
"2012-09-13",5819.899902
"2012-09-14",5915.600098
"2012-09-17",5893.5
"2012-09-18",5868.200195
"2012-09-19",5888.5
"2012-09-20",5854.600098
"2012-09-21",5852.600098
"2012-09-24",5838.799805
"2012-09-25",5859.700195
"2012-09-26",5768.100098
"2012-09-27",5779.399902
"2012-09-28",5742.100098
"2012-10-01",5820.5
"2012-10-02",5809.5
"2012-10-03",5825.799805
"2012-10-04",5827.799805
"2012-10-05",5871
"2012-10-08",5841.700195
"2012-10-09",5810.299805
"2012-10-10",5776.700195
"2012-10-11",5829.799805
"2012-10-12",5793.299805
"2012-10-15",5805.600098
"2012-10-16",5870.5
"2012-10-17",5910.899902
"2012-10-18",5917.100098
"2012-10-19",5896.200195
"2012-10-22",5882.899902
"2012-10-23",5797.899902
"2012-10-24",5804.799805
"2012-10-25",5805.100098
"2012-10-26",5806.700195
"2012-10-29",5795.100098
"2012-10-30",5849.899902
"2012-10-31",5782.700195
"2012-11-01",5861.899902
"2012-11-02",5868.600098
"2012-11-05",5839.100098
"2012-11-06",5884.899902
"2012-11-07",5791.600098
"2012-11-08",5776.100098
"2012-11-09",5769.700195
"2012-11-12",5767.299805
"2012-11-13",5786.299805
"2012-11-14",5722
"2012-11-15",5677.799805
"2012-11-16",5605.600098
"2012-11-19",5737.700195
"2012-11-20",5748.100098
"2012-11-21",5752
"2012-11-22",5791
"2012-11-23",5819.100098
"2012-11-26",5786.700195
"2012-11-27",5799.700195
"2012-11-28",5803.299805
"2012-11-29",5870.299805
"2012-11-30",5866.799805
"2012-12-03",5871.200195
"2012-12-04",5869
"2012-12-05",5892.100098
"2012-12-06",5901.399902
"2012-12-07",5914.399902
"2012-12-10",5921.600098
"2012-12-11",5925
"2012-12-12",5945.899902
"2012-12-13",5929.600098
"2012-12-14",5921.799805
"2012-12-17",5912.200195
"2012-12-18",5935.899902
"2012-12-19",5961.600098
"2012-12-20",5958.299805
"2012-12-21",5940
"2012-12-24",5954.200195
"2012-12-27",5954.299805
"2012-12-28",5925.399902
"2012-12-31",5897.799805
"2013-01-02",6027.399902
"2013-01-03",6047.299805
"2013-01-04",6089.799805
"2013-01-07",6064.600098
"2013-01-08",6053.600098
"2013-01-09",6098.700195
"2013-01-10",6101.5
"2013-01-11",6121.600098
"2013-01-14",6107.899902
"2013-01-15",6117.299805
"2013-01-16",6104
"2013-01-17",6132.399902
"2013-01-18",6154.399902
"2013-01-21",6181
"2013-01-22",6179.200195
"2013-01-23",6197.600098
"2013-01-24",6264.899902
"2013-01-25",6284.5
"2013-01-28",6294.399902
"2013-01-29",6339.200195
"2013-01-30",6323.100098
"2013-01-31",6276.899902
"2013-02-01",6347.200195
"2013-02-04",6246.799805
"2013-02-05",6282.799805
"2013-02-06",6295.299805
"2013-02-07",6228.399902
"2013-02-08",6263.899902
"2013-02-11",6277.100098
"2013-02-12",6338.399902
"2013-02-13",6359.100098
"2013-02-14",6327.399902
"2013-02-15",6328.299805
"2013-02-18",6318.200195
"2013-02-19",6379.100098
"2013-02-20",6395.399902
"2013-02-21",6291.5
"2013-02-22",6335.700195
"2013-02-25",6355.399902
"2013-02-26",6270.399902
"2013-02-27",6325.899902
"2013-02-28",6360.799805
"2013-03-01",6378.600098
"2013-03-04",6345.600098
"2013-03-05",6432
"2013-03-06",6427.600098
"2013-03-07",6439.200195
"2013-03-08",6483.600098
"2013-03-11",6503.600098
"2013-03-12",6510.600098
"2013-03-13",6481.5
"2013-03-14",6529.399902
"2013-03-15",6489.700195
"2013-03-18",6457.899902
"2013-03-19",6441.299805
"2013-03-20",6432.700195
"2013-03-21",6388.600098
"2013-03-22",6392.799805
"2013-03-25",6378.399902
"2013-03-26",6399.399902
"2013-03-27",6387.600098
"2013-03-28",6411.700195
"2013-04-02",6490.700195
"2013-04-03",6420.299805
"2013-04-04",6344.100098
"2013-04-05",6249.799805
"2013-04-08",6276.899902
"2013-04-09",6313.200195
"2013-04-10",6387.399902
"2013-04-11",6416.100098
"2013-04-12",6384.399902
"2013-04-15",6343.600098
"2013-04-16",6304.600098
"2013-04-17",6244.200195
"2013-04-18",6243.700195
"2013-04-19",6286.600098
"2013-04-22",6280.600098
"2013-04-23",6406.100098
"2013-04-24",6431.799805
"2013-04-25",6442.600098
"2013-04-26",6426.399902
"2013-04-29",6458
"2013-04-30",6430.100098
"2013-05-01",6451.299805
"2013-05-02",6460.700195
"2013-05-03",6521.5
"2013-05-07",6557.299805
"2013-05-08",6583.5
"2013-05-09",6592.700195
"2013-05-10",6625
"2013-05-13",6631.799805
"2013-05-14",6686.100098
"2013-05-15",6693.600098
"2013-05-16",6687.799805
"2013-05-17",6723.100098
"2013-05-20",6755.600098
"2013-05-21",6803.899902
"2013-05-22",6840.299805
"2013-05-23",6696.799805
"2013-05-24",6654.299805
"2013-05-28",6762
"2013-05-29",6627.200195
"2013-05-30",6657
"2013-05-31",6583.100098
"2013-06-03",6525.100098
"2013-06-04",6558.600098
"2013-06-05",6419.299805
"2013-06-06",6336.100098
"2013-06-07",6412
"2013-06-10",6400.5
"2013-06-11",6340.100098
"2013-06-12",6299.5
"2013-06-13",6304.600098
"2013-06-14",6308.299805
"2013-06-17",6330.5
"2013-06-18",6374.200195
"2013-06-19",6348.799805
"2013-06-20",6159.5
"2013-06-21",6116.200195
"2013-06-24",6029.100098
"2013-06-25",6101.899902
"2013-06-26",6165.5
"2013-06-27",6243.399902
"2013-06-28",6215.5
"2013-07-01",6307.799805
"2013-07-02",6303.899902
"2013-07-03",6229.899902
"2013-07-04",6421.700195
"2013-07-05",6375.5
"2013-07-08",6450.100098
"2013-07-09",6513.100098
"2013-07-10",6505
"2013-07-11",6543.399902
"2013-07-12",6544.899902
"2013-07-15",6586.100098
"2013-07-16",6556.399902
"2013-07-17",6571.899902
"2013-07-18",6634.399902
"2013-07-19",6630.700195
"2013-07-22",6623.200195
"2013-07-23",6597.399902
"2013-07-24",6620.399902
"2013-07-25",6588
"2013-07-26",6554.799805
"2013-07-29",6560.299805
"2013-07-30",6571
"2013-07-31",6621.100098
"2013-08-01",6682
"2013-08-02",6647.899902
"2013-08-05",6619.600098
"2013-08-06",6604.200195
"2013-08-07",6511.200195
"2013-08-08",6529.700195
"2013-08-09",6583.399902
"2013-08-12",6574.299805
"2013-08-13",6611.899902
"2013-08-14",6587.399902
"2013-08-15",6483.299805
"2013-08-16",6500
"2013-08-19",6465.700195
"2013-08-20",6453.5
"2013-08-21",6390.799805
"2013-08-22",6446.899902
"2013-08-23",6492.100098
"2013-08-27",6441
"2013-08-28",6430.100098
"2013-08-29",6483.100098
"2013-08-30",6412.899902
"2013-09-02",6506.200195
"2013-09-03",6468.399902
"2013-09-04",6474.700195
"2013-09-05",6532.399902
"2013-09-06",6547.299805
"2013-09-09",6530.700195
"2013-09-10",6584
"2013-09-11",6588.399902
"2013-09-12",6589
"2013-09-13",6583.799805
"2013-09-16",6622.899902
"2013-09-17",6570.200195
"2013-09-18",6558.799805
"2013-09-19",6625.399902
"2013-09-20",6596.399902
"2013-09-23",6557.399902
"2013-09-24",6571.5
"2013-09-25",6551.5
"2013-09-26",6565.600098
"2013-09-27",6512.700195
"2013-09-30",6462.200195
"2013-10-01",6460
"2013-10-02",6437.5
"2013-10-03",6449
"2013-10-04",6453.899902
"2013-10-07",6437.299805
"2013-10-08",6365.799805
"2013-10-09",6337.899902
"2013-10-10",6430.5
"2013-10-11",6487.200195
"2013-10-14",6507.700195
"2013-10-15",6549.100098
"2013-10-16",6571.600098
"2013-10-17",6576.200195
"2013-10-18",6622.600098
"2013-10-21",6654.200195
"2013-10-22",6695.700195
"2013-10-23",6674.5
"2013-10-24",6713.200195
"2013-10-25",6721.299805
"2013-10-28",6725.799805
"2013-10-29",6774.700195
"2013-10-30",6777.700195
"2013-10-31",6731.399902
"2013-11-01",6734.700195
"2013-11-04",6763.600098
"2013-11-05",6746.799805
"2013-11-06",6741.700195
"2013-11-07",6697.200195
"2013-11-08",6708.399902
"2013-11-11",6728.399902
"2013-11-12",6726.799805
"2013-11-13",6630
"2013-11-14",6666.100098
"2013-11-15",6693.399902
"2013-11-18",6723.5
"2013-11-19",6698
"2013-11-20",6681.100098
"2013-11-21",6681.299805
"2013-11-22",6674.299805
"2013-11-25",6694.600098
"2013-11-26",6636.200195
"2013-11-27",6649.5
"2013-11-28",6654.5
"2013-11-29",6650.600098
"2013-12-02",6595.299805
"2013-12-03",6532.399902
"2013-12-04",6510
"2013-12-05",6498.299805
"2013-12-06",6552
"2013-12-09",6559.5
"2013-12-10",6523.299805
"2013-12-11",6507.700195
"2013-12-12",6445.299805
"2013-12-13",6440
"2013-12-16",6522.200195
"2013-12-17",6486.200195
"2013-12-18",6492.100098
"2013-12-19",6584.700195
"2013-12-20",6606.600098
"2013-12-23",6678.600098
"2013-12-24",NA
"2013-12-27",6750.899902
"2013-12-30",6731.299805
"2013-12-31",NA
"2014-01-02",6717.899902
"2014-01-03",6730.700195
"2014-01-06",6730.700195
"2014-01-07",6755.5
"2014-01-08",6721.799805
"2014-01-09",6691.299805
"2014-01-10",6739.899902
"2014-01-13",6757.200195
"2014-01-14",6766.899902
"2014-01-15",6819.899902
"2014-01-16",6815.399902
"2014-01-17",6829.299805
"2014-01-20",6836.700195
"2014-01-21",6834.299805
"2014-01-22",6826.299805
"2014-01-23",6773.299805
"2014-01-24",6663.700195
"2014-01-27",6550.700195
"2014-01-28",6572.299805
"2014-01-29",6544.299805
"2014-01-30",6538.5
"2014-01-31",6510.399902
"2014-02-03",6465.700195
"2014-02-04",6449.299805
"2014-02-05",6457.899902
"2014-02-06",6558.299805
"2014-02-07",6571.700195
"2014-02-10",6591.600098
"2014-02-11",6672.700195
"2014-02-12",6675
"2014-02-13",6659.399902
"2014-02-14",6663.600098
"2014-02-17",6736
"2014-02-18",6796.399902
"2014-02-19",6796.700195
"2014-02-20",6813
"2014-02-21",6838.100098
"2014-02-24",6865.899902
"2014-02-25",6830.5
"2014-02-26",6799.200195
"2014-02-27",6810.299805
"2014-02-28",6809.700195
"2014-03-03",6708.399902
"2014-03-04",6823.799805
"2014-03-05",6775.399902
"2014-03-06",6788.5
"2014-03-07",6712.700195
"2014-03-10",6689.5
"2014-03-11",6685.5
"2014-03-12",6620.899902
"2014-03-13",6553.799805
"2014-03-14",6527.899902
"2014-03-17",6568.399902
"2014-03-18",6605.299805
"2014-03-19",6573.100098
"2014-03-20",6542.399902
"2014-03-21",6557.200195
"2014-03-24",6520.399902
"2014-03-25",6604.899902
"2014-03-26",6605.299805
"2014-03-27",6588.299805
"2014-03-28",6615.600098
"2014-03-31",6598.399902
"2014-04-01",6652.600098
"2014-04-02",6659
"2014-04-03",6649.100098
"2014-04-04",6695.600098
"2014-04-07",6622.799805
"2014-04-08",6590.700195
"2014-04-09",6635.600098
"2014-04-10",6642
"2014-04-11",6561.700195
"2014-04-14",6583.799805
"2014-04-15",6541.600098
"2014-04-16",6584.200195
"2014-04-17",6625.299805
"2014-04-22",6681.799805
"2014-04-23",6674.700195
"2014-04-24",6703
"2014-04-25",6685.700195
"2014-04-28",6700.200195
"2014-04-29",6769.899902
"2014-04-30",6780
"2014-05-01",6808.899902
"2014-05-02",6822.399902
"2014-05-06",6798.600098
"2014-05-07",6796.399902
"2014-05-08",6839.299805
"2014-05-09",6814.600098
"2014-05-12",6851.799805
"2014-05-13",6873.100098
"2014-05-14",6878.5
"2014-05-15",6840.899902
"2014-05-16",6855.799805
"2014-05-19",6844.600098
"2014-05-20",6802
"2014-05-21",6821
"2014-05-22",6820.600098
"2014-05-23",6815.799805
"2014-05-27",6844.899902
"2014-05-28",6851.200195
"2014-05-29",6871.299805
"2014-05-30",6844.5
"2014-06-02",6864.100098
"2014-06-03",6836.299805
"2014-06-04",6818.600098
"2014-06-05",6813.5
"2014-06-06",6858.200195
"2014-06-09",6875
"2014-06-10",6873.600098
"2014-06-11",6838.899902
"2014-06-12",6843.100098
"2014-06-13",6777.899902
"2014-06-16",6754.600098
"2014-06-17",6766.799805
"2014-06-18",6778.600098
"2014-06-19",6808.100098
"2014-06-20",6825.200195
"2014-06-23",6800.600098
"2014-06-24",6787.100098
"2014-06-25",6733.600098
"2014-06-26",6735.100098
"2014-06-27",6757.799805
"2014-06-30",6743.899902
"2014-07-01",6802.899902
"2014-07-02",6816.399902
"2014-07-03",6865.200195
"2014-07-04",6866.100098
"2014-07-07",6823.5
"2014-07-08",6738.5
"2014-07-09",6718
"2014-07-10",6672.399902
"2014-07-11",6690.200195
"2014-07-14",6746.100098
"2014-07-15",6710.5
"2014-07-16",6784.700195
"2014-07-17",6738.299805
"2014-07-18",6749.5
"2014-07-21",6728.399902
"2014-07-22",6795.299805
"2014-07-23",6798.200195
"2014-07-24",6821.5
"2014-07-25",6791.600098
"2014-07-28",6788.100098
"2014-07-29",6807.799805
"2014-07-30",6773.399902
"2014-07-31",6730.100098
"2014-08-01",6679.200195
"2014-08-04",6677.5
"2014-08-05",6682.5
"2014-08-06",6636.200195
"2014-08-07",6597.399902
"2014-08-08",6567.399902
"2014-08-11",6632.799805
"2014-08-12",6632.399902
"2014-08-13",6656.700195
"2014-08-14",6685.299805
"2014-08-15",6689.100098
"2014-08-18",6741.299805
"2014-08-19",6779.299805
"2014-08-20",6755.5
"2014-08-21",6777.700195
"2014-08-22",6775.299805
"2014-08-26",6822.799805
"2014-08-27",6830.700195
"2014-08-28",6805.799805
"2014-08-29",6819.799805
"2014-09-01",6825.299805
"2014-09-02",6829.200195
"2014-09-03",6873.600098
"2014-09-04",6878
"2014-09-05",6855.100098
"2014-09-08",6834.799805
"2014-09-09",6829
"2014-09-10",6830.100098
"2014-09-11",6799.600098
"2014-09-12",6807
"2014-09-15",6804.200195
"2014-09-16",6792.200195
"2014-09-17",6780.899902
"2014-09-18",6819.299805
"2014-09-19",6837.899902
"2014-09-22",6773.600098
"2014-09-23",6676.100098
"2014-09-24",6706.299805
"2014-09-25",6639.700195
"2014-09-26",6649.399902
"2014-09-29",6646.600098
"2014-09-30",6622.700195
"2014-10-01",6557.5
"2014-10-02",6446.399902
"2014-10-03",6527.899902
"2014-10-06",6563.700195
"2014-10-07",6495.600098
"2014-10-08",6482.200195
"2014-10-09",6431.899902
"2014-10-10",6340
"2014-10-13",6366.200195
"2014-10-14",6392.700195
"2014-10-15",6211.600098
"2014-10-16",6195.899902
"2014-10-17",6310.299805
"2014-10-20",6267.100098
"2014-10-21",6372.299805
"2014-10-22",6399.700195
"2014-10-23",6419.200195
"2014-10-24",6388.700195
"2014-10-27",6363.5
"2014-10-28",6402.200195
"2014-10-29",6453.899902
"2014-10-30",6463.600098
"2014-10-31",6546.5
"2014-11-03",6488
"2014-11-04",6454
"2014-11-05",6539.100098
"2014-11-06",6551.200195
"2014-11-07",6567.200195
"2014-11-10",6611.299805
"2014-11-11",6627.399902
"2014-11-12",6611
"2014-11-13",6635.5
"2014-11-14",6654.399902
"2014-11-17",6672
"2014-11-18",6709.100098
"2014-11-19",6696.600098
"2014-11-20",6678.899902
"2014-11-21",6750.799805
"2014-11-24",6729.799805
"2014-11-25",6731.100098
"2014-11-26",6729.200195
"2014-11-27",6723.399902
"2014-11-28",6722.600098
"2014-12-01",6656.399902
"2014-12-02",6742.100098
"2014-12-03",6716.600098
"2014-12-04",6679.399902
"2014-12-05",6742.799805
"2014-12-08",6672.200195
"2014-12-09",6529.5
"2014-12-10",6500
"2014-12-11",6461.700195
"2014-12-12",6300.600098
"2014-12-15",6182.700195
"2014-12-16",6331.799805
"2014-12-17",6336.5
"2014-12-18",6466
"2014-12-19",6545.299805
"2014-12-22",6576.700195
"2014-12-23",6598.200195
"2014-12-24",NA
"2014-12-29",6633.5
"2014-12-30",6547
"2014-12-31",NA
"2015-01-02",6547.799805
"2015-01-05",6417.200195
"2015-01-06",6366.5
"2015-01-07",6419.799805
"2015-01-08",6570
"2015-01-09",6501.100098
"2015-01-12",6501.399902
"2015-01-13",6542.200195
"2015-01-14",6388.5
"2015-01-15",6498.799805
"2015-01-16",6550.299805
"2015-01-19",6585.5
"2015-01-20",6620.100098
"2015-01-21",6728
"2015-01-22",6796.600098
"2015-01-23",6832.799805
"2015-01-26",6852.399902
"2015-01-27",6811.600098
"2015-01-28",6825.899902
"2015-01-29",6810.600098
"2015-01-30",6749.399902
"2015-02-02",6782.600098
"2015-02-03",6871.799805
"2015-02-04",6860
"2015-02-05",6865.899902
"2015-02-06",6853.399902
"2015-02-09",6837.200195
"2015-02-10",6829.100098
"2015-02-11",6818.200195
"2015-02-12",6828.100098
"2015-02-13",6873.5
"2015-02-16",6857.100098
"2015-02-17",6898.100098
"2015-02-18",6898.100098
"2015-02-19",6888.899902
"2015-02-20",6915.200195
"2015-02-23",6912.200195
"2015-02-24",6949.600098
"2015-02-25",6935.399902
"2015-02-26",6949.700195
"2015-02-27",6946.700195
"2015-03-02",6940.600098
"2015-03-03",6889.100098
"2015-03-04",6919.200195
"2015-03-05",6961.100098
"2015-03-06",6911.799805
"2015-03-09",6876.5
"2015-03-10",6702.799805
"2015-03-11",6721.5
"2015-03-12",6761.100098
"2015-03-13",6740.600098
"2015-03-16",6804.100098
"2015-03-17",6837.600098
"2015-03-18",6945.200195
"2015-03-19",6962.299805
"2015-03-20",7022.5
"2015-03-23",7037.700195
"2015-03-24",7019.700195
"2015-03-25",6991
"2015-03-26",6895.299805
"2015-03-27",6855
"2015-03-30",6891.399902
"2015-03-31",6773
"2015-04-01",6809.5
"2015-04-02",6833.5
"2015-04-07",6961.799805
"2015-04-08",6937.399902
"2015-04-09",7015.399902
"2015-04-10",7089.799805
"2015-04-13",7064.299805
"2015-04-14",7075.299805
"2015-04-15",7096.799805
"2015-04-16",7060.5
"2015-04-17",6994.600098
"2015-04-20",7052.100098
"2015-04-21",7062.899902
"2015-04-22",7028.200195
"2015-04-23",7053.700195
"2015-04-24",7070.700195
"2015-04-27",7104
"2015-04-28",7030.5
"2015-04-29",6946.299805
"2015-04-30",6960.600098
"2015-05-01",6986
"2015-05-05",6927.600098
"2015-05-06",6933.700195
"2015-05-07",6887
"2015-05-08",7046.799805
"2015-05-11",7029.899902
"2015-05-12",6933.799805
"2015-05-13",6949.600098
"2015-05-14",6973
"2015-05-15",6960.5
"2015-05-18",6968.899902
"2015-05-19",6995.100098
"2015-05-20",7007.299805
"2015-05-21",7013.5
"2015-05-22",7031.700195
"2015-05-26",6949
"2015-05-27",7033.299805
"2015-05-28",7040.899902
"2015-05-29",6984.399902
"2015-06-01",6953.600098
"2015-06-02",6928.299805
"2015-06-03",6950.5
"2015-06-04",6859.200195
"2015-06-05",6804.600098
"2015-06-08",6790
"2015-06-09",6753.799805
"2015-06-10",6830.299805
"2015-06-11",6846.700195
"2015-06-12",6784.899902
"2015-06-15",6710.5
"2015-06-16",6710.100098
"2015-06-17",6680.600098
"2015-06-18",6707.899902
"2015-06-19",6710.5
"2015-06-22",6825.700195
"2015-06-23",6834.899902
"2015-06-24",6844.799805
"2015-06-25",6807.799805
"2015-06-26",6753.700195
"2015-06-29",6620.5
"2015-06-30",6521
"2015-07-01",6608.600098
"2015-07-02",6630.5
"2015-07-03",6585.799805
"2015-07-06",6535.700195
"2015-07-07",6432.200195
"2015-07-08",6490.700195
"2015-07-09",6581.600098
"2015-07-10",6673.399902
"2015-07-13",6738
"2015-07-14",6753.799805
"2015-07-15",6753.799805
"2015-07-16",6796.5
"2015-07-17",6775.100098
"2015-07-20",6788.700195
"2015-07-21",6769.100098
"2015-07-22",6667.299805
"2015-07-23",6655
"2015-07-24",6579.799805
"2015-07-27",6505.100098
"2015-07-28",6555.299805
"2015-07-29",6631
"2015-07-30",6668.899902
"2015-07-31",6696.299805
"2015-08-03",6688.600098
"2015-08-04",6686.600098
"2015-08-05",6752.399902
"2015-08-06",6747.100098
"2015-08-07",6718.5
"2015-08-10",6736.200195
"2015-08-11",6664.5
"2015-08-12",6571.200195
"2015-08-13",6568.299805
"2015-08-14",6550.700195
"2015-08-17",6550.299805
"2015-08-18",6526.299805
"2015-08-19",6403.5
"2015-08-20",6367.899902
"2015-08-21",6187.700195
"2015-08-24",5898.899902
"2015-08-25",6081.299805
"2015-08-26",5979.200195
"2015-08-27",6192
"2015-08-28",6247.899902
"2015-09-01",6058.5
"2015-09-02",6083.299805
"2015-09-03",6194.100098
"2015-09-04",6042.899902
"2015-09-07",6074.5
"2015-09-08",6146.100098
"2015-09-09",6229
"2015-09-10",6155.799805
"2015-09-11",6117.799805
"2015-09-14",6084.600098
"2015-09-15",6137.600098
"2015-09-16",6229.200195
"2015-09-17",6187
"2015-09-18",6104.100098
"2015-09-21",6108.700195
"2015-09-22",5935.799805
"2015-09-23",6032.200195
"2015-09-24",5961.5
"2015-09-25",6109
"2015-09-28",5958.899902
"2015-09-29",5909.200195
"2015-09-30",6061.600098
"2015-10-01",6072.5
"2015-10-02",6130
"2015-10-05",6298.899902
"2015-10-06",6326.200195
"2015-10-07",6336.399902
"2015-10-08",6374.799805
"2015-10-09",6416.200195
"2015-10-12",6371.200195
"2015-10-13",6342.299805
"2015-10-14",6269.600098
"2015-10-15",6338.700195
"2015-10-16",6378
"2015-10-19",6352.299805
"2015-10-20",6345.100098
"2015-10-21",6348.399902
"2015-10-22",6376.299805
"2015-10-23",6444.100098
"2015-10-26",6417
"2015-10-27",6365.299805
"2015-10-28",6437.799805
"2015-10-29",6395.799805
"2015-10-30",6361.100098
"2015-11-02",6361.799805
"2015-11-03",6383.600098
"2015-11-04",6412.899902
"2015-11-05",6364.899902
"2015-11-06",6353.799805
"2015-11-09",6295.200195
"2015-11-10",6275.299805
"2015-11-11",6297.200195
"2015-11-12",6178.700195
"2015-11-13",6118.299805
"2015-11-16",6146.399902
"2015-11-17",6268.799805
"2015-11-18",6279
"2015-11-19",6329.899902
"2015-11-20",6334.600098
"2015-11-23",6305.5
"2015-11-24",6277.200195
"2015-11-25",6337.600098
"2015-11-26",6393.100098
"2015-11-27",6375.200195
"2015-11-30",6356.100098
"2015-12-01",6395.700195
"2015-12-02",6420.899902
"2015-12-03",6275
"2015-12-04",6238.299805
"2015-12-07",6223.5
"2015-12-08",6135.200195
"2015-12-09",6126.700195
"2015-12-10",6088.100098
"2015-12-11",5952.799805
"2015-12-14",5874.100098
"2015-12-15",6017.799805
"2015-12-16",6061.200195
"2015-12-17",6102.5
"2015-12-18",6052.399902
"2015-12-21",6034.799805
"2015-12-22",6083.100098
"2015-12-23",6241
"2015-12-24",NA
"2015-12-29",6314.600098
"2015-12-30",6274.100098
"2015-12-31",NA
"2016-01-04",6093.399902
"2016-01-05",6137.200195
"2016-01-06",6073.399902
"2016-01-07",5954.100098
"2016-01-08",5912.399902
"2016-01-11",5871.799805
"2016-01-12",5929.200195
"2016-01-13",5961
"2016-01-14",5918.200195
"2016-01-15",5804.100098
"2016-01-18",5779.899902
"2016-01-19",5876.799805
"2016-01-20",5673.600098
"2016-01-21",5773.799805
"2016-01-22",5900
"2016-01-25",5877
"2016-01-26",5911.5
"2016-01-27",5990.399902
"2016-01-28",5931.799805
"2016-01-29",6083.799805
"2016-02-01",6060.100098
"2016-02-02",5922
"2016-02-03",5837.100098
"2016-02-04",5898.799805
"2016-02-05",5848.100098
"2016-02-08",5689.399902
"2016-02-09",5632.200195
"2016-02-10",5672.299805
"2016-02-11",5537
"2016-02-12",5707.600098
"2016-02-15",5824.299805
"2016-02-16",5862.200195
"2016-02-17",6030.299805
"2016-02-18",5972
"2016-02-19",5950.200195
"2016-02-22",6037.700195
"2016-02-23",5962.299805
"2016-02-24",5867.200195
"2016-02-25",6012.799805
"2016-02-26",6096
"2016-02-29",6097.100098
"2016-03-01",6152.899902
"2016-03-02",6147.100098
"2016-03-03",6130.5
"2016-03-04",6199.399902
"2016-03-07",6182.399902
"2016-03-08",6125.399902
"2016-03-09",6146.299805
"2016-03-10",6036.700195
"2016-03-11",6139.799805
"2016-03-14",6174.600098
"2016-03-15",6140
"2016-03-16",6175.5
"2016-03-17",6201.100098
"2016-03-18",6189.600098
"2016-03-21",6184.600098
"2016-03-22",6192.700195
"2016-03-23",6199.100098
"2016-03-24",6106.5
"2016-03-29",6105.899902
"2016-03-30",6203.200195
"2016-03-31",6174.899902
"2016-04-01",6146.100098
"2016-04-04",6164.700195
"2016-04-05",6091.200195
"2016-04-06",6161.600098
"2016-04-07",6136.899902
"2016-04-08",6204.399902
"2016-04-11",6200.100098
"2016-04-12",6242.399902
"2016-04-13",6362.899902
"2016-04-14",6365.100098
"2016-04-15",6343.799805
"2016-04-18",6353.5
"2016-04-19",6405.399902
"2016-04-20",6410.299805
"2016-04-21",6381.399902
"2016-04-22",6310.399902
"2016-04-25",6260.899902
"2016-04-26",6284.5
"2016-04-27",6319.899902
"2016-04-28",6322.399902
"2016-04-29",6241.899902
"2016-05-03",6185.600098
"2016-05-04",6112
"2016-05-05",6117.299805
"2016-05-06",6125.700195
"2016-05-09",6114.799805
"2016-05-10",6156.700195
"2016-05-11",6162.5
"2016-05-12",6104.200195
"2016-05-13",6138.5
"2016-05-16",6151.399902
"2016-05-17",6167.799805
"2016-05-18",6165.799805
"2016-05-19",6053.399902
"2016-05-20",6156.299805
"2016-05-23",6136.399902
"2016-05-24",6219.299805
"2016-05-25",6262.899902
"2016-05-26",6265.700195
"2016-05-27",6270.799805
"2016-05-31",6230.799805
"2016-06-01",6191.899902
"2016-06-02",6185.600098
"2016-06-03",6209.600098
"2016-06-06",6273.399902
"2016-06-07",6284.5
"2016-06-08",6301.5
"2016-06-09",6231.899902
"2016-06-10",6115.799805
"2016-06-13",6045
"2016-06-14",5923.5
"2016-06-15",5966.799805
"2016-06-16",5950.5
"2016-06-17",6021.100098
"2016-06-20",6204
"2016-06-21",6226.600098
"2016-06-22",6261.200195
"2016-06-23",6338.100098
"2016-06-24",6138.700195
"2016-06-27",5982.200195
"2016-06-28",6140.399902
"2016-06-29",6360.100098
"2016-06-30",6504.299805
"2016-07-01",6577.799805
"2016-07-04",6522.299805
"2016-07-05",6545.399902
"2016-07-06",6463.600098
"2016-07-07",6533.799805
"2016-07-08",6590.600098
"2016-07-11",6682.899902
"2016-07-12",6680.700195
"2016-07-13",6670.399902
"2016-07-14",6654.5
"2016-07-15",6669.200195
"2016-07-18",6695.399902
"2016-07-19",6697.399902
"2016-07-20",6729
"2016-07-21",6699.899902
"2016-07-22",6730.5
"2016-07-25",6710.100098
"2016-07-26",6724
"2016-07-27",6750.399902
"2016-07-28",6721.100098
"2016-07-29",6724.399902
"2016-08-01",6694
"2016-08-02",6645.399902
"2016-08-03",6634.399902
"2016-08-04",6740.200195
"2016-08-05",6793.5
"2016-08-08",6809.100098
"2016-08-09",6851.299805
"2016-08-10",6866.399902
"2016-08-11",6914.700195
"2016-08-12",6916
"2016-08-15",6941.200195
"2016-08-16",6893.899902
"2016-08-17",6859.200195
"2016-08-18",6869
"2016-08-19",6859
"2016-08-22",6828.5
"2016-08-23",6868.5
"2016-08-24",6835.799805
"2016-08-25",6816.899902
"2016-08-26",6838.100098
"2016-08-30",6820.799805
"2016-08-31",6781.5
"2016-09-01",6746
"2016-09-02",6894.600098
"2016-09-05",6879.399902
"2016-09-06",6826.100098
"2016-09-07",6846.600098
"2016-09-08",6858.700195
"2016-09-09",6777
"2016-09-12",6700.899902
"2016-09-13",6665.600098
"2016-09-14",6673.299805
"2016-09-15",6730.299805
"2016-09-16",6710.299805
"2016-09-19",6813.600098
"2016-09-20",6830.799805
"2016-09-21",6834.799805
"2016-09-22",6911.399902
"2016-09-23",6909.399902
"2016-09-26",6818
"2016-09-27",6807.700195
"2016-09-28",6849.399902
"2016-09-29",6919.399902
"2016-09-30",6899.299805
"2016-10-03",6983.5
"2016-10-04",7074.299805
"2016-10-05",7033.299805
"2016-10-06",7000
"2016-10-07",7044.399902
"2016-10-10",7097.5
"2016-10-11",7070.899902
"2016-10-12",7024
"2016-10-13",6977.700195
"2016-10-14",7013.600098
"2016-10-17",6947.600098
"2016-10-18",7000.100098
"2016-10-19",7021.899902
"2016-10-20",7026.899902
"2016-10-21",7020.5
"2016-10-24",6986.399902
"2016-10-25",7017.600098
"2016-10-26",6958.100098
"2016-10-27",6986.600098
"2016-10-28",6996.299805
"2016-10-31",6954.200195
"2016-11-01",6917.100098
"2016-11-02",6845.399902
"2016-11-03",6790.5
"2016-11-04",6693.299805
"2016-11-07",6806.899902
"2016-11-08",6843.100098
"2016-11-09",6911.799805
"2016-11-10",6828
"2016-11-11",6730.399902
"2016-11-14",6753.200195
"2016-11-15",6792.700195
"2016-11-16",6749.700195
"2016-11-17",6794.700195
"2016-11-18",6775.799805
"2016-11-21",6778
"2016-11-22",6819.700195
"2016-11-23",6817.700195
"2016-11-24",6829.200195
"2016-11-25",6840.799805
"2016-11-28",6799.5
"2016-11-29",6772
"2016-11-30",6783.799805
"2016-12-01",6752.899902
"2016-12-02",6730.700195
"2016-12-05",6746.799805
"2016-12-06",6779.799805
"2016-12-07",6902.200195
"2016-12-08",6931.600098
"2016-12-09",6954.200195
"2016-12-12",6890.399902
"2016-12-13",6968.600098
"2016-12-14",6949.200195
"2016-12-15",6999
"2016-12-16",7011.600098
"2016-12-19",7017.200195
"2016-12-20",7044
"2016-12-21",7041.399902
"2016-12-22",7063.700195
"2016-12-23",7068.200195
"2016-12-28",7106.100098
"2016-12-29",7120.299805
"2016-12-30",7142.799805
"2017-01-03",7177.899902
"2017-01-04",7189.700195
"2017-01-05",7195.299805
"2017-01-06",7210.100098
"2017-01-09",7237.799805
"2017-01-10",7275.5
"2017-01-11",7290.5
"2017-01-12",7292.399902
"2017-01-13",7337.799805
"2017-01-16",7327.100098
"2017-01-17",7220.399902
"2017-01-18",7247.600098
"2017-01-19",7208.399902
"2017-01-20",7198.399902
"2017-01-23",7151.200195
"2017-01-24",7150.299805
"2017-01-25",7164.399902
"2017-01-26",7161.5
"2017-01-27",7184.5
"2017-01-30",7118.5
"2017-01-31",7099.200195
"2017-02-01",7107.700195
"2017-02-02",7140.799805
"2017-02-03",7188.299805
"2017-02-06",7172.200195
"2017-02-07",7186.200195
"2017-02-08",7188.799805
"2017-02-09",7229.5
"2017-02-10",7258.799805
"2017-02-13",7278.899902
"2017-02-14",7268.600098
"2017-02-15",7302.399902
"2017-02-16",7277.899902
"2017-02-17",7300
"2017-02-20",7299.899902
"2017-02-21",7274.799805
"2017-02-22",7302.299805
"2017-02-23",7271.399902
"2017-02-24",7243.700195
"2017-02-27",7253
"2017-02-28",7263.399902
"2017-03-01",7382.899902
"2017-03-02",7382.399902
"2017-03-03",7374.299805
"2017-03-06",7350.100098
"2017-03-07",7339
"2017-03-08",7334.600098
"2017-03-09",7315
"2017-03-10",7343.100098
"2017-03-13",7367.100098
"2017-03-14",7357.899902
"2017-03-15",7368.600098
"2017-03-16",7416
"2017-03-17",7425
"2017-03-20",7429.799805
"2017-03-21",7378.299805
"2017-03-22",7324.700195
"2017-03-23",7340.700195
"2017-03-24",7336.799805
"2017-03-27",7293.5
"2017-03-28",7343.399902
"2017-03-29",7373.700195
"2017-03-30",7369.5
"2017-03-31",7322.899902
"2017-04-03",7282.700195
"2017-04-04",7321.799805
"2017-04-05",7331.700195
"2017-04-06",7303.200195
"2017-04-07",7349.399902
"2017-04-10",7348.899902
"2017-04-11",7365.5
"2017-04-12",7349
"2017-04-13",7327.600098
"2017-04-18",7147.5
"2017-04-19",7114.399902
"2017-04-20",7118.5
"2017-04-21",7114.600098
"2017-04-24",7264.700195
"2017-04-25",7275.600098
"2017-04-26",7288.700195
"2017-04-27",7237.200195
"2017-04-28",7203.899902
"2017-05-02",7250.100098
"2017-05-03",7234.5
"2017-05-04",7248.100098
"2017-05-05",7297.399902
"2017-05-08",7300.899902
"2017-05-09",7342.200195
"2017-05-10",7385.200195
"2017-05-11",7386.600098
"2017-05-12",7435.399902
"2017-05-15",7454.399902
"2017-05-16",7522
"2017-05-17",7503.5
"2017-05-18",7436.399902
"2017-05-19",7470.700195
"2017-05-22",7496.299805
"2017-05-23",7485.299805
"2017-05-24",7514.899902
"2017-05-25",7517.700195
"2017-05-26",7547.600098
"2017-05-30",7526.5
"2017-05-31",7520
"2017-06-01",7543.799805
"2017-06-02",7547.600098
"2017-06-05",7525.799805
"2017-06-06",7525
"2017-06-07",7478.600098
"2017-06-08",7450
"2017-06-09",7527.299805
"2017-06-12",7511.899902
"2017-06-13",7500.399902
"2017-06-14",7474.399902
"2017-06-15",7419.399902
"2017-06-16",7463.5
"2017-06-19",7523.799805
"2017-06-20",7472.700195
"2017-06-21",7447.799805
"2017-06-22",7439.299805
"2017-06-23",7424.100098
"2017-06-26",7446.799805
"2017-06-27",7434.399902
"2017-06-28",7387.799805
"2017-06-29",7350.299805
"2017-06-30",7312.700195
"2017-07-03",7377.100098
"2017-07-04",7357.200195
"2017-07-05",7367.600098
"2017-07-06",7337.299805
"2017-07-07",7350.899902
"2017-07-10",7370
"2017-07-11",7329.799805
"2017-07-12",7416.899902
"2017-07-13",7413.399902
"2017-07-14",7378.399902
"2017-07-17",7404.100098
"2017-07-18",7390.200195
"2017-07-19",7430.899902
"2017-07-20",7487.899902
"2017-07-21",7452.899902
"2017-07-24",7377.700195
"2017-07-25",7434.799805
"2017-07-26",7452.299805
"2017-07-27",7443
"2017-07-28",7368.399902
"2017-07-31",7372
"2017-08-01",7423.700195
"2017-08-02",7411.399902
"2017-08-03",7474.799805
"2017-08-04",7511.700195
"2017-08-07",7531.899902
"2017-08-08",7542.700195
"2017-08-09",7498.100098
"2017-08-10",7389.899902
"2017-08-11",7310
"2017-08-14",7353.899902
"2017-08-15",7383.899902
"2017-08-16",7433
"2017-08-17",7387.899902
"2017-08-18",7324
"2017-08-21",7318.899902
"2017-08-22",7381.700195
"2017-08-23",7382.700195
"2017-08-24",7407.100098
"2017-08-25",7401.5
"2017-08-29",7337.399902
"2017-08-30",7365.299805
"2017-08-31",7430.600098
"2017-09-01",7438.5
"2017-09-04",7411.5
"2017-09-05",7372.899902
"2017-09-06",7354.100098
"2017-09-07",7397
"2017-09-08",7377.600098
"2017-09-11",7413.600098
"2017-09-12",7400.700195
"2017-09-13",7379.700195
"2017-09-14",7295.399902
"2017-09-15",7215.5
"2017-09-18",7253.299805
"2017-09-19",7275.299805
"2017-09-20",7272
"2017-09-21",7263.899902
"2017-09-22",7310.600098
"2017-09-25",7301.299805
"2017-09-26",7285.700195
"2017-09-27",7313.5
"2017-09-28",7322.799805
"2017-09-29",7372.799805
"2017-10-02",7438.799805
"2017-10-03",7468.100098
"2017-10-04",7467.600098
"2017-10-05",7508
"2017-10-06",7522.899902
"2017-10-09",7507.899902
"2017-10-10",7538.299805
"2017-10-11",7533.799805
"2017-10-12",7556.200195
"2017-10-13",7535.399902
"2017-10-16",7527
"2017-10-17",7516.200195
"2017-10-18",7542.899902
"2017-10-19",7523
"2017-10-20",7523.200195
"2017-10-23",7524.5
"2017-10-24",7526.5
"2017-10-25",7447.200195
"2017-10-26",7486.5
"2017-10-27",7505
"2017-10-30",7487.799805
"2017-10-31",7493.100098
"2017-11-01",7488
"2017-11-02",7555.299805
"2017-11-03",7560.399902
"2017-11-06",7562.299805
"2017-11-07",7513.100098
"2017-11-08",7529.700195
"2017-11-09",7484.100098
"2017-11-10",7433
"2017-11-13",7415.200195
"2017-11-14",7414.399902
"2017-11-15",7372.600098
"2017-11-16",7386.899902
"2017-11-17",7380.700195
"2017-11-20",7389.5
"2017-11-21",7411.299805
"2017-11-22",7419
"2017-11-23",7417.200195
"2017-11-24",7409.600098
"2017-11-27",7383.899902
"2017-11-28",7460.700195
"2017-11-29",7393.600098
"2017-11-30",7326.700195
"2017-12-01",7300.5
"2017-12-04",7339
"2017-12-05",7327.5
"2017-12-06",7348
"2017-12-07",7320.799805
"2017-12-08",7394
"2017-12-11",7453.5
"2017-12-12",7500.399902
"2017-12-13",7496.5
"2017-12-14",7448.100098
"2017-12-15",7490.600098
"2017-12-18",7537
"2017-12-19",7544.100098
"2017-12-20",7525.200195
"2017-12-21",7604
"2017-12-22",7592.700195
"2017-12-27",7620.700195
"2017-12-28",7622.899902
"2017-12-29",7687.799805
"2018-01-02",7648.100098
"2018-01-03",7671.100098
"2018-01-04",7695.899902
"2018-01-05",7724.200195
"2018-01-08",7696.5
"2018-01-09",7731
"2018-01-10",7748.5
"2018-01-11",7762.899902
"2018-01-12",7778.600098
"2018-01-15",7769.100098
"2018-01-16",7755.899902
"2018-01-17",7725.399902
"2018-01-18",7701
"2018-01-19",7730.799805
"2018-01-22",7715.399902
"2018-01-23",7731.799805
"2018-01-24",7643.399902
"2018-01-25",7615.799805
"2018-01-26",7665.5
"2018-01-29",7671.5
"2018-01-30",7588
"2018-01-31",7533.600098
"2018-02-01",7490.399902
"2018-02-02",7443.399902
"2018-02-05",7335
"2018-02-06",7141.399902
"2018-02-07",7279.399902
"2018-02-08",7170.700195
"2018-02-09",7092.399902
"2018-02-12",7177.100098
"2018-02-13",7168
"2018-02-14",7214
"2018-02-15",7234.799805
"2018-02-16",7294.700195
"2018-02-19",7247.700195
"2018-02-20",7246.799805
"2018-02-21",7281.600098
"2018-02-22",7252.399902
"2018-02-23",7244.399902
"2018-02-26",7289.600098
"2018-02-27",7282.5
"2018-02-28",7231.899902
"2018-03-01",7175.600098
"2018-03-02",7069.899902
"2018-03-05",7116
"2018-03-06",7146.799805
"2018-03-07",7157.799805
"2018-03-08",7203.200195
"2018-03-09",7224.5
"2018-03-12",7214.799805
"2018-03-13",7138.799805
"2018-03-14",7132.700195
"2018-03-15",7139.799805
"2018-03-16",7164.100098
"2018-03-19",7042.899902
"2018-03-20",7061.299805
"2018-03-21",7039
"2018-03-22",6952.600098
"2018-03-23",6921.899902
"2018-03-26",6888.700195
"2018-03-27",7000.100098
"2018-03-28",7044.700195
"2018-03-29",7056.600098
"2018-04-03",7030.5
"2018-04-04",7034
"2018-04-05",7199.5
"2018-04-06",7183.600098
"2018-04-09",7194.799805
"2018-04-10",7266.799805
"2018-04-11",7257.100098
"2018-04-12",7258.299805
"2018-04-13",7264.600098
"2018-04-16",7198.200195
"2018-04-17",7226.100098
"2018-04-18",7317.299805
"2018-04-19",7328.899902
"2018-04-20",7368.200195
"2018-04-23",7398.899902
"2018-04-24",7425.399902
"2018-04-25",7379.299805
"2018-04-26",7421.399902
"2018-04-27",7502.200195
"2018-04-30",7509.299805
"2018-05-01",7520.399902
"2018-05-02",7543.200195
"2018-05-03",7502.700195
"2018-05-04",7567.100098
"2018-05-08",7565.799805
"2018-05-09",7662.5
"2018-05-10",7701
"2018-05-11",7724.600098
"2018-05-14",7711
"2018-05-15",7723
"2018-05-16",7734.200195
"2018-05-17",7788
"2018-05-18",7778.799805
"2018-05-21",7859.200195
"2018-05-22",7877.5
"2018-05-23",7788.399902
"2018-05-24",7716.700195
"2018-05-25",7730.299805
"2018-05-29",7632.600098
"2018-05-30",7689.600098
"2018-05-31",7678.200195
"2018-06-01",7701.799805
"2018-06-04",7741.299805
"2018-06-05",7686.799805
"2018-06-06",7712.399902
"2018-06-07",7704.399902
"2018-06-08",7681.100098
"2018-06-11",7737.399902
"2018-06-12",7703.799805
"2018-06-13",7703.700195
"2018-06-14",7765.799805
"2018-06-15",7633.899902
"2018-06-18",7631.299805
"2018-06-19",7603.899902
"2018-06-20",7627.399902
"2018-06-21",7556.399902
"2018-06-22",7682.299805
"2018-06-25",7509.799805
"2018-06-26",7537.899902
"2018-06-27",7621.700195
"2018-06-28",7615.600098
"2018-06-29",7636.899902
"2018-07-02",7547.899902
"2018-07-03",7593.299805
"2018-07-04",7573.100098
"2018-07-05",7603.200195
"2018-07-06",7617.700195
"2018-07-09",7688
"2018-07-10",7692
"2018-07-11",7592
"2018-07-12",7651.299805
"2018-07-13",7661.899902
"2018-07-16",7600.5
"2018-07-17",7626.299805
"2018-07-18",7676.299805
"2018-07-19",7684
"2018-07-20",7678.799805
"2018-07-23",7655.799805
"2018-07-24",7709.100098
"2018-07-25",7658.299805
"2018-07-26",7663.200195
"2018-07-27",7701.299805
"2018-07-30",7700.899902
"2018-07-31",7748.799805
"2018-08-01",7652.899902
"2018-08-02",7575.899902
"2018-08-03",7659.100098
"2018-08-06",7663.799805
"2018-08-07",7718.5
"2018-08-08",7776.700195
"2018-08-09",7741.799805
"2018-08-10",7667
"2018-08-13",7642.5
"2018-08-14",7611.600098
"2018-08-15",7497.899902
"2018-08-16",7556.399902
"2018-08-17",7558.600098
"2018-08-20",7591.299805
"2018-08-21",7565.700195
"2018-08-22",7574.200195
"2018-08-23",7563.200195
"2018-08-24",7577.5
"2018-08-28",7617.200195
"2018-08-29",7563.200195
"2018-08-30",7516
"2018-08-31",7432.399902
"2018-09-03",7504.600098
"2018-09-04",7457.899902
"2018-09-05",7383.299805
"2018-09-06",7319
"2018-09-07",7277.700195
"2018-09-10",7279.299805
"2018-09-11",7273.5
"2018-09-12",7313.399902
"2018-09-13",7281.600098
"2018-09-14",7304
"2018-09-17",7302.100098
"2018-09-18",7300.200195
"2018-09-19",7331.100098
"2018-09-20",7367.299805
"2018-09-21",7490.200195
"2018-09-24",7458.399902
"2018-09-25",7507.600098
"2018-09-26",7511.5
"2018-09-27",7545.399902
"2018-09-28",7510.200195
"2018-10-01",7495.700195
"2018-10-02",7474.600098
"2018-10-03",7510.299805
"2018-10-04",7418.299805
"2018-10-05",7318.5
"2018-10-08",7233.299805
"2018-10-09",7237.600098
"2018-10-10",7145.700195
"2018-10-11",7006.899902
"2018-10-12",6995.899902
"2018-10-15",7029.200195
"2018-10-16",7059.399902
"2018-10-17",7054.600098
"2018-10-18",7027
"2018-10-19",7049.799805
"2018-10-22",7042.799805
"2018-10-23",6955.200195
"2018-10-24",6963
"2018-10-25",7004.100098
"2018-10-26",6939.600098
"2018-10-29",7026.299805
"2018-10-30",7035.899902
"2018-10-31",7128.100098
"2018-11-01",7114.700195
"2018-11-02",7094.100098
"2018-11-05",7103.799805
"2018-11-06",7040.700195
"2018-11-07",7117.299805
"2018-11-08",7140.700195
"2018-11-09",7105.299805
"2018-11-12",7053.100098
"2018-11-13",7053.799805
"2018-11-14",7033.799805
"2018-11-15",7038
"2018-11-16",7013.899902
"2018-11-19",7000.899902
"2018-11-20",6947.899902
"2018-11-21",7050.200195
"2018-11-22",6960.299805
"2018-11-23",6952.899902
"2018-11-26",7036
"2018-11-27",7016.899902
"2018-11-28",7004.5
"2018-11-29",7039
"2018-11-30",6980.200195
"2018-12-03",7062.399902
"2018-12-04",7022.799805
"2018-12-05",6921.799805
"2018-12-06",6704.100098
"2018-12-07",6778.100098
"2018-12-10",6721.5
"2018-12-11",6806.899902
"2018-12-12",6880.200195
"2018-12-13",6877.5
"2018-12-14",6845.200195
"2018-12-17",6773.200195
"2018-12-18",6701.600098
"2018-12-19",6765.899902
"2018-12-20",6711.899902
"2018-12-21",6721.200195
"2018-12-24",6686
"2018-12-27",6584.700195
"2018-12-28",6734
"2018-12-31",6728.100098
"2019-01-02",6734.200195
"2019-01-03",6692.700195
"2019-01-04",6837.399902
"2019-01-07",6810.899902
"2019-01-08",6861.600098
"2019-01-09",6906.600098
"2019-01-10",6942.899902
"2019-01-11",6918.200195
"2019-01-14",6855
"2019-01-15",6895
"2019-01-16",6862.700195
"2019-01-17",6834.899902
"2019-01-18",6968.299805
"2019-01-21",6970.600098
"2019-01-22",6901.399902
"2019-01-23",6842.899902
"2019-01-24",6819
"2019-01-25",6809.200195
"2019-01-28",6747.100098
"2019-01-29",6833.899902
"2019-01-30",6941.600098
"2019-01-31",6968.899902
"2019-02-01",7020.200195
"2019-02-04",7034.100098
"2019-02-05",7177.399902
"2019-02-06",7173.100098
"2019-02-07",7093.600098
"2019-02-08",7071.200195
"2019-02-11",7129.100098
"2019-02-12",7133.100098
"2019-02-13",7190.799805
"2019-02-14",7197
"2019-02-15",7236.700195
"2019-02-18",7219.5
"2019-02-19",7179.200195
"2019-02-20",7228.600098
"2019-02-21",7167.399902
"2019-02-22",7178.600098
"2019-02-25",7183.700195
"2019-02-26",7151.100098
"2019-02-27",7107.200195
"2019-02-28",7074.700195
"2019-03-01",7106.700195
"2019-03-04",7134.399902
"2019-03-05",7183.399902
"2019-03-06",7196
"2019-03-07",7157.600098
"2019-03-08",7104.299805
"2019-03-11",7130.600098
"2019-03-12",7151.200195
"2019-03-13",7159.200195
"2019-03-14",7185.399902
"2019-03-15",7228.299805
"2019-03-18",7299.200195
"2019-03-19",7324
"2019-03-20",7291
"2019-03-21",7355.299805
"2019-03-22",7207.600098
"2019-03-25",7177.600098
"2019-03-26",7196.299805
"2019-03-27",7194.200195
"2019-03-28",7234.299805
"2019-03-29",7279.200195
"2019-04-01",7317.399902
"2019-04-02",7391.100098
"2019-04-03",7418.299805
"2019-04-04",7401.899902
"2019-04-05",7446.899902
"2019-04-08",7451.899902
"2019-04-09",7425.600098
"2019-04-10",7421.899902
"2019-04-11",7418
"2019-04-12",7437.100098
"2019-04-15",7436.899902
"2019-04-16",7469.899902
"2019-04-17",7471.299805
"2019-04-18",7459.899902
"2019-04-23",7523.100098
"2019-04-24",7471.799805
"2019-04-25",7434.100098
"2019-04-26",7428.200195
"2019-04-29",7440.700195
"2019-04-30",7418.200195
"2019-05-01",7385.299805
"2019-05-02",7351.299805
"2019-05-03",7380.600098
"2019-05-07",7260.5
"2019-05-08",7271
"2019-05-09",7207.399902
"2019-05-10",7203.299805
"2019-05-13",7163.700195
"2019-05-14",7241.600098
"2019-05-15",7297
"2019-05-16",7353.5
"2019-05-17",7348.600098
"2019-05-20",7310.899902
"2019-05-21",7328.899902
"2019-05-22",7334.200195
"2019-05-23",7231
"2019-05-24",7277.700195
"2019-05-28",7269
"2019-05-29",7185.299805
"2019-05-30",7218.200195
"2019-05-31",7161.700195
"2019-06-03",7184.799805
"2019-06-04",7214.299805
"2019-06-05",7220.200195
"2019-06-06",7259.899902
"2019-06-07",7331.899902
"2019-06-10",7375.5
"2019-06-11",7398.5
"2019-06-12",7367.600098
"2019-06-13",7368.600098
"2019-06-14",7345.799805
"2019-06-17",7357.299805
"2019-06-18",7443
"2019-06-19",7403.5
"2019-06-20",7424.399902
"2019-06-21",7407.5
"2019-06-24",7416.700195
"2019-06-25",7422.399902
"2019-06-26",7416.399902
"2019-06-27",7402.299805
"2019-06-28",7425.600098
"2019-07-01",7497.5
"2019-07-02",7559.200195
"2019-07-03",7609.299805
"2019-07-04",7603.600098
"2019-07-05",7553.100098
"2019-07-08",7549.299805
"2019-07-09",7536.5
"2019-07-10",7530.700195
"2019-07-11",7509.799805
"2019-07-12",7506
"2019-07-15",7531.700195
"2019-07-16",7577.200195
"2019-07-17",7535.5
"2019-07-18",7493.100098
"2019-07-19",7508.700195
"2019-07-22",7514.899902
"2019-07-23",7556.899902
"2019-07-24",7501.5
"2019-07-25",7489.100098
"2019-07-26",7549.100098
"2019-07-29",7686.600098
"2019-07-30",7646.799805
"2019-07-31",7586.799805
"2019-08-01",7584.899902
"2019-08-02",7407.100098
"2019-08-05",7223.899902
"2019-08-06",7171.700195
"2019-08-07",7198.700195
"2019-08-08",7285.899902
"2019-08-09",7253.899902
"2019-08-12",7226.700195
"2019-08-13",7250.899902
"2019-08-14",7147.899902
"2019-08-15",7067
"2019-08-16",7117.200195
"2019-08-19",7189.700195
"2019-08-20",7125
"2019-08-21",7204
"2019-08-22",7128.200195
"2019-08-23",7095
"2019-08-27",7089.600098
"2019-08-28",7114.700195
"2019-08-29",7184.299805
"2019-08-30",7207.200195
"2019-09-02",7281.899902
"2019-09-03",7268.200195
"2019-09-04",7311.299805
"2019-09-05",7271.200195
"2019-09-06",7282.299805
"2019-09-09",7235.799805
"2019-09-10",7268
"2019-09-11",7338
"2019-09-12",7344.700195
"2019-09-13",7367.5
"2019-09-16",7321.399902
"2019-09-17",7320.399902
"2019-09-18",7314.100098
"2019-09-19",7356.399902
"2019-09-20",7344.899902
"2019-09-23",7326.100098
"2019-09-24",7291.399902
"2019-09-25",7290
"2019-09-26",7351.100098
"2019-09-27",7426.200195
"2019-09-30",7408.200195
"2019-10-01",7360.299805
"2019-10-02",7122.5
"2019-10-03",7077.600098
"2019-10-04",7155.399902
"2019-10-07",7197.899902
"2019-10-08",7143.200195
"2019-10-09",7166.5
"2019-10-10",7186.399902
"2019-10-11",7247.100098
"2019-10-14",7213.5
"2019-10-15",7211.600098
"2019-10-16",7168
"2019-10-17",7182.299805
"2019-10-18",7150.600098
"2019-10-21",7163.600098
"2019-10-22",7212.5
"2019-10-23",7260.700195
"2019-10-24",7328.299805
"2019-10-25",7324.5
"2019-10-28",7331.299805
"2019-10-29",7306.299805
"2019-10-30",7330.799805
"2019-10-31",7248.399902
"2019-11-01",7302.399902
"2019-11-04",7369.700195
"2019-11-05",7388.100098
"2019-11-06",7396.700195
"2019-11-07",7406.399902
"2019-11-08",7359.399902
"2019-11-11",7328.5
"2019-11-12",7365.399902
"2019-11-13",7351.200195
"2019-11-14",7292.799805
"2019-11-15",7302.899902
"2019-11-18",7307.700195
"2019-11-19",7323.799805
"2019-11-20",7262.5
"2019-11-21",7238.600098
"2019-11-22",7326.799805
"2019-11-25",7396.299805
"2019-11-26",7403.100098
"2019-11-27",7429.799805
"2019-11-28",7416.399902
"2019-11-29",7346.5
"2019-12-02",7285.899902
"2019-12-03",7158.799805
"2019-12-04",7188.5
"2019-12-05",7137.899902
"2019-12-06",7239.700195
"2019-12-09",7233.899902
"2019-12-10",7213.799805
"2019-12-11",7216.299805
"2019-12-12",7273.5
"2019-12-13",7353.399902
"2019-12-16",7519.100098
"2019-12-17",7525.299805
"2019-12-18",7540.799805
"2019-12-19",7573.799805
"2019-12-20",7582.5
"2019-12-23",7623.600098
"2019-12-24",7632.200195
"2019-12-27",7644.899902
"2019-12-30",7587.100098
"2019-12-31",7542.399902
"2020-01-02",7604.299805
"2020-01-03",7622.399902
"2020-01-06",7575.299805
"2020-01-07",7573.899902
"2020-01-08",7574.899902
"2020-01-09",7598.100098
"2020-01-10",7587.899902
"2020-01-13",7617.600098
"2020-01-14",7622.399902
"2020-01-15",7642.799805
"2020-01-16",7609.799805
"2020-01-17",7674.600098
"2020-01-20",7651.399902
"2020-01-21",7610.700195
"2020-01-22",7571.899902
"2020-01-23",7507.700195
"2020-01-24",7586
"2020-01-27",7412.100098
"2020-01-28",7480.700195
"2020-01-29",7483.600098
"2020-01-30",7382
"2020-01-31",7286
"2020-02-03",7326.299805
"2020-02-04",7439.799805
"2020-02-05",7482.5
"2020-02-06",7504.799805
"2020-02-07",7466.700195
"2020-02-10",7446.899902
"2020-02-11",7499.399902
"2020-02-12",7534.399902
"2020-02-13",7452
"2020-02-14",7409.100098
"2020-02-17",7433.299805
"2020-02-18",7382
"2020-02-19",7457
"2020-02-20",7436.600098
"2020-02-21",7403.899902
"2020-02-24",7156.799805
"2020-02-25",7017.899902
"2020-02-26",7042.5
"2020-02-27",6796.399902
"2020-02-28",6580.600098
"2020-03-02",6654.899902
"2020-03-03",6718.200195
"2020-03-04",6815.600098
"2020-03-05",6705.399902
"2020-03-06",6462.600098
"2020-03-09",5965.799805
"2020-03-10",5960.200195
"2020-03-11",5876.5
"2020-03-12",5237.5
"2020-03-13",5366.100098
"2020-03-16",5151.100098
"2020-03-17",5294.899902
"2020-03-18",5080.600098
"2020-03-19",5151.600098
"2020-03-20",5190.799805
"2020-03-23",4993.899902
"2020-03-24",5446
"2020-03-25",5688.200195
"2020-03-26",5815.700195
"2020-03-27",5510.299805
"2020-03-30",5563.700195
"2020-03-31",5672
"2020-04-01",5454.600098
"2020-04-02",5480.200195
"2020-04-03",5415.5
"2020-04-06",5582.399902
"2020-04-07",5704.5
"2020-04-08",5677.700195
"2020-04-09",5842.700195
"2020-04-14",5791.299805
"2020-04-15",5597.700195
"2020-04-16",5628.399902
"2020-04-17",5787
"2020-04-20",5812.799805
"2020-04-21",5641
"2020-04-22",5770.600098
"2020-04-23",5826.600098
"2020-04-24",5752.200195
"2020-04-27",5846.799805
"2020-04-28",5958.5
"2020-04-29",6115.299805
"2020-04-30",5901.200195
"2020-05-01",5763.100098
"2020-05-04",5753.799805
"2020-05-05",5849.399902
"2020-05-06",5853.799805
"2020-05-07",5936
"2020-05-11",5939.700195
"2020-05-12",5994.799805
"2020-05-13",5904.100098
"2020-05-14",5741.5
"2020-05-15",5799.799805
"2020-05-18",6048.600098
"2020-05-19",6002.200195
"2020-05-20",6067.200195
"2020-05-21",6015.299805
"2020-05-22",5993.299805
"2020-05-26",6067.799805
"2020-05-27",6144.299805
"2020-05-28",6218.799805
"2020-05-29",6076.600098
"2020-06-01",6166.399902
"2020-06-02",6220.100098
"2020-06-03",6382.399902
"2020-06-04",6341.399902
"2020-06-05",6484.299805
"2020-06-08",6472.600098
"2020-06-09",6335.700195
"2020-06-10",6329.100098
"2020-06-11",6076.700195
"2020-06-12",6105.200195
"2020-06-15",6064.700195
"2020-06-16",6242.799805
"2020-06-17",6253.299805
"2020-06-18",6224.100098
"2020-06-19",6292.600098
"2020-06-22",6244.600098
"2020-06-23",6320.100098
"2020-06-24",6123.700195
"2020-06-25",6147.100098
"2020-06-26",6159.299805
"2020-06-29",6225.799805
"2020-06-30",6169.700195
"2020-07-01",6158
"2020-07-02",6240.399902
"2020-07-03",6157.299805
"2020-07-06",6285.899902
"2020-07-07",6189.899902
"2020-07-08",6156.200195
"2020-07-09",6049.600098
"2020-07-10",6095.399902
"2020-07-13",6176.200195
"2020-07-14",6179.799805
"2020-07-15",6292.700195
"2020-07-16",6250.700195
"2020-07-17",6290.299805
"2020-07-20",6261.5
"2020-07-21",6269.700195
"2020-07-22",6207.100098
"2020-07-23",6211.399902
"2020-07-24",6123.799805
"2020-07-27",6104.899902
"2020-07-28",6129.299805
"2020-07-29",6131.5
"2020-07-30",5990
"2020-07-31",5897.799805
"2020-08-03",6032.899902
"2020-08-04",6036
"2020-08-05",6104.700195
"2020-08-06",6026.899902
"2020-08-07",6032.200195
"2020-08-10",6050.600098
"2020-08-11",6154.299805
"2020-08-12",6280.100098
"2020-08-13",6185.600098
"2020-08-14",6090
"2020-08-17",6127.399902
"2020-08-18",6076.600098
"2020-08-19",6112
"2020-08-20",6013.299805
"2020-08-21",6001.899902
"2020-08-24",6104.700195
"2020-08-25",6037
"2020-08-26",6045.600098
"2020-08-27",6000
"2020-08-28",5963.600098
"2020-09-01",5862.100098
"2020-09-02",5941
"2020-09-03",5850.899902
"2020-09-04",5799.100098
"2020-09-07",5937.399902
"2020-09-08",5930.299805
"2020-09-09",6012.799805
"2020-09-10",6003.299805
"2020-09-11",6032.100098
"2020-09-14",6026.299805
"2020-09-15",6105.5
"2020-09-16",6078.5
"2020-09-17",6049.899902
"2020-09-18",6007.100098
"2020-09-21",5804.299805
"2020-09-22",5829.5
"2020-09-23",5899.299805
"2020-09-24",5822.799805
"2020-09-25",5842.700195
"2020-09-28",5927.899902
"2020-09-29",5897.5
"2020-09-30",5866.100098
"2020-10-01",5879.5
"2020-10-02",5902.100098
"2020-10-05",5942.899902
"2020-10-06",5949.899902
"2020-10-07",5946.299805
"2020-10-08",5978
"2020-10-09",6016.700195
"2020-10-12",6001.399902
"2020-10-13",5969.700195
"2020-10-14",5935.100098
"2020-10-15",5832.5
"2020-10-16",5919.600098
"2020-10-19",5884.700195
"2020-10-20",5889.200195
"2020-10-21",5776.5
"2020-10-22",5785.700195
"2020-10-23",5860.299805
"2020-10-26",5792
"2020-10-27",5729
"2020-10-28",5582.799805
"2020-10-29",5581.799805
"2020-10-30",5577.299805
"2020-11-02",5655
"2020-11-03",5786.799805
"2020-11-04",5883.299805
"2020-11-05",5906.200195
"2020-11-06",5910
"2020-11-09",6186.299805
"2020-11-10",6296.899902
"2020-11-11",6382.100098
"2020-11-12",6338.899902
"2020-11-13",6316.399902
"2020-11-16",6421.299805
"2020-11-17",6365.299805
"2020-11-18",6385.200195
"2020-11-19",6334.399902
"2020-11-20",6351.5
"2020-11-23",6333.799805
"2020-11-24",6432.200195
"2020-11-25",6391.100098
"2020-11-26",6362.899902
"2020-11-27",6367.600098
"2020-11-30",6266.200195
"2020-12-01",6384.700195
"2020-12-02",6463.399902
"2020-12-03",6490.299805
"2020-12-04",6550.200195
"2020-12-07",6555.399902
"2020-12-08",6558.799805
"2020-12-09",6564.299805
"2020-12-10",6599.799805
"2020-12-11",6546.799805
"2020-12-14",6531.799805
"2020-12-15",6513.299805
"2020-12-16",6570.899902
"2020-12-17",6551.100098
"2020-12-18",6529.200195
"2020-12-21",6416.299805
"2020-12-22",NA
"2020-12-23",6495.799805
"2020-12-24",6502.100098
"2020-12-29",6602.700195
"2020-12-30",6555.799805
"2020-12-31",6460.5
"2021-01-04",6571.899902
"2021-01-05",6612.299805
"2021-01-06",6841.899902
"2021-01-07",6857
"2021-01-08",6873.299805
"2021-01-11",6798.5
"2021-01-12",6754.100098
"2021-01-13",6745.5
"2021-01-14",6802
"2021-01-15",6735.700195
"2021-01-18",6720.700195
"2021-01-19",6713
"2021-01-20",6740.399902
"2021-01-21",6715.399902
"2021-01-22",6695.100098
"2021-01-25",6638.899902
"2021-01-26",6654
"2021-01-27",6567.399902
"2021-01-28",6526.200195
"2021-01-29",6407.5
"2021-02-01",6466.399902
"2021-02-02",6516.700195
"2021-02-03",6507.799805
"2021-02-04",6503.700195
"2021-02-05",6489.299805
"2021-02-08",6523.5
"2021-02-09",6531.600098
"2021-02-10",6524.399902
"2021-02-11",6528.700195
"2021-02-12",6589.799805
"2021-02-15",6756.100098
"2021-02-16",6748.899902
"2021-02-17",6710.899902
"2021-02-18",6617.200195
"2021-02-19",6624
"2021-02-22",6612.200195
"2021-02-23",6625.899902
"2021-02-24",6659
"2021-02-25",6652
"2021-02-26",6483.399902
"2021-03-01",6588.5
"2021-03-02",6613.799805
"2021-03-03",6675.5
"2021-03-04",6650.899902
"2021-03-05",6630.5
"2021-03-08",6719.100098
"2021-03-09",6730.299805
"2021-03-10",6725.600098
