"Index","HSI.Close"
"2010-01-04",21823.279297
"2010-01-05",22279.580078
"2010-01-06",22416.669922
"2010-01-07",22269.449219
"2010-01-08",22296.75
"2010-01-11",22411.519531
"2010-01-12",22326.640625
"2010-01-13",21748.599609
"2010-01-14",21716.949219
"2010-01-15",21654.160156
"2010-01-18",21460.009766
"2010-01-19",21677.980469
"2010-01-20",21286.169922
"2010-01-21",20862.669922
"2010-01-22",20726.179688
"2010-01-25",20598.550781
"2010-01-26",20109.330078
"2010-01-27",20033.070313
"2010-01-28",20356.369141
"2010-01-29",20121.990234
"2010-02-01",20243.75
"2010-02-02",20272.179688
"2010-02-03",20722.080078
"2010-02-04",20341.640625
"2010-02-05",19665.080078
"2010-02-08",19550.890625
"2010-02-09",19790.279297
"2010-02-10",19922.220703
"2010-02-11",20290.689453
"2010-02-12",20268.689453
"2010-02-17",20534.009766
"2010-02-18",20422.150391
"2010-02-19",19894.019531
"2010-02-22",20377.269531
"2010-02-23",20623
"2010-02-24",20467.740234
"2010-02-25",20399.570313
"2010-02-26",20608.699219
"2010-03-01",21056.929688
"2010-03-02",20906.109375
"2010-03-03",20876.789063
"2010-03-04",20575.779297
"2010-03-05",20787.970703
"2010-03-08",21196.869141
"2010-03-09",21207.550781
"2010-03-10",21208.289063
"2010-03-11",21228.199219
"2010-03-12",21209.740234
"2010-03-15",21079.099609
"2010-03-16",21022.929688
"2010-03-17",21384.490234
"2010-03-18",21330.669922
"2010-03-19",21370.820313
"2010-03-22",20933.25
"2010-03-23",20987.779297
"2010-03-24",21008.619141
"2010-03-25",20778.550781
"2010-03-26",21053.109375
"2010-03-29",21237.429688
"2010-03-30",21374.789063
"2010-03-31",21239.349609
"2010-04-01",21537
"2010-04-07",21928.769531
"2010-04-08",21867.039063
"2010-04-09",22208.5
"2010-04-12",22138.169922
"2010-04-13",22103.529297
"2010-04-14",22121.429688
"2010-04-15",22157.820313
"2010-04-16",21865.259766
"2010-04-19",21405.169922
"2010-04-20",21623.380859
"2010-04-21",21510.929688
"2010-04-22",21454.939453
"2010-04-23",21244.490234
"2010-04-26",21587.060547
"2010-04-27",21261.789063
"2010-04-28",20949.400391
"2010-04-29",20778.919922
"2010-04-30",21108.589844
"2010-05-03",20811.359375
"2010-05-04",20763.050781
"2010-05-05",20327.539063
"2010-05-06",20133.410156
"2010-05-07",19920.289063
"2010-05-10",20426.640625
"2010-05-11",20146.509766
"2010-05-12",20212.490234
"2010-05-13",20422.460938
"2010-05-14",20145.429688
"2010-05-17",19715.199219
"2010-05-18",19944.939453
"2010-05-19",19578.980469
"2010-05-20",19545.830078
"2010-05-24",19667.759766
"2010-05-25",18985.5
"2010-05-26",19196.449219
"2010-05-27",19431.369141
"2010-05-28",19766.710938
"2010-05-31",19765.189453
"2010-06-01",19496.949219
"2010-06-02",19471.800781
"2010-06-03",19786.710938
"2010-06-04",19780.070313
"2010-06-07",19378.150391
"2010-06-08",19487.480469
"2010-06-09",19621.240234
"2010-06-10",19632.699219
"2010-06-11",19872.380859
"2010-06-14",20051.910156
"2010-06-15",20062.150391
"2010-06-17",20138.400391
"2010-06-18",20286.710938
"2010-06-21",20912.179688
"2010-06-22",20819.080078
"2010-06-23",20856.609375
"2010-06-24",20733.490234
"2010-06-25",20690.789063
"2010-06-28",20726.679688
"2010-06-29",20248.900391
"2010-06-30",20128.990234
"2010-07-02",19905.320313
"2010-07-05",19842.199219
"2010-07-06",20084.119141
"2010-07-07",19857.070313
"2010-07-08",20050.560547
"2010-07-09",20378.660156
"2010-07-12",20467.429688
"2010-07-13",20431.060547
"2010-07-14",20560.810547
"2010-07-15",20255.619141
"2010-07-16",20250.160156
"2010-07-19",20090.949219
"2010-07-20",20264.589844
"2010-07-21",20487.230469
"2010-07-22",20589.699219
"2010-07-23",20815.330078
"2010-07-26",20839.910156
"2010-07-27",20973.390625
"2010-07-28",21091.179688
"2010-07-29",21093.820313
"2010-07-30",21029.810547
"2010-08-02",21412.789063
"2010-08-03",21457.660156
"2010-08-04",21549.880859
"2010-08-05",21551.720703
"2010-08-06",21678.800781
"2010-08-09",21801.589844
"2010-08-10",21473.599609
"2010-08-11",21294.539063
"2010-08-12",21105.710938
"2010-08-13",21071.570313
"2010-08-16",21112.119141
"2010-08-17",21137.429688
"2010-08-18",21022.730469
"2010-08-19",21072.460938
"2010-08-20",20981.820313
"2010-08-23",20889.009766
"2010-08-24",20658.710938
"2010-08-25",20634.980469
"2010-08-26",20612.060547
"2010-08-27",20597.349609
"2010-08-30",20737.220703
"2010-08-31",20536.490234
"2010-09-01",20623.830078
"2010-09-02",20868.919922
"2010-09-03",20971.5
"2010-09-06",21355.769531
"2010-09-07",21401.789063
"2010-09-08",21088.859375
"2010-09-09",21167.269531
"2010-09-10",21257.390625
"2010-09-13",21658.349609
"2010-09-14",21696.039063
"2010-09-15",21725.640625
"2010-09-16",21691.449219
"2010-09-17",21970.859375
"2010-09-20",21977.339844
"2010-09-21",22002.589844
"2010-09-22",22047.710938
"2010-09-24",22119.429688
"2010-09-27",22340.839844
"2010-09-28",22109.949219
"2010-09-29",22378.669922
"2010-09-30",22358.169922
"2010-10-04",22618.660156
"2010-10-05",22639.140625
"2010-10-06",22880.410156
"2010-10-07",22884.320313
"2010-10-08",22944.179688
"2010-10-11",23207.310547
"2010-10-12",23121.699219
"2010-10-13",23457.689453
"2010-10-14",23852.169922
"2010-10-15",23757.630859
"2010-10-18",23469.380859
"2010-10-19",23763.730469
"2010-10-20",23556.5
"2010-10-21",23649.480469
"2010-10-22",23517.539063
"2010-10-25",23627.910156
"2010-10-26",23601.240234
"2010-10-27",23164.580078
"2010-10-28",23210.859375
"2010-10-29",23096.320313
"2010-11-01",23652.939453
"2010-11-02",23671.419922
"2010-11-03",24144.669922
"2010-11-04",24535.630859
"2010-11-05",24876.820313
"2010-11-08",24964.369141
"2010-11-09",24710.599609
"2010-11-10",24500.609375
"2010-11-11",24700.300781
"2010-11-12",24222.580078
"2010-11-15",24027.179688
"2010-11-16",23693.019531
"2010-11-17",23214.460938
"2010-11-18",23637.390625
"2010-11-19",23605.710938
"2010-11-22",23524.019531
"2010-11-23",22896.140625
"2010-11-24",23023.859375
"2010-11-25",23054.679688
"2010-11-26",22877.25
"2010-11-29",23166.220703
"2010-11-30",23007.990234
"2010-12-01",23249.800781
"2010-12-02",23448.779297
"2010-12-03",23320.519531
"2010-12-06",23237.689453
"2010-12-07",23428.150391
"2010-12-08",23092.519531
"2010-12-09",23171.800781
"2010-12-10",23162.910156
"2010-12-13",23317.609375
"2010-12-14",23431.189453
"2010-12-15",22975.349609
"2010-12-16",22668.779297
"2010-12-17",22714.849609
"2010-12-20",22639.080078
"2010-12-21",22993.859375
"2010-12-22",23045.189453
"2010-12-23",22902.970703
"2010-12-24",NA
"2010-12-28",22621.730469
"2010-12-29",22969.300781
"2010-12-30",22999.339844
"2010-12-31",NA
"2011-01-03",23436.050781
"2011-01-04",23668.480469
"2011-01-05",23757.820313
"2011-01-06",23786.300781
"2011-01-07",23686.630859
"2011-01-10",23527.259766
"2011-01-11",23760.339844
"2011-01-12",24125.609375
"2011-01-13",24238.980469
"2011-01-14",24283.230469
"2011-01-17",24156.970703
"2011-01-18",24153.980469
"2011-01-19",24419.619141
"2011-01-20",24003.699219
"2011-01-21",23876.859375
"2011-01-24",23801.779297
"2011-01-25",23788.830078
"2011-01-26",23843.240234
"2011-01-27",23779.619141
"2011-01-28",23617.019531
"2011-01-31",23447.339844
"2011-02-01",23482.949219
"2011-02-02",NA
"2011-02-07",23553.589844
"2011-02-08",23484.300781
"2011-02-09",23164.029297
"2011-02-10",22708.619141
"2011-02-11",22828.919922
"2011-02-14",23121.060547
"2011-02-15",22899.779297
"2011-02-16",23156.970703
"2011-02-17",23301.839844
"2011-02-18",23595.240234
"2011-02-21",23485.419922
"2011-02-22",22990.810547
"2011-02-23",22906.900391
"2011-02-24",22601.039063
"2011-02-25",23012.369141
"2011-02-28",23338.019531
"2011-03-01",23396.419922
"2011-03-02",23048.660156
"2011-03-03",23122.419922
"2011-03-04",23408.859375
"2011-03-07",23313.189453
"2011-03-08",23711.699219
"2011-03-09",23810.109375
"2011-03-10",23614.890625
"2011-03-11",23249.779297
"2011-03-14",23345.880859
"2011-03-15",22678.25
"2011-03-16",22700.880859
"2011-03-17",22284.429688
"2011-03-18",22300.230469
"2011-03-21",22685.220703
"2011-03-22",22857.900391
"2011-03-23",22825.400391
"2011-03-24",22915.279297
"2011-03-25",23158.669922
"2011-03-28",23068.189453
"2011-03-29",23060.359375
"2011-03-30",23451.429688
"2011-03-31",23527.519531
"2011-04-01",23801.900391
"2011-04-04",24150.580078
"2011-04-06",24285.050781
"2011-04-07",24281.800781
"2011-04-08",24396.070313
"2011-04-11",24303.070313
"2011-04-12",23976.369141
"2011-04-13",24135.029297
"2011-04-14",24014
"2011-04-15",24008.070313
"2011-04-18",23830.310547
"2011-04-19",23520.619141
"2011-04-20",23896.099609
"2011-04-21",24138.310547
"2011-04-26",24007.380859
"2011-04-27",23892.839844
"2011-04-28",23805.630859
"2011-04-29",23720.810547
"2011-05-03",23633.25
"2011-05-04",23315.240234
"2011-05-05",23261.609375
"2011-05-06",23159.140625
"2011-05-09",23336
"2011-05-11",23291.800781
"2011-05-12",23073.759766
"2011-05-13",23276.269531
"2011-05-16",22960.630859
"2011-05-17",22901.080078
"2011-05-18",23011.140625
"2011-05-19",23163.380859
"2011-05-20",23199.390625
"2011-05-23",22711.019531
"2011-05-24",22730.779297
"2011-05-25",22747.279297
"2011-05-26",22900.789063
"2011-05-27",23118.070313
"2011-05-30",23184.320313
"2011-05-31",23684.130859
"2011-06-01",23626.429688
"2011-06-02",23253.839844
"2011-06-03",22949.560547
"2011-06-07",22868.669922
"2011-06-08",22661.630859
"2011-06-09",22609.830078
"2011-06-10",22420.369141
"2011-06-13",22508.080078
"2011-06-14",22496
"2011-06-15",22343.769531
"2011-06-16",21953.109375
"2011-06-17",21695.259766
"2011-06-20",21599.509766
"2011-06-21",21850.589844
"2011-06-22",21859.970703
"2011-06-23",21759.140625
"2011-06-24",22171.949219
"2011-06-27",22041.769531
"2011-06-28",22061.779297
"2011-06-29",22061.179688
"2011-06-30",22398.099609
"2011-07-04",22770.470703
"2011-07-05",22747.949219
"2011-07-06",22517.550781
"2011-07-07",22530.179688
"2011-07-08",22726.429688
"2011-07-11",22347.230469
"2011-07-12",21663.160156
"2011-07-13",21926.880859
"2011-07-14",21940.199219
"2011-07-15",21875.380859
"2011-07-18",21804.75
"2011-07-19",21902.400391
"2011-07-20",22003.689453
"2011-07-21",21987.289063
"2011-07-22",22444.800781
"2011-07-25",22293.289063
"2011-07-26",22572.080078
"2011-07-27",22541.689453
"2011-07-28",22570.740234
"2011-07-29",22440.25
"2011-08-01",22663.369141
"2011-08-02",22421.460938
"2011-08-03",21992.720703
"2011-08-04",21884.740234
"2011-08-05",20946.140625
"2011-08-08",20490.570313
"2011-08-09",19330.699219
"2011-08-10",19783.669922
"2011-08-11",19595.140625
"2011-08-12",19620.009766
"2011-08-15",20260.099609
"2011-08-16",20212.080078
"2011-08-17",20289.029297
"2011-08-18",20016.269531
"2011-08-19",19399.919922
"2011-08-22",19486.869141
"2011-08-23",19875.529297
"2011-08-24",19466.789063
"2011-08-25",19752.480469
"2011-08-26",19582.880859
"2011-08-29",19865.109375
"2011-08-30",20204.169922
"2011-08-31",20534.849609
"2011-09-01",20585.330078
"2011-09-02",20212.910156
"2011-09-05",19616.400391
"2011-09-06",19710.5
"2011-09-07",20048
"2011-09-08",19912.820313
"2011-09-09",19866.630859
"2011-09-12",19030.539063
"2011-09-14",19045.439453
"2011-09-15",19181.5
"2011-09-16",19455.310547
"2011-09-19",18917.949219
"2011-09-20",19014.800781
"2011-09-21",18824.169922
"2011-09-22",17911.949219
"2011-09-23",17668.830078
"2011-09-26",17407.800781
"2011-09-27",18130.550781
"2011-09-28",18011.060547
"2011-09-30",17592.410156
"2011-10-03",16822.150391
"2011-10-04",16250.269531
"2011-10-06",17172.279297
"2011-10-07",17707.009766
"2011-10-10",17711.060547
"2011-10-11",18141.589844
"2011-10-12",18329.460938
"2011-10-13",18757.810547
"2011-10-14",18501.789063
"2011-10-17",18873.990234
"2011-10-18",18076.460938
"2011-10-19",18309.220703
"2011-10-20",17983.099609
"2011-10-21",18025.720703
"2011-10-24",18771.820313
"2011-10-25",18968.199219
"2011-10-26",19066.539063
"2011-10-27",19688.699219
"2011-10-28",20019.240234
"2011-10-31",19864.869141
"2011-11-01",19369.960938
"2011-11-02",19733.710938
"2011-11-03",19242.5
"2011-11-04",19842.789063
"2011-11-07",19677.890625
"2011-11-08",19678.470703
"2011-11-09",20014.429688
"2011-11-10",18963.890625
"2011-11-11",19137.169922
"2011-11-14",19508.179688
"2011-11-15",19348.439453
"2011-11-16",18960.900391
"2011-11-17",18817.470703
"2011-11-18",18491.230469
"2011-11-21",18225.849609
"2011-11-22",18251.589844
"2011-11-23",17864.429688
"2011-11-24",17935.099609
"2011-11-25",17689.480469
"2011-11-28",18037.810547
"2011-11-29",18256.199219
"2011-11-30",17989.349609
"2011-12-01",19002.259766
"2011-12-02",19040.390625
"2011-12-05",19179.689453
"2011-12-06",18942.230469
"2011-12-07",19240.580078
"2011-12-08",19107.810547
"2011-12-09",18586.230469
"2011-12-12",18575.660156
"2011-12-13",18447.169922
"2011-12-14",18354.429688
"2011-12-15",18026.839844
"2011-12-16",18285.390625
"2011-12-19",18070.210938
"2011-12-20",18080.199219
"2011-12-21",18416.449219
"2011-12-22",18378.230469
"2011-12-23",18629.169922
"2011-12-24",NA
"2011-12-28",18518.669922
"2011-12-29",18397.919922
"2011-12-30",18434.390625
"2011-12-31",NA
"2012-01-03",18877.410156
"2012-01-04",18727.310547
"2012-01-05",18813.410156
"2012-01-06",18593.060547
"2012-01-09",18865.720703
"2012-01-10",19004.279297
"2012-01-11",19151.939453
"2012-01-12",19095.380859
"2012-01-13",19204.419922
"2012-01-16",19012.199219
"2012-01-17",19627.75
"2012-01-18",19686.919922
"2012-01-19",19942.949219
"2012-01-20",20110.369141
"2012-01-26",20439.140625
"2012-01-27",20501.669922
"2012-01-30",20160.410156
"2012-01-31",20390.490234
"2012-02-01",20333.369141
"2012-02-02",20739.449219
"2012-02-03",20756.980469
"2012-02-06",20709.939453
"2012-02-07",20699.189453
"2012-02-08",21018.460938
"2012-02-09",21010.009766
"2012-02-10",20783.859375
"2012-02-13",20887.400391
"2012-02-14",20917.830078
"2012-02-15",21365.230469
"2012-02-16",21277.279297
"2012-02-17",21491.619141
"2012-02-20",21424.789063
"2012-02-21",21478.720703
"2012-02-22",21549.279297
"2012-02-23",21380.990234
"2012-02-24",21406.859375
"2012-02-27",21217.859375
"2012-02-28",21568.730469
"2012-02-29",21680.080078
"2012-03-01",21387.960938
"2012-03-02",21562.259766
"2012-03-05",21265.310547
"2012-03-06",20806.25
"2012-03-07",20627.779297
"2012-03-08",20900.730469
"2012-03-09",21086
"2012-03-12",21134.179688
"2012-03-13",21339.699219
"2012-03-14",21307.890625
"2012-03-15",21353.529297
"2012-03-16",21317.849609
"2012-03-20",20888.240234
"2012-03-21",20856.630859
"2012-03-22",20901.560547
"2012-03-23",20668.800781
"2012-03-26",20668.859375
"2012-03-27",21046.910156
"2012-03-28",20885.419922
"2012-03-29",20609.390625
"2012-03-30",20555.580078
"2012-04-02",20522.259766
"2012-04-03",20790.980469
"2012-04-05",20593
"2012-04-10",20356.240234
"2012-04-11",20140.669922
"2012-04-12",20327.320313
"2012-04-13",20701.039063
"2012-04-16",20610.640625
"2012-04-17",20562.310547
"2012-04-18",20780.730469
"2012-04-19",20995.009766
"2012-04-20",21010.640625
"2012-04-23",20624.390625
"2012-04-24",20677.160156
"2012-04-25",20646.289063
"2012-04-26",20809.710938
"2012-04-27",20741.449219
"2012-04-30",21094.210938
"2012-05-02",21309.080078
"2012-05-03",21249.529297
"2012-05-04",21086
"2012-05-07",20536.650391
"2012-05-08",20484.75
"2012-05-09",20330.640625
"2012-05-10",20227.279297
"2012-05-11",19964.630859
"2012-05-14",19735.039063
"2012-05-15",19894.310547
"2012-05-16",19259.830078
"2012-05-17",19200.929688
"2012-05-18",18951.849609
"2012-05-21",18922.320313
"2012-05-22",19039.150391
"2012-05-23",18786.189453
"2012-05-24",18666.400391
"2012-05-25",18713.410156
"2012-05-28",18800.990234
"2012-05-29",19055.460938
"2012-05-30",18690.220703
"2012-05-31",18629.519531
"2012-06-01",18558.339844
"2012-06-04",18185.589844
"2012-06-05",18259.029297
"2012-06-06",18520.529297
"2012-06-07",18678.289063
"2012-06-08",18502.339844
"2012-06-11",18953.630859
"2012-06-12",18872.560547
"2012-06-13",19026.519531
"2012-06-14",18808.400391
"2012-06-15",19233.939453
"2012-06-18",19427.810547
"2012-06-19",19416.669922
"2012-06-20",19518.849609
"2012-06-21",19265.070313
"2012-06-22",18995.130859
"2012-06-25",18897.449219
"2012-06-26",18981.839844
"2012-06-27",19176.949219
"2012-06-28",19025.269531
"2012-06-29",19441.460938
"2012-07-03",19735.529297
"2012-07-04",19709.75
"2012-07-05",19809.130859
"2012-07-06",19800.640625
"2012-07-09",19428.089844
"2012-07-10",19396.359375
"2012-07-11",19419.869141
"2012-07-12",19025.109375
"2012-07-13",19092.630859
"2012-07-16",19121.339844
"2012-07-17",19455.330078
"2012-07-18",19239.880859
"2012-07-19",19559.050781
"2012-07-20",19640.800781
"2012-07-23",19053.470703
"2012-07-24",18903.199219
"2012-07-25",18877.330078
"2012-07-26",18892.789063
"2012-07-27",19274.960938
"2012-07-30",19585.400391
"2012-07-31",19796.810547
"2012-08-01",19820.380859
"2012-08-02",19690.199219
"2012-08-03",19666.179688
"2012-08-06",19998.720703
"2012-08-07",20072.550781
"2012-08-08",20065.519531
"2012-08-09",20269.470703
"2012-08-10",20136.119141
"2012-08-13",20081.359375
"2012-08-14",20291.679688
"2012-08-15",20052.289063
"2012-08-16",19962.949219
"2012-08-17",20116.070313
"2012-08-20",20104.269531
"2012-08-21",20100.089844
"2012-08-22",19887.779297
"2012-08-23",20132.240234
"2012-08-24",19880.029297
"2012-08-27",19798.669922
"2012-08-28",19811.800781
"2012-08-29",19788.509766
"2012-08-30",19552.910156
"2012-08-31",19482.570313
"2012-09-03",19559.210938
"2012-09-04",19429.910156
"2012-09-05",19145.070313
"2012-09-06",19209.300781
"2012-09-07",19802.160156
"2012-09-10",19827.169922
"2012-09-11",19857.880859
"2012-09-12",20075.390625
"2012-09-13",20047.630859
"2012-09-14",20629.779297
"2012-09-17",20658.109375
"2012-09-18",20601.929688
"2012-09-19",20841.910156
"2012-09-20",20590.919922
"2012-09-21",20734.939453
"2012-09-24",20694.699219
"2012-09-25",20698.679688
"2012-09-26",20527.730469
"2012-09-27",20762.289063
"2012-09-28",20840.380859
"2012-10-03",20888.279297
"2012-10-04",20907.949219
"2012-10-05",21012.380859
"2012-10-08",20824.560547
"2012-10-09",20937.279297
"2012-10-10",20919.599609
"2012-10-11",20999.050781
"2012-10-12",21136.429688
"2012-10-15",21148.25
"2012-10-16",21207.070313
"2012-10-17",21416.640625
"2012-10-18",21518.710938
"2012-10-19",21551.759766
"2012-10-22",21697.550781
"2012-10-24",21763.779297
"2012-10-25",21810.230469
"2012-10-26",21545.570313
"2012-10-29",21511.050781
"2012-10-30",21428.580078
"2012-10-31",21641.820313
"2012-11-01",21821.869141
"2012-11-02",22111.330078
"2012-11-05",22006.400391
"2012-11-06",21944.429688
"2012-11-07",22099.849609
"2012-11-08",21566.910156
"2012-11-09",21384.380859
"2012-11-12",21430.300781
"2012-11-13",21188.650391
"2012-11-14",21441.990234
"2012-11-15",21108.929688
"2012-11-16",21159.009766
"2012-11-19",21262.060547
"2012-11-20",21228.279297
"2012-11-21",21524.359375
"2012-11-22",21743.199219
"2012-11-23",21913.980469
"2012-11-26",21861.810547
"2012-11-27",21844.029297
"2012-11-28",21708.980469
"2012-11-29",21922.890625
"2012-11-30",22030.390625
"2012-12-03",21767.849609
"2012-12-04",21799.970703
"2012-12-05",22270.910156
"2012-12-06",22249.810547
"2012-12-07",22191.169922
"2012-12-10",22276.720703
"2012-12-11",22323.939453
"2012-12-12",22503.349609
"2012-12-13",22445.580078
"2012-12-14",22605.980469
"2012-12-17",22513.609375
"2012-12-18",22494.730469
"2012-12-19",22623.369141
"2012-12-20",22659.779297
"2012-12-21",22506.289063
"2012-12-24",NA
"2012-12-27",22619.779297
"2012-12-28",22666.589844
"2012-12-31",NA
"2013-01-02",23311.980469
"2013-01-03",23398.599609
"2013-01-04",23331.089844
"2013-01-07",23329.75
"2013-01-08",23111.189453
"2013-01-09",23218.470703
"2013-01-10",23354.310547
"2013-01-11",23264.070313
"2013-01-14",23413.259766
"2013-01-15",23381.509766
"2013-01-16",23356.990234
"2013-01-17",23339.759766
"2013-01-18",23601.779297
"2013-01-21",23590.910156
"2013-01-22",23658.990234
"2013-01-23",23635.099609
"2013-01-24",23598.900391
"2013-01-25",23580.429688
"2013-01-28",23671.880859
"2013-01-29",23655.169922
"2013-01-30",23822.060547
"2013-01-31",23729.529297
"2013-02-01",23721.839844
"2013-02-04",23685.009766
"2013-02-05",23148.529297
"2013-02-06",23256.929688
"2013-02-07",23177
"2013-02-08",23215.160156
"2013-02-14",23413.25
"2013-02-15",23444.560547
"2013-02-18",23381.939453
"2013-02-19",23143.910156
"2013-02-20",23307.410156
"2013-02-21",22906.669922
"2013-02-22",22782.439453
"2013-02-25",22820.080078
"2013-02-26",22519.689453
"2013-02-27",22577.009766
"2013-02-28",23020.269531
"2013-03-01",22880.220703
"2013-03-04",22537.810547
"2013-03-05",22560.5
"2013-03-06",22777.839844
"2013-03-07",22771.439453
"2013-03-08",23091.949219
"2013-03-11",23090.820313
"2013-03-12",22890.599609
"2013-03-13",22556.650391
"2013-03-14",22619.179688
"2013-03-15",22533.109375
"2013-03-18",22083.359375
"2013-03-19",22041.859375
"2013-03-20",22256.439453
"2013-03-21",22225.880859
"2013-03-22",22115.300781
"2013-03-25",22251.150391
"2013-03-26",22311.080078
"2013-03-27",22464.820313
"2013-03-28",22299.630859
"2013-04-02",22367.820313
"2013-04-03",22337.490234
"2013-04-05",21726.900391
"2013-04-08",21718.050781
"2013-04-09",21870.339844
"2013-04-10",22034.560547
"2013-04-11",22101.269531
"2013-04-12",22089.050781
"2013-04-15",21772.669922
"2013-04-16",21672.029297
"2013-04-17",21569.669922
"2013-04-18",21512.519531
"2013-04-19",22013.570313
"2013-04-22",22044.369141
"2013-04-23",21806.609375
"2013-04-24",22183.050781
"2013-04-25",22401.240234
"2013-04-26",22547.710938
"2013-04-29",22580.769531
"2013-04-30",22737.009766
"2013-05-02",22668.300781
"2013-05-03",22689.960938
"2013-05-06",22915.089844
"2013-05-07",23047.089844
"2013-05-08",23244.349609
"2013-05-09",23211.480469
"2013-05-10",23321.220703
"2013-05-13",22989.810547
"2013-05-14",22930.279297
"2013-05-15",23044.240234
"2013-05-16",23082.679688
"2013-05-20",23493.029297
"2013-05-21",23366.369141
"2013-05-22",23261.080078
"2013-05-23",22669.679688
"2013-05-24",22618.669922
"2013-05-27",22686.050781
"2013-05-28",22924.25
"2013-05-29",22554.929688
"2013-05-30",22484.310547
"2013-05-31",22392.160156
"2013-06-03",22282.189453
"2013-06-04",22285.519531
"2013-06-05",22069.240234
"2013-06-06",21838.429688
"2013-06-07",21575.259766
"2013-06-10",21615.089844
"2013-06-11",21354.660156
"2013-06-13",20887.039063
"2013-06-14",20969.140625
"2013-06-17",21225.900391
"2013-06-18",21225.880859
"2013-06-19",20986.890625
"2013-06-20",20382.869141
"2013-06-21",20263.310547
"2013-06-24",19813.980469
"2013-06-25",19855.720703
"2013-06-26",20338.550781
"2013-06-27",20440.080078
"2013-06-28",20803.289063
"2013-07-02",20658.650391
"2013-07-03",20147.310547
"2013-07-04",20468.669922
"2013-07-05",20854.669922
"2013-07-08",20582.189453
"2013-07-09",20683.009766
"2013-07-10",20904.560547
"2013-07-11",21437.490234
"2013-07-12",21277.279297
"2013-07-15",21303.310547
"2013-07-16",21312.380859
"2013-07-17",21371.869141
"2013-07-18",21345.220703
"2013-07-19",21362.419922
"2013-07-22",21416.5
"2013-07-23",21915.419922
"2013-07-24",21968.929688
"2013-07-25",21900.960938
"2013-07-26",21968.949219
"2013-07-29",21850.150391
"2013-07-30",21953.960938
"2013-07-31",21883.660156
"2013-08-01",22088.789063
"2013-08-02",22190.970703
"2013-08-05",22222.009766
"2013-08-06",21923.699219
"2013-08-07",21588.839844
"2013-08-08",21655.880859
"2013-08-09",21807.560547
"2013-08-12",22271.279297
"2013-08-13",22541.130859
"2013-08-14",NA
"2013-08-15",22539.25
"2013-08-16",22517.810547
"2013-08-19",22463.699219
"2013-08-20",21970.289063
"2013-08-21",21817.730469
"2013-08-22",21895.400391
"2013-08-23",21863.509766
"2013-08-26",22005.320313
"2013-08-27",21874.769531
"2013-08-28",21524.650391
"2013-08-29",21704.779297
"2013-08-30",21731.369141
"2013-09-02",22175.339844
"2013-09-03",22394.580078
"2013-09-04",22326.220703
"2013-09-05",22597.970703
"2013-09-06",22621.220703
"2013-09-09",22750.650391
"2013-09-10",22976.650391
"2013-09-11",22937.140625
"2013-09-12",22953.720703
"2013-09-13",22915.279297
"2013-09-16",23252.410156
"2013-09-17",23180.519531
"2013-09-18",23117.449219
"2013-09-19",23502.509766
"2013-09-23",23371.539063
"2013-09-24",23179.039063
"2013-09-25",23209.630859
"2013-09-26",23125.029297
"2013-09-27",23207.039063
"2013-09-30",22859.859375
"2013-10-02",22984.480469
"2013-10-03",23214.400391
"2013-10-04",23138.539063
"2013-10-07",22973.949219
"2013-10-08",23178.849609
"2013-10-09",23033.970703
"2013-10-10",22951.300781
"2013-10-11",23218.320313
"2013-10-15",23336.519531
"2013-10-16",23228.330078
"2013-10-17",23094.880859
"2013-10-18",23340.099609
"2013-10-21",23438.150391
"2013-10-22",23315.990234
"2013-10-23",22999.949219
"2013-10-24",22835.820313
"2013-10-25",22698.339844
"2013-10-28",22806.580078
"2013-10-29",22846.539063
"2013-10-30",23304.019531
"2013-10-31",23206.369141
"2013-11-01",23249.789063
"2013-11-04",23189.619141
"2013-11-05",23038.949219
"2013-11-06",23036.939453
"2013-11-07",22881.029297
"2013-11-08",22744.390625
"2013-11-11",23069.849609
"2013-11-12",22901.410156
"2013-11-13",22463.830078
"2013-11-14",22649.150391
"2013-11-15",23032.150391
"2013-11-18",23660.060547
"2013-11-19",23657.810547
"2013-11-20",23700.859375
"2013-11-21",23580.289063
"2013-11-22",23696.279297
"2013-11-25",23684.449219
"2013-11-26",23681.279297
"2013-11-27",23806.349609
"2013-11-28",23789.089844
"2013-11-29",23881.289063
"2013-12-02",24038.550781
"2013-12-03",23910.470703
"2013-12-04",23728.699219
"2013-12-05",23712.570313
"2013-12-06",23743.099609
"2013-12-09",23811.169922
"2013-12-10",23744.189453
"2013-12-11",23338.240234
"2013-12-12",23218.119141
"2013-12-13",23245.960938
"2013-12-16",23114.660156
"2013-12-17",23069.230469
"2013-12-18",23143.820313
"2013-12-19",22888.75
"2013-12-20",22812.179688
"2013-12-23",22921.560547
"2013-12-24",23179.550781
"2013-12-27",23243.240234
"2013-12-30",23244.869141
"2013-12-31",23306.390625
"2014-01-02",23340.050781
"2014-01-03",22817.279297
"2014-01-06",22684.150391
"2014-01-07",22712.779297
"2014-01-08",22996.589844
"2014-01-09",22787.330078
"2014-01-10",22846.25
"2014-01-13",22888.759766
"2014-01-14",22791.279297
"2014-01-15",22902
"2014-01-16",22986.410156
"2014-01-17",23133.349609
"2014-01-20",22928.949219
"2014-01-21",23033.119141
"2014-01-22",23082.25
"2014-01-23",22733.900391
"2014-01-24",22450.060547
"2014-01-27",21976.099609
"2014-01-28",21960.640625
"2014-01-29",22141.609375
"2014-01-30",22035.419922
"2014-02-04",21397.769531
"2014-02-05",21269.380859
"2014-02-06",21423.130859
"2014-02-07",21636.849609
"2014-02-10",21579.259766
"2014-02-11",21962.980469
"2014-02-12",22285.789063
"2014-02-13",22165.529297
"2014-02-14",22298.410156
"2014-02-17",22535.939453
"2014-02-18",22587.720703
"2014-02-19",22664.519531
"2014-02-20",22394.080078
"2014-02-21",22568.240234
"2014-02-24",22388.560547
"2014-02-25",22317.199219
"2014-02-26",22437.439453
"2014-02-27",22828.179688
"2014-02-28",22836.960938
"2014-03-03",22500.669922
"2014-03-04",22657.630859
"2014-03-05",22579.779297
"2014-03-06",22702.970703
"2014-03-07",22660.490234
"2014-03-10",22264.929688
"2014-03-11",22269.609375
"2014-03-12",21901.949219
"2014-03-13",21756.080078
"2014-03-14",21539.490234
"2014-03-17",21473.949219
"2014-03-18",21583.5
"2014-03-19",21568.689453
"2014-03-20",21182.160156
"2014-03-21",21436.699219
"2014-03-24",21846.449219
"2014-03-25",21732.320313
"2014-03-26",21887.75
"2014-03-27",21834.449219
"2014-03-28",22065.529297
"2014-03-31",22151.060547
"2014-04-01",22448.539063
"2014-04-02",22523.939453
"2014-04-03",22565.080078
"2014-04-04",22510.080078
"2014-04-07",22377.150391
"2014-04-08",22596.970703
"2014-04-09",22843.169922
"2014-04-10",23186.960938
"2014-04-11",23003.640625
"2014-04-14",23038.800781
"2014-04-15",22671.259766
"2014-04-16",22696.009766
"2014-04-17",22760.240234
"2014-04-22",22730.679688
"2014-04-23",22509.640625
"2014-04-24",22562.800781
"2014-04-25",22223.529297
"2014-04-28",22132.529297
"2014-04-29",22453.890625
"2014-04-30",22133.970703
"2014-05-02",22260.669922
"2014-05-05",21976.330078
"2014-05-07",21746.259766
"2014-05-08",21837.119141
"2014-05-09",21862.990234
"2014-05-12",22261.609375
"2014-05-13",22352.380859
"2014-05-14",22582.769531
"2014-05-15",22730.859375
"2014-05-16",22712.910156
"2014-05-19",22704.5
"2014-05-20",22834.679688
"2014-05-21",22836.519531
"2014-05-22",22953.759766
"2014-05-23",22965.859375
"2014-05-26",22963.179688
"2014-05-27",22944.300781
"2014-05-28",23080.029297
"2014-05-29",23010.140625
"2014-05-30",23081.650391
"2014-06-03",23291.039063
"2014-06-04",23151.710938
"2014-06-05",23109.660156
"2014-06-06",22951
"2014-06-09",23117.470703
"2014-06-10",23315.740234
"2014-06-11",23257.289063
"2014-06-12",23175.019531
"2014-06-13",23319.169922
"2014-06-16",23300.669922
"2014-06-17",23203.589844
"2014-06-18",23181.720703
"2014-06-19",23167.730469
"2014-06-20",23194.060547
"2014-06-23",22804.810547
"2014-06-24",22880.640625
"2014-06-25",22866.699219
"2014-06-26",23197.830078
"2014-06-27",23221.519531
"2014-06-30",23190.720703
"2014-07-02",23549.619141
"2014-07-03",23531.439453
"2014-07-04",23546.359375
"2014-07-07",23540.919922
"2014-07-08",23541.380859
"2014-07-09",23176.070313
"2014-07-10",23238.990234
"2014-07-11",23233.449219
"2014-07-14",23346.669922
"2014-07-15",23459.960938
"2014-07-16",23523.279297
"2014-07-17",23520.869141
"2014-07-18",23454.789063
"2014-07-21",23387.140625
"2014-07-22",23782.109375
"2014-07-23",23971.869141
"2014-07-24",24141.5
"2014-07-25",24216.009766
"2014-07-28",24428.630859
"2014-07-29",24640.529297
"2014-07-30",24732.210938
"2014-07-31",24756.849609
"2014-08-01",24532.429688
"2014-08-04",24600.080078
"2014-08-05",24648.259766
"2014-08-06",24584.130859
"2014-08-07",24387.560547
"2014-08-08",24331.410156
"2014-08-11",24646.019531
"2014-08-12",24689.410156
"2014-08-13",24890.339844
"2014-08-14",24801.359375
"2014-08-15",24954.939453
"2014-08-18",24955.460938
"2014-08-19",25122.949219
"2014-08-20",25159.759766
"2014-08-21",24994.099609
"2014-08-22",25112.230469
"2014-08-25",25166.910156
"2014-08-26",25074.5
"2014-08-27",24918.75
"2014-08-28",24741
"2014-08-29",24742.060547
"2014-09-01",24752.089844
"2014-09-02",24749.019531
"2014-09-03",25317.949219
"2014-09-04",25297.919922
"2014-09-05",25240.150391
"2014-09-08",25190.449219
"2014-09-10",24705.359375
"2014-09-11",24662.640625
"2014-09-12",24595.320313
"2014-09-15",24356.990234
"2014-09-16",24136.009766
"2014-09-17",24376.410156
"2014-09-18",24168.720703
"2014-09-19",24306.160156
"2014-09-22",23955.490234
"2014-09-23",23837.070313
"2014-09-24",23921.609375
"2014-09-25",23768.130859
"2014-09-26",23678.410156
"2014-09-29",23229.210938
"2014-09-30",22932.980469
"2014-10-03",23064.560547
"2014-10-06",23315.039063
"2014-10-07",23422.519531
"2014-10-08",23263.330078
"2014-10-09",23534.529297
"2014-10-10",23088.539063
"2014-10-13",23143.380859
"2014-10-14",23047.970703
"2014-10-15",23140.050781
"2014-10-16",22900.939453
"2014-10-17",23023.210938
"2014-10-20",23070.259766
"2014-10-21",23088.580078
"2014-10-22",23403.970703
"2014-10-23",23333.179688
"2014-10-24",23302.199219
"2014-10-27",23143.230469
"2014-10-28",23520.359375
"2014-10-29",23819.869141
"2014-10-30",23702.039063
"2014-10-31",23998.060547
"2014-11-03",23915.970703
"2014-11-04",23845.660156
"2014-11-05",23695.619141
"2014-11-06",23649.310547
"2014-11-07",23550.240234
"2014-11-10",23744.699219
"2014-11-11",23808.279297
"2014-11-12",23938.179688
"2014-11-13",24019.939453
"2014-11-14",24087.380859
"2014-11-17",23797.080078
"2014-11-18",23529.169922
"2014-11-19",23373.310547
"2014-11-20",23349.640625
"2014-11-21",23437.119141
"2014-11-24",23893.140625
"2014-11-25",23843.910156
"2014-11-26",24111.980469
"2014-11-27",24004.279297
"2014-11-28",23987.449219
"2014-12-01",23367.449219
"2014-12-02",23654.300781
"2014-12-03",23428.619141
"2014-12-04",23832.560547
"2014-12-05",24002.640625
"2014-12-08",24047.669922
"2014-12-09",23485.830078
"2014-12-10",23524.519531
"2014-12-11",23312.539063
"2014-12-12",23249.199219
"2014-12-15",23027.849609
"2014-12-16",22670.5
"2014-12-17",22585.839844
"2014-12-18",22832.210938
"2014-12-19",23116.630859
"2014-12-22",23408.570313
"2014-12-23",23333.689453
"2014-12-24",23349.339844
"2014-12-29",23773.179688
"2014-12-30",23501.099609
"2014-12-31",23605.039063
"2015-01-02",23721.300781
"2015-01-05",23721.320313
"2015-01-06",23485.410156
"2015-01-07",23681.259766
"2015-01-08",23835.529297
"2015-01-09",23919.949219
"2015-01-12",24026.460938
"2015-01-13",24215.970703
"2015-01-14",24112.599609
"2015-01-15",24350.910156
"2015-01-16",24103.519531
"2015-01-19",23738.490234
"2015-01-20",23951.160156
"2015-01-21",24352.580078
"2015-01-22",24522.630859
"2015-01-23",24850.449219
"2015-01-26",24909.900391
"2015-01-27",24807.279297
"2015-01-28",24861.810547
"2015-01-29",24595.849609
"2015-01-30",24507.050781
"2015-02-02",24484.740234
"2015-02-03",24554.779297
"2015-02-04",24679.759766
"2015-02-05",24765.490234
"2015-02-06",24679.390625
"2015-02-09",24521
"2015-02-10",24528.099609
"2015-02-11",24315.019531
"2015-02-12",24422.150391
"2015-02-13",24682.539063
"2015-02-16",24726.529297
"2015-02-17",24784.880859
"2015-02-18",24832.080078
"2015-02-23",24836.759766
"2015-02-24",24750.070313
"2015-02-25",24778.279297
"2015-02-26",24902.060547
"2015-02-27",24823.289063
"2015-03-02",24887.439453
"2015-03-03",24702.779297
"2015-03-04",24465.380859
"2015-03-05",24193.039063
"2015-03-06",24164
"2015-03-09",24123.050781
"2015-03-10",23896.980469
"2015-03-11",23717.970703
"2015-03-12",23797.960938
"2015-03-13",23823.210938
"2015-03-16",23949.550781
"2015-03-17",23901.490234
"2015-03-18",24120.080078
"2015-03-19",24468.890625
"2015-03-20",24375.240234
"2015-03-23",24494.509766
"2015-03-24",24399.599609
"2015-03-25",24528.230469
"2015-03-26",24497.080078
"2015-03-27",24486.199219
"2015-03-30",24855.119141
"2015-03-31",24900.890625
"2015-04-01",25082.75
"2015-04-02",25275.640625
"2015-04-08",26236.859375
"2015-04-09",26944.390625
"2015-04-10",27272.390625
"2015-04-13",28016.339844
"2015-04-14",27561.490234
"2015-04-15",27618.820313
"2015-04-16",27739.710938
"2015-04-17",27653.119141
"2015-04-20",27094.929688
"2015-04-21",27850.490234
"2015-04-22",27933.849609
"2015-04-23",27827.699219
"2015-04-24",28060.980469
"2015-04-27",28433.589844
"2015-04-28",28442.75
"2015-04-29",28400.339844
"2015-04-30",28133
"2015-05-04",28123.820313
"2015-05-05",27755.539063
"2015-05-06",27640.910156
"2015-05-07",27289.970703
"2015-05-08",27577.339844
"2015-05-11",27718.199219
"2015-05-12",27407.179688
"2015-05-13",27249.279297
"2015-05-14",27286.550781
"2015-05-15",27822.279297
"2015-05-18",27591.25
"2015-05-19",27693.539063
"2015-05-20",27585.050781
"2015-05-21",27523.720703
"2015-05-22",27992.830078
"2015-05-26",28249.859375
"2015-05-27",28081.210938
"2015-05-28",27454.310547
"2015-05-29",27424.189453
"2015-06-01",27597.160156
"2015-06-02",27466.720703
"2015-06-03",27657.470703
"2015-06-04",27551.890625
"2015-06-05",27260.160156
"2015-06-08",27316.279297
"2015-06-09",26989.519531
"2015-06-10",26687.640625
"2015-06-11",26907.849609
"2015-06-12",27280.539063
"2015-06-15",26861.810547
"2015-06-16",26566.699219
"2015-06-17",26753.789063
"2015-06-18",26694.660156
"2015-06-19",26760.529297
"2015-06-22",27080.849609
"2015-06-23",27333.460938
"2015-06-24",27404.970703
"2015-06-25",27145.75
"2015-06-26",26663.869141
"2015-06-29",25966.980469
"2015-06-30",26250.029297
"2015-07-02",26282.320313
"2015-07-03",26064.109375
"2015-07-06",25236.279297
"2015-07-07",24975.310547
"2015-07-08",23516.560547
"2015-07-09",24392.789063
"2015-07-10",24901.279297
"2015-07-13",25224.009766
"2015-07-14",25120.910156
"2015-07-15",25055.759766
"2015-07-16",25162.779297
"2015-07-17",25415.269531
"2015-07-20",25404.810547
"2015-07-21",25536.429688
"2015-07-22",25282.619141
"2015-07-23",25398.849609
"2015-07-24",25128.509766
"2015-07-27",24351.960938
"2015-07-28",24503.939453
"2015-07-29",24619.449219
"2015-07-30",24497.980469
"2015-07-31",24636.279297
"2015-08-03",24411.419922
"2015-08-04",24406.119141
"2015-08-05",24514.160156
"2015-08-06",24375.279297
"2015-08-07",24552.470703
"2015-08-10",24521.119141
"2015-08-11",24498.210938
"2015-08-12",23916.019531
"2015-08-13",24018.800781
"2015-08-14",23991.029297
"2015-08-17",23814.650391
"2015-08-18",23474.970703
"2015-08-19",23167.849609
"2015-08-20",22757.470703
"2015-08-21",22409.619141
"2015-08-24",21251.570313
"2015-08-25",21404.960938
"2015-08-26",21080.390625
"2015-08-27",21838.539063
"2015-08-28",21612.390625
"2015-08-31",21670.580078
"2015-09-01",21185.429688
"2015-09-02",20934.939453
"2015-09-04",20840.609375
"2015-09-07",20583.519531
"2015-09-08",21259.039063
"2015-09-09",22131.310547
"2015-09-10",21562.5
"2015-09-11",21504.369141
"2015-09-14",21561.900391
"2015-09-15",21455.230469
"2015-09-16",21966.660156
"2015-09-17",21854.630859
"2015-09-18",21920.830078
"2015-09-21",21756.929688
"2015-09-22",21796.580078
"2015-09-23",21302.910156
"2015-09-24",21095.980469
"2015-09-25",21186.320313
"2015-09-29",20556.599609
"2015-09-30",20846.300781
"2015-10-02",21506.089844
"2015-10-05",21854.5
"2015-10-06",21831.619141
"2015-10-07",22515.759766
"2015-10-08",22354.910156
"2015-10-09",22458.800781
"2015-10-12",22730.929688
"2015-10-13",22600.460938
"2015-10-14",22439.910156
"2015-10-15",22888.169922
"2015-10-16",23067.369141
"2015-10-19",23075.609375
"2015-10-20",22989.220703
"2015-10-22",22845.369141
"2015-10-23",23151.939453
"2015-10-26",23116.25
"2015-10-27",23142.730469
"2015-10-28",22956.570313
"2015-10-29",22819.939453
"2015-10-30",22640.039063
"2015-11-02",22370.039063
"2015-11-03",22568.429688
"2015-11-04",23053.570313
"2015-11-05",23051.039063
"2015-11-06",22867.330078
"2015-11-09",22726.769531
"2015-11-10",22401.699219
"2015-11-11",22352.169922
"2015-11-12",22888.919922
"2015-11-13",22396.140625
"2015-11-16",22010.820313
"2015-11-17",22264.25
"2015-11-18",22188.259766
"2015-11-19",22500.220703
"2015-11-20",22754.720703
"2015-11-23",22665.900391
"2015-11-24",22587.630859
"2015-11-25",22498
"2015-11-26",22488.939453
"2015-11-27",22068.320313
"2015-11-30",21996.419922
"2015-12-01",22381.349609
"2015-12-02",22479.689453
"2015-12-03",22417.009766
"2015-12-04",22235.890625
"2015-12-07",22203.220703
"2015-12-08",21905.130859
"2015-12-09",21803.759766
"2015-12-10",21704.609375
"2015-12-11",21464.050781
"2015-12-14",21309.849609
"2015-12-15",21274.369141
"2015-12-16",21701.210938
"2015-12-17",21872.060547
"2015-12-18",21755.560547
"2015-12-21",21791.679688
"2015-12-22",21830.019531
"2015-12-23",22040.589844
"2015-12-24",22138.130859
"2015-12-28",21919.619141
"2015-12-29",21999.619141
"2015-12-30",21882.150391
"2015-12-31",21914.400391
"2016-01-04",21327.119141
"2016-01-05",21188.720703
"2016-01-06",20980.810547
"2016-01-07",20333.339844
"2016-01-08",20453.710938
"2016-01-11",19888.5
"2016-01-12",19711.759766
"2016-01-13",19934.880859
"2016-01-14",19817.410156
"2016-01-15",19520.769531
"2016-01-18",19237.449219
"2016-01-19",19635.810547
"2016-01-20",18886.300781
"2016-01-21",18542.150391
"2016-01-22",19080.509766
"2016-01-25",19340.140625
"2016-01-26",18860.800781
"2016-01-27",19052.449219
"2016-01-28",19195.830078
"2016-01-29",19683.109375
"2016-02-01",19595.5
"2016-02-02",19446.839844
"2016-02-03",18991.589844
"2016-02-04",19183.089844
"2016-02-05",19288.169922
"2016-02-11",18545.800781
"2016-02-12",18319.580078
"2016-02-15",18918.140625
"2016-02-16",19122.080078
"2016-02-17",18924.570313
"2016-02-18",19363.080078
"2016-02-19",19285.5
"2016-02-22",19464.089844
"2016-02-23",19414.779297
"2016-02-24",19192.449219
"2016-02-25",18888.75
"2016-02-26",19364.150391
"2016-02-29",19111.929688
"2016-03-01",19407.460938
"2016-03-02",20003.490234
"2016-03-03",19941.759766
"2016-03-04",20176.699219
"2016-03-07",20159.720703
"2016-03-08",20011.580078
"2016-03-09",19996.259766
"2016-03-10",19984.419922
"2016-03-11",20199.599609
"2016-03-14",20435.339844
"2016-03-15",20288.769531
"2016-03-16",20257.699219
"2016-03-17",20503.810547
"2016-03-18",20671.630859
"2016-03-21",20684.150391
"2016-03-22",20666.75
"2016-03-23",20615.230469
"2016-03-24",20345.609375
"2016-03-29",20366.300781
"2016-03-30",20803.390625
"2016-03-31",20776.699219
"2016-04-01",20498.919922
"2016-04-05",20177
"2016-04-06",20206.669922
"2016-04-07",20266.050781
"2016-04-08",20370.400391
"2016-04-11",20440.810547
"2016-04-12",20504.439453
"2016-04-13",21158.710938
"2016-04-14",21337.810547
"2016-04-15",21316.470703
"2016-04-18",21161.5
"2016-04-19",21436.210938
"2016-04-20",21236.310547
"2016-04-21",21622.25
"2016-04-22",21467.039063
"2016-04-25",21304.439453
"2016-04-26",21407.269531
"2016-04-27",21361.599609
"2016-04-28",21388.029297
"2016-04-29",21067.050781
"2016-05-03",20676.939453
"2016-05-04",20525.830078
"2016-05-05",20449.820313
"2016-05-06",20109.869141
"2016-05-09",20156.810547
"2016-05-10",20242.679688
"2016-05-11",20055.289063
"2016-05-12",19915.460938
"2016-05-13",19719.289063
"2016-05-16",19883.949219
"2016-05-17",20118.800781
"2016-05-18",19826.410156
"2016-05-19",19694.330078
"2016-05-20",19852.199219
"2016-05-23",19809.029297
"2016-05-24",19830.429688
"2016-05-25",20368.050781
"2016-05-26",20397.109375
"2016-05-27",20576.769531
"2016-05-30",20629.390625
"2016-05-31",20815.089844
"2016-06-01",20760.980469
"2016-06-02",20859.220703
"2016-06-03",20947.240234
"2016-06-06",21030.220703
"2016-06-07",21328.240234
"2016-06-08",21297.880859
"2016-06-10",21042.640625
"2016-06-13",20512.990234
"2016-06-14",20387.529297
"2016-06-15",20467.519531
"2016-06-16",20038.419922
"2016-06-17",20169.980469
"2016-06-20",20510.199219
"2016-06-21",20668.439453
"2016-06-22",20795.119141
"2016-06-23",20868.339844
"2016-06-24",20259.130859
"2016-06-27",20227.300781
"2016-06-28",20172.460938
"2016-06-29",20436.119141
"2016-06-30",20794.369141
"2016-07-04",21059.199219
"2016-07-05",20750.720703
"2016-07-06",20495.289063
"2016-07-07",20706.919922
"2016-07-08",20564.169922
"2016-07-11",20880.5
"2016-07-12",21224.740234
"2016-07-13",21322.369141
"2016-07-14",21561.060547
"2016-07-15",21659.25
"2016-07-18",21803.179688
"2016-07-19",21673.199219
"2016-07-20",21882.480469
"2016-07-21",22000.490234
"2016-07-22",21964.269531
"2016-07-25",21993.439453
"2016-07-26",22129.730469
"2016-07-27",22218.990234
"2016-07-28",22174.339844
"2016-07-29",21891.369141
"2016-08-01",22129.140625
"2016-08-02",NA
"2016-08-03",21739.119141
"2016-08-04",21832.230469
"2016-08-05",22146.089844
"2016-08-08",22494.759766
"2016-08-09",22465.609375
"2016-08-10",22492.429688
"2016-08-11",22580.550781
"2016-08-12",22766.910156
"2016-08-15",22932.509766
"2016-08-16",22910.839844
"2016-08-17",22799.779297
"2016-08-18",23023.160156
"2016-08-19",22937.220703
"2016-08-22",22997.910156
"2016-08-23",22998.929688
"2016-08-24",22820.779297
"2016-08-25",22814.949219
"2016-08-26",22909.539063
"2016-08-29",22821.339844
"2016-08-30",23016.109375
"2016-08-31",22976.880859
"2016-09-01",23162.339844
"2016-09-02",23266.699219
"2016-09-05",23649.550781
"2016-09-06",23787.679688
"2016-09-07",23741.810547
"2016-09-08",23919.339844
"2016-09-09",24099.699219
"2016-09-12",23290.599609
"2016-09-13",23215.759766
"2016-09-14",23190.640625
"2016-09-15",23335.589844
"2016-09-19",23550.449219
"2016-09-20",23530.859375
"2016-09-21",23669.900391
"2016-09-22",23759.800781
"2016-09-23",23686.480469
"2016-09-26",23317.919922
"2016-09-27",23571.900391
"2016-09-28",23619.650391
"2016-09-29",23739.470703
"2016-09-30",23297.150391
"2016-10-03",23584.429688
"2016-10-04",23689.439453
"2016-10-05",23788.310547
"2016-10-06",23952.5
"2016-10-07",23851.820313
"2016-10-11",23549.519531
"2016-10-12",23407.050781
"2016-10-13",23031.300781
"2016-10-14",23233.310547
"2016-10-17",23037.539063
"2016-10-18",23394.390625
"2016-10-19",23304.970703
"2016-10-20",23374.400391
"2016-10-21",NA
"2016-10-24",23604.080078
"2016-10-25",23565.109375
"2016-10-26",23325.429688
"2016-10-27",23132.349609
"2016-10-28",22954.810547
"2016-10-31",22934.539063
"2016-11-01",23147.070313
"2016-11-02",22810.5
"2016-11-03",22683.509766
"2016-11-04",22642.619141
"2016-11-07",22801.400391
"2016-11-08",22909.470703
"2016-11-09",22415.189453
"2016-11-10",22839.109375
"2016-11-11",22531.089844
"2016-11-14",22222.220703
"2016-11-15",22323.910156
"2016-11-16",22280.529297
"2016-11-17",22262.880859
"2016-11-18",22344.210938
"2016-11-21",22357.779297
"2016-11-22",22678.070313
"2016-11-23",22676.689453
"2016-11-24",22608.490234
"2016-11-25",22723.449219
"2016-11-28",22830.570313
"2016-11-29",22737.070313
"2016-11-30",22789.769531
"2016-12-01",22878.230469
"2016-12-02",22564.820313
"2016-12-05",22505.550781
"2016-12-06",22675.150391
"2016-12-07",22800.919922
"2016-12-08",22861.839844
"2016-12-09",22760.980469
"2016-12-12",22433.019531
"2016-12-13",22446.699219
"2016-12-14",22456.619141
"2016-12-15",22059.400391
"2016-12-16",22020.75
"2016-12-19",21832.679688
"2016-12-20",21729.060547
"2016-12-21",21809.800781
"2016-12-22",21636.199219
"2016-12-23",21574.759766
"2016-12-28",21754.740234
"2016-12-29",21790.910156
"2016-12-30",22000.560547
"2017-01-03",22150.400391
"2017-01-04",22134.470703
"2017-01-05",22456.689453
"2017-01-06",22503.009766
"2017-01-09",22558.689453
"2017-01-10",22744.849609
"2017-01-11",22935.349609
"2017-01-12",22829.019531
"2017-01-13",22937.380859
"2017-01-16",22718.150391
"2017-01-17",22840.970703
"2017-01-18",23098.259766
"2017-01-19",23049.960938
"2017-01-20",22885.910156
"2017-01-23",22898.519531
"2017-01-24",22949.859375
"2017-01-25",23049.119141
"2017-01-26",23374.169922
"2017-01-27",23360.779297
"2017-02-01",23318.390625
"2017-02-02",23184.519531
"2017-02-03",23129.210938
"2017-02-06",23348.240234
"2017-02-07",23331.570313
"2017-02-08",23485.130859
"2017-02-09",23525.140625
"2017-02-10",23574.980469
"2017-02-13",23710.980469
"2017-02-14",23703.009766
"2017-02-15",23994.869141
"2017-02-16",24107.699219
"2017-02-17",24033.740234
"2017-02-20",24146.080078
"2017-02-21",23963.630859
"2017-02-22",24201.960938
"2017-02-23",24114.859375
"2017-02-24",23965.699219
"2017-02-27",23925.050781
"2017-02-28",23740.730469
"2017-03-01",23776.490234
"2017-03-02",23728.070313
"2017-03-03",23552.720703
"2017-03-06",23596.279297
"2017-03-07",23681.070313
"2017-03-08",23782.269531
"2017-03-09",23501.560547
"2017-03-10",23568.669922
"2017-03-13",23829.669922
"2017-03-14",23827.949219
"2017-03-15",23792.849609
"2017-03-16",24288.279297
"2017-03-17",24309.929688
"2017-03-20",24501.990234
"2017-03-21",24593.119141
"2017-03-22",24320.410156
"2017-03-23",24327.699219
"2017-03-24",24358.269531
"2017-03-27",24193.699219
"2017-03-28",24345.869141
"2017-03-29",24392.050781
"2017-03-30",24301.089844
"2017-03-31",24111.589844
"2017-04-03",24261.480469
"2017-04-05",24400.800781
"2017-04-06",24273.720703
"2017-04-07",24267.300781
"2017-04-10",24262.179688
"2017-04-11",24088.460938
"2017-04-12",24313.5
"2017-04-13",24261.660156
"2017-04-18",23924.539063
"2017-04-19",23825.880859
"2017-04-20",24056.980469
"2017-04-21",24042.019531
"2017-04-24",24139.480469
"2017-04-25",24455.939453
"2017-04-26",24578.429688
"2017-04-27",24698.480469
"2017-04-28",24615.130859
"2017-05-02",24696.130859
"2017-05-04",24683.880859
"2017-05-05",24476.349609
"2017-05-08",24577.910156
"2017-05-09",24889.029297
"2017-05-10",25015.419922
"2017-05-11",25125.550781
"2017-05-12",25156.339844
"2017-05-15",25371.589844
"2017-05-16",25335.939453
"2017-05-17",25293.630859
"2017-05-18",25136.519531
"2017-05-19",25174.869141
"2017-05-22",25391.339844
"2017-05-23",25403.150391
"2017-05-24",25428.5
"2017-05-25",25630.779297
"2017-05-26",25639.269531
"2017-05-29",25701.630859
"2017-05-31",25660.650391
"2017-06-01",25809.220703
"2017-06-02",25924.050781
"2017-06-05",25862.990234
"2017-06-06",25997.140625
"2017-06-07",25974.160156
"2017-06-08",26063.060547
"2017-06-09",26030.289063
"2017-06-12",25708.039063
"2017-06-13",25852.099609
"2017-06-14",25875.900391
"2017-06-15",25565.339844
"2017-06-16",25626.490234
"2017-06-19",25924.550781
"2017-06-20",25843.039063
"2017-06-21",25694.580078
"2017-06-22",25674.529297
"2017-06-23",25670.050781
"2017-06-26",25871.890625
"2017-06-27",25839.990234
"2017-06-28",25683.5
"2017-06-29",25965.419922
"2017-06-30",25764.580078
"2017-07-03",25784.169922
"2017-07-04",25389.009766
"2017-07-05",25521.970703
"2017-07-06",25465.220703
"2017-07-07",25340.849609
"2017-07-10",25500.060547
"2017-07-11",25877.640625
"2017-07-12",26043.640625
"2017-07-13",26346.169922
"2017-07-14",26389.230469
"2017-07-17",26470.580078
"2017-07-18",26524.939453
"2017-07-19",26672.160156
"2017-07-20",26740.210938
"2017-07-21",26706.089844
"2017-07-24",26846.830078
"2017-07-25",26852.050781
"2017-07-26",26941.019531
"2017-07-27",27131.169922
"2017-07-28",26979.390625
"2017-07-31",27323.990234
"2017-08-01",27540.230469
"2017-08-02",27607.380859
"2017-08-03",27531.009766
"2017-08-04",27562.679688
"2017-08-07",27690.359375
"2017-08-08",27854.910156
"2017-08-09",27757.089844
"2017-08-10",27444
"2017-08-11",26883.509766
"2017-08-14",27250.230469
"2017-08-15",27174.960938
"2017-08-16",27409.070313
"2017-08-17",27344.220703
"2017-08-18",27047.570313
"2017-08-21",27154.679688
"2017-08-22",27401.669922
"2017-08-23",NA
"2017-08-24",27518.599609
"2017-08-25",27848.160156
"2017-08-28",27863.289063
"2017-08-29",27765.009766
"2017-08-30",28094.609375
"2017-08-31",27970.300781
"2017-09-01",27953.160156
"2017-09-04",27740.259766
"2017-09-05",27741.349609
"2017-09-06",27613.759766
"2017-09-07",27522.919922
"2017-09-08",27668.470703
"2017-09-11",27955.130859
"2017-09-12",27972.240234
"2017-09-13",27894.080078
"2017-09-14",27777.199219
"2017-09-15",27807.589844
"2017-09-18",28159.769531
"2017-09-19",28051.410156
"2017-09-20",28127.800781
"2017-09-21",28110.330078
"2017-09-22",27880.529297
"2017-09-25",27500.339844
"2017-09-26",27513.009766
"2017-09-27",27642.429688
"2017-09-28",27421.599609
"2017-09-29",27554.300781
"2017-10-03",28173.210938
"2017-10-04",28379.179688
"2017-10-06",28458.039063
"2017-10-09",28326.589844
"2017-10-10",28490.830078
"2017-10-11",28389.570313
"2017-10-12",28459.029297
"2017-10-13",28476.429688
"2017-10-16",28692.800781
"2017-10-17",28697.490234
"2017-10-18",28711.759766
"2017-10-19",28159.089844
"2017-10-20",28487.240234
"2017-10-23",28305.880859
"2017-10-24",28154.970703
"2017-10-25",28302.890625
"2017-10-26",28202.380859
"2017-10-27",28438.849609
"2017-10-30",28336.189453
"2017-10-31",28245.539063
"2017-11-01",28594.060547
"2017-11-02",28518.640625
"2017-11-03",28603.609375
"2017-11-06",28596.800781
"2017-11-07",28994.339844
"2017-11-08",28907.599609
"2017-11-09",29136.570313
"2017-11-10",29120.919922
"2017-11-13",29182.179688
"2017-11-14",29152.119141
"2017-11-15",28851.689453
"2017-11-16",29018.759766
"2017-11-17",29199.039063
"2017-11-20",29260.310547
"2017-11-21",29818.070313
"2017-11-22",30003.490234
"2017-11-23",29707.939453
"2017-11-24",29866.320313
"2017-11-27",29686.189453
"2017-11-28",29680.849609
"2017-11-29",29623.830078
"2017-11-30",29177.349609
"2017-12-01",29074.240234
"2017-12-04",29138.279297
"2017-12-05",28842.800781
"2017-12-06",28224.800781
"2017-12-07",28303.189453
"2017-12-08",28639.849609
"2017-12-11",28965.289063
"2017-12-12",28793.880859
"2017-12-13",29222.099609
"2017-12-14",29166.380859
"2017-12-15",28848.109375
"2017-12-18",29050.410156
"2017-12-19",29253.660156
"2017-12-20",29234.089844
"2017-12-21",29367.060547
"2017-12-22",29578.009766
"2017-12-27",29597.660156
"2017-12-28",29863.710938
"2017-12-29",29919.150391
"2018-01-02",30515.310547
"2018-01-03",30560.949219
"2018-01-04",30736.480469
"2018-01-05",30814.640625
"2018-01-08",30899.529297
"2018-01-09",31011.410156
"2018-01-10",31073.720703
"2018-01-11",31120.390625
"2018-01-12",31412.539063
"2018-01-15",31338.869141
"2018-01-16",31904.75
"2018-01-17",31983.410156
"2018-01-18",32121.939453
"2018-01-19",32254.890625
"2018-01-22",32393.410156
"2018-01-23",32930.699219
"2018-01-24",32958.691406
"2018-01-25",32654.449219
"2018-01-26",33154.121094
"2018-01-29",32966.890625
"2018-01-30",32607.289063
"2018-01-31",32887.269531
"2018-02-01",32642.089844
"2018-02-02",32601.779297
"2018-02-05",32245.220703
"2018-02-06",30595.419922
"2018-02-07",30323.199219
"2018-02-08",30451.269531
"2018-02-09",29507.419922
"2018-02-12",29459.630859
"2018-02-13",29839.529297
"2018-02-14",30515.599609
"2018-02-15",31115.429688
"2018-02-20",30873.630859
"2018-02-21",31431.890625
"2018-02-22",30965.679688
"2018-02-23",31267.169922
"2018-02-26",31498.599609
"2018-02-27",31268.660156
"2018-02-28",30844.720703
"2018-03-01",31044.25
"2018-03-02",30583.449219
"2018-03-05",29886.390625
"2018-03-06",30510.730469
"2018-03-07",30196.919922
"2018-03-08",30654.519531
"2018-03-09",30996.210938
"2018-03-12",31594.330078
"2018-03-13",31601.449219
"2018-03-14",31435.009766
"2018-03-15",31541.099609
"2018-03-16",31501.970703
"2018-03-19",31513.759766
"2018-03-20",31549.929688
"2018-03-21",31414.519531
"2018-03-22",31071.050781
"2018-03-23",30309.289063
"2018-03-26",30548.769531
"2018-03-27",30790.830078
"2018-03-28",30022.529297
"2018-03-29",30093.380859
"2018-04-03",30180.099609
"2018-04-04",29518.689453
"2018-04-06",29844.939453
"2018-04-09",30229.580078
"2018-04-10",30728.740234
"2018-04-11",30897.710938
"2018-04-12",30831.279297
"2018-04-13",30808.380859
"2018-04-16",30315.589844
"2018-04-17",30062.75
"2018-04-18",30284.25
"2018-04-19",30708.439453
"2018-04-20",30418.330078
"2018-04-23",30254.400391
"2018-04-24",30636.240234
"2018-04-25",30328.150391
"2018-04-26",30007.679688
"2018-04-27",30280.669922
"2018-04-30",30808.449219
"2018-05-02",30723.880859
"2018-05-03",30313.369141
"2018-05-04",29926.5
"2018-05-07",29994.259766
"2018-05-08",30402.810547
"2018-05-09",30536.140625
"2018-05-10",30809.220703
"2018-05-11",31122.060547
"2018-05-14",31541.080078
"2018-05-15",31152.029297
"2018-05-16",31110.199219
"2018-05-17",30942.150391
"2018-05-18",31047.910156
"2018-05-21",31234.349609
"2018-05-23",30665.640625
"2018-05-24",30760.410156
"2018-05-25",30588.039063
"2018-05-28",30792.259766
"2018-05-29",30484.580078
"2018-05-30",30056.789063
"2018-05-31",30468.560547
"2018-06-01",30492.910156
"2018-06-04",30997.980469
"2018-06-05",31093.449219
"2018-06-06",31259.099609
"2018-06-07",31512.630859
"2018-06-08",30958.210938
"2018-06-11",31063.699219
"2018-06-12",31103.060547
"2018-06-13",30725.150391
"2018-06-14",30440.169922
"2018-06-15",30309.490234
"2018-06-19",29468.150391
"2018-06-20",29696.169922
"2018-06-21",29296.050781
"2018-06-22",29338.699219
"2018-06-25",28961.390625
"2018-06-26",28881.400391
"2018-06-27",28356.259766
"2018-06-28",28497.320313
"2018-06-29",28955.109375
"2018-07-03",28545.570313
"2018-07-04",28241.669922
"2018-07-05",28182.089844
"2018-07-06",28315.619141
"2018-07-09",28688.5
"2018-07-10",28682.25
"2018-07-11",28311.689453
"2018-07-12",28480.830078
"2018-07-13",28525.439453
"2018-07-16",28539.660156
"2018-07-17",28181.679688
"2018-07-18",28117.419922
"2018-07-19",28010.859375
"2018-07-20",28224.480469
"2018-07-23",28256.119141
"2018-07-24",28662.570313
"2018-07-25",28920.900391
"2018-07-26",28781.140625
"2018-07-27",28804.279297
"2018-07-30",28733.130859
"2018-07-31",28583.009766
"2018-08-01",28340.740234
"2018-08-02",27714.560547
"2018-08-03",27676.320313
"2018-08-06",27819.560547
"2018-08-07",28248.880859
"2018-08-08",28359.140625
"2018-08-09",28607.300781
"2018-08-10",28366.619141
"2018-08-13",27936.570313
"2018-08-14",27752.929688
"2018-08-15",27323.589844
"2018-08-16",27100.060547
"2018-08-17",27213.410156
"2018-08-20",27598.019531
"2018-08-21",27752.789063
"2018-08-22",27927.580078
"2018-08-23",27790.460938
"2018-08-24",27671.869141
"2018-08-27",28271.269531
"2018-08-28",28351.619141
"2018-08-29",28416.439453
"2018-08-30",28164.050781
"2018-08-31",27888.550781
"2018-09-03",27712.539063
"2018-09-04",27973.339844
"2018-09-05",27243.849609
"2018-09-06",26974.820313
"2018-09-07",26973.470703
"2018-09-10",26613.419922
"2018-09-11",26422.550781
"2018-09-12",26345.039063
"2018-09-13",27014.490234
"2018-09-14",27286.410156
"2018-09-17",26932.849609
"2018-09-18",27084.660156
"2018-09-19",27407.369141
"2018-09-20",27477.669922
"2018-09-21",27953.580078
"2018-09-24",27499.390625
"2018-09-26",27816.869141
"2018-09-27",27715.669922
"2018-09-28",27788.519531
"2018-10-02",27126.380859
"2018-10-03",27091.259766
"2018-10-04",26623.869141
"2018-10-05",26572.570313
"2018-10-08",26202.570313
"2018-10-09",26172.910156
"2018-10-10",26193.070313
"2018-10-11",25266.369141
"2018-10-12",25801.490234
"2018-10-15",25445.060547
"2018-10-16",25462.259766
"2018-10-18",25454.550781
"2018-10-19",25561.400391
"2018-10-22",26153.150391
"2018-10-23",25346.550781
"2018-10-24",25249.779297
"2018-10-25",24994.460938
"2018-10-26",24717.630859
"2018-10-29",24812.039063
"2018-10-30",24585.529297
"2018-10-31",24979.689453
"2018-11-01",25416
"2018-11-02",26486.349609
"2018-11-05",25934.390625
"2018-11-06",26120.960938
"2018-11-07",26147.689453
"2018-11-08",26227.720703
"2018-11-09",25601.919922
"2018-11-12",25633.179688
"2018-11-13",25792.869141
"2018-11-14",25654.429688
"2018-11-15",26103.339844
"2018-11-16",26183.529297
"2018-11-19",26372
"2018-11-20",25840.339844
"2018-11-21",25971.470703
"2018-11-22",26019.410156
"2018-11-23",25927.679688
"2018-11-26",26376.179688
"2018-11-27",26331.960938
"2018-11-28",26682.560547
"2018-11-29",26451.029297
"2018-11-30",26506.75
"2018-12-03",27182.039063
"2018-12-04",27260.439453
"2018-12-05",26819.679688
"2018-12-06",26156.380859
"2018-12-07",26063.759766
"2018-12-10",25752.380859
"2018-12-11",25771.669922
"2018-12-12",26186.710938
"2018-12-13",26524.349609
"2018-12-14",26094.789063
"2018-12-17",26087.980469
"2018-12-18",25814.25
"2018-12-19",25865.390625
"2018-12-20",25623.529297
"2018-12-21",25753.419922
"2018-12-24",25651.380859
"2018-12-27",25478.880859
"2018-12-28",25504.199219
"2018-12-31",25845.699219
"2019-01-02",25130.349609
"2019-01-03",25064.359375
"2019-01-04",25626.029297
"2019-01-07",25835.699219
"2019-01-08",25875.449219
"2019-01-09",26462.320313
"2019-01-10",26521.429688
"2019-01-11",26667.269531
"2019-01-14",26298.330078
"2019-01-15",26830.289063
"2019-01-16",26902.099609
"2019-01-17",26755.630859
"2019-01-18",27090.810547
"2019-01-21",27196.539063
"2019-01-22",27005.449219
"2019-01-23",27008.199219
"2019-01-24",27120.980469
"2019-01-25",27569.189453
"2019-01-28",27576.960938
"2019-01-29",27531.679688
"2019-01-30",27642.849609
"2019-01-31",27942.470703
"2019-02-01",27930.740234
"2019-02-04",27990.210938
"2019-02-08",27946.320313
"2019-02-11",28143.839844
"2019-02-12",28171.330078
"2019-02-13",28497.589844
"2019-02-14",28432.050781
"2019-02-15",27900.839844
"2019-02-18",28347.009766
"2019-02-19",28228.130859
"2019-02-20",28514.050781
"2019-02-21",28629.919922
"2019-02-22",28816.300781
"2019-02-25",28959.300781
"2019-02-26",28772.060547
"2019-02-27",28757.439453
"2019-02-28",28633.179688
"2019-03-01",28812.169922
"2019-03-04",28959.589844
"2019-03-05",28961.599609
"2019-03-06",29037.599609
"2019-03-07",28779.449219
"2019-03-08",28228.419922
"2019-03-11",28503.300781
"2019-03-12",28920.869141
"2019-03-13",28807.449219
"2019-03-14",28851.390625
"2019-03-15",29012.259766
"2019-03-18",29409.009766
"2019-03-19",29466.279297
"2019-03-20",29320.970703
"2019-03-21",29071.560547
"2019-03-22",29113.359375
"2019-03-25",28523.349609
"2019-03-26",28566.910156
"2019-03-27",28728.25
"2019-03-28",28775.210938
"2019-03-29",29051.359375
"2019-04-01",29562.019531
"2019-04-02",29624.669922
"2019-04-03",29986.390625
"2019-04-04",29936.320313
"2019-04-08",30077.150391
"2019-04-09",30157.490234
"2019-04-10",30119.560547
"2019-04-11",29839.449219
"2019-04-12",29909.759766
"2019-04-15",29810.720703
"2019-04-16",30129.869141
"2019-04-17",30124.679688
"2019-04-18",29963.259766
"2019-04-23",29963.240234
"2019-04-24",29805.830078
"2019-04-25",29549.800781
"2019-04-26",29605.009766
"2019-04-29",29892.810547
"2019-04-30",29699.109375
"2019-05-02",29944.179688
"2019-05-03",30081.550781
"2019-05-06",29209.820313
"2019-05-07",29363.019531
"2019-05-08",29003.199219
"2019-05-09",28311.070313
"2019-05-10",28550.240234
"2019-05-14",28122.019531
"2019-05-15",28268.710938
"2019-05-16",28275.070313
"2019-05-17",27946.460938
"2019-05-20",27787.609375
"2019-05-21",27657.240234
"2019-05-22",27705.939453
"2019-05-23",27267.130859
"2019-05-24",27353.929688
"2019-05-27",27288.089844
"2019-05-28",27390.810547
"2019-05-29",27235.710938
"2019-05-30",27114.880859
"2019-05-31",26901.089844
"2019-06-03",26893.859375
"2019-06-04",26761.519531
"2019-06-05",26895.439453
"2019-06-06",26965.279297
"2019-06-10",27578.640625
"2019-06-11",27789.339844
"2019-06-12",27308.460938
"2019-06-13",27294.710938
"2019-06-14",27118.349609
"2019-06-17",27227.160156
"2019-06-18",27498.769531
"2019-06-19",28202.140625
"2019-06-20",28550.429688
"2019-06-21",28473.710938
"2019-06-24",28513
"2019-06-25",28185.980469
"2019-06-26",28221.980469
"2019-06-27",28621.419922
"2019-06-28",28542.619141
"2019-07-02",28875.560547
"2019-07-03",28855.140625
"2019-07-04",28795.769531
"2019-07-05",28774.830078
"2019-07-08",28331.689453
"2019-07-09",28116.279297
"2019-07-10",28204.689453
"2019-07-11",28431.800781
"2019-07-12",28471.619141
"2019-07-15",28554.880859
"2019-07-16",28619.619141
"2019-07-17",28593.169922
"2019-07-18",28461.660156
"2019-07-19",28765.400391
"2019-07-22",28371.259766
"2019-07-23",28466.480469
"2019-07-24",28524.039063
"2019-07-25",28594.300781
"2019-07-26",28397.740234
"2019-07-29",28106.410156
"2019-07-30",28146.5
"2019-07-31",27777.75
"2019-08-01",27565.699219
"2019-08-02",26918.580078
"2019-08-05",26151.320313
"2019-08-06",25976.240234
"2019-08-07",25997.029297
"2019-08-08",26120.769531
"2019-08-09",25939.300781
"2019-08-12",25824.720703
"2019-08-13",25281.300781
"2019-08-14",25302.279297
"2019-08-15",25495.460938
"2019-08-16",25734.220703
"2019-08-19",26291.839844
"2019-08-20",26231.539063
"2019-08-21",26270.039063
"2019-08-22",26048.720703
"2019-08-23",26179.330078
"2019-08-26",25680.330078
"2019-08-27",25664.070313
"2019-08-28",25615.480469
"2019-08-29",25703.5
"2019-08-30",25724.730469
"2019-09-02",25626.550781
"2019-09-03",25527.849609
"2019-09-04",26523.230469
"2019-09-05",26515.529297
"2019-09-06",26690.759766
"2019-09-09",26681.400391
"2019-09-10",26683.679688
"2019-09-11",27159.060547
"2019-09-12",27087.630859
"2019-09-13",27352.689453
"2019-09-16",27124.550781
"2019-09-17",26790.240234
"2019-09-18",26754.119141
"2019-09-19",26468.949219
"2019-09-20",26435.669922
"2019-09-23",26222.400391
"2019-09-24",26281
"2019-09-25",25945.349609
"2019-09-26",26041.929688
"2019-09-27",25954.810547
"2019-09-30",26092.269531
"2019-10-02",26042.689453
"2019-10-03",26110.310547
"2019-10-04",25821.029297
"2019-10-08",25893.400391
"2019-10-09",25682.810547
"2019-10-10",25707.929688
"2019-10-11",26308.439453
"2019-10-14",26521.849609
"2019-10-15",26503.929688
"2019-10-16",26664.279297
"2019-10-17",26848.490234
"2019-10-18",26719.580078
"2019-10-21",26725.679688
"2019-10-22",26786.199219
"2019-10-23",26566.730469
"2019-10-24",26797.949219
"2019-10-25",26667.390625
"2019-10-28",26891.259766
"2019-10-29",26786.759766
"2019-10-30",26667.710938
"2019-10-31",26906.720703
"2019-11-01",27100.759766
"2019-11-04",27547.300781
"2019-11-05",27683.400391
"2019-11-06",27688.640625
"2019-11-07",27847.230469
"2019-11-08",27651.140625
"2019-11-11",26926.550781
"2019-11-12",27065.279297
"2019-11-13",26571.460938
"2019-11-14",26323.689453
"2019-11-15",26326.660156
"2019-11-18",26681.089844
"2019-11-19",27093.800781
"2019-11-20",26889.609375
"2019-11-21",26466.880859
"2019-11-22",26595.080078
"2019-11-25",26993.039063
"2019-11-26",26913.919922
"2019-11-27",26954
"2019-11-28",26893.730469
"2019-11-29",26346.490234
"2019-12-02",26444.720703
"2019-12-03",26391.300781
"2019-12-04",26062.560547
"2019-12-05",26217.039063
"2019-12-06",26498.369141
"2019-12-09",26494.730469
"2019-12-10",26436.619141
"2019-12-11",26645.429688
"2019-12-12",26994.140625
"2019-12-13",27687.759766
"2019-12-16",27508.089844
"2019-12-17",27843.710938
"2019-12-18",27884.210938
"2019-12-19",27800.490234
"2019-12-20",27871.349609
"2019-12-23",27906.410156
"2019-12-24",27864.210938
"2019-12-27",28225.419922
"2019-12-30",28319.390625
"2019-12-31",28189.75
"2020-01-02",28543.519531
"2020-01-03",28451.5
"2020-01-06",28226.189453
"2020-01-07",28322.060547
"2020-01-08",28087.919922
"2020-01-09",28561
"2020-01-10",28638.199219
"2020-01-13",28954.939453
"2020-01-14",28885.140625
"2020-01-15",28773.589844
"2020-01-16",28883.039063
"2020-01-17",29056.419922
"2020-01-20",28795.910156
"2020-01-21",27985.330078
"2020-01-22",28341.039063
"2020-01-23",27909.119141
"2020-01-24",27949.640625
"2020-01-29",27160.630859
"2020-01-30",26449.130859
"2020-01-31",26312.630859
"2020-02-03",26356.980469
"2020-02-04",26675.980469
"2020-02-05",26786.740234
"2020-02-06",27493.699219
"2020-02-07",27404.269531
"2020-02-10",27241.339844
"2020-02-11",27583.880859
"2020-02-12",27823.660156
"2020-02-13",27730
"2020-02-14",27815.599609
"2020-02-17",27959.599609
"2020-02-18",27530.199219
"2020-02-19",27655.810547
"2020-02-20",27609.160156
"2020-02-21",27308.810547
"2020-02-24",26820.880859
"2020-02-25",26893.230469
"2020-02-26",26696.490234
"2020-02-27",26778.619141
"2020-02-28",26129.929688
"2020-03-02",26291.679688
"2020-03-03",26284.820313
"2020-03-04",26222.070313
"2020-03-05",26767.869141
"2020-03-06",26146.669922
"2020-03-09",25040.460938
"2020-03-10",25392.509766
"2020-03-11",25231.609375
"2020-03-12",24309.070313
"2020-03-13",24032.910156
"2020-03-16",23063.570313
"2020-03-17",23263.730469
"2020-03-18",22291.820313
"2020-03-19",21709.130859
"2020-03-20",22805.070313
"2020-03-23",21696.130859
"2020-03-24",22663.490234
"2020-03-25",23527.189453
"2020-03-26",23352.339844
"2020-03-27",23484.279297
"2020-03-30",23175.109375
"2020-03-31",23603.480469
"2020-04-01",23085.789063
"2020-04-02",23280.060547
"2020-04-03",23236.109375
"2020-04-06",23749.119141
"2020-04-07",24253.289063
"2020-04-08",23970.369141
"2020-04-09",24300.330078
"2020-04-14",24435.400391
"2020-04-15",24145.339844
"2020-04-16",24006.449219
"2020-04-17",24380
"2020-04-20",24330.019531
"2020-04-21",23793.550781
"2020-04-22",23893.359375
"2020-04-23",23977.320313
"2020-04-24",23831.330078
"2020-04-27",24280.140625
"2020-04-28",24575.960938
"2020-04-29",24643.589844
"2020-05-04",23613.800781
"2020-05-05",23868.660156
"2020-05-06",24137.480469
"2020-05-07",23980.630859
"2020-05-08",24230.169922
"2020-05-11",24602.060547
"2020-05-12",24245.679688
"2020-05-13",24180.300781
"2020-05-14",23829.740234
"2020-05-15",23797.470703
"2020-05-18",23934.769531
"2020-05-19",24388.130859
"2020-05-20",24399.949219
"2020-05-21",24280.029297
"2020-05-22",22930.140625
"2020-05-25",22952.240234
"2020-05-26",23384.660156
"2020-05-27",23301.359375
"2020-05-28",23132.759766
"2020-05-29",22961.470703
"2020-06-01",23732.519531
"2020-06-02",23995.939453
"2020-06-03",24325.619141
"2020-06-04",24366.300781
"2020-06-05",24770.410156
"2020-06-08",24776.769531
"2020-06-09",25057.220703
"2020-06-10",25049.730469
"2020-06-11",24480.150391
"2020-06-12",24301.380859
"2020-06-15",23776.949219
"2020-06-16",24344.089844
"2020-06-17",24481.410156
"2020-06-18",24464.939453
"2020-06-19",24643.890625
"2020-06-22",24511.339844
"2020-06-23",24907.339844
"2020-06-24",24781.580078
"2020-06-26",24549.990234
"2020-06-29",24301.279297
"2020-06-30",24427.189453
"2020-07-02",25124.189453
"2020-07-03",25373.119141
"2020-07-06",26339.160156
"2020-07-07",25975.660156
"2020-07-08",26129.179688
"2020-07-09",26210.160156
"2020-07-10",25727.410156
"2020-07-13",25772.119141
"2020-07-14",25477.890625
"2020-07-15",25481.580078
"2020-07-16",24970.689453
"2020-07-17",25089.169922
"2020-07-20",25057.990234
"2020-07-21",25635.660156
"2020-07-22",25057.939453
"2020-07-23",25263
"2020-07-24",24705.330078
"2020-07-27",24603.259766
"2020-07-28",24772.759766
"2020-07-29",24883.140625
"2020-07-30",24710.589844
"2020-07-31",24595.349609
"2020-08-03",24458.130859
"2020-08-04",24946.630859
"2020-08-05",25102.539063
"2020-08-06",24930.580078
"2020-08-07",24531.619141
"2020-08-10",24377.429688
"2020-08-11",24890.679688
"2020-08-12",25244.019531
"2020-08-13",25230.669922
"2020-08-14",25183.009766
"2020-08-17",25347.339844
"2020-08-18",25367.380859
"2020-08-19",25178.910156
"2020-08-20",24791.390625
"2020-08-21",25113.839844
"2020-08-24",25551.580078
"2020-08-25",25486.220703
"2020-08-26",25491.789063
"2020-08-27",25281.150391
"2020-08-28",25422.060547
"2020-08-31",25177.050781
"2020-09-01",25184.849609
"2020-09-02",25120.089844
"2020-09-03",25007.599609
"2020-09-04",24695.449219
"2020-09-07",24589.650391
"2020-09-08",24624.339844
"2020-09-09",24468.929688
"2020-09-10",24313.539063
"2020-09-11",24503.310547
"2020-09-14",24640.279297
"2020-09-15",24732.759766
"2020-09-16",24725.630859
"2020-09-17",24340.849609
"2020-09-18",24455.410156
"2020-09-21",23950.689453
"2020-09-22",23716.849609
"2020-09-23",23742.509766
"2020-09-24",23311.070313
"2020-09-25",23235.419922
"2020-09-28",23476.050781
"2020-09-29",23275.529297
"2020-09-30",23459.050781
"2020-10-05",23767.779297
"2020-10-06",23980.650391
"2020-10-07",24242.859375
"2020-10-08",24193.349609
"2020-10-09",24119.130859
"2020-10-12",24649.679688
"2020-10-14",24667.089844
"2020-10-15",24158.539063
"2020-10-16",24386.789063
"2020-10-19",24542.259766
"2020-10-20",24569.539063
"2020-10-21",24754.419922
"2020-10-22",24786.130859
"2020-10-23",24918.779297
"2020-10-27",24787.189453
"2020-10-28",24708.800781
"2020-10-29",24586.599609
"2020-10-30",24107.419922
"2020-11-02",24460.009766
"2020-11-03",24939.730469
"2020-11-04",24886.140625
"2020-11-05",25695.919922
"2020-11-06",25712.970703
"2020-11-09",26016.169922
"2020-11-10",26301.480469
"2020-11-11",26226.980469
"2020-11-12",26169.380859
"2020-11-13",26156.859375
"2020-11-16",26381.669922
"2020-11-17",26415.089844
"2020-11-18",26544.289063
"2020-11-19",26356.970703
"2020-11-20",26451.539063
"2020-11-23",26486.199219
"2020-11-24",26588.199219
"2020-11-25",26669.75
"2020-11-26",26819.449219
"2020-11-27",26894.679688
"2020-11-30",26341.490234
"2020-12-01",26567.679688
"2020-12-02",26532.580078
"2020-12-03",26728.5
"2020-12-04",26835.919922
"2020-12-07",26506.849609
"2020-12-08",26304.560547
"2020-12-09",26502.839844
"2020-12-10",26410.589844
"2020-12-11",26505.869141
"2020-12-14",26389.519531
"2020-12-15",26207.289063
"2020-12-16",26460.289063
"2020-12-17",26678.380859
"2020-12-18",26498.599609
"2020-12-21",26306.679688
"2020-12-22",26119.25
"2020-12-23",26343.099609
"2020-12-24",26386.560547
"2020-12-28",26314.630859
"2020-12-29",26568.490234
"2020-12-30",27147.109375
"2020-12-31",27231.130859
"2021-01-04",27472.810547
"2021-01-05",27649.859375
"2021-01-06",27692.300781
"2021-01-07",27548.519531
"2021-01-08",27878.220703
"2021-01-11",27908.220703
"2021-01-12",28276.75
"2021-01-13",28235.599609
"2021-01-14",28496.859375
"2021-01-15",28573.859375
"2021-01-18",28862.769531
"2021-01-19",29642.279297
"2021-01-20",29962.470703
"2021-01-21",29927.759766
"2021-01-22",29447.849609
"2021-01-25",30159.009766
"2021-01-26",29391.259766
"2021-01-27",29297.529297
"2021-01-28",28550.769531
"2021-01-29",28283.710938
"2021-02-01",28892.859375
"2021-02-02",29248.699219
"2021-02-03",29307.460938
"2021-02-04",29113.5
"2021-02-05",29288.679688
"2021-02-08",29319.470703
"2021-02-09",29476.189453
"2021-02-10",30038.720703
"2021-02-11",30173.570313
"2021-02-16",30746.660156
"2021-02-17",31084.939453
"2021-02-18",30595.269531
"2021-02-19",30644.730469
"2021-02-22",30319.830078
"2021-02-23",30632.640625
"2021-02-24",29718.240234
"2021-02-25",30074.169922
"2021-02-26",28980.210938
"2021-03-01",29452.570313
"2021-03-02",29095.859375
"2021-03-03",29880.419922
"2021-03-04",29236.789063
"2021-03-05",29098.289063
"2021-03-08",28540.830078
"2021-03-09",28773.230469
"2021-03-10",28907.519531
