"Index","IBEX.Close"
"2010-01-04",12145.099609
"2010-01-05",12204.400391
"2010-01-06",12222.5
"2010-01-07",12166.299805
"2010-01-08",12163
"2010-01-11",12074.5
"2010-01-12",11966.099609
"2010-01-13",11958.299805
"2010-01-14",11999.799805
"2010-01-15",11845
"2010-01-18",11870.700195
"2010-01-19",12022.599609
"2010-01-20",11709
"2010-01-21",11444
"2010-01-22",11373.400391
"2010-01-25",11249.299805
"2010-01-26",11347.299805
"2010-01-27",11042.200195
"2010-01-28",10829.299805
"2010-01-29",10947.700195
"2010-02-01",10995.200195
"2010-02-02",11140.900391
"2010-02-03",10888.400391
"2010-02-04",10241.700195
"2010-02-05",10103.299805
"2010-02-08",10206.299805
"2010-02-09",10275.400391
"2010-02-10",10455
"2010-02-11",10281.700195
"2010-02-12",10224.900391
"2010-02-15",10293.599609
"2010-02-16",10393.900391
"2010-02-17",10498.599609
"2010-02-18",10574.200195
"2010-02-19",10676.700195
"2010-02-22",10570.5
"2010-02-23",10312.900391
"2010-02-24",10254
"2010-02-25",10126.200195
"2010-02-26",10333.599609
"2010-03-01",10434.900391
"2010-03-02",10521.5
"2010-03-03",10664.5
"2010-03-04",10745.299805
"2010-03-05",11019.799805
"2010-03-08",11078.299805
"2010-03-09",11002.799805
"2010-03-10",11121
"2010-03-11",11045.400391
"2010-03-12",11077
"2010-03-15",10957.799805
"2010-03-16",11059.299805
"2010-03-17",11166.799805
"2010-03-18",11073.5
"2010-03-19",10990.799805
"2010-03-22",10861.900391
"2010-03-23",10996.200195
"2010-03-24",10866.299805
"2010-03-25",11091.400391
"2010-03-26",11071.099609
"2010-03-29",11091
"2010-03-30",10980.700195
"2010-03-31",10871.299805
"2010-04-01",11067.900391
"2010-04-06",11160.599609
"2010-04-07",11191.299805
"2010-04-08",11076.299805
"2010-04-09",11394.200195
"2010-04-12",11460.799805
"2010-04-13",11461
"2010-04-14",11503.700195
"2010-04-15",11523.5
"2010-04-16",11259.700195
"2010-04-19",11199.5
"2010-04-20",11305.599609
"2010-04-21",11064.700195
"2010-04-22",10821.900391
"2010-04-23",10918.200195
"2010-04-26",10939.299805
"2010-04-27",10480.900391
"2010-04-28",10167
"2010-04-29",10441
"2010-04-30",10492.200195
"2010-05-03",10422.799805
"2010-05-04",9859.099609
"2010-05-05",9635.200195
"2010-05-06",9352.599609
"2010-05-07",9046.099609
"2010-05-10",10351.900391
"2010-05-11",10008.599609
"2010-05-12",10089.799805
"2010-05-13",9977.5
"2010-05-14",9314.700195
"2010-05-17",9286.099609
"2010-05-18",9627.599609
"2010-05-19",9376.5
"2010-05-20",9270.5
"2010-05-21",9407.299805
"2010-05-24",9287.900391
"2010-05-25",9004.400391
"2010-05-26",9042.599609
"2010-05-27",9334.900391
"2010-05-28",9425.5
"2010-05-31",9359.400391
"2010-06-01",9299.700195
"2010-06-02",9268
"2010-06-03",9276.200195
"2010-06-04",8923.400391
"2010-06-07",8795.299805
"2010-06-08",8669.799805
"2010-06-09",8868.700195
"2010-06-10",9198.200195
"2010-06-11",9561.700195
"2010-06-14",9584
"2010-06-15",9742
"2010-06-16",9683.299805
"2010-06-17",9755.099609
"2010-06-18",9971.799805
"2010-06-21",10071.900391
"2010-06-22",10016.099609
"2010-06-23",9886
"2010-06-24",9586.5
"2010-06-25",9535
"2010-06-28",9688.5
"2010-06-29",9160.400391
"2010-06-30",9263.400391
"2010-07-01",9178.200195
"2010-07-02",9250.799805
"2010-07-05",9281.5
"2010-07-06",9615
"2010-07-07",9987.400391
"2010-07-08",10080.5
"2010-07-09",10127.299805
"2010-07-12",10058.200195
"2010-07-13",10259.5
"2010-07-14",10278.5
"2010-07-15",10160.200195
"2010-07-16",9991.700195
"2010-07-19",9929.799805
"2010-07-20",10061.299805
"2010-07-21",10040.799805
"2010-07-22",10302.900391
"2010-07-23",10388.200195
"2010-07-26",10506.700195
"2010-07-27",10645
"2010-07-28",10643.900391
"2010-07-29",10659.5
"2010-07-30",10499.799805
"2010-08-02",10835.400391
"2010-08-03",10871.400391
"2010-08-04",10843.299805
"2010-08-05",10840
"2010-08-06",10651.099609
"2010-08-09",10812.599609
"2010-08-10",10718.5
"2010-08-11",10374.799805
"2010-08-12",10342.400391
"2010-08-13",10275.799805
"2010-08-16",10258.299805
"2010-08-17",10369.5
"2010-08-18",10391
"2010-08-19",10238
"2010-08-20",10094.299805
"2010-08-23",10221.200195
"2010-08-24",10052.299805
"2010-08-25",9894
"2010-08-26",10004.400391
"2010-08-27",10148.200195
"2010-08-30",10136
"2010-08-31",10187
"2010-09-01",10544.799805
"2010-09-02",10537.599609
"2010-09-03",10599.400391
"2010-09-06",10622.700195
"2010-09-07",10479.099609
"2010-09-08",10586.200195
"2010-09-09",10712.900391
"2010-09-10",10689.599609
"2010-09-13",10765.200195
"2010-09-14",10806.599609
"2010-09-15",10751.799805
"2010-09-16",10716.799805
"2010-09-17",10588.599609
"2010-09-20",10743.099609
"2010-09-21",10762.5
"2010-09-22",10555.200195
"2010-09-23",10501.5
"2010-09-24",10727.599609
"2010-09-27",10613
"2010-09-28",10590.700195
"2010-09-29",10486.799805
"2010-09-30",10514.5
"2010-10-01",10450.099609
"2010-10-04",10383
"2010-10-05",10651.200195
"2010-10-06",10700.200195
"2010-10-07",10740.299805
"2010-10-08",10720.799805
"2010-10-11",10700.799805
"2010-10-12",10648.200195
"2010-10-13",10866.099609
"2010-10-14",10849.700195
"2010-10-15",10868.200195
"2010-10-18",10897.700195
"2010-10-19",10895.299805
"2010-10-20",10896.900391
"2010-10-21",10892.299805
"2010-10-22",10924.799805
"2010-10-25",10870.299805
"2010-10-26",10797.799805
"2010-10-27",10700.099609
"2010-10-28",10753.5
"2010-10-29",10812.900391
"2010-11-01",10649.5
"2010-11-02",10762.099609
"2010-11-03",10569.5
"2010-11-04",10602.799805
"2010-11-05",10428.099609
"2010-11-08",10291.799805
"2010-11-09",10409.799805
"2010-11-10",10235.400391
"2010-11-11",10149.5
"2010-11-12",10226.799805
"2010-11-15",10349.700195
"2010-11-16",10095.400391
"2010-11-17",10189.299805
"2010-11-18",10325.299805
"2010-11-19",10271.700195
"2010-11-22",9996.400391
"2010-11-23",9691.799805
"2010-11-24",9742.599609
"2010-11-25",9721.799805
"2010-11-26",9547.200195
"2010-11-29",9324.700195
"2010-11-30",9267.200195
"2010-12-01",9678.400391
"2010-12-02",9947.599609
"2010-12-03",10014.799805
"2010-12-06",9889.900391
"2010-12-07",9924.700195
"2010-12-08",10078.400391
"2010-12-09",10185.5
"2010-12-10",10121.900391
"2010-12-13",10151.200195
"2010-12-14",10162.700195
"2010-12-15",10009.799805
"2010-12-16",10010.299805
"2010-12-17",9898.099609
"2010-12-20",9996.099609
"2010-12-21",10203.400391
"2010-12-22",10183.5
"2010-12-23",10106.900391
"2010-12-27",9899
"2010-12-28",9903.5
"2010-12-29",9981.5
"2010-12-30",9859.099609
"2011-01-03",9888.299805
"2011-01-04",9888.400391
"2011-01-05",9801.400391
"2011-01-06",9702.700195
"2011-01-07",9560.700195
"2011-01-10",9437.799805
"2011-01-11",9582.099609
"2011-01-12",10101.200195
"2011-01-13",10370.799805
"2011-01-14",10385.099609
"2011-01-17",10280
"2011-01-18",10583.400391
"2011-01-19",10556.5
"2011-01-20",10636.900391
"2011-01-21",10829.099609
"2011-01-24",10815.400391
"2011-01-25",10664.400391
"2011-01-26",10670.700195
"2011-01-27",10828.700195
"2011-01-28",10747
"2011-01-31",10806
"2011-02-01",10967.900391
"2011-02-02",11010.200195
"2011-02-03",10860.700195
"2011-02-04",10854.700195
"2011-02-07",10922.599609
"2011-02-08",10965.099609
"2011-02-09",10935.599609
"2011-02-10",10791.900391
"2011-02-11",10803.599609
"2011-02-14",10774.700195
"2011-02-15",10826.200195
"2011-02-16",11047.799805
"2011-02-17",11113
"2011-02-18",11068.099609
"2011-02-21",10810.5
"2011-02-22",10701.900391
"2011-02-23",10633.400391
"2011-02-24",10647.599609
"2011-02-25",10822.700195
"2011-02-28",10850.799805
"2011-03-01",10761.900391
"2011-03-02",10643.799805
"2011-03-03",10566.900391
"2011-03-04",10498.700195
"2011-03-07",10495.700195
"2011-03-08",10568.700195
"2011-03-09",10559.5
"2011-03-10",10435.599609
"2011-03-11",10398.400391
"2011-03-14",10415.900391
"2011-03-15",10329.700195
"2011-03-16",10092.599609
"2011-03-17",10325.599609
"2011-03-18",10328.400391
"2011-03-21",10574.400391
"2011-03-22",10576.099609
"2011-03-23",10638
"2011-03-24",10755.599609
"2011-03-25",10710.400391
"2011-03-28",10751
"2011-03-29",10735
"2011-03-30",10732.299805
"2011-03-31",10576.5
"2011-04-01",10729.900391
"2011-04-04",10756.099609
"2011-04-05",10678.599609
"2011-04-06",10845.099609
"2011-04-07",10849.099609
"2011-04-08",10913.200195
"2011-04-11",10878.299805
"2011-04-12",10784.5
"2011-04-13",10786
"2011-04-14",10622.700195
"2011-04-15",10558.599609
"2011-04-18",10344.900391
"2011-04-19",10376.5
"2011-04-20",10535.400391
"2011-04-21",10584.099609
"2011-04-26",10650.599609
"2011-04-27",10740.900391
"2011-04-28",10867.799805
"2011-04-29",10878.900391
"2011-05-02",10877.299805
"2011-05-03",10825.599609
"2011-05-04",10712.599609
"2011-05-05",10627.299805
"2011-05-06",10610.5
"2011-05-09",10396.299805
"2011-05-10",10474.400391
"2011-05-11",10531.5
"2011-05-12",10487.599609
"2011-05-13",10356.5
"2011-05-16",10363.900391
"2011-05-17",10306.400391
"2011-05-18",10343.700195
"2011-05-19",10376.799805
"2011-05-20",10226.599609
"2011-05-23",10082.700195
"2011-05-24",10115.900391
"2011-05-25",10217.400391
"2011-05-26",10203.200195
"2011-05-27",10261.200195
"2011-05-30",10257.599609
"2011-05-31",10476
"2011-06-01",10339.299805
"2011-06-02",10261
"2011-06-03",10285.700195
"2011-06-06",10157.700195
"2011-06-07",10168.099609
"2011-06-08",10082.5
"2011-06-09",10121.700195
"2011-06-10",9950.799805
"2011-06-13",9946.200195
"2011-06-14",10132.599609
"2011-06-15",9933.099609
"2011-06-16",9918.5
"2011-06-17",10135.200195
"2011-06-20",10038.099609
"2011-06-21",10231.900391
"2011-06-22",10226.200195
"2011-06-23",9942.599609
"2011-06-24",9812.700195
"2011-06-27",9872.200195
"2011-06-28",9936.700195
"2011-06-29",10143.599609
"2011-06-30",10359.900391
"2011-07-01",10492
"2011-07-04",10468
"2011-07-05",10330.099609
"2011-07-06",10204.5
"2011-07-07",10196.200195
"2011-07-08",9938.200195
"2011-07-11",9670.599609
"2011-07-12",9603.400391
"2011-07-13",9666.900391
"2011-07-14",9598.599609
"2011-07-15",9484.200195
"2011-07-18",9347.799805
"2011-07-19",9443.799805
"2011-07-20",9732.799805
"2011-07-21",10017.599609
"2011-07-22",10059.299805
"2011-07-25",9866.200195
"2011-07-26",9833.400391
"2011-07-27",9643.299805
"2011-07-28",9657
"2011-07-29",9630.700195
"2011-08-01",9318.200195
"2011-08-02",9114.900391
"2011-08-03",9037.700195
"2011-08-04",8686.5
"2011-08-05",8671.200195
"2011-08-08",8459.400391
"2011-08-09",8428.900391
"2011-08-10",7966
"2011-08-11",8249.400391
"2011-08-12",8647.299805
"2011-08-15",8709
"2011-08-16",8674.299805
"2011-08-17",8728.200195
"2011-08-18",8317.700195
"2011-08-19",8141.899902
"2011-08-22",8293.900391
"2011-08-23",8279.799805
"2011-08-24",8369.099609
"2011-08-25",8299.099609
"2011-08-26",8185.5
"2011-08-29",8395
"2011-08-30",8444.799805
"2011-08-31",8718.599609
"2011-09-01",8761.099609
"2011-09-02",8463.5
"2011-09-05",8066.5
"2011-09-06",7936.399902
"2011-09-07",8156.600098
"2011-09-08",8277.799805
"2011-09-09",7910.200195
"2011-09-12",7640.700195
"2011-09-13",7834.200195
"2011-09-14",8045.700195
"2011-09-15",8337.900391
"2011-09-16",8388.400391
"2011-09-19",8222.700195
"2011-09-20",8362.200195
"2011-09-21",8210.299805
"2011-09-22",7830.799805
"2011-09-23",7996.899902
"2011-09-26",8201.700195
"2011-09-27",8531.900391
"2011-09-28",8480.200195
"2011-09-29",8592.5
"2011-09-30",8546.599609
"2011-10-03",8353.799805
"2011-10-04",8225.400391
"2011-10-05",8477.299805
"2011-10-06",8704.799805
"2011-10-07",8798.400391
"2011-10-10",8892.400391
"2011-10-11",8845.5
"2011-10-12",9026.5
"2011-10-13",8943.5
"2011-10-14",8975.5
"2011-10-17",8864.299805
"2011-10-18",8811.299805
"2011-10-19",8849.5
"2011-10-20",8608.200195
"2011-10-21",8853
"2011-10-24",8957.099609
"2011-10-25",8879.599609
"2011-10-26",8832.5
"2011-10-27",9270.5
"2011-10-28",9224.400391
"2011-10-31",8954.900391
"2011-11-01",8579.599609
"2011-11-02",8574.5
"2011-11-03",8712.599609
"2011-11-04",8596.400391
"2011-11-07",8476.400391
"2011-11-08",8518.5
"2011-11-09",8340.599609
"2011-11-10",8310.900391
"2011-11-11",8556.099609
"2011-11-14",8372.200195
"2011-11-15",8237.599609
"2011-11-16",8304.099609
"2011-11-17",8270.599609
"2011-11-18",8310.099609
"2011-11-21",8021
"2011-11-22",7904.899902
"2011-11-23",7739.299805
"2011-11-24",7721.799805
"2011-11-25",7763.5
"2011-11-28",8119.899902
"2011-11-29",8128
"2011-11-30",8449.5
"2011-12-01",8421
"2011-12-02",8558.599609
"2011-12-05",8705.799805
"2011-12-06",8712.799805
"2011-12-07",8644.299805
"2011-12-08",8461.200195
"2011-12-09",8649.700195
"2011-12-12",8381
"2011-12-13",8327.799805
"2011-12-14",8182
"2011-12-15",8250.400391
"2011-12-16",8203.400391
"2011-12-19",8253
"2011-12-20",8454.400391
"2011-12-21",8378.400391
"2011-12-22",8462.900391
"2011-12-23",8542.700195
"2011-12-27",8529.599609
"2011-12-28",8358.400391
"2011-12-29",8487.900391
"2011-12-30",8566.299805
"2012-01-02",NA
"2012-01-03",8732.400391
"2012-01-04",8581.799805
"2012-01-05",8329.599609
"2012-01-06",8289.099609
"2012-01-09",8278.900391
"2012-01-10",8472.900391
"2012-01-11",8426.799805
"2012-01-12",8427
"2012-01-13",8450.599609
"2012-01-16",8449.599609
"2012-01-17",8535.299805
"2012-01-18",8420.700195
"2012-01-19",8603.799805
"2012-01-20",8561.900391
"2012-01-23",8619.599609
"2012-01-24",8591.400391
"2012-01-25",8555.400391
"2012-01-26",8713.799805
"2012-01-27",8657.299805
"2012-01-30",8517
"2012-01-31",8509.200195
"2012-02-01",8696.599609
"2012-02-02",8772.299805
"2012-02-03",8861.200195
"2012-02-06",8835.299805
"2012-02-07",8846.900391
"2012-02-08",8849.299805
"2012-02-09",8902.099609
"2012-02-10",8797.099609
"2012-02-13",8788.299805
"2012-02-14",8771.900391
"2012-02-15",8741.599609
"2012-02-16",8558.099609
"2012-02-17",8657
"2012-02-20",8818.099609
"2012-02-21",8767.099609
"2012-02-22",8657
"2012-02-23",8527.700195
"2012-02-24",8527.700195
"2012-02-27",8537.200195
"2012-02-28",8526.700195
"2012-02-29",8465.900391
"2012-03-01",8547.700195
"2012-03-02",8563.400391
"2012-03-05",8453.5
"2012-03-06",8166.600098
"2012-03-07",8161.799805
"2012-03-08",8307.400391
"2012-03-09",8282.700195
"2012-03-12",8180.200195
"2012-03-13",8376.799805
"2012-03-14",8391.099609
"2012-03-15",8426.700195
"2012-03-16",8486.299805
"2012-03-19",8591.799805
"2012-03-20",8567.5
"2012-03-21",8490.900391
"2012-03-22",8353.599609
"2012-03-23",8281.799805
"2012-03-26",8224.700195
"2012-03-27",8140.299805
"2012-03-28",7980.799805
"2012-03-29",7911
"2012-03-30",8008
"2012-04-02",8042.799805
"2012-04-03",7824.5
"2012-04-04",7660.700195
"2012-04-05",7660.5
"2012-04-10",7433.600098
"2012-04-11",7576.700195
"2012-04-12",7520
"2012-04-13",7250.600098
"2012-04-16",7209.100098
"2012-04-17",7373.299805
"2012-04-18",7079.200195
"2012-04-19",6908.100098
"2012-04-20",7040.600098
"2012-04-23",6846.600098
"2012-04-24",6999.899902
"2012-04-25",7118.899902
"2012-04-26",7027.100098
"2012-04-27",7145.799805
"2012-04-30",7011
"2012-05-02",6831.899902
"2012-05-03",6851.899902
"2012-05-04",6876
"2012-05-07",7063.200195
"2012-05-08",7006.899902
"2012-05-09",6812.700195
"2012-05-10",7045.700195
"2012-05-11",6995.600098
"2012-05-14",6809.399902
"2012-05-15",6700.700195
"2012-05-16",6611.5
"2012-05-17",6537.899902
"2012-05-18",6566.700195
"2012-05-21",6524
"2012-05-22",6661.299805
"2012-05-23",6440.5
"2012-05-24",6534.399902
"2012-05-25",6543
"2012-05-28",6401.200195
"2012-05-29",6251.700195
"2012-05-30",6090.399902
"2012-05-31",6089.799805
"2012-06-01",6065
"2012-06-04",6239.5
"2012-06-05",6267.799805
"2012-06-06",6418.899902
"2012-06-07",6438.100098
"2012-06-08",6552
"2012-06-11",6516.399902
"2012-06-12",6522.5
"2012-06-13",6615.299805
"2012-06-14",6696
"2012-06-15",6719
"2012-06-18",6519.899902
"2012-06-19",6693.899902
"2012-06-20",6796.100098
"2012-06-21",6773.5
"2012-06-22",6876.299805
"2012-06-25",6624
"2012-06-26",6528.399902
"2012-06-27",6666.899902
"2012-06-28",6721.700195
"2012-06-29",7102.200195
"2012-07-02",7124
"2012-07-03",7219.5
"2012-07-04",7168.5
"2012-07-05",6954.200195
"2012-07-06",6738.899902
"2012-07-09",6688.299805
"2012-07-10",6726.899902
"2012-07-11",6805.899902
"2012-07-12",6630.100098
"2012-07-13",6664.600098
"2012-07-16",6532.100098
"2012-07-17",6558.200195
"2012-07-18",6591.200195
"2012-07-19",6632.600098
"2012-07-20",6246.299805
"2012-07-23",6177.399902
"2012-07-24",5956.299805
"2012-07-25",6004.899902
"2012-07-26",6368.799805
"2012-07-27",6617.600098
"2012-07-30",6801.799805
"2012-07-31",6738.100098
"2012-08-01",6720
"2012-08-02",6373.399902
"2012-08-03",6755.700195
"2012-08-06",7053.600098
"2012-08-07",7211.100098
"2012-08-08",7150.200195
"2012-08-09",7110.200195
"2012-08-10",7047.700195
"2012-08-13",7069.600098
"2012-08-14",7124.799805
"2012-08-15",7128.899902
"2012-08-16",7417.299805
"2012-08-17",7561
"2012-08-20",7469.600098
"2012-08-21",7544.5
"2012-08-22",7340.700195
"2012-08-23",7282.899902
"2012-08-24",7310.299805
"2012-08-27",7398.899902
"2012-08-28",7333.5
"2012-08-29",7306
"2012-08-30",7195
"2012-08-31",7420.5
"2012-09-03",7434.200195
"2012-09-04",7488.200195
"2012-09-05",7494
"2012-09-06",7862
"2012-09-07",7882.799805
"2012-09-10",7857.700195
"2012-09-11",7930.399902
"2012-09-12",7992.100098
"2012-09-13",7935.899902
"2012-09-14",8154.5
"2012-09-17",8148
"2012-09-18",8058.299805
"2012-09-19",8098.799805
"2012-09-20",8022.100098
"2012-09-21",8230.700195
"2012-09-24",8138.399902
"2012-09-25",8175
"2012-09-26",7854.399902
"2012-09-27",7842.299805
"2012-09-28",7708.5
"2012-10-01",7784.100098
"2012-10-02",7867.100098
"2012-10-03",7826.700195
"2012-10-04",7812.799805
"2012-10-05",7954.399902
"2012-10-08",7891
"2012-10-09",7745.399902
"2012-10-10",7668
"2012-10-11",7734.700195
"2012-10-12",7652.399902
"2012-10-15",7678.5
"2012-10-16",7940.200195
"2012-10-17",8128.200195
"2012-10-18",8100.299805
"2012-10-19",7913.399902
"2012-10-22",7877.100098
"2012-10-23",7747.700195
"2012-10-24",7791.5
"2012-10-25",7779.200195
"2012-10-26",7775.600098
"2012-10-29",7728.600098
"2012-10-30",7833.899902
"2012-10-31",7842.899902
"2012-11-01",7886.399902
"2012-11-02",7968.899902
"2012-11-05",7818.600098
"2012-11-06",7837.600098
"2012-11-07",7660.700195
"2012-11-08",7624.100098
"2012-11-09",7636.600098
"2012-11-12",7567.799805
"2012-11-13",7693.399902
"2012-11-14",7673
"2012-11-15",7695.5
"2012-11-16",7588.200195
"2012-11-19",7763.799805
"2012-11-20",7778.700195
"2012-11-21",7805.399902
"2012-11-22",7875.600098
"2012-11-23",7909.600098
"2012-11-26",7874.799805
"2012-11-27",7863.700195
"2012-11-28",7837.600098
"2012-11-29",7973.700195
"2012-11-30",7934.600098
"2012-12-03",7889.200195
"2012-12-04",7902.399902
"2012-12-05",7883.200195
"2012-12-06",7910.799805
"2012-12-07",7848.5
"2012-12-10",7804.399902
"2012-12-11",7920.899902
"2012-12-12",7986.799805
"2012-12-13",8017.100098
"2012-12-14",8024.100098
"2012-12-17",8040.299805
"2012-12-18",8168.799805
"2012-12-19",8264.200195
"2012-12-20",8264.200195
"2012-12-21",8291
"2012-12-24",8299.5
"2012-12-27",8280.900391
"2012-12-28",8131
"2012-12-31",8167.5
"2013-01-02",8447.599609
"2013-01-03",8403.400391
"2013-01-04",8435.799805
"2013-01-07",8419
"2013-01-08",8453
"2013-01-09",8606.400391
"2013-01-10",8618.900391
"2013-01-11",8664.700195
"2013-01-14",8632.099609
"2013-01-15",8601
"2013-01-16",8581.099609
"2013-01-17",8628.900391
"2013-01-18",8604
"2013-01-21",8665.900391
"2013-01-22",8632.099609
"2013-01-23",8613.299805
"2013-01-24",8665.599609
"2013-01-25",8724.599609
"2013-01-28",8672.5
"2013-01-29",8643
"2013-01-30",8571.900391
"2013-01-31",8362.299805
"2013-02-01",8229.700195
"2013-02-04",7919.600098
"2013-02-05",8093.600098
"2013-02-06",8056.200195
"2013-02-07",8014.600098
"2013-02-08",8174.899902
"2013-02-11",8078.600098
"2013-02-12",8234.700195
"2013-02-13",8306.200195
"2013-02-14",8247.400391
"2013-02-15",8150.200195
"2013-02-18",8108.899902
"2013-02-19",8225.299805
"2013-02-20",8163
"2013-02-21",8014.5
"2013-02-22",8179
"2013-02-25",8244.5
"2013-02-26",7980.700195
"2013-02-27",8136.700195
"2013-02-28",8230.299805
"2013-03-01",8187.100098
"2013-03-04",8246.299805
"2013-03-05",8423.299805
"2013-03-06",8358.900391
"2013-03-07",8389.099609
"2013-03-08",8628.099609
"2013-03-11",8554.400391
"2013-03-12",8532.299805
"2013-03-13",8498.299805
"2013-03-14",8657.900391
"2013-03-15",8619.099609
"2013-03-18",8507.799805
"2013-03-19",8321
"2013-03-20",8416.299805
"2013-03-21",8351.200195
"2013-03-22",8329.5
"2013-03-25",8140.600098
"2013-03-26",7990.5
"2013-03-27",7900.399902
"2013-03-28",7920
"2013-04-02",8050.399902
"2013-04-03",7904.299805
"2013-04-04",7847.899902
"2013-04-05",7798.399902
"2013-04-08",7787.100098
"2013-04-09",7872.5
"2013-04-10",8136.399902
"2013-04-11",8159.5
"2013-04-12",8040.399902
"2013-04-15",8014.100098
"2013-04-16",7948.700195
"2013-04-17",7803
"2013-04-18",7812.5
"2013-04-19",7915.5
"2013-04-22",8027.700195
"2013-04-23",8289.299805
"2013-04-24",8389.299805
"2013-04-25",8365.099609
"2013-04-26",8297
"2013-04-29",8450.900391
"2013-04-30",8419
"2013-05-02",8406.400391
"2013-05-03",8544.799805
"2013-05-06",8503.799805
"2013-05-07",8544
"2013-05-08",8597
"2013-05-09",8572.700195
"2013-05-10",8544.5
"2013-05-13",8457.799805
"2013-05-14",8474.599609
"2013-05-15",8582.5
"2013-05-16",8542.299805
"2013-05-17",8582.400391
"2013-05-20",8515.200195
"2013-05-21",8464.5
"2013-05-22",8462.400391
"2013-05-23",8343.599609
"2013-05-24",8264.599609
"2013-05-27",8363.599609
"2013-05-28",8511.299805
"2013-05-29",8441.700195
"2013-05-30",8433.5
"2013-05-31",8320.599609
"2013-06-03",8284.400391
"2013-06-04",8363
"2013-06-05",8290.700195
"2013-06-06",8216.700195
"2013-06-07",8266.599609
"2013-06-10",8227.400391
"2013-06-11",8089.299805
"2013-06-12",8123.799805
"2013-06-13",8071.700195
"2013-06-14",8070.899902
"2013-06-17",8136.299805
"2013-06-18",8180.200195
"2013-06-19",8098.299805
"2013-06-20",7822.100098
"2013-06-21",7700.200195
"2013-06-24",7553.200195
"2013-06-25",7607.700195
"2013-06-26",7823
"2013-06-27",7844.399902
"2013-06-28",7762.700195
"2013-07-01",7907.100098
"2013-07-02",7886.600098
"2013-07-03",7763.799805
"2013-07-04",8002
"2013-07-05",7868.399902
"2013-07-08",8017.600098
"2013-07-09",8014.799805
"2013-07-10",7995
"2013-07-11",8030.700195
"2013-07-12",7844.700195
"2013-07-15",7855.100098
"2013-07-16",7798.200195
"2013-07-17",7812.700195
"2013-07-18",7957.299805
"2013-07-19",7943.200195
"2013-07-22",7966
"2013-07-23",8073.700195
"2013-07-24",8192.5
"2013-07-25",8282.099609
"2013-07-26",8353.599609
"2013-07-29",8376.099609
"2013-07-30",8456.5
"2013-07-31",8433.400391
"2013-08-01",8540.200195
"2013-08-02",8574
"2013-08-05",8560.799805
"2013-08-06",8529.5
"2013-08-07",8574.099609
"2013-08-08",8671.799805
"2013-08-09",8735.5
"2013-08-12",8717.700195
"2013-08-13",8758.5
"2013-08-14",8789.299805
"2013-08-15",8737.599609
"2013-08-16",8821.299805
"2013-08-19",8657.099609
"2013-08-20",8502.400391
"2013-08-21",8461.799805
"2013-08-22",8629.700195
"2013-08-23",8686.799805
"2013-08-26",8649.900391
"2013-08-27",8394
"2013-08-28",8398.099609
"2013-08-29",8432.099609
"2013-08-30",8290.5
"2013-09-02",8429.599609
"2013-09-03",8445.200195
"2013-09-04",8490.299805
"2013-09-05",8550
"2013-09-06",8655
"2013-09-09",8632.5
"2013-09-10",8801.599609
"2013-09-11",8875.200195
"2013-09-12",8924.200195
"2013-09-13",8941.599609
"2013-09-16",8999.5
"2013-09-17",8992
"2013-09-18",9062.5
"2013-09-19",9153.700195
"2013-09-20",9171.799805
"2013-09-23",9109.5
"2013-09-24",9167.599609
"2013-09-25",9242.900391
"2013-09-26",9272.400391
"2013-09-27",9228.400391
"2013-09-30",9186.099609
"2013-10-01",9341.5
"2013-10-02",9350
"2013-10-03",9295.700195
"2013-10-04",9420.900391
"2013-10-07",9381.900391
"2013-10-08",9318.900391
"2013-10-09",9439
"2013-10-10",9660.5
"2013-10-11",9668.5
"2013-10-14",9696
"2013-10-15",9805.299805
"2013-10-16",9879
"2013-10-17",9918
"2013-10-18",10001.799805
"2013-10-21",10037.799805
"2013-10-22",10012.900391
"2013-10-23",9828.299805
"2013-10-24",9915.400391
"2013-10-25",9815.5
"2013-10-28",9736.200195
"2013-10-29",9863.900391
"2013-10-30",9778.700195
"2013-10-31",9907.900391
"2013-11-01",9838.299805
"2013-11-04",9873.799805
"2013-11-05",9795.700195
"2013-11-06",9837.099609
"2013-11-07",9740.400391
"2013-11-08",9747.200195
"2013-11-11",9789.5
"2013-11-12",9707.599609
"2013-11-13",9675.200195
"2013-11-14",9708.700195
"2013-11-15",9695.900391
"2013-11-18",9783.099609
"2013-11-19",9629.799805
"2013-11-20",9559.5
"2013-11-21",9599.299805
"2013-11-22",9677.400391
"2013-11-25",9689.099609
"2013-11-26",9714.599609
"2013-11-27",9808.400391
"2013-11-28",9859.799805
"2013-11-29",9837.599609
"2013-12-02",9745.5
"2013-12-03",9605
"2013-12-04",9540.5
"2013-12-05",9392.099609
"2013-12-06",9400.5
"2013-12-09",9487.400391
"2013-12-10",9438.299805
"2013-12-11",9358.700195
"2013-12-12",9272.099609
"2013-12-13",9272.700195
"2013-12-16",9429.5
"2013-12-17",9343.400391
"2013-12-18",9443.599609
"2013-12-19",9617.099609
"2013-12-20",9689.900391
"2013-12-23",9758.400391
"2013-12-24",9819.5
"2013-12-27",9900.099609
"2013-12-30",9901.900391
"2013-12-31",9916.700195
"2014-01-02",9760.299805
"2014-01-03",9798
"2014-01-06",9888.5
"2014-01-07",10178.700195
"2014-01-08",10253.599609
"2014-01-09",10234.200195
"2014-01-10",10290.599609
"2014-01-13",10365.5
"2014-01-14",10382
"2014-01-15",10525
"2014-01-16",10455.5
"2014-01-17",10465.700195
"2014-01-20",10454.099609
"2014-01-21",10357.400391
"2014-01-22",10279.700195
"2014-01-23",10241.200195
"2014-01-24",9868.900391
"2014-01-27",9758.400391
"2014-01-28",9879.099609
"2014-01-29",9896.200195
"2014-01-30",9964.5
"2014-01-31",9920.200195
"2014-02-03",9725.400391
"2014-02-04",9754.299805
"2014-02-05",9775
"2014-02-06",9964.599609
"2014-02-07",10072.400391
"2014-02-10",9982.700195
"2014-02-11",10091.200195
"2014-02-12",10080.799805
"2014-02-13",10098.900391
"2014-02-14",10132.799805
"2014-02-17",10118.599609
"2014-02-18",10042.700195
"2014-02-19",10053.799805
"2014-02-20",10062.200195
"2014-02-21",10071
"2014-02-24",10193.099609
"2014-02-25",10242.5
"2014-02-26",10224.299805
"2014-02-27",10164.099609
"2014-02-28",10114.200195
"2014-03-03",9878.700195
"2014-03-04",10126.700195
"2014-03-05",10215.200195
"2014-03-06",10304
"2014-03-07",10164.200195
"2014-03-10",10194.599609
"2014-03-11",10163.299805
"2014-03-12",10070.400391
"2014-03-13",9950.299805
"2014-03-14",9812
"2014-03-17",9975
"2014-03-18",10051.400391
"2014-03-19",10093.299805
"2014-03-20",10079.900391
"2014-03-21",10053.099609
"2014-03-24",9913.099609
"2014-03-25",9990.5
"2014-03-26",10140.799805
"2014-03-27",10199
"2014-03-28",10328.900391
"2014-03-31",10340.5
"2014-04-01",10463.099609
"2014-04-02",10435.799805
"2014-04-03",10584.099609
"2014-04-04",10677.200195
"2014-04-07",10606.200195
"2014-04-08",10480.5
"2014-04-09",10485.200195
"2014-04-10",10336.099609
"2014-04-11",10205.400391
"2014-04-14",10188.200195
"2014-04-15",10103.5
"2014-04-16",10267.900391
"2014-04-17",10292.400391
"2014-04-22",10437.799805
"2014-04-23",10424.400391
"2014-04-24",10462
"2014-04-25",10306.200195
"2014-04-28",10320.900391
"2014-04-29",10461
"2014-04-30",10459
"2014-05-02",10474.5
"2014-05-05",10477
"2014-05-06",10481.400391
"2014-05-07",10413.799805
"2014-05-08",10591.200195
"2014-05-09",10487.200195
"2014-05-12",10567
"2014-05-13",10587.200195
"2014-05-14",10613.900391
"2014-05-15",10365
"2014-05-16",10478.700195
"2014-05-19",10425.5
"2014-05-20",10453.799805
"2014-05-21",10531.400391
"2014-05-22",10520.599609
"2014-05-23",10558.900391
"2014-05-26",10687.5
"2014-05-27",10714.200195
"2014-05-28",10757.200195
"2014-05-29",10734.799805
"2014-05-30",10798.700195
"2014-06-02",10827.400391
"2014-06-03",10776.700195
"2014-06-04",10755.599609
"2014-06-05",10876.400391
"2014-06-06",11064.299805
"2014-06-09",11164.099609
"2014-06-10",11153.5
"2014-06-11",11074.900391
"2014-06-12",11088.5
"2014-06-13",11113.700195
"2014-06-16",11008.200195
"2014-06-17",11058.5
"2014-06-18",11112.299805
"2014-06-19",11187.799805
"2014-06-20",11155.099609
"2014-06-23",11118.299805
"2014-06-24",11105.900391
"2014-06-25",10966.700195
"2014-06-26",10989
"2014-06-27",10959.900391
"2014-06-30",10923.5
"2014-07-01",11007.799805
"2014-07-02",11016.200195
"2014-07-03",11090
"2014-07-04",11009.400391
"2014-07-07",10888.5
"2014-07-08",10689.099609
"2014-07-09",10746.900391
"2014-07-10",10533.599609
"2014-07-11",10538.799805
"2014-07-14",10606.299805
"2014-07-15",10475.900391
"2014-07-16",10668.400391
"2014-07-17",10543.299805
"2014-07-18",10527
"2014-07-21",10482
"2014-07-22",10648.900391
"2014-07-23",10659.099609
"2014-07-24",10860.700195
"2014-07-25",10888.099609
"2014-07-28",10879.799805
"2014-07-29",10901.200195
"2014-07-30",10937.400391
"2014-07-31",10707.200195
"2014-08-01",10514
"2014-08-04",10496.200195
"2014-08-05",10353.799805
"2014-08-06",10246.200195
"2014-08-07",10078.599609
"2014-08-08",10104.799805
"2014-08-11",10193.5
"2014-08-12",10241.5
"2014-08-13",10304
"2014-08-14",10294.799805
"2014-08-15",10222.200195
"2014-08-18",10353.400391
"2014-08-19",10386.5
"2014-08-20",10420.900391
"2014-08-21",10556.400391
"2014-08-22",10500.200195
"2014-08-25",10690.099609
"2014-08-26",10826.900391
"2014-08-27",10837.400391
"2014-08-28",10722.200195
"2014-08-29",10728.799805
"2014-09-01",10746.5
"2014-09-02",10755
"2014-09-03",10886.799805
"2014-09-04",11100.099609
"2014-09-05",11148.900391
"2014-09-08",11102.599609
"2014-09-09",10951.599609
"2014-09-10",10937.799805
"2014-09-11",10886.299805
"2014-09-12",10888.900391
"2014-09-15",10841.299805
"2014-09-16",10798.700195
"2014-09-17",10907.400391
"2014-09-18",10991
"2014-09-19",11001.900391
"2014-09-22",10947.900391
"2014-09-23",10801.799805
"2014-09-24",10856.900391
"2014-09-25",10783.099609
"2014-09-26",10851.400391
"2014-09-29",10686
"2014-09-30",10825.5
"2014-10-01",10753.200195
"2014-10-02",10418.099609
"2014-10-03",10567.599609
"2014-10-06",10645.700195
"2014-10-07",10430.700195
"2014-10-08",10339
"2014-10-09",10273.700195
"2014-10-10",10150.5
"2014-10-13",10187.299805
"2014-10-14",10204.900391
"2014-10-15",9838.5
"2014-10-16",9669.700195
"2014-10-17",9956.799805
"2014-10-20",9915.200195
"2014-10-21",10152.099609
"2014-10-22",10249.900391
"2014-10-23",10333.700195
"2014-10-24",10339.299805
"2014-10-27",10195.200195
"2014-10-28",10394.799805
"2014-10-29",10247.799805
"2014-10-30",10263.700195
"2014-10-31",10477.799805
"2014-11-03",10374.400391
"2014-11-04",10154.400391
"2014-11-05",10276.900391
"2014-11-06",10261.799805
"2014-11-07",10126.299805
"2014-11-10",10273
"2014-11-11",10338.799805
"2014-11-12",10157.299805
"2014-11-13",10140.400391
"2014-11-14",10148
"2014-11-17",10309
"2014-11-18",10432.900391
"2014-11-19",10376.799805
"2014-11-20",10209.200195
"2014-11-21",10520.799805
"2014-11-24",10642.5
"2014-11-25",10699.599609
"2014-11-26",10647
"2014-11-27",10727.599609
"2014-11-28",10770.700195
"2014-12-01",10672.799805
"2014-12-02",10749.200195
"2014-12-03",10875.900391
"2014-12-04",10619.900391
"2014-12-05",10900.700195
"2014-12-08",10805.200195
"2014-12-09",10461.599609
"2014-12-10",10396.900391
"2014-12-11",10431.799805
"2014-12-12",10145
"2014-12-15",9903.900391
"2014-12-16",10081.900391
"2014-12-17",10049.5
"2014-12-18",10391.299805
"2014-12-19",10363.599609
"2014-12-22",10371
"2014-12-23",10477.700195
"2014-12-24",10481.799805
"2014-12-29",10394.200195
"2014-12-30",10279.200195
"2014-12-31",10279.5
"2015-01-02",10350.799805
"2015-01-05",9993.299805
"2015-01-06",9871.099609
"2015-01-07",9891.400391
"2015-01-08",10115
"2015-01-09",9719
"2015-01-12",9797.5
"2015-01-13",9966
"2015-01-14",9846
"2015-01-15",9982.5
"2015-01-16",10038.900391
"2015-01-19",10157.5
"2015-01-20",10283.900391
"2015-01-21",10335.299805
"2015-01-22",10510.599609
"2015-01-23",10581.5
"2015-01-26",10696.099609
"2015-01-27",10598.900391
"2015-01-28",10456.900391
"2015-01-29",10507.599609
"2015-01-30",10403.299805
"2015-02-02",10328.099609
"2015-02-03",10598.200195
"2015-02-04",10577.799805
"2015-02-05",10535.5
"2015-02-06",10573.099609
"2015-02-09",10364.900391
"2015-02-10",10500.099609
"2015-02-11",10364.799805
"2015-02-12",10562.200195
"2015-02-13",10739.5
"2015-02-16",10689.5
"2015-02-17",10698
"2015-02-18",10805.299805
"2015-02-19",10910.400391
"2015-02-20",10879.299805
"2015-02-23",10990.099609
"2015-02-24",11064.5
"2015-02-25",11049.5
"2015-02-26",11139.5
"2015-02-27",11178.299805
"2015-03-02",11178.5
"2015-03-03",11014.700195
"2015-03-04",11051.299805
"2015-03-05",11124.400391
"2015-03-06",11091.900391
"2015-03-09",11054.200195
"2015-03-10",10902.200195
"2015-03-11",11021.799805
"2015-03-12",11011.799805
"2015-03-13",11033.799805
"2015-03-16",11114.700195
"2015-03-17",11028.099609
"2015-03-18",11050
"2015-03-19",11091
"2015-03-20",11419.599609
"2015-03-23",11452.799805
"2015-03-24",11579.299805
"2015-03-25",11464.700195
"2015-03-26",11453.799805
"2015-03-27",11427.400391
"2015-03-30",11529.099609
"2015-03-31",11521.099609
"2015-04-01",11569.799805
"2015-04-02",11634
"2015-04-07",11730.5
"2015-04-08",11655.5
"2015-04-09",11734.599609
"2015-04-10",11749.299805
"2015-04-13",11866.400391
"2015-04-14",11704.700195
"2015-04-15",11778.400391
"2015-04-16",11611.700195
"2015-04-17",11359.400391
"2015-04-20",11384.599609
"2015-04-21",11422.299805
"2015-04-22",11399.200195
"2015-04-23",11425.799805
"2015-04-24",11505.400391
"2015-04-27",11640.200195
"2015-04-28",11607.700195
"2015-04-29",11378.900391
"2015-04-30",11385
"2015-05-04",11429.099609
"2015-05-05",11115.599609
"2015-05-06",11163.599609
"2015-05-07",11180.299805
"2015-05-08",11424.700195
"2015-05-11",11445.799805
"2015-05-12",11322.599609
"2015-05-13",11324.599609
"2015-05-14",11398.700195
"2015-05-15",11317.299805
"2015-05-18",11345
"2015-05-19",11497.700195
"2015-05-20",11574.099609
"2015-05-21",11595.400391
"2015-05-22",11554.200195
"2015-05-25",11322.299805
"2015-05-26",11240.299805
"2015-05-27",11431.099609
"2015-05-28",11382.799805
"2015-05-29",11217.599609
"2015-06-01",11238.099609
"2015-06-02",11271.400391
"2015-06-03",11267.599609
"2015-06-04",11146.099609
"2015-06-05",11062
"2015-06-08",10917.299805
"2015-06-09",10938.099609
"2015-06-10",11097.5
"2015-06-11",11156.700195
"2015-06-12",11030.5
"2015-06-15",10842.099609
"2015-06-16",10871.400391
"2015-06-17",10813.400391
"2015-06-18",10871.900391
"2015-06-19",10944.299805
"2015-06-22",11368.200195
"2015-06-23",11402.5
"2015-06-24",11321.900391
"2015-06-25",11308.400391
"2015-06-26",11372.299805
"2015-06-29",10853.900391
"2015-06-30",10769.5
"2015-07-01",10911.5
"2015-07-02",10846.400391
"2015-07-03",10779.799805
"2015-07-06",10540.099609
"2015-07-07",10346
"2015-07-08",10430.299805
"2015-07-09",10706.400391
"2015-07-10",11036.099609
"2015-07-13",11224.200195
"2015-07-14",11258.299805
"2015-07-15",11335.700195
"2015-07-16",11510.599609
"2015-07-17",11480.700195
"2015-07-20",11556.099609
"2015-07-21",11458.599609
"2015-07-22",11484.299805
"2015-07-23",11441.900391
"2015-07-24",11309.299805
"2015-07-27",11145.400391
"2015-07-28",11252.400391
"2015-07-29",11282.900391
"2015-07-30",11168.599609
"2015-07-31",11180.700195
"2015-08-03",11265.900391
"2015-08-04",11150.5
"2015-08-05",11279.5
"2015-08-06",11253.599609
"2015-08-07",11178.200195
"2015-08-10",11311.700195
"2015-08-11",11152.299805
"2015-08-12",10880.099609
"2015-08-13",10947.900391
"2015-08-14",10879.299805
"2015-08-17",10900.299805
"2015-08-18",10897.900391
"2015-08-19",10782.400391
"2015-08-20",10587
"2015-08-21",10271.700195
"2015-08-24",9756.599609
"2015-08-25",10115.400391
"2015-08-26",9984.5
"2015-08-27",10290.200195
"2015-08-28",10352.900391
"2015-08-31",10259
"2015-09-01",9992.799805
"2015-09-02",9938.299805
"2015-09-03",10042.400391
"2015-09-04",9821.799805
"2015-09-07",9805.400391
"2015-09-08",9866.200195
"2015-09-09",10037.799805
"2015-09-10",9859
"2015-09-11",9737.900391
"2015-09-14",9696.400391
"2015-09-15",9782.5
"2015-09-16",9976.799805
"2015-09-17",10106.599609
"2015-09-18",9847.200195
"2015-09-21",9856.799805
"2015-09-22",9550.200195
"2015-09-23",9474.599609
"2015-09-24",9291.400391
"2015-09-25",9519.5
"2015-09-28",9394.200195
"2015-09-29",9393.900391
"2015-09-30",9559.900391
"2015-10-01",9567.299805
"2015-10-02",9603.599609
"2015-10-05",9971.299805
"2015-10-06",10103.299805
"2015-10-07",10170
"2015-10-08",10181.200195
"2015-10-09",10309.599609
"2015-10-12",10246.400391
"2015-10-13",10115.299805
"2015-10-14",10037.599609
"2015-10-15",10101.700195
"2015-10-16",10231.5
"2015-10-19",10207.299805
"2015-10-20",10100.599609
"2015-10-21",10157.5
"2015-10-22",10365.400391
"2015-10-23",10476.299805
"2015-10-26",10478.299805
"2015-10-27",10322.400391
"2015-10-28",10421.900391
"2015-10-29",10397.200195
"2015-10-30",10360.700195
"2015-11-02",10418.200195
"2015-11-03",10465.200195
"2015-11-04",10473.5
"2015-11-05",10431.200195
"2015-11-06",10453.200195
"2015-11-09",10325.200195
"2015-11-10",10336.799805
"2015-11-11",10377.200195
"2015-11-12",10144
"2015-11-13",10111.400391
"2015-11-16",10124.5
"2015-11-17",10363.799805
"2015-11-18",10261.099609
"2015-11-19",10354.700195
"2015-11-20",10290.299805
"2015-11-23",10277.400391
"2015-11-24",10207.200195
"2015-11-25",10227.299805
"2015-11-26",10332.299805
"2015-11-27",10310.700195
"2015-11-30",10386.900391
"2015-12-01",10379.200195
"2015-12-02",10342
"2015-12-03",10092.900391
"2015-12-04",10078.700195
"2015-12-07",10042.400391
"2015-12-08",9837.099609
"2015-12-09",9835.5
"2015-12-10",9778.700195
"2015-12-11",9630.700195
"2015-12-14",9428.5
"2015-12-15",9711.599609
"2015-12-16",9711
"2015-12-17",9878.5
"2015-12-18",9717.099609
"2015-12-21",9365.799805
"2015-12-22",9415.599609
"2015-12-23",9641
"2015-12-24",9682.900391
"2015-12-28",9552.5
"2015-12-29",9670.400391
"2015-12-30",9641.900391
"2015-12-31",9544.200195
"2016-01-04",9313.200195
"2016-01-05",9335.200195
"2016-01-06",9197.400391
"2016-01-07",9059.299805
"2016-01-08",8909.200195
"2016-01-11",8886.099609
"2016-01-12",8915.400391
"2016-01-13",8934.5
"2016-01-14",8787.700195
"2016-01-15",8543.599609
"2016-01-18",8469.299805
"2016-01-19",8554.900391
"2016-01-20",8281.400391
"2016-01-21",8444.200195
"2016-01-22",8722.900391
"2016-01-25",8567.700195
"2016-01-26",8692.5
"2016-01-27",8741
"2016-01-28",8590.599609
"2016-01-29",8815.799805
"2016-02-01",8788.5
"2016-02-02",8528.700195
"2016-02-03",8314.5
"2016-02-04",8468.099609
"2016-02-05",8499.5
"2016-02-08",8122.100098
"2016-02-09",7927.600098
"2016-02-10",8143.700195
"2016-02-11",7746.299805
"2016-02-12",7920.799805
"2016-02-15",8179.200195
"2016-02-16",8137.600098
"2016-02-17",8364.900391
"2016-02-18",8295.400391
"2016-02-19",8194.200195
"2016-02-22",8387
"2016-02-23",8267.599609
"2016-02-24",8013.700195
"2016-02-25",8215.599609
"2016-02-26",8349.200195
"2016-02-29",8461.400391
"2016-03-01",8611
"2016-03-02",8764.5
"2016-03-03",8767
"2016-03-04",8811.599609
"2016-03-07",8786.799805
"2016-03-08",8740.299805
"2016-03-09",8761.099609
"2016-03-10",8766.900391
"2016-03-11",9090.599609
"2016-03-14",9142.700195
"2016-03-15",8988.299805
"2016-03-16",8962.799805
"2016-03-17",8978.799805
"2016-03-18",9051.099609
"2016-03-21",9021
"2016-03-22",8992
"2016-03-23",8927.099609
"2016-03-24",8789.799805
"2016-03-29",8808.299805
"2016-03-30",8870.200195
"2016-03-31",8723.099609
"2016-04-01",8602.299805
"2016-04-04",8597.5
"2016-04-05",8387.700195
"2016-04-06",8398.599609
"2016-04-07",8292.900391
"2016-04-08",8427.599609
"2016-04-11",8497.599609
"2016-04-12",8546.299805
"2016-04-13",8820.700195
"2016-04-14",8861.5
"2016-04-15",8850.900391
"2016-04-18",8881.599609
"2016-04-19",8971.299805
"2016-04-20",9147.200195
"2016-04-21",9197.200195
"2016-04-22",9232.799805
"2016-04-25",9140
"2016-04-26",9283
"2016-04-27",9332.599609
"2016-04-28",9269
"2016-04-29",9025.700195
"2016-05-02",9022.099609
"2016-05-03",8764.900391
"2016-05-04",8654.299805
"2016-05-05",8689.400391
"2016-05-06",8702.099609
"2016-05-09",8660.799805
"2016-05-10",8775.200195
"2016-05-11",8663.900391
"2016-05-12",8663.099609
"2016-05-13",8721.5
"2016-05-16",8682.099609
"2016-05-17",8698.700195
"2016-05-18",8775.099609
"2016-05-19",8674.700195
"2016-05-20",8771.200195
"2016-05-23",8714
"2016-05-24",8918.099609
"2016-05-25",9125
"2016-05-26",9079.200195
"2016-05-27",9107.299805
"2016-05-30",9116.900391
"2016-05-31",9034
"2016-06-01",8916.900391
"2016-06-02",8957.900391
"2016-06-03",8801.599609
"2016-06-06",8823.5
"2016-06-07",8894.5
"2016-06-08",8831.400391
"2016-06-09",8769.5
"2016-06-10",8490.5
"2016-06-13",8303.799805
"2016-06-14",8126.700195
"2016-06-15",8250.799805
"2016-06-16",8199.900391
"2016-06-17",8362
"2016-06-20",8647.099609
"2016-06-21",8667.299805
"2016-06-22",8702
"2016-06-23",8885.299805
"2016-06-24",7787.700195
"2016-06-27",7645.5
"2016-06-28",7835
"2016-06-29",8105.299805
"2016-06-30",8163.299805
"2016-07-01",8268.900391
"2016-07-04",8255.900391
"2016-07-05",8067.600098
"2016-07-06",7926.200195
"2016-07-07",8008.200195
"2016-07-08",8185.899902
"2016-07-11",8305.099609
"2016-07-12",8506
"2016-07-13",8473.900391
"2016-07-14",8552.299805
"2016-07-15",8531
"2016-07-18",8524.400391
"2016-07-19",8485.200195
"2016-07-20",8575.5
"2016-07-21",8583.599609
"2016-07-22",8599.900391
"2016-07-25",8575.700195
"2016-07-26",8560.200195
"2016-07-27",8661.400391
"2016-07-28",8479.200195
"2016-07-29",8587.200195
"2016-08-01",8513.400391
"2016-08-02",8277.299805
"2016-08-03",8263.5
"2016-08-04",8385.5
"2016-08-05",8539.400391
"2016-08-08",8562.5
"2016-08-09",8665.400391
"2016-08-10",8658.900391
"2016-08-11",8719.5
"2016-08-12",8716.400391
"2016-08-15",8720.599609
"2016-08-16",8621.700195
"2016-08-17",8487
"2016-08-18",8550.099609
"2016-08-19",8450.599609
"2016-08-22",8468
"2016-08-23",8580.900391
"2016-08-24",8655.5
"2016-08-25",8599.5
"2016-08-26",8659.5
"2016-08-29",8616.400391
"2016-08-30",8685.400391
"2016-08-31",8716.799805
"2016-09-01",8762.799805
"2016-09-02",8908.900391
"2016-09-05",8953.299805
"2016-09-06",8899.5
"2016-09-07",9015.299805
"2016-09-08",9101.099609
"2016-09-09",9025.5
"2016-09-12",8866.599609
"2016-09-13",8724.200195
"2016-09-14",8702.400391
"2016-09-15",8720.5
"2016-09-16",8633.400391
"2016-09-19",8715.5
"2016-09-20",8686.099609
"2016-09-21",8758.5
"2016-09-22",8934.900391
"2016-09-23",8823.599609
"2016-09-26",8711.400391
"2016-09-27",8688.200195
"2016-09-28",8740.400391
"2016-09-29",8796.299805
"2016-09-30",8779.400391
"2016-10-03",8751.599609
"2016-10-04",8769
"2016-10-05",8778.299805
"2016-10-06",8757.400391
"2016-10-07",8624.299805
"2016-10-10",8701.5
"2016-10-11",8693.200195
"2016-10-12",8686.5
"2016-10-13",8608.700195
"2016-10-14",8767.900391
"2016-10-17",8740.700195
"2016-10-18",8865.299805
"2016-10-19",8950.099609
"2016-10-20",9061.200195
"2016-10-21",9100.400391
"2016-10-24",9216.200195
"2016-10-25",9139.700195
"2016-10-26",9173.299805
"2016-10-27",9197.200195
"2016-10-28",9201.299805
"2016-10-31",9143.299805
"2016-11-01",9040.700195
"2016-11-02",8873.400391
"2016-11-03",8879.900391
"2016-11-04",8791.599609
"2016-11-07",8918.799805
"2016-11-08",8937
"2016-11-09",8901.5
"2016-11-10",8756.799805
"2016-11-11",8639.200195
"2016-11-14",8658.200195
"2016-11-15",8687.099609
"2016-11-16",8638.5
"2016-11-17",8718
"2016-11-18",8622.900391
"2016-11-21",8614.599609
"2016-11-22",8651.5
"2016-11-23",8627.5
"2016-11-24",8657.200195
"2016-11-25",8674.400391
"2016-11-28",8619.299805
"2016-11-29",8667
"2016-11-30",8688.200195
"2016-12-01",8669.200195
"2016-12-02",8607.099609
"2016-12-05",8664.700195
"2016-12-06",8893.299805
"2016-12-07",8960.400391
"2016-12-08",9145.400391
"2016-12-09",9169.599609
"2016-12-12",9186.400391
"2016-12-13",9331.299805
"2016-12-14",9218.400391
"2016-12-15",9340.799805
"2016-12-16",9412.799805
"2016-12-19",9336.700195
"2016-12-20",9407.900391
"2016-12-21",9371.700195
"2016-12-22",9333.599609
"2016-12-23",9367.700195
"2016-12-27",9376.599609
"2016-12-28",9344.900391
"2016-12-29",9327.099609
"2016-12-30",9352.099609
"2017-01-02",NA
"2017-01-03",9494.700195
"2017-01-04",9462.900391
"2017-01-05",9488.200195
"2017-01-06",9515.900391
"2017-01-09",9492.799805
"2017-01-10",9452
"2017-01-11",9408.599609
"2017-01-12",9407.400391
"2017-01-13",9511.599609
"2017-01-16",9410
"2017-01-17",9394.900391
"2017-01-18",9386.200195
"2017-01-19",9379.099609
"2017-01-20",9380.099609
"2017-01-23",9304.799805
"2017-01-24",9387.200195
"2017-01-25",9549.299805
"2017-01-26",9512.799805
"2017-01-27",9504.099609
"2017-01-30",9361.299805
"2017-01-31",9315.200195
"2017-02-01",9330.799805
"2017-02-02",9406.400391
"2017-02-03",9462.700195
"2017-02-06",9357.299805
"2017-02-07",9331.5
"2017-02-08",9329.700195
"2017-02-09",9438.400391
"2017-02-10",9378.099609
"2017-02-13",9484.099609
"2017-02-14",9510.200195
"2017-02-15",9584.099609
"2017-02-16",9554.700195
"2017-02-17",9500.299805
"2017-02-20",9526.599609
"2017-02-21",9561
"2017-02-22",9477.200195
"2017-02-23",9493.400391
"2017-02-24",9453.5
"2017-02-27",9464.299805
"2017-02-28",9555.5
"2017-03-01",9751.5
"2017-03-02",9716
"2017-03-03",9798.5
"2017-03-06",9804.099609
"2017-03-07",9801.700195
"2017-03-08",9850.5
"2017-03-09",9998.400391
"2017-03-10",10006.400391
"2017-03-13",9995.900391
"2017-03-14",9905.099609
"2017-03-15",9983.200195
"2017-03-16",10168
"2017-03-17",10245.799805
"2017-03-20",10214
"2017-03-21",10211.900391
"2017-03-22",10229.299805
"2017-03-23",10324.900391
"2017-03-24",10309.400391
"2017-03-27",10302.900391
"2017-03-28",10389
"2017-03-29",10367.599609
"2017-03-30",10405.900391
"2017-03-31",10462.900391
"2017-04-03",10325.299805
"2017-04-04",10361.200195
"2017-04-05",10402.700195
"2017-04-06",10518.900391
"2017-04-07",10529
"2017-04-10",10437.700195
"2017-04-11",10416.299805
"2017-04-12",10360.5
"2017-04-13",10326.099609
"2017-04-18",10264.5
"2017-04-19",10370.299805
"2017-04-20",10372.5
"2017-04-21",10377
"2017-04-24",10766.799805
"2017-04-25",10783.099609
"2017-04-26",10763.400391
"2017-04-27",10683.900391
"2017-04-28",10715.799805
"2017-05-02",10820.299805
"2017-05-03",10837
"2017-05-04",11012.900391
"2017-05-05",11135.400391
"2017-05-08",11096.299805
"2017-05-09",11049.200195
"2017-05-10",11034.799805
"2017-05-11",10861.400391
"2017-05-12",10897
"2017-05-15",10957.799805
"2017-05-16",10982.400391
"2017-05-17",10786.099609
"2017-05-18",10684.900391
"2017-05-19",10835.400391
"2017-05-22",10793.400391
"2017-05-23",10916.299805
"2017-05-24",10907.400391
"2017-05-25",10937.700195
"2017-05-26",10904.200195
"2017-05-29",10884
"2017-05-30",10876.900391
"2017-05-31",10880
"2017-06-01",10881
"2017-06-02",10905.900391
"2017-06-05",10884.700195
"2017-06-06",10879.700195
"2017-06-07",10871.700195
"2017-06-08",10953.099609
"2017-06-09",10978.299805
"2017-06-12",10842.400391
"2017-06-13",10882.099609
"2017-06-14",10775.799805
"2017-06-15",10699.599609
"2017-06-16",10759.400391
"2017-06-19",10848.900391
"2017-06-20",10746.099609
"2017-06-21",10740.700195
"2017-06-22",10709.900391
"2017-06-23",10630.799805
"2017-06-26",10696.599609
"2017-06-27",10647.900391
"2017-06-28",10702.700195
"2017-06-29",10531.099609
"2017-06-30",10444.5
"2017-07-03",10604.200195
"2017-07-04",10566.700195
"2017-07-05",10523.599609
"2017-07-06",10498.400391
"2017-07-07",10488.799805
"2017-07-10",10509.5
"2017-07-11",10449.099609
"2017-07-12",10560.400391
"2017-07-13",10658.299805
"2017-07-14",10655.099609
"2017-07-17",10651.200195
"2017-07-18",10524.5
"2017-07-19",10588.099609
"2017-07-20",10564.799805
"2017-07-21",10426.599609
"2017-07-24",10446.5
"2017-07-25",10523.400391
"2017-07-26",10575.400391
"2017-07-27",10603.400391
"2017-07-28",10536.099609
"2017-07-31",10502.200195
"2017-08-01",10586.700195
"2017-08-02",10513.900391
"2017-08-03",10549.099609
"2017-08-04",10658.400391
"2017-08-07",10676.5
"2017-08-08",10734.700195
"2017-08-09",10596
"2017-08-10",10450
"2017-08-11",10282.900391
"2017-08-14",10461.200195
"2017-08-15",10481.5
"2017-08-16",10544.299805
"2017-08-17",10443.799805
"2017-08-18",10385.700195
"2017-08-21",10360.200195
"2017-08-22",10409.799805
"2017-08-23",10338.099609
"2017-08-24",10357.400391
"2017-08-25",10345.299805
"2017-08-28",10285.900391
"2017-08-29",10192.599609
"2017-08-30",10245.799805
"2017-08-31",10299.5
"2017-09-01",10325.5
"2017-09-04",10243.200195
"2017-09-05",10179.799805
"2017-09-06",10131
"2017-09-07",10124.900391
"2017-09-08",10129.599609
"2017-09-11",10322.599609
"2017-09-12",10336.200195
"2017-09-13",10371
"2017-09-14",10361.099609
"2017-09-15",10317.400391
"2017-09-18",10338.400391
"2017-09-19",10378.400391
"2017-09-20",10292.099609
"2017-09-21",10297
"2017-09-22",10305
"2017-09-25",10216.5
"2017-09-26",10189.599609
"2017-09-27",10368.900391
"2017-09-28",10328.5
"2017-09-29",10381.5
"2017-10-02",10255.700195
"2017-10-03",10257.5
"2017-10-04",9964.900391
"2017-10-05",10214.700195
"2017-10-06",10185.5
"2017-10-09",10236
"2017-10-10",10142.299805
"2017-10-11",10278.400391
"2017-10-12",10275.900391
"2017-10-13",10258
"2017-10-16",10181.400391
"2017-10-17",10216.799805
"2017-10-18",10273.400391
"2017-10-19",10197.5
"2017-10-20",10222.700195
"2017-10-23",10161.400391
"2017-10-24",10205.700195
"2017-10-25",10153.299805
"2017-10-26",10347.799805
"2017-10-27",10197.5
"2017-10-30",10446
"2017-10-31",10523.5
"2017-11-01",10506.700195
"2017-11-02",10457.799805
"2017-11-03",10357.799805
"2017-11-06",10316.5
"2017-11-07",10230.700195
"2017-11-08",10228.700195
"2017-11-09",10141.099609
"2017-11-10",10092.700195
"2017-11-13",10049.900391
"2017-11-14",9990.400391
"2017-11-15",10013.900391
"2017-11-16",10088.700195
"2017-11-17",10010.400391
"2017-11-20",10025.5
"2017-11-21",9993.400391
"2017-11-22",10013.900391
"2017-11-23",10032.799805
"2017-11-24",10053.5
"2017-11-27",10063.099609
"2017-11-28",10144.400391
"2017-11-29",10267.700195
"2017-11-30",10211
"2017-12-01",10085
"2017-12-04",10208.599609
"2017-12-05",10211.299805
"2017-12-06",10184
"2017-12-07",10262.599609
"2017-12-08",10321.099609
"2017-12-11",10306.900391
"2017-12-12",10288.299805
"2017-12-13",10260.5
"2017-12-14",10176.5
"2017-12-15",10150.400391
"2017-12-18",10244.099609
"2017-12-19",10234.299805
"2017-12-20",10207.700195
"2017-12-21",10304.599609
"2017-12-22",10182
"2017-12-27",10165.200195
"2017-12-28",10093.099609
"2017-12-29",10043.900391
"2018-01-02",10079.099609
"2018-01-03",10116
"2018-01-04",10314.400391
"2018-01-05",10411.400391
"2018-01-08",10398.400391
"2018-01-09",10426.5
"2018-01-10",10428.299805
"2018-01-11",10435.200195
"2018-01-12",10462.400391
"2018-01-15",10467.200195
"2018-01-16",10520.400391
"2018-01-17",10474.599609
"2018-01-18",10432.700195
"2018-01-19",10479.5
"2018-01-22",10584
"2018-01-23",10609.5
"2018-01-24",10563
"2018-01-25",10595.299805
"2018-01-26",10595.400391
"2018-01-29",10555.599609
"2018-01-30",10428.200195
"2018-01-31",10451.5
"2018-02-01",10399
"2018-02-02",10211.200195
"2018-02-05",10064.5
"2018-02-06",9810
"2018-02-07",9976.900391
"2018-02-08",9756.299805
"2018-02-09",9639.599609
"2018-02-12",9771.099609
"2018-02-13",9650.700195
"2018-02-14",9686.200195
"2018-02-15",9714.900391
"2018-02-16",9832.099609
"2018-02-19",9806.200195
"2018-02-20",9895.299805
"2018-02-21",9823.299805
"2018-02-22",9876.5
"2018-02-23",9822.400391
"2018-02-26",9902.400391
"2018-02-27",9900.200195
"2018-02-28",9840.299805
"2018-03-01",9738.599609
"2018-03-02",9531.099609
"2018-03-05",9590.799805
"2018-03-06",9586.799805
"2018-03-07",9599.299805
"2018-03-08",9646.200195
"2018-03-09",9686.099609
"2018-03-12",9727.5
"2018-03-13",9691.700195
"2018-03-14",9688.5
"2018-03-15",9684.200195
"2018-03-16",9761
"2018-03-19",9664.099609
"2018-03-20",9681.599609
"2018-03-21",9630.900391
"2018-03-22",9487.400391
"2018-03-23",9393.099609
"2018-03-26",9381
"2018-03-27",9473.599609
"2018-03-28",9555
"2018-03-29",9600.400391
"2018-04-03",9549.599609
"2018-04-04",9513.299805
"2018-04-05",9740.900391
"2018-04-06",9682.799805
"2018-04-09",9742.799805
"2018-04-10",9763.5
"2018-04-11",9735.799805
"2018-04-12",9747
"2018-04-13",9767.299805
"2018-04-16",9766.099609
"2018-04-17",9803.900391
"2018-04-18",9857.299805
"2018-04-19",9868
"2018-04-20",9884.200195
"2018-04-23",9922
"2018-04-24",9883.400391
"2018-04-25",9858
"2018-04-26",9902.299805
"2018-04-27",9925.400391
"2018-04-30",9980.599609
"2018-05-02",10088.900391
"2018-05-03",10038.799805
"2018-05-04",10104.099609
"2018-05-07",10140.900391
"2018-05-08",10168.099609
"2018-05-09",10221.200195
"2018-05-10",10246.599609
"2018-05-11",10271.400391
"2018-05-14",10257.799805
"2018-05-15",10207.599609
"2018-05-16",10111
"2018-05-17",10216.400391
"2018-05-18",10112.400391
"2018-05-21",10066.5
"2018-05-22",10138.799805
"2018-05-23",10025
"2018-05-24",9996
"2018-05-25",9826.5
"2018-05-28",9764.400391
"2018-05-29",9521.299805
"2018-05-30",9566.200195
"2018-05-31",9465.5
"2018-06-01",9632.400391
"2018-06-04",9750.299805
"2018-06-05",9686.400391
"2018-06-06",9791.599609
"2018-06-07",9829
"2018-06-08",9746.299805
"2018-06-11",9898.299805
"2018-06-12",9914.400391
"2018-06-13",9899.099609
"2018-06-14",9957.700195
"2018-06-15",9851
"2018-06-18",9769.400391
"2018-06-19",9755.400391
"2018-06-20",9788.900391
"2018-06-21",9702.099609
"2018-06-22",9792.099609
"2018-06-25",9617.900391
"2018-06-26",9637.400391
"2018-06-27",9658.599609
"2018-06-28",9589
"2018-06-29",9622.700195
"2018-07-02",9558.299805
"2018-07-03",9660.900391
"2018-07-04",9757.5
"2018-07-05",9866.200195
"2018-07-06",9905
"2018-07-09",9927
"2018-07-10",9889.299805
"2018-07-11",9733.599609
"2018-07-12",9767.400391
"2018-07-13",9734.799805
"2018-07-16",9716.900391
"2018-07-17",9719.400391
"2018-07-18",9753.200195
"2018-07-19",9721.099609
"2018-07-20",9724.799805
"2018-07-23",9726.099609
"2018-07-24",9773.099609
"2018-07-25",9703.099609
"2018-07-26",9780
"2018-07-27",9867.900391
"2018-07-30",9854.099609
"2018-07-31",9870.700195
"2018-08-01",9799.299805
"2018-08-02",9698.200195
"2018-08-03",9739.799805
"2018-08-06",9722.700195
"2018-08-07",9772.799805
"2018-08-08",9747.099609
"2018-08-09",9754.599609
"2018-08-10",9602.099609
"2018-08-13",9530.400391
"2018-08-14",9507
"2018-08-15",9386.799805
"2018-08-16",9427.400391
"2018-08-17",9417.299805
"2018-08-20",9468.599609
"2018-08-21",9549
"2018-08-22",9580.200195
"2018-08-23",9567.299805
"2018-08-24",9589.5
"2018-08-27",9659.799805
"2018-08-28",9606.5
"2018-08-29",9569.5
"2018-08-30",9467.599609
"2018-08-31",9399.099609
"2018-09-03",9376.099609
"2018-09-04",9376.299805
"2018-09-05",9301.299805
"2018-09-06",9208.700195
"2018-09-07",9171.200195
"2018-09-10",9270.799805
"2018-09-11",9284.099609
"2018-09-12",9306.799805
"2018-09-13",9329.200195
"2018-09-14",9365.299805
"2018-09-17",9404.599609
"2018-09-18",9447.5
"2018-09-19",9486.299805
"2018-09-20",9583.700195
"2018-09-21",9590.400391
"2018-09-24",9512.799805
"2018-09-25",9493.599609
"2018-09-26",9524.799805
"2018-09-27",9527.5
"2018-09-28",9389.200195
"2018-10-01",9407
"2018-10-02",9305.5
"2018-10-03",9361.099609
"2018-10-04",9314.5
"2018-10-05",9253.900391
"2018-10-08",9199.200195
"2018-10-09",9260.5
"2018-10-10",9162.900391
"2018-10-11",9007.900391
"2018-10-12",8902
"2018-10-15",8923.700195
"2018-10-16",9074.700195
"2018-10-17",8997.200195
"2018-10-18",8889.599609
"2018-10-19",8892.099609
"2018-10-22",8806.5
"2018-10-23",8726.099609
"2018-10-24",8677.400391
"2018-10-25",8785.200195
"2018-10-26",8730.400391
"2018-10-29",8821.200195
"2018-10-30",8806.099609
"2018-10-31",8893.5
"2018-11-01",8954.799805
"2018-11-02",8993
"2018-11-05",9010.700195
"2018-11-06",8988.900391
"2018-11-07",9167.900391
"2018-11-08",9177
"2018-11-09",9134.799805
"2018-11-12",9076.299805
"2018-11-13",9145.400391
"2018-11-14",9106.599609
"2018-11-15",9073.5
"2018-11-16",9056.799805
"2018-11-19",9006.299805
"2018-11-20",8866.5
"2018-11-21",8960.599609
"2018-11-22",8906.200195
"2018-11-23",8916.700195
"2018-11-26",9091.200195
"2018-11-27",9085.599609
"2018-11-28",9102.700195
"2018-11-29",9098.900391
"2018-11-30",9077.200195
"2018-12-03",9179.599609
"2018-12-04",9061.700195
"2018-12-05",9012.200195
"2018-12-06",8764.5
"2018-12-07",8815.5
"2018-12-10",8660
"2018-12-11",8735.5
"2018-12-12",8853.400391
"2018-12-13",8926.299805
"2018-12-14",8886.099609
"2018-12-17",8812.5
"2018-12-18",8700.799805
"2018-12-19",8769.099609
"2018-12-20",8596.5
"2018-12-21",8556.799805
"2018-12-24",8480.599609
"2018-12-27",8363.900391
"2018-12-28",8493.700195
"2018-12-31",8539.900391
"2019-01-02",8550
"2019-01-03",8523.299805
"2019-01-04",8737.799805
"2019-01-07",8776.299805
"2019-01-08",8847.299805
"2019-01-09",8823.599609
"2019-01-10",8856.799805
"2019-01-11",8877.099609
"2019-01-14",8818.599609
"2019-01-15",8850.099609
"2019-01-16",8912.700195
"2019-01-17",8908.599609
"2019-01-18",9069.099609
"2019-01-21",9053.799805
"2019-01-22",9037.5
"2019-01-23",9128.799805
"2019-01-24",9150
"2019-01-25",9185.200195
"2019-01-28",9062.400391
"2019-01-29",9119.099609
"2019-01-30",9071.5
"2019-01-31",9056.700195
"2019-02-01",9019.400391
"2019-02-04",8975.200195
"2019-02-05",9092
"2019-02-06",9100.900391
"2019-02-07",8938.299805
"2019-02-08",8856.799805
"2019-02-11",8936.400391
"2019-02-12",8983.099609
"2019-02-13",8982.400391
"2019-02-14",8952.5
"2019-02-15",9123.200195
"2019-02-18",9155.5
"2019-02-19",9136.400391
"2019-02-20",9181.099609
"2019-02-21",9191.200195
"2019-02-22",9204.599609
"2019-02-25",9204.299805
"2019-02-26",9227.200195
"2019-02-27",9211.700195
"2019-02-28",9277.700195
"2019-03-01",9267.700195
"2019-03-04",9259.799805
"2019-03-05",9258.200195
"2019-03-06",9296.700195
"2019-03-07",9249.900391
"2019-03-08",9129.299805
"2019-03-11",9171.900391
"2019-03-12",9161.700195
"2019-03-13",9192.700195
"2019-03-14",9209.799805
"2019-03-15",9342.200195
"2019-03-18",9409.099609
"2019-03-19",9492.299805
"2019-03-20",9405.599609
"2019-03-21",9355.599609
"2019-03-22",9199.400391
"2019-03-25",9179.900391
"2019-03-26",9183.099609
"2019-03-27",9229.900391
"2019-03-28",9174.700195
"2019-03-29",9240.299805
"2019-04-01",9341.700195
"2019-04-02",9363.5
"2019-04-03",9487.799805
"2019-04-04",9534.099609
"2019-04-05",9510.299805
"2019-04-08",9437.700195
"2019-04-09",9407.799805
"2019-04-10",9406.5
"2019-04-11",9445.400391
"2019-04-12",9468.5
"2019-04-15",9497.099609
"2019-04-16",9497.299805
"2019-04-17",9549.799805
"2019-04-18",9581.900391
"2019-04-23",9527.200195
"2019-04-24",9456.400391
"2019-04-25",9501.200195
"2019-04-26",9506
"2019-04-29",9517.200195
"2019-04-30",9570.599609
"2019-05-02",9418.200195
"2019-05-03",9409.599609
"2019-05-06",9331
"2019-05-07",9235.099609
"2019-05-08",9227
"2019-05-09",9095.200195
"2019-05-10",9117.5
"2019-05-13",9046.799805
"2019-05-14",9127.599609
"2019-05-15",9177.099609
"2019-05-16",9304.299805
"2019-05-17",9280.099609
"2019-05-20",9199.700195
"2019-05-21",9239.099609
"2019-05-22",9232.200195
"2019-05-23",9114
"2019-05-24",9174.599609
"2019-05-27",9216.400391
"2019-05-28",9191.799805
"2019-05-29",9080.5
"2019-05-30",9157.799805
"2019-05-31",9004.200195
"2019-06-03",9022.799805
"2019-06-04",9117.599609
"2019-06-05",9150.5
"2019-06-06",9169.200195
"2019-06-07",9236.099609
"2019-06-10",9294.099609
"2019-06-11",9282.099609
"2019-06-12",9238.5
"2019-06-13",9247.099609
"2019-06-14",9194.200195
"2019-06-17",9131.700195
"2019-06-18",9240.700195
"2019-06-19",9231.200195
"2019-06-20",9208.5
"2019-06-21",9227.200195
"2019-06-24",9192.5
"2019-06-25",9159.799805
"2019-06-26",9157.400391
"2019-06-27",9147.799805
"2019-06-28",9198.799805
"2019-07-01",9264.599609
"2019-07-02",9281.5
"2019-07-03",9394.400391
"2019-07-04",9401
"2019-07-05",9335
"2019-07-08",9284.700195
"2019-07-09",9273.900391
"2019-07-10",9252.900391
"2019-07-11",9280.299805
"2019-07-12",9293.200195
"2019-07-15",9323.599609
"2019-07-16",9377.099609
"2019-07-17",9284.200195
"2019-07-18",9225.700195
"2019-07-19",9170.5
"2019-07-22",9163.5
"2019-07-23",9281.599609
"2019-07-24",9329.700195
"2019-07-25",9289.900391
"2019-07-26",9225.5
"2019-07-29",9215.400391
"2019-07-30",8986.599609
"2019-07-31",8971
"2019-08-01",9038.200195
"2019-08-02",8897.599609
"2019-08-05",8777.200195
"2019-08-06",8699.400391
"2019-08-07",8746.099609
"2019-08-08",8869
"2019-08-09",8757.799805
"2019-08-12",8676.400391
"2019-08-13",8695.099609
"2019-08-14",8522.700195
"2019-08-15",8519
"2019-08-16",8670.400391
"2019-08-19",8733.299805
"2019-08-20",8618.299805
"2019-08-21",8701.5
"2019-08-22",8716.400391
"2019-08-23",8649.5
"2019-08-26",8679.200195
"2019-08-27",8728.900391
"2019-08-28",8747.099609
"2019-08-29",8794.299805
"2019-08-30",8812.900391
"2019-09-02",8815.5
"2019-09-03",8809.200195
"2019-09-04",8856.599609
"2019-09-05",8992.700195
"2019-09-06",8990.099609
"2019-09-09",9010.599609
"2019-09-10",9078.200195
"2019-09-11",9059.5
"2019-09-12",9082.299805
"2019-09-13",9137.900391
"2019-09-16",9052
"2019-09-17",9004.200195
"2019-09-18",9031.700195
"2019-09-19",9136
"2019-09-20",9179
"2019-09-23",9093.599609
"2019-09-24",9118.200195
"2019-09-25",9085.299805
"2019-09-26",9129.700195
"2019-09-27",9184.099609
"2019-09-30",9244.599609
"2019-10-01",9165.900391
"2019-10-02",8912.200195
"2019-10-03",8902.200195
"2019-10-04",8961.799805
"2019-10-07",9044.099609
"2019-10-08",8940.099609
"2019-10-09",8991.900391
"2019-10-10",9104.400391
"2019-10-11",9273.799805
"2019-10-14",9246.5
"2019-10-15",9356.099609
"2019-10-16",9386.700195
"2019-10-17",9340
"2019-10-18",9329.799805
"2019-10-21",9402.299805
"2019-10-22",9380.200195
"2019-10-23",9385
"2019-10-24",9391.799805
"2019-10-25",9430.200195
"2019-10-28",9433
"2019-10-29",9400.099609
"2019-10-30",9284.5
"2019-10-31",9257.5
"2019-11-01",9328
"2019-11-04",9416.400391
"2019-11-05",9407.900391
"2019-11-06",9398.400391
"2019-11-07",9447.299805
"2019-11-08",9393.700195
"2019-11-11",9388.5
"2019-11-12",9306.700195
"2019-11-13",9194.5
"2019-11-14",9173.299805
"2019-11-15",9261.400391
"2019-11-18",9258
"2019-11-19",9259.200195
"2019-11-20",9225.400391
"2019-11-21",9214
"2019-11-22",9254.700195
"2019-11-25",9319.900391
"2019-11-26",9324.799805
"2019-11-27",9362.700195
"2019-11-28",9359
"2019-11-29",9352
"2019-12-02",9156.299805
"2019-12-03",9135.700195
"2019-12-04",9270.799805
"2019-12-05",9243.400391
"2019-12-06",9382.700195
"2019-12-09",9354.599609
"2019-12-10",9321.099609
"2019-12-11",9392.5
"2019-12-12",9468.5
"2019-12-13",9563.700195
"2019-12-16",9680.599609
"2019-12-17",9615.900391
"2019-12-18",9621.799805
"2019-12-19",9617.200195
"2019-12-20",9675.5
"2019-12-23",9659.599609
"2019-12-24",9661.799805
"2019-12-25",NA
"2019-12-27",9700.5
"2019-12-30",9612.599609
"2019-12-31",9549.200195
"2020-01-02",9691.200195
"2020-01-03",9646.599609
"2020-01-06",9600.900391
"2020-01-07",9579.799805
"2020-01-08",9591.400391
"2020-01-09",9581.799805
"2020-01-10",9573.599609
"2020-01-13",9543.900391
"2020-01-14",9528.299805
"2020-01-15",9511.700195
"2020-01-16",9572.5
"2020-01-17",9681.299805
"2020-01-20",9658.799805
"2020-01-21",9611.299805
"2020-01-22",9573.700195
"2020-01-23",9518.5
"2020-01-24",9562
"2020-01-27",9366.299805
"2020-01-28",9484.200195
"2020-01-29",9546.700195
"2020-01-30",9477.900391
"2020-01-31",9367.900391
"2020-02-03",9404.700195
"2020-02-04",9562.900391
"2020-02-05",9717.799805
"2020-02-06",9811.299805
"2020-02-07",9811
"2020-02-10",9816
"2020-02-11",9882.599609
"2020-02-12",9940.400391
"2020-02-13",9909.799805
"2020-02-14",9956.799805
"2020-02-17",10022.200195
"2020-02-18",10005.799805
"2020-02-19",10083.599609
"2020-02-20",9931
"2020-02-21",9886.200195
"2020-02-24",9483.5
"2020-02-25",9250.799805
"2020-02-26",9316.799805
"2020-02-27",8985.900391
"2020-02-28",8723.200195
"2020-03-02",8741.5
"2020-03-03",8811.599609
"2020-03-04",8910
"2020-03-05",8683
"2020-03-06",8375.599609
"2020-03-09",7708.700195
"2020-03-10",7461.5
"2020-03-11",7436.399902
"2020-03-12",6390.899902
"2020-03-13",6629.600098
"2020-03-16",6107.200195
"2020-03-17",6498.5
"2020-03-18",6274.799805
"2020-03-19",6395.799805
"2020-03-20",6443.299805
"2020-03-23",6230.200195
"2020-03-24",6717.299805
"2020-03-25",6942.399902
"2020-03-26",7033.200195
"2020-03-27",6777.899902
"2020-03-30",6659.899902
"2020-03-31",6785.399902
"2020-04-01",6579.399902
"2020-04-02",6574.100098
"2020-04-03",6581.600098
"2020-04-06",6844.299805
"2020-04-07",7002
"2020-04-08",6951.799805
"2020-04-09",7070.600098
"2020-04-14",7108.600098
"2020-04-15",6839.5
"2020-04-16",6763.399902
"2020-04-17",6875.799805
"2020-04-20",6831.5
"2020-04-21",6634.899902
"2020-04-22",6719.799805
"2020-04-23",6746.5
"2020-04-24",6613.899902
"2020-04-27",6731.799805
"2020-04-28",6836.399902
"2020-04-29",7055.700195
"2020-04-30",6922.299805
"2020-05-04",6673.299805
"2020-05-05",6747.700195
"2020-05-06",6671.700195
"2020-05-07",6730.899902
"2020-05-08",6783.100098
"2020-05-11",6672.200195
"2020-05-12",6762.700195
"2020-05-13",6631.399902
"2020-05-14",6545.600098
"2020-05-15",6474.899902
"2020-05-18",6779.299805
"2020-05-19",6609.100098
"2020-05-20",6683.600098
"2020-05-21",6686.100098
"2020-05-22",6697.5
"2020-05-25",6856.799805
"2020-05-26",7003.899902
"2020-05-27",7174.5
"2020-05-28",7224.100098
"2020-05-29",7096.5
"2020-06-01",7221.399902
"2020-06-02",7408.100098
"2020-06-03",7626.399902
"2020-06-04",7566.799805
"2020-06-05",7872.600098
"2020-06-08",7896.100098
"2020-06-09",7752.299805
"2020-06-10",7663.899902
"2020-06-11",7278
"2020-06-12",7292.700195
"2020-06-15",7259.299805
"2020-06-16",7495.299805
"2020-06-17",7478.700195
"2020-06-18",7390.200195
"2020-06-19",7414.200195
"2020-06-22",7345.700195
"2020-06-23",7438.399902
"2020-06-24",7195.5
"2020-06-25",7270.299805
"2020-06-26",7178.399902
"2020-06-29",7278.100098
"2020-06-30",7231.399902
"2020-07-01",7227.399902
"2020-07-02",7498.600098
"2020-07-03",7403.5
"2020-07-06",7556.200195
"2020-07-07",7447.399902
"2020-07-08",7326.399902
"2020-07-09",7236.899902
"2020-07-10",7321.100098
"2020-07-13",7426.899902
"2020-07-14",7352
"2020-07-15",7487.600098
"2020-07-16",7474.700195
"2020-07-17",7440.399902
"2020-07-20",7478
"2020-07-21",7494.5
"2020-07-22",7390.100098
"2020-07-23",7384.899902
"2020-07-24",7294.700195
"2020-07-27",7170.600098
"2020-07-28",7246.399902
"2020-07-29",7206.200195
"2020-07-30",6996.600098
"2020-07-31",6877.399902
"2020-08-03",6975
"2020-08-04",7021.600098
"2020-08-05",7039.700195
"2020-08-06",6957.899902
"2020-08-07",6950.5
"2020-08-10",7053.899902
"2020-08-11",7263.5
"2020-08-12",7296
"2020-08-13",7250.5
"2020-08-14",7154.299805
"2020-08-17",7090.100098
"2020-08-18",7043.5
"2020-08-19",7094.299805
"2020-08-20",6993.299805
"2020-08-21",6982.100098
"2020-08-24",7109.100098
"2020-08-25",7108.399902
"2020-08-26",7123
"2020-08-27",7090.700195
"2020-08-28",7133
"2020-08-31",6969.5
"2020-09-01",6956.899902
"2020-09-02",6996.899902
"2020-09-03",7006
"2020-09-04",6989.700195
"2020-09-07",7080.700195
"2020-09-08",6955
"2020-09-09",7020.899902
"2020-09-10",6999.200195
"2020-09-11",6943.200195
"2020-09-14",6951.100098
"2020-09-15",7036
"2020-09-16",7110.799805
"2020-09-17",7086.200195
"2020-09-18",6929.799805
"2020-09-21",6692.299805
"2020-09-22",6648.600098
"2020-09-23",6654.200195
"2020-09-24",6643.399902
"2020-09-25",6628.299805
"2020-09-28",6791.5
"2020-09-29",6713.600098
"2020-09-30",6716.600098
"2020-10-01",6730.700195
"2020-10-02",6754.5
"2020-10-05",6837.899902
"2020-10-06",6936.200195
"2020-10-07",6910.100098
"2020-10-08",6992.799805
"2020-10-09",6950.899902
"2020-10-12",6951
"2020-10-13",6875.200195
"2020-10-14",6916.600098
"2020-10-15",6816.799805
"2020-10-16",6849.700195
"2020-10-19",6860.200195
"2020-10-20",6927.299805
"2020-10-21",6811.5
"2020-10-22",6796.600098
"2020-10-23",6893.399902
"2020-10-26",6796.899902
"2020-10-27",6651.299805
"2020-10-28",6474.399902
"2020-10-29",6411.799805
"2020-10-30",6452.200195
"2020-11-02",6585.600098
"2020-11-03",6751.600098
"2020-11-04",6781.899902
"2020-11-05",6924.200195
"2020-11-06",6870.399902
"2020-11-09",7459.399902
"2020-11-10",7711.399902
"2020-11-11",7793.700195
"2020-11-12",7726
"2020-11-13",7783.700195
"2020-11-16",7986.200195
"2020-11-17",7934.299805
"2020-11-18",7981.5
"2020-11-19",7930.200195
"2020-11-20",7977.899902
"2020-11-23",7981.200195
"2020-11-24",8143.200195
"2020-11-25",8164.700195
"2020-11-26",8104.600098
"2020-11-27",8190.700195
"2020-11-30",8076.899902
"2020-12-01",8140.799805
"2020-12-02",8220.799805
"2020-12-03",8200.700195
"2020-12-04",8322.900391
"2020-12-07",8275.599609
"2020-12-08",8227.599609
"2020-12-09",8235.299805
"2020-12-10",8182.299805
"2020-12-11",8063.100098
"2020-12-14",8140.799805
"2020-12-15",8152.399902
"2020-12-16",8139.5
"2020-12-17",8153.399902
"2020-12-18",8037.399902
"2020-12-21",7789.799805
"2020-12-22",7934.200195
"2020-12-23",8073.600098
"2020-12-24",8111.5
"2020-12-28",8155.600098
"2020-12-29",8174.799805
"2020-12-30",8154.399902
"2020-12-31",8073.700195
"2021-01-04",8099.200195
"2021-01-05",8091.5
"2021-01-06",8350.299805
"2021-01-07",8385.799805
"2021-01-08",8407.700195
"2021-01-11",8357.5
"2021-01-12",8345.900391
"2021-01-13",8361.099609
"2021-01-14",8372.400391
"2021-01-15",8230.700195
"2021-01-18",8254.5
"2021-01-19",8199
"2021-01-20",8204.099609
"2021-01-21",8122.100098
"2021-01-22",8036.399902
"2021-01-25",7897.299805
"2021-01-26",7964.899902
"2021-01-27",7852.700195
"2021-01-28",7932.5
"2021-01-29",7757.5
"2021-02-01",7798.200195
"2021-02-02",7950.899902
"2021-02-03",8012.799805
"2021-02-04",8122.600098
"2021-02-05",8214.700195
"2021-02-08",8219
"2021-02-09",8101
"2021-02-10",8065.399902
"2021-02-11",8037.600098
"2021-02-12",8055
"2021-02-15",8203.5
"2021-02-16",8153.700195
"2021-02-17",8122.700195
"2021-02-18",8058.100098
"2021-02-19",8151.600098
"2021-02-22",8112.200195
"2021-02-23",8252.099609
"2021-02-24",8269.599609
"2021-02-25",8317.799805
"2021-02-26",8225
"2021-03-01",8378.099609
"2021-03-02",8355.799805
"2021-03-03",8329.299805
"2021-03-04",8354
"2021-03-05",8286.799805
"2021-03-08",8444.200195
"2021-03-09",8496.400391
"2021-03-10",8525.200195
