"Index","N100.Close"
"2010-01-04",696.98999
"2010-01-05",697.570007
"2010-01-06",698.27002
"2010-01-07",697.76001
"2010-01-08",701.380005
"2010-01-11",700.719971
"2010-01-12",693.5
"2010-01-13",694.440002
"2010-01-14",696.320007
"2010-01-15",687.700012
"2010-01-18",691.72998
"2010-01-19",695.869995
"2010-01-20",684.820007
"2010-01-21",674.580017
"2010-01-22",667.98999
"2010-01-25",663.119995
"2010-01-26",666.719971
"2010-01-27",660.73999
"2010-01-28",651.409973
"2010-01-29",658.880005
"2010-02-01",663.76001
"2010-02-02",670.869995
"2010-02-03",667.320007
"2010-02-04",647.969971
"2010-02-05",628.73999
"2010-02-08",634.869995
"2010-02-09",636.75
"2010-02-10",640.52002
"2010-02-11",639.27002
"2010-02-12",636.969971
"2010-02-15",638.119995
"2010-02-16",645.900024
"2010-02-17",655.51001
"2010-02-18",658.330017
"2010-02-19",661.309998
"2010-02-22",659.47998
"2010-02-23",652.02002
"2010-02-24",653.72998
"2010-02-25",641.690002
"2010-02-26",651.969971
"2010-03-01",662.859985
"2010-03-02",669.369995
"2010-03-03",675
"2010-03-04",673.179993
"2010-03-05",685.049988
"2010-03-08",683.609985
"2010-03-09",684.77002
"2010-03-10",690.349976
"2010-03-11",687.700012
"2010-03-12",687.849976
"2010-03-15",681.450012
"2010-03-16",689.549988
"2010-03-17",694.179993
"2010-03-18",692.409973
"2010-03-19",690.080017
"2010-03-22",689.98999
"2010-03-23",694.619995
"2010-03-24",694.27002
"2010-03-25",701.809998
"2010-03-26",699.580017
"2010-03-29",701.789978
"2010-03-30",700.109985
"2010-03-31",698.51001
"2010-04-01",708.960022
"2010-04-06",713.890015
"2010-04-07",709.909973
"2010-04-08",702.5
"2010-04-09",714.429993
"2010-04-12",715.059998
"2010-04-13",712.179993
"2010-04-14",716.559998
"2010-04-15",717.039978
"2010-04-16",704.809998
"2010-04-19",701.630005
"2010-04-20",711.190002
"2010-04-21",704.690002
"2010-04-22",696.820007
"2010-04-23",701.119995
"2010-04-26",706.76001
"2010-04-27",683.840027
"2010-04-28",674.070007
"2010-04-29",683.880005
"2010-04-30",681.299988
"2010-05-03",683.650024
"2010-05-04",662.320007
"2010-05-05",653.299988
"2010-05-06",641.5
"2010-05-07",613.5
"2010-05-10",665.530029
"2010-05-11",661.859985
"2010-05-12",670.619995
"2010-05-13",670.710022
"2010-05-14",644.320007
"2010-05-17",641.690002
"2010-05-18",652.97998
"2010-05-19",635.22998
"2010-05-20",622.099976
"2010-05-21",620.900024
"2010-05-24",621.219971
"2010-05-25",604.150024
"2010-05-26",617.940002
"2010-05-27",637.200012
"2010-05-28",636.130005
"2010-05-31",635.559998
"2010-06-01",635.77002
"2010-06-02",636.23999
"2010-06-03",645.48999
"2010-06-04",629.820007
"2010-06-07",623.289978
"2010-06-08",617.030029
"2010-06-09",628.27002
"2010-06-10",639.609985
"2010-06-11",643.97998
"2010-06-14",654.940002
"2010-06-15",660.02002
"2010-06-16",662.580017
"2010-06-17",664.669983
"2010-06-18",666.01001
"2010-06-21",674.130005
"2010-06-22",669.409973
"2010-06-23",659.320007
"2010-06-24",645.409973
"2010-06-25",639.440002
"2010-06-28",647.869995
"2010-06-29",624.570007
"2010-06-30",625
"2010-07-01",607.690002
"2010-07-02",608.47998
"2010-07-05",605.75
"2010-07-06",621.330017
"2010-07-07",630.23999
"2010-07-08",639.929993
"2010-07-09",642.700012
"2010-07-12",645.109985
"2010-07-13",657.190002
"2010-07-14",657.320007
"2010-07-15",649.159973
"2010-07-16",635.559998
"2010-07-19",632.539978
"2010-07-20",629.880005
"2010-07-21",636.380005
"2010-07-22",653.429993
"2010-07-23",655.789978
"2010-07-26",660.070007
"2010-07-27",663.929993
"2010-07-28",662.929993
"2010-07-29",659.289978
"2010-07-30",656.75
"2010-08-02",674.25
"2010-08-03",673.679993
"2010-08-04",676.02002
"2010-08-05",674.369995
"2010-08-06",664.409973
"2010-08-09",673.919983
"2010-08-10",667.650024
"2010-08-11",650.960022
"2010-08-12",651.109985
"2010-08-13",650.690002
"2010-08-16",648.289978
"2010-08-17",658.929993
"2010-08-18",656.830017
"2010-08-19",644.640015
"2010-08-20",637.26001
"2010-08-23",640.890015
"2010-08-24",631.47998
"2010-08-25",625.5
"2010-08-26",631.01001
"2010-08-27",635.849976
"2010-08-30",633.070007
"2010-08-31",633.530029
"2010-09-01",654.179993
"2010-09-02",655.77002
"2010-09-03",661.539978
"2010-09-06",664.880005
"2010-09-07",658.72998
"2010-09-08",664.539978
"2010-09-09",671.450012
"2010-09-10",671.73999
"2010-09-13",678.289978
"2010-09-14",678.700012
"2010-09-15",676.159973
"2010-09-16",672.380005
"2010-09-17",670.049988
"2010-09-20",681.200012
"2010-09-21",680.700012
"2010-09-22",671.77002
"2010-09-23",668.429993
"2010-09-24",679.700012
"2010-09-27",677.650024
"2010-09-28",678.049988
"2010-09-29",674.76001
"2010-09-30",671.849976
"2010-10-01",668.280029
"2010-10-04",661.919983
"2010-10-05",674.330017
"2010-10-06",679.219971
"2010-10-07",680.140015
"2010-10-08",679.73999
"2010-10-11",681.23999
"2010-10-12",677.460022
"2010-10-13",689.830017
"2010-10-14",688.429993
"2010-10-15",689.340027
"2010-10-18",690.630005
"2010-10-19",686.640015
"2010-10-20",688.619995
"2010-10-21",697.580017
"2010-10-22",696.22998
"2010-10-25",698.070007
"2010-10-26",694.969971
"2010-10-27",689.150024
"2010-10-28",692.429993
"2010-10-29",692.849976
"2010-11-01",695.690002
"2010-11-02",699.440002
"2010-11-03",693.940002
"2010-11-04",705.75
"2010-11-05",705.330017
"2010-11-08",704.179993
"2010-11-09",708.140015
"2010-11-10",700.5
"2010-11-11",696.22998
"2010-11-12",691.900024
"2010-11-15",697.349976
"2010-11-16",682.030029
"2010-11-17",687.340027
"2010-11-18",699.190002
"2010-11-19",697.849976
"2010-11-22",691.359985
"2010-11-23",676.090027
"2010-11-24",680.619995
"2010-11-25",683.109985
"2010-11-26",678.080017
"2010-11-29",662.450012
"2010-11-30",657.98999
"2010-12-01",670.219971
"2010-12-02",682.650024
"2010-12-03",683.309998
"2010-12-06",682.890015
"2010-12-07",692.140015
"2010-12-08",694.359985
"2010-12-09",698.309998
"2010-12-10",699.119995
"2010-12-13",703.119995
"2010-12-14",703.960022
"2010-12-15",699.840027
"2010-12-16",701.5
"2010-12-17",698.869995
"2010-12-20",701.659973
"2010-12-21",708.75
"2010-12-22",708.27002
"2010-12-23",707.349976
"2010-12-27",699.880005
"2010-12-28",699.659973
"2010-12-29",703.960022
"2010-12-30",697.469971
"2011-01-03",705.380005
"2011-01-04",707.969971
"2011-01-05",705.52002
"2011-01-06",706.090027
"2011-01-07",700.650024
"2011-01-10",691.549988
"2011-01-11",700.780029
"2011-01-12",711.75
"2011-01-13",713.780029
"2011-01-14",713.900024
"2011-01-17",713.159973
"2011-01-18",720.659973
"2011-01-19",713.400024
"2011-01-20",710.460022
"2011-01-21",717.780029
"2011-01-24",720.200012
"2011-01-25",718.140015
"2011-01-26",722.429993
"2011-01-27",724.429993
"2011-01-28",716.599976
"2011-01-31",716.51001
"2011-02-01",726.950012
"2011-02-02",727
"2011-02-03",723.070007
"2011-02-04",723.719971
"2011-02-07",731.97998
"2011-02-08",734.909973
"2011-02-09",731.75
"2011-02-10",731.429993
"2011-02-11",731.580017
"2011-02-14",731.429993
"2011-02-15",733.210022
"2011-02-16",739.030029
"2011-02-17",740.359985
"2011-02-18",740.539978
"2011-02-21",731.26001
"2011-02-22",725.159973
"2011-02-23",718.940002
"2011-02-24",717.940002
"2011-02-25",727
"2011-02-28",732.809998
"2011-03-01",728.059998
"2011-03-02",721.77002
"2011-03-03",725.690002
"2011-03-04",721.25
"2011-03-07",716.609985
"2011-03-08",720.090027
"2011-03-09",717.869995
"2011-03-10",712.289978
"2011-03-11",705.580017
"2011-03-14",697.159973
"2011-03-15",680.549988
"2011-03-16",667.580017
"2011-03-17",680.630005
"2011-03-18",683.599976
"2011-03-21",699.590027
"2011-03-22",697.190002
"2011-03-23",701.409973
"2011-03-24",710.340027
"2011-03-25",711.51001
"2011-03-28",711.419983
"2011-03-29",713.26001
"2011-03-30",719.219971
"2011-03-31",713.159973
"2011-04-01",723.840027
"2011-04-04",723.210022
"2011-04-05",721.97998
"2011-04-06",722.599976
"2011-04-07",719.309998
"2011-04-08",722.630005
"2011-04-11",720.190002
"2011-04-12",709.609985
"2011-04-13",715.070007
"2011-04-14",708.960022
"2011-04-15",710.25
"2011-04-18",695.22998
"2011-04-19",700.619995
"2011-04-20",714.51001
"2011-04-21",716.27002
"2011-04-26",720
"2011-04-27",722.549988
"2011-04-28",727.47998
"2011-04-29",727.909973
"2011-05-02",729.219971
"2011-05-03",726.849976
"2011-05-04",717.289978
"2011-05-05",712.880005
"2011-05-06",721.049988
"2011-05-09",713.969971
"2011-05-10",721.940002
"2011-05-11",723.719971
"2011-05-12",718.77002
"2011-05-13",718.380005
"2011-05-16",714.48999
"2011-05-17",706.320007
"2011-05-18",711.070007
"2011-05-19",717.900024
"2011-05-20",712.909973
"2011-05-23",699.309998
"2011-05-24",700.900024
"2011-05-25",703.309998
"2011-05-26",701.119995
"2011-05-27",705.75
"2011-05-30",704.890015
"2011-05-31",714.070007
"2011-06-01",707.219971
"2011-06-02",695.52002
"2011-06-03",695.73999
"2011-06-06",692.059998
"2011-06-07",693.02002
"2011-06-08",686.650024
"2011-06-09",692.97998
"2011-06-10",681.01001
"2011-06-13",681.929993
"2011-06-14",690.219971
"2011-06-15",681.530029
"2011-06-16",677.900024
"2011-06-17",682.340027
"2011-06-20",678.440002
"2011-06-21",690.380005
"2011-06-22",688.280029
"2011-06-23",675.349976
"2011-06-24",674.780029
"2011-06-27",676.130005
"2011-06-28",682.539978
"2011-06-29",694.849976
"2011-06-30",704.539978
"2011-07-01",709.099976
"2011-07-04",710.469971
"2011-07-05",707.090027
"2011-07-06",703.289978
"2011-07-07",708.400024
"2011-07-08",698.830017
"2011-07-11",682.02002
"2011-07-12",675.679993
"2011-07-13",679.950012
"2011-07-14",673.419983
"2011-07-15",670.219971
"2011-07-18",657.590027
"2011-07-19",664.690002
"2011-07-20",675.539978
"2011-07-21",687.210022
"2011-07-22",691.969971
"2011-07-25",688.090027
"2011-07-26",684.969971
"2011-07-27",676.23999
"2011-07-28",675.48999
"2011-07-29",668.429993
"2011-08-01",656.059998
"2011-08-02",645.02002
"2011-08-03",631.210022
"2011-08-04",608.049988
"2011-08-05",599.549988
"2011-08-08",572.98999
"2011-08-09",580.900024
"2011-08-10",556.630005
"2011-08-11",570.98999
"2011-08-12",594.049988
"2011-08-15",598.570007
"2011-08-16",596.400024
"2011-08-17",599.98999
"2011-08-18",569.97998
"2011-08-19",559.929993
"2011-08-22",565.900024
"2011-08-23",570.570007
"2011-08-24",578.590027
"2011-08-25",574.960022
"2011-08-26",570.359985
"2011-08-29",581.200012
"2011-08-30",583.609985
"2011-08-31",600.440002
"2011-09-01",602.159973
"2011-09-02",585.090027
"2011-09-05",559.23999
"2011-09-06",554.679993
"2011-09-07",572.849976
"2011-09-08",576.650024
"2011-09-09",558.710022
"2011-09-12",539.460022
"2011-09-13",544.950012
"2011-09-14",554.109985
"2011-09-15",568.849976
"2011-09-16",569.460022
"2011-09-19",554.900024
"2011-09-20",564.090027
"2011-09-21",556.919983
"2011-09-22",529.5
"2011-09-23",532.960022
"2011-09-26",541.190002
"2011-09-27",567.929993
"2011-09-28",563.150024
"2011-09-29",567.859985
"2011-09-30",559.280029
"2011-10-03",550.349976
"2011-10-04",536.76001
"2011-10-05",555.859985
"2011-10-06",571.76001
"2011-10-07",574.900024
"2011-10-10",586.190002
"2011-10-11",584.77002
"2011-10-12",597.27002
"2011-10-13",591.549988
"2011-10-14",597.590027
"2011-10-17",589.77002
"2011-10-18",586.119995
"2011-10-19",589.460022
"2011-10-20",578.469971
"2011-10-21",593.02002
"2011-10-24",600.039978
"2011-10-25",593.01001
"2011-10-26",592.400024
"2011-10-27",621.349976
"2011-10-28",616.880005
"2011-10-31",601.809998
"2011-11-01",575.580017
"2011-11-02",581.299988
"2011-11-03",594.98999
"2011-11-04",585.200012
"2011-11-07",582.630005
"2011-11-08",589.210022
"2011-11-09",577.429993
"2011-11-10",576.219971
"2011-11-11",589.789978
"2011-11-14",582.580017
"2011-11-15",573.75
"2011-11-16",575.099976
"2011-11-17",565.609985
"2011-11-18",562.599976
"2011-11-21",544.97998
"2011-11-22",541.429993
"2011-11-23",533.640015
"2011-11-24",532.47998
"2011-11-25",537.890015
"2011-11-28",562.780029
"2011-11-29",565.390015
"2011-11-30",587.169983
"2011-12-01",582.659973
"2011-12-02",588.150024
"2011-12-05",594.900024
"2011-12-06",591.719971
"2011-12-07",591.280029
"2011-12-08",579.25
"2011-12-09",589.940002
"2011-12-12",576.840027
"2011-12-13",575.640015
"2011-12-14",559.919983
"2011-12-15",563.849976
"2011-12-16",560.77002
"2011-12-19",561.380005
"2011-12-20",574.52002
"2011-12-21",570.940002
"2011-12-22",577.830017
"2011-12-23",583.349976
"2011-12-27",584.5
"2011-12-28",579.98999
"2011-12-29",588.320007
"2011-12-30",592.849976
"2012-01-02",NA
"2012-01-03",606.409973
"2012-01-04",598.349976
"2012-01-05",591.469971
"2012-01-06",590.530029
"2012-01-09",590.469971
"2012-01-10",602.200012
"2012-01-11",598.97998
"2012-01-12",598.23999
"2012-01-13",596.559998
"2012-01-16",601.570007
"2012-01-17",608.460022
"2012-01-18",608.01001
"2012-01-19",617.450012
"2012-01-20",616.349976
"2012-01-23",619.26001
"2012-01-24",616.409973
"2012-01-25",614.900024
"2012-01-26",623.77002
"2012-01-27",616.859985
"2012-01-30",607.900024
"2012-01-31",613.75
"2012-02-01",626.390015
"2012-02-02",627.280029
"2012-02-03",636.789978
"2012-02-06",633.549988
"2012-02-07",633.599976
"2012-02-08",632.72998
"2012-02-09",633.849976
"2012-02-10",625.900024
"2012-02-13",629.580017
"2012-02-14",628.960022
"2012-02-15",631.400024
"2012-02-16",632.919983
"2012-02-17",639.130005
"2012-02-20",645.130005
"2012-02-21",643.090027
"2012-02-22",639.369995
"2012-02-23",638.909973
"2012-02-24",640.900024
"2012-02-27",637.47998
"2012-02-28",639.809998
"2012-02-29",640.72998
"2012-03-01",648.5
"2012-03-02",649.400024
"2012-03-05",646.940002
"2012-03-06",626.859985
"2012-03-07",632.590027
"2012-03-08",646.47998
"2012-03-09",648.52002
"2012-03-12",649.27002
"2012-03-13",659.429993
"2012-03-14",661.52002
"2012-03-15",663.359985
"2012-03-16",665.859985
"2012-03-19",664.359985
"2012-03-20",657.289978
"2012-03-21",656.409973
"2012-03-22",648.219971
"2012-03-23",648.27002
"2012-03-26",654.02002
"2012-03-27",650.390015
"2012-03-28",643.710022
"2012-03-29",635.080017
"2012-03-30",642.309998
"2012-04-02",648.929993
"2012-04-03",641.340027
"2012-04-04",624.169983
"2012-04-05",625
"2012-04-10",608.599976
"2012-04-11",613.349976
"2012-04-12",619.299988
"2012-04-13",607.849976
"2012-04-16",610.25
"2012-04-17",623.830017
"2012-04-18",616.349976
"2012-04-19",607.130005
"2012-04-20",608.309998
"2012-04-23",593.309998
"2012-04-24",603.369995
"2012-04-25",613.75
"2012-04-26",615.48999
"2012-04-27",619.400024
"2012-04-30",612.580017
"2012-05-02",614.72998
"2012-05-03",615.380005
"2012-05-04",604.219971
"2012-05-07",613.080017
"2012-05-08",599.179993
"2012-05-09",598.01001
"2012-05-10",600.150024
"2012-05-11",601.539978
"2012-05-14",588.809998
"2012-05-15",585.299988
"2012-05-16",585.419983
"2012-05-17",578.27002
"2012-05-18",575.080017
"2012-05-21",577.659973
"2012-05-22",588.159973
"2012-05-23",573.859985
"2012-05-24",580.190002
"2012-05-25",581.909973
"2012-05-28",580.780029
"2012-05-29",587.539978
"2012-05-30",576.929993
"2012-05-31",576.809998
"2012-06-01",563.109985
"2012-06-04",562.650024
"2012-06-05",567.119995
"2012-06-06",580.23999
"2012-06-07",583.22998
"2012-06-08",580.929993
"2012-06-11",579.859985
"2012-06-12",581.070007
"2012-06-13",579.409973
"2012-06-14",580.219971
"2012-06-15",589.01001
"2012-06-18",587.429993
"2012-06-19",595.719971
"2012-06-20",596.830017
"2012-06-21",594.929993
"2012-06-22",590.309998
"2012-06-25",581.210022
"2012-06-26",580.299988
"2012-06-27",589.849976
"2012-06-28",588.450012
"2012-06-29",611.809998
"2012-07-02",620.27002
"2012-07-03",625.289978
"2012-07-04",625.570007
"2012-07-05",620.369995
"2012-07-06",611.48999
"2012-07-09",608.450012
"2012-07-10",613.809998
"2012-07-11",610.630005
"2012-07-12",606.700012
"2012-07-13",614.26001
"2012-07-16",615.080017
"2012-07-17",614.909973
"2012-07-18",624
"2012-07-19",630.840027
"2012-07-20",620.340027
"2012-07-23",603.77002
"2012-07-24",599.929993
"2012-07-25",601.190002
"2012-07-26",621.030029
"2012-07-27",630.820007
"2012-07-30",638.840027
"2012-07-31",632.169983
"2012-08-01",637.22998
"2012-08-02",624.609985
"2012-08-03",645.77002
"2012-08-06",649.780029
"2012-08-07",657.51001
"2012-08-08",654.26001
"2012-08-09",658.299988
"2012-08-10",655.169983
"2012-08-13",652.669983
"2012-08-14",656.02002
"2012-08-15",656.289978
"2012-08-16",660.169983
"2012-08-17",662.330017
"2012-08-20",660.650024
"2012-08-21",665.210022
"2012-08-22",657.330017
"2012-08-23",651.929993
"2012-08-24",652.590027
"2012-08-27",657.5
"2012-08-28",653.570007
"2012-08-29",651.780029
"2012-08-30",645.890015
"2012-08-31",650.609985
"2012-09-03",658.309998
"2012-09-04",650.23999
"2012-09-05",651.080017
"2012-09-06",668.289978
"2012-09-07",669.030029
"2012-09-10",665.390015
"2012-09-11",668.52002
"2012-09-12",668.780029
"2012-09-13",663.400024
"2012-09-14",674.109985
"2012-09-17",670.710022
"2012-09-18",665.440002
"2012-09-19",668.549988
"2012-09-20",665.869995
"2012-09-21",668.820007
"2012-09-24",663.849976
"2012-09-25",667.090027
"2012-09-26",652.22998
"2012-09-27",654.409973
"2012-09-28",642.380005
"2012-10-01",653.960022
"2012-10-02",653.059998
"2012-10-03",652.460022
"2012-10-04",651.780029
"2012-10-05",661.369995
"2012-10-08",653.840027
"2012-10-09",649.320007
"2012-10-10",646.27002
"2012-10-11",653.25
"2012-10-12",649.51001
"2012-10-15",654.099976
"2012-10-16",665.549988
"2012-10-17",669.26001
"2012-10-18",668.48999
"2012-10-19",663.859985
"2012-10-22",661.109985
"2012-10-23",648.549988
"2012-10-24",651.679993
"2012-10-25",650.169983
"2012-10-26",653.359985
"2012-10-29",649.440002
"2012-10-30",657.119995
"2012-10-31",651.859985
"2012-11-01",659.859985
"2012-11-02",663.5
"2012-11-05",656.659973
"2012-11-06",661.47998
"2012-11-07",651.119995
"2012-11-08",650.109985
"2012-11-09",651.97998
"2012-11-12",650.76001
"2012-11-13",654.72998
"2012-11-14",647.900024
"2012-11-15",642.73999
"2012-11-16",635.159973
"2012-11-19",650.390015
"2012-11-20",654.340027
"2012-11-21",655.719971
"2012-11-22",659.169983
"2012-11-23",664.820007
"2012-11-26",661.099976
"2012-11-27",661.869995
"2012-11-28",663.530029
"2012-11-29",671.400024
"2012-11-30",670.289978
"2012-12-03",672
"2012-12-04",673.150024
"2012-12-05",674.590027
"2012-12-06",676.869995
"2012-12-07",678.690002
"2012-12-10",679.75
"2012-12-11",684.530029
"2012-12-12",683.679993
"2012-12-13",682.72998
"2012-12-14",682.859985
"2012-12-17",681.049988
"2012-12-18",683.130005
"2012-12-19",686.789978
"2012-12-20",687
"2012-12-21",684.340027
"2012-12-27",685.51001
"2012-12-28",677.960022
"2013-01-02",696.169983
"2013-01-03",694.840027
"2013-01-04",696.880005
"2013-01-07",693
"2013-01-08",691.48999
"2013-01-09",693.340027
"2013-01-10",691.440002
"2013-01-11",691.869995
"2013-01-14",691.01001
"2013-01-15",691.859985
"2013-01-16",694.080017
"2013-01-17",700.23999
"2013-01-18",701.22998
"2013-01-21",704.349976
"2013-01-22",702.440002
"2013-01-23",700.330017
"2013-01-24",703.830017
"2013-01-25",708.320007
"2013-01-28",709.659973
"2013-01-29",711.450012
"2013-01-30",708.52002
"2013-01-31",698.73999
"2013-02-01",706.880005
"2013-02-04",690.190002
"2013-02-05",693.539978
"2013-02-06",686.159973
"2013-02-07",680.880005
"2013-02-08",687.280029
"2013-02-11",686.549988
"2013-02-12",692.77002
"2013-02-13",694.929993
"2013-02-14",695.099976
"2013-02-15",693.599976
"2013-02-18",693.669983
"2013-02-19",704.299988
"2013-02-20",701.299988
"2013-02-21",687.440002
"2013-02-22",699.869995
"2013-02-25",701.75
"2013-02-26",687.349976
"2013-02-27",696.880005
"2013-02-28",703.590027
"2013-03-01",701.130005
"2013-03-04",702.320007
"2013-03-05",714.599976
"2013-03-06",713.349976
"2013-03-07",715.900024
"2013-03-08",723.789978
"2013-03-11",723.150024
"2013-03-12",722.950012
"2013-03-13",722.950012
"2013-03-14",729.340027
"2013-03-15",724.200012
"2013-03-18",722.98999
"2013-03-19",716.640015
"2013-03-20",723.929993
"2013-03-21",717.309998
"2013-03-22",717.179993
"2013-03-25",711.799988
"2013-03-26",714.609985
"2013-03-27",708.359985
"2013-03-28",713.080017
"2013-04-02",725.299988
"2013-04-03",717.23999
"2013-04-04",711.080017
"2013-04-05",699.22998
"2013-04-08",701.02002
"2013-04-09",700.640015
"2013-04-10",715.200012
"2013-04-11",719.97998
"2013-04-12",712.669983
"2013-04-15",708.549988
"2013-04-16",703.349976
"2013-04-17",690.77002
"2013-04-18",690.409973
"2013-04-19",698.289978
"2013-04-22",698.609985
"2013-04-23",719.340027
"2013-04-24",727.200012
"2013-04-25",727.789978
"2013-04-26",719.780029
"2013-04-29",729.080017
"2013-04-30",726.809998
"2013-05-02",729.340027
"2013-05-03",737.75
"2013-05-06",737.619995
"2013-05-07",738.039978
"2013-05-08",743.380005
"2013-05-09",740.869995
"2013-05-10",745.219971
"2013-05-13",744.409973
"2013-05-14",748.72998
"2013-05-15",752.059998
"2013-05-16",751.070007
"2013-05-17",753.849976
"2013-05-20",757.130005
"2013-05-21",758.690002
"2013-05-22",760.75
"2013-05-23",746.73999
"2013-05-24",745.26001
"2013-05-27",750.73999
"2013-05-28",760.179993
"2013-05-29",746.580017
"2013-05-30",749.48999
"2013-05-31",740.840027
"2013-06-03",735.070007
"2013-06-04",735.98999
"2013-06-05",722.969971
"2013-06-06",717.429993
"2013-06-07",727.059998
"2013-06-10",725.880005
"2013-06-11",717.340027
"2013-06-12",714.289978
"2013-06-13",714.330017
"2013-06-14",716.01001
"2013-06-17",724.719971
"2013-06-18",724.419983
"2013-06-19",721.72998
"2013-06-20",698.01001
"2013-06-21",690.140015
"2013-06-24",678.049988
"2013-06-25",687.210022
"2013-06-26",700.780029
"2013-06-27",707.780029
"2013-06-28",703.840027
"2013-07-01",709.840027
"2013-07-02",706.640015
"2013-07-03",699.119995
"2013-07-04",718.119995
"2013-07-05",709.710022
"2013-07-08",721.619995
"2013-07-09",727.27002
"2013-07-10",728.890015
"2013-07-11",733.26001
"2013-07-12",731.159973
"2013-07-15",735.48999
"2013-07-16",729.700012
"2013-07-17",732.630005
"2013-07-18",740.330017
"2013-07-19",739.659973
"2013-07-22",740.75
"2013-07-23",737.429993
"2013-07-24",744.890015
"2013-07-25",742.289978
"2013-07-26",743.099976
"2013-07-29",742.849976
"2013-07-30",747.049988
"2013-07-31",751.710022
"2013-08-01",760.299988
"2013-08-02",760.98999
"2013-08-05",762.039978
"2013-08-06",759.570007
"2013-08-07",759.289978
"2013-08-08",764.289978
"2013-08-09",767.320007
"2013-08-12",767.469971
"2013-08-13",771.169983
"2013-08-14",773.869995
"2013-08-15",768.570007
"2013-08-16",771.919983
"2013-08-19",766.039978
"2013-08-20",756.440002
"2013-08-21",754.039978
"2013-08-22",761.47998
"2013-08-23",763.909973
"2013-08-26",762.73999
"2013-08-27",745.659973
"2013-08-28",744.190002
"2013-08-29",749.280029
"2013-08-30",741.409973
"2013-09-02",753.700012
"2013-09-03",749.320007
"2013-09-04",750.47998
"2013-09-05",755.219971
"2013-09-06",761.390015
"2013-09-09",759
"2013-09-10",771.22998
"2013-09-11",771.76001
"2013-09-12",770.400024
"2013-09-13",772.039978
"2013-09-16",778.320007
"2013-09-17",776.47998
"2013-09-18",781.299988
"2013-09-19",786.75
"2013-09-20",785.880005
"2013-09-23",780.099976
"2013-09-24",783.210022
"2013-09-25",782.719971
"2013-09-26",782.340027
"2013-09-27",781.289978
"2013-09-30",776.130005
"2013-10-01",783.159973
"2013-10-02",776.799988
"2013-10-03",772.51001
"2013-10-04",777.340027
"2013-10-07",776.049988
"2013-10-08",770.51001
"2013-10-09",768.409973
"2013-10-10",782.840027
"2013-10-11",784.169983
"2013-10-14",784.099976
"2013-10-15",791.039978
"2013-10-16",790.26001
"2013-10-17",789.820007
"2013-10-18",798.390015
"2013-10-21",798.570007
"2013-10-22",802.429993
"2013-10-23",796.570007
"2013-10-24",799.179993
"2013-10-25",798.179993
"2013-10-28",796.030029
"2013-10-29",801.049988
"2013-10-30",799.469971
"2013-10-31",803.47998
"2013-11-01",800.030029
"2013-11-04",802.75
"2013-11-05",797.919983
"2013-11-06",804.190002
"2013-11-07",802.309998
"2013-11-08",799.710022
"2013-11-11",805.539978
"2013-11-12",800.929993
"2013-11-13",796.309998
"2013-11-14",804.679993
"2013-11-15",805.210022
"2013-11-18",809.02002
"2013-11-19",802.640015
"2013-11-20",802.330017
"2013-11-21",799.52002
"2013-11-22",801.98999
"2013-11-25",806.309998
"2013-11-26",801
"2013-11-27",804.219971
"2013-11-28",805.22998
"2013-11-29",804.640015
"2013-12-02",803.179993
"2013-12-03",786.700012
"2013-12-04",782.080017
"2013-12-05",774.130005
"2013-12-06",781.070007
"2013-12-09",782.150024
"2013-12-10",776.049988
"2013-12-11",774
"2013-12-12",768.820007
"2013-12-13",766.880005
"2013-12-16",777.429993
"2013-12-17",769.590027
"2013-12-18",776.580017
"2013-12-19",784.849976
"2013-12-20",791.619995
"2013-12-23",796.549988
"2013-12-24",798.109985
"2013-12-27",807.22998
"2013-12-30",806.359985
"2013-12-31",809.950012
"2014-01-02",800.02002
"2014-01-03",804.51001
"2014-01-06",799.909973
"2014-01-07",807.039978
"2014-01-08",807.900024
"2014-01-09",802.73999
"2014-01-10",806.52002
"2014-01-13",808.530029
"2014-01-14",809.869995
"2014-01-15",817.590027
"2014-01-16",816.23999
"2014-01-17",816.690002
"2014-01-20",817.01001
"2014-01-21",816.830017
"2014-01-22",818.380005
"2014-01-23",811.049988
"2014-01-24",790.580017
"2014-01-27",785.950012
"2014-01-28",791.940002
"2014-01-29",787.039978
"2014-01-30",789.179993
"2014-01-31",786.580017
"2014-02-03",776.98999
"2014-02-04",777.22998
"2014-02-05",777.349976
"2014-02-06",789.76001
"2014-02-07",795.469971
"2014-02-10",797.280029
"2014-02-11",806.309998
"2014-02-12",810.099976
"2014-02-13",811.080017
"2014-02-14",815.909973
"2014-02-17",817.099976
"2014-02-18",816.820007
"2014-02-19",818.969971
"2014-02-20",820.409973
"2014-02-21",824.27002
"2014-02-24",830.669983
"2014-02-25",829.349976
"2014-02-26",826.570007
"2014-02-27",826.640015
"2014-02-28",829.01001
"2014-03-03",808.669983
"2014-03-04",827.099976
"2014-03-05",826.539978
"2014-03-06",830.789978
"2014-03-07",822.349976
"2014-03-10",822.77002
"2014-03-11",821.380005
"2014-03-12",813.650024
"2014-03-13",803.72998
"2014-03-14",796.97998
"2014-03-17",806.02002
"2014-03-18",813.25
"2014-03-19",812.369995
"2014-03-20",815.5
"2014-03-21",816.859985
"2014-03-24",807.890015
"2014-03-25",818.559998
"2014-03-26",825.789978
"2014-03-27",826.630005
"2014-03-28",833.369995
"2014-03-31",831.469971
"2014-04-01",838.320007
"2014-04-02",838.919983
"2014-04-03",840.97998
"2014-04-04",845.919983
"2014-04-07",837.659973
"2014-04-08",833.789978
"2014-04-09",837.710022
"2014-04-10",833.179993
"2014-04-11",823.590027
"2014-04-14",826.150024
"2014-04-15",820.539978
"2014-04-16",831.219971
"2014-04-17",834.840027
"2014-04-22",842.450012
"2014-04-23",837.309998
"2014-04-24",840.690002
"2014-04-25",833.640015
"2014-04-28",836.059998
"2014-04-29",842.809998
"2014-04-30",841.51001
"2014-05-01",NA
"2014-05-02",837.73999
"2014-05-05",836.659973
"2014-05-06",832.049988
"2014-05-07",836.01001
"2014-05-08",846.169983
"2014-05-09",842.330017
"2014-05-12",847.02002
"2014-05-13",849.070007
"2014-05-14",847.130005
"2014-05-15",838.549988
"2014-05-16",840.219971
"2014-05-19",842.219971
"2014-05-20",841.109985
"2014-05-21",844.049988
"2014-05-22",845.679993
"2014-05-23",847.679993
"2014-05-26",853.469971
"2014-05-27",853.47998
"2014-05-28",853.51001
"2014-05-29",853.960022
"2014-05-30",852.190002
"2014-06-02",852.460022
"2014-06-03",850.140015
"2014-06-04",849.72998
"2014-06-05",857.159973
"2014-06-06",863.140015
"2014-06-09",865.280029
"2014-06-10",867.799988
"2014-06-11",861.349976
"2014-06-12",861.969971
"2014-06-13",859.47998
"2014-06-16",854.030029
"2014-06-17",858.530029
"2014-06-18",858.349976
"2014-06-19",862.820007
"2014-06-20",860.76001
"2014-06-23",855.140015
"2014-06-24",854.659973
"2014-06-25",844.919983
"2014-06-26",842.559998
"2014-06-27",842.349976
"2014-06-30",840.880005
"2014-07-01",847.340027
"2014-07-02",845.77002
"2014-07-03",853.700012
"2014-07-04",850.789978
"2014-07-07",840.710022
"2014-07-08",829.799988
"2014-07-09",831.5
"2014-07-10",820.75
"2014-07-11",822.359985
"2014-07-14",828.460022
"2014-07-15",822.109985
"2014-07-16",833.030029
"2014-07-17",824.01001
"2014-07-18",826.01001
"2014-07-21",821.869995
"2014-07-22",832.599976
"2014-07-23",834.299988
"2014-07-24",839.869995
"2014-07-25",826.929993
"2014-07-28",827.590027
"2014-07-29",830.809998
"2014-07-30",824.059998
"2014-07-31",814.840027
"2014-08-01",804.359985
"2014-08-04",805.690002
"2014-08-05",809.26001
"2014-08-06",804.77002
"2014-08-07",796.049988
"2014-08-08",792.320007
"2014-08-11",802.950012
"2014-08-12",798.23999
"2014-08-13",802.52002
"2014-08-14",804.859985
"2014-08-15",801.690002
"2014-08-18",811.799988
"2014-08-19",816.719971
"2014-08-20",815.599976
"2014-08-21",822.97998
"2014-08-22",817.880005
"2014-08-25",831.289978
"2014-08-26",838.940002
"2014-08-27",839.780029
"2014-08-28",834.849976
"2014-08-29",836.929993
"2014-09-01",837.440002
"2014-09-02",837.799988
"2014-09-03",844.130005
"2014-09-04",856.580017
"2014-09-05",855.369995
"2014-09-08",852.619995
"2014-09-09",848.679993
"2014-09-10",848.590027
"2014-09-11",847.409973
"2014-09-12",846.530029
"2014-09-15",846.380005
"2014-09-16",843.219971
"2014-09-17",845.820007
"2014-09-18",852.450012
"2014-09-19",853.409973
"2014-09-22",849.659973
"2014-09-23",837.02002
"2014-09-24",844.440002
"2014-09-25",835.190002
"2014-09-26",840.48999
"2014-09-29",835.809998
"2014-09-30",844.219971
"2014-10-01",835.059998
"2014-10-02",813.719971
"2014-10-03",821.950012
"2014-10-06",823.349976
"2014-10-07",809.690002
"2014-10-08",802.969971
"2014-10-09",799.289978
"2014-10-10",787.690002
"2014-10-13",786.700012
"2014-10-14",787.880005
"2014-10-15",760.98999
"2014-10-16",755
"2014-10-17",777.349976
"2014-10-20",771.200012
"2014-10-21",788.590027
"2014-10-22",792.390015
"2014-10-23",799.400024
"2014-10-24",796.119995
"2014-10-27",791.469971
"2014-10-28",799.049988
"2014-10-29",799.700012
"2014-10-30",804.210022
"2014-10-31",819.47998
"2014-11-03",812.919983
"2014-11-04",801.570007
"2014-11-05",815.559998
"2014-11-06",819
"2014-11-07",813.669983
"2014-11-10",819.799988
"2014-11-11",823.349976
"2014-11-12",812.27002
"2014-11-13",814.150024
"2014-11-14",815.929993
"2014-11-17",819.75
"2014-11-18",826.039978
"2014-11-19",827.169983
"2014-11-20",823.429993
"2014-11-21",841.97998
"2014-11-24",844.580017
"2014-11-25",846.73999
"2014-11-26",846.02002
"2014-11-27",848.869995
"2014-11-28",850.539978
"2014-12-01",848.02002
"2014-12-02",851.570007
"2014-12-03",852.809998
"2014-12-04",842.72998
"2014-12-05",860.190002
"2014-12-08",852.890015
"2014-12-09",832.780029
"2014-12-10",827.969971
"2014-12-11",826.780029
"2014-12-12",805.429993
"2014-12-15",786.72998
"2014-12-16",801.880005
"2014-12-17",804.059998
"2014-12-18",830.059998
"2014-12-19",831.929993
"2014-12-22",835.950012
"2014-12-23",846.840027
"2014-12-24",843.859985
"2014-12-29",846.969971
"2014-12-30",834.340027
"2014-12-31",839.52002
"2015-01-02",835.969971
"2015-01-05",811.789978
"2015-01-06",805.469971
"2015-01-07",810.940002
"2015-01-08",837.72998
"2015-01-09",824.390015
"2015-01-12",832.76001
"2015-01-13",845.299988
"2015-01-14",833.75
"2015-01-15",851.799988
"2015-01-16",862.820007
"2015-01-19",866.809998
"2015-01-20",873.789978
"2015-01-21",881.400024
"2015-01-22",894.26001
"2015-01-23",911.72998
"2015-01-26",920
"2015-01-27",911.380005
"2015-01-28",909.719971
"2015-01-29",912.280029
"2015-01-30",906.280029
"2015-02-02",908.210022
"2015-02-03",918.320007
"2015-02-04",922.390015
"2015-02-05",923.299988
"2015-02-06",921.280029
"2015-02-09",912.450012
"2015-02-10",921.469971
"2015-02-11",922.01001
"2015-02-12",928.330017
"2015-02-13",933.210022
"2015-02-16",931.030029
"2015-02-17",933.299988
"2015-02-18",941.309998
"2015-02-19",947.48999
"2015-02-20",947.299988
"2015-02-23",955.559998
"2015-02-24",961.140015
"2015-02-25",959.22998
"2015-02-26",967.450012
"2015-02-27",973.01001
"2015-03-02",971.039978
"2015-03-03",960.640015
"2015-03-04",969.099976
"2015-03-05",979.320007
"2015-03-06",980.690002
"2015-03-09",973.799988
"2015-03-10",962.900024
"2015-03-11",984.150024
"2015-03-12",982.640015
"2015-03-13",986.039978
"2015-03-16",995.72998
"2015-03-17",988.22998
"2015-03-18",988.900024
"2015-03-19",989.27002
"2015-03-20",996.900024
"2015-03-23",991.390015
"2015-03-24",995.630005
"2015-03-25",983.400024
"2015-03-26",978.22998
"2015-03-27",981.960022
"2015-03-30",994.049988
"2015-03-31",984.5
"2015-04-01",988.869995
"2015-04-02",992.840027
"2015-04-07",1008.210022
"2015-04-08",1003.280029
"2015-04-09",1016.98999
"2015-04-10",1023.98999
"2015-04-13",1027.069946
"2015-04-14",1020.330017
"2015-04-15",1025.170044
"2015-04-16",1018.190002
"2015-04-17",1001.580017
"2015-04-20",1010.169983
"2015-04-21",1013.580017
"2015-04-22",1014.52002
"2015-04-23",1009.570007
"2015-04-24",1013.619995
"2015-04-27",1026.199951
"2015-04-28",1008.409973
"2015-04-29",982.440002
"2015-04-30",983.710022
"2015-05-04",988.599976
"2015-05-05",968.27002
"2015-05-06",967.219971
"2015-05-07",966.179993
"2015-05-08",989.409973
"2015-05-11",984.539978
"2015-05-12",974.73999
"2015-05-13",973.530029
"2015-05-14",984.02002
"2015-05-15",979.849976
"2015-05-18",982.01001
"2015-05-19",1001.049988
"2015-05-20",1005.309998
"2015-05-21",1007.280029
"2015-05-22",1006.22998
"2015-05-25",1002.23999
"2015-05-26",994.590027
"2015-05-27",1010.539978
"2015-05-28",1004.849976
"2015-05-29",983.52002
"2015-06-01",984.940002
"2015-06-02",979.119995
"2015-06-03",982.26001
"2015-06-04",973.51001
"2015-06-05",961.289978
"2015-06-08",951.200012
"2015-06-09",949.25
"2015-06-10",964.650024
"2015-06-11",971.390015
"2015-06-12",958.409973
"2015-06-15",943.599976
"2015-06-16",948.919983
"2015-06-17",940.51001
"2015-06-18",942.640015
"2015-06-19",946.02002
"2015-06-22",979.179993
"2015-06-23",991.02002
"2015-06-24",987.130005
"2015-06-25",986.869995
"2015-06-26",989.299988
"2015-06-29",954.52002
"2015-06-30",940.559998
"2015-07-01",958.47998
"2015-07-02",949.72998
"2015-07-03",943.789978
"2015-07-06",927.299988
"2015-07-07",908.26001
"2015-07-08",914.309998
"2015-07-09",936.659973
"2015-07-10",962.419983
"2015-07-13",979.849976
"2015-07-14",985.75
"2015-07-15",990.98999
"2015-07-16",1003.640015
"2015-07-17",1004.289978
"2015-07-20",1008.570007
"2015-07-21",1000.780029
"2015-07-22",996.27002
"2015-07-23",995.349976
"2015-07-24",987.469971
"2015-07-27",964.02002
"2015-07-28",973.059998
"2015-07-29",980.390015
"2015-07-30",983.5
"2015-07-31",987.830017
"2015-08-03",997.5
"2015-08-04",995.309998
"2015-08-05",1008.809998
"2015-08-06",1006.940002
"2015-08-07",998.299988
"2015-08-10",1005.130005
"2015-08-11",989.320007
"2015-08-12",957.309998
"2015-08-13",966.400024
"2015-08-14",960.299988
"2015-08-17",963
"2015-08-18",964.200012
"2015-08-19",947.309998
"2015-08-20",926.719971
"2015-08-21",896.280029
"2015-08-24",849.940002
"2015-08-25",884.719971
"2015-08-26",871.150024
"2015-08-27",900.51001
"2015-08-28",904.330017
"2015-08-31",900.52002
"2015-09-01",878.169983
"2015-09-02",880.590027
"2015-09-03",898.469971
"2015-09-04",874.580017
"2015-09-07",879.049988
"2015-09-08",887.25
"2015-09-09",899.570007
"2015-09-10",886.01001
"2015-09-11",876.219971
"2015-09-14",870.700012
"2015-09-15",878.700012
"2015-09-16",895.030029
"2015-09-17",896.400024
"2015-09-18",875.909973
"2015-09-21",884.580017
"2015-09-22",856.799988
"2015-09-23",857.099976
"2015-09-24",839.900024
"2015-09-25",865.599976
"2015-09-28",844.530029
"2015-09-29",838.450012
"2015-09-30",858.549988
"2015-10-01",853.119995
"2015-10-02",859.799988
"2015-10-05",888.97998
"2015-10-06",897.23999
"2015-10-07",899.109985
"2015-10-08",900.25
"2015-10-09",904.619995
"2015-10-12",901.320007
"2015-10-13",895.570007
"2015-10-14",890.159973
"2015-10-15",902.659973
"2015-10-16",908.179993
"2015-10-19",909.77002
"2015-10-20",905.200012
"2015-10-21",907.25
"2015-10-22",926.039978
"2015-10-23",946.280029
"2015-10-26",941.359985
"2015-10-27",932.440002
"2015-10-28",940.809998
"2015-10-29",940.429993
"2015-10-30",941.710022
"2015-11-02",945.219971
"2015-11-03",948.799988
"2015-11-04",952.559998
"2015-11-05",953.809998
"2015-11-06",957.25
"2015-11-09",944.869995
"2015-11-10",945.27002
"2015-11-11",954.049988
"2015-11-12",937.109985
"2015-11-13",928.169983
"2015-11-16",929.130005
"2015-11-17",954.099976
"2015-11-18",950.380005
"2015-11-19",952.679993
"2015-11-20",952.099976
"2015-11-23",949.429993
"2015-11-24",937.72998
"2015-11-25",951.219971
"2015-11-26",961.799988
"2015-11-27",959.880005
"2015-11-30",961.869995
"2015-12-01",955.469971
"2015-12-02",955.179993
"2015-12-03",923.26001
"2015-12-04",919.26001
"2015-12-07",926.469971
"2015-12-08",911.969971
"2015-12-09",905.289978
"2015-12-10",902.669983
"2015-12-11",885.039978
"2015-12-14",869.23999
"2015-12-15",895.059998
"2015-12-16",898.140015
"2015-12-17",909.960022
"2015-12-18",899.75
"2015-12-21",888.130005
"2015-12-22",889.390015
"2015-12-23",910.940002
"2015-12-24",910.01001
"2015-12-28",902.450012
"2015-12-29",918.109985
"2015-12-30",914.109985
"2016-01-04",885
"2016-01-05",890.530029
"2016-01-06",879.27002
"2016-01-07",864.859985
"2016-01-08",850.02002
"2016-01-11",848.76001
"2016-01-12",858.179993
"2016-01-13",860.590027
"2016-01-14",845.289978
"2016-01-15",827.530029
"2016-01-18",822.650024
"2016-01-19",837.97998
"2016-01-20",809.650024
"2016-01-21",827.26001
"2016-01-22",853.469971
"2016-01-25",851
"2016-01-26",858.940002
"2016-01-27",863.72998
"2016-01-28",852.849976
"2016-01-29",874.299988
"2016-02-01",870.409973
"2016-02-02",852
"2016-02-03",839.340027
"2016-02-04",838.280029
"2016-02-05",830.869995
"2016-02-08",803.030029
"2016-02-09",790.299988
"2016-02-10",800.030029
"2016-02-11",771.429993
"2016-02-12",789.72998
"2016-02-15",813.659973
"2016-02-16",813.830017
"2016-02-17",835.659973
"2016-02-18",834.359985
"2016-02-19",829.48999
"2016-02-22",844.299988
"2016-02-23",833.52002
"2016-02-24",816.97998
"2016-02-25",830.929993
"2016-02-26",842.419983
"2016-02-29",849.950012
"2016-03-01",863.140015
"2016-03-02",864.150024
"2016-03-03",861.690002
"2016-03-04",869.650024
"2016-03-07",865.190002
"2016-03-08",857.780029
"2016-03-09",863
"2016-03-10",849.719971
"2016-03-11",874.659973
"2016-03-14",878.530029
"2016-03-15",872.450012
"2016-03-16",871.669983
"2016-03-17",869.22998
"2016-03-18",874.940002
"2016-03-21",870.840027
"2016-03-22",871.190002
"2016-03-23",871.799988
"2016-03-24",856.679993
"2016-03-29",863.440002
"2016-03-30",876.76001
"2016-03-31",864.409973
"2016-04-01",854.070007
"2016-04-04",856.849976
"2016-04-05",840.27002
"2016-04-06",845.23999
"2016-04-07",838.900024
"2016-04-08",848.909973
"2016-04-11",851.150024
"2016-04-12",856.559998
"2016-04-13",880.580017
"2016-04-14",884.539978
"2016-04-15",883.590027
"2016-04-18",885.140015
"2016-04-19",897.820007
"2016-04-20",901.23999
"2016-04-21",897.01001
"2016-04-22",894.320007
"2016-04-25",888.320007
"2016-04-26",887.659973
"2016-04-27",892.169983
"2016-04-28",892.52002
"2016-04-29",869.890015
"2016-05-02",872.679993
"2016-05-03",859.309998
"2016-05-04",849.780029
"2016-05-05",852.719971
"2016-05-06",850.409973
"2016-05-09",853.97998
"2016-05-10",859.140015
"2016-05-11",855.090027
"2016-05-12",850.609985
"2016-05-13",854.22998
"2016-05-16",852.969971
"2016-05-17",850.109985
"2016-05-18",853.5
"2016-05-19",844.789978
"2016-05-20",857.390015
"2016-05-23",852.659973
"2016-05-24",871.400024
"2016-05-25",881.299988
"2016-05-26",886.619995
"2016-05-27",886.5
"2016-05-30",888.97998
"2016-05-31",884.169983
"2016-06-01",880.090027
"2016-06-02",880.090027
"2016-06-03",872.609985
"2016-06-06",874.070007
"2016-06-07",884.330017
"2016-06-08",879.700012
"2016-06-09",871.880005
"2016-06-10",852.099976
"2016-06-13",836.299988
"2016-06-14",818.820007
"2016-06-15",826.320007
"2016-06-16",822.640015
"2016-06-17",829.880005
"2016-06-20",857.359985
"2016-06-21",863.23999
"2016-06-22",865.159973
"2016-06-23",879.080017
"2016-06-24",819.98999
"2016-06-27",795.599976
"2016-06-28",813.190002
"2016-06-29",835.890015
"2016-06-30",846.469971
"2016-07-01",853.159973
"2016-07-04",845.950012
"2016-07-05",833.320007
"2016-07-06",818.809998
"2016-07-07",825.619995
"2016-07-08",838.75
"2016-07-11",850.97998
"2016-07-12",861.22998
"2016-07-13",860.530029
"2016-07-14",867.679993
"2016-07-15",864.820007
"2016-07-18",863.780029
"2016-07-19",860.460022
"2016-07-20",867.929993
"2016-07-21",867.309998
"2016-07-22",869.309998
"2016-07-25",870.51001
"2016-07-26",872.440002
"2016-07-27",877.75
"2016-07-28",869.47998
"2016-07-29",876.01001
"2016-08-01",868.179993
"2016-08-02",853.809998
"2016-08-03",853.320007
"2016-08-04",859.330017
"2016-08-05",869.609985
"2016-08-08",869.77002
"2016-08-09",878.669983
"2016-08-10",876.22998
"2016-08-11",885.5
"2016-08-12",885.309998
"2016-08-15",885.940002
"2016-08-16",877.820007
"2016-08-17",870.27002
"2016-08-18",874.530029
"2016-08-19",868.590027
"2016-08-22",867.130005
"2016-08-23",873.780029
"2016-08-24",875.25
"2016-08-25",870.27002
"2016-08-26",876.25
"2016-08-29",873.909973
"2016-08-30",879.869995
"2016-08-31",875.950012
"2016-09-01",875.950012
"2016-09-02",895.679993
"2016-09-05",896.039978
"2016-09-06",892.880005
"2016-09-07",897.570007
"2016-09-08",893.429993
"2016-09-09",882.98999
"2016-09-12",873.840027
"2016-09-13",864.25
"2016-09-14",860.950012
"2016-09-15",864.210022
"2016-09-16",857.719971
"2016-09-19",868.809998
"2016-09-20",868.619995
"2016-09-21",872.940002
"2016-09-22",890.51001
"2016-09-23",886.73999
"2016-09-26",873.52002
"2016-09-27",872.679993
"2016-09-28",879.549988
"2016-09-29",880.02002
"2016-09-30",881.47998
"2016-10-03",881.559998
"2016-10-04",891.02002
"2016-10-05",887.140015
"2016-10-06",884.359985
"2016-10-07",877.450012
"2016-10-10",887.200012
"2016-10-11",883.559998
"2016-10-12",879.890015
"2016-10-13",871.380005
"2016-10-14",884.549988
"2016-10-17",880.150024
"2016-10-18",890.109985
"2016-10-19",893.200012
"2016-10-20",895.109985
"2016-10-21",894.869995
"2016-10-24",896.409973
"2016-10-25",893.049988
"2016-10-26",890.02002
"2016-10-27",891.359985
"2016-10-28",889.619995
"2016-10-31",881.789978
"2016-11-01",875.849976
"2016-11-02",864.460022
"2016-11-03",862.599976
"2016-11-04",856.690002
"2016-11-07",869.940002
"2016-11-08",874.830017
"2016-11-09",882.450012
"2016-11-10",873.880005
"2016-11-11",867.75
"2016-11-14",867.849976
"2016-11-15",872.640015
"2016-11-16",868.929993
"2016-11-17",873.719971
"2016-11-18",870.159973
"2016-11-21",875.559998
"2016-11-22",879.719971
"2016-11-23",877.530029
"2016-11-24",879.340027
"2016-11-25",882.179993
"2016-11-28",875.380005
"2016-11-29",879.950012
"2016-11-30",884.619995
"2016-12-01",877.609985
"2016-12-02",872
"2016-12-05",880.820007
"2016-12-06",891.159973
"2016-12-07",899.590027
"2016-12-08",907.27002
"2016-12-09",913.059998
"2016-12-12",913.26001
"2016-12-13",921.679993
"2016-12-14",915.919983
"2016-12-15",922.289978
"2016-12-16",925.849976
"2016-12-19",925.679993
"2016-12-20",931.719971
"2016-12-21",929.359985
"2016-12-22",928.880005
"2016-12-23",930.169983
"2016-12-27",932.200012
"2016-12-28",932.51001
"2016-12-29",930.73999
"2016-12-30",933.890015
"2017-01-02",938.969971
"2017-01-03",941.349976
"2017-01-04",941.27002
"2017-01-05",941.169983
"2017-01-06",941.710022
"2017-01-09",938.22998
"2017-01-10",937.619995
"2017-01-11",938.179993
"2017-01-12",933.340027
"2017-01-13",943.26001
"2017-01-16",936.01001
"2017-01-17",932.809998
"2017-01-18",933.5
"2017-01-19",933.48999
"2017-01-20",935.25
"2017-01-23",930.190002
"2017-01-24",931.450012
"2017-01-25",939.549988
"2017-01-26",937.450012
"2017-01-27",934.119995
"2017-01-30",923.619995
"2017-01-31",916.700012
"2017-02-01",923.849976
"2017-02-02",926.320007
"2017-02-03",932.52002
"2017-02-06",924.030029
"2017-02-07",923.02002
"2017-02-08",924.549988
"2017-02-09",934.179993
"2017-02-10",933.940002
"2017-02-13",943.909973
"2017-02-14",945.48999
"2017-02-15",949.440002
"2017-02-16",945.590027
"2017-02-17",944.400024
"2017-02-20",942.950012
"2017-02-21",947.950012
"2017-02-22",949.299988
"2017-02-23",948
"2017-02-24",940.299988
"2017-02-27",940.780029
"2017-02-28",942.97998
"2017-03-01",959.640015
"2017-03-02",958.109985
"2017-03-03",963.210022
"2017-03-06",959.130005
"2017-03-07",956.530029
"2017-03-08",956.119995
"2017-03-09",960.880005
"2017-03-10",964.47998
"2017-03-13",965.429993
"2017-03-14",961.809998
"2017-03-15",963.109985
"2017-03-16",969.219971
"2017-03-17",973.140015
"2017-03-20",970.380005
"2017-03-21",967.590027
"2017-03-22",964.210022
"2017-03-23",971.099976
"2017-03-24",969.01001
"2017-03-27",968.419983
"2017-03-28",974.25
"2017-03-29",977.320007
"2017-03-30",981.280029
"2017-03-31",986.27002
"2017-04-03",980.700012
"2017-04-04",982.900024
"2017-04-05",982.099976
"2017-04-06",986.469971
"2017-04-07",990.210022
"2017-04-10",987.719971
"2017-04-11",985.51001
"2017-04-12",985.98999
"2017-04-13",980.690002
"2017-04-18",968.030029
"2017-04-19",970.179993
"2017-04-20",978.059998
"2017-04-21",976.530029
"2017-04-24",1010.52002
"2017-04-25",1013.359985
"2017-04-26",1014.640015
"2017-04-27",1011.780029
"2017-04-28",1010.929993
"2017-05-02",1017.48999
"2017-05-03",1018.469971
"2017-05-04",1033.25
"2017-05-05",1043.23999
"2017-05-08",1038.089966
"2017-05-09",1040.27002
"2017-05-10",1040.930054
"2017-05-11",1036.98999
"2017-05-12",1041.310059
"2017-05-15",1042.640015
"2017-05-16",1042.540039
"2017-05-17",1027.52002
"2017-05-18",1018.400024
"2017-05-19",1026.040039
"2017-05-22",1024.550049
"2017-05-23",1028.02002
"2017-05-24",1027.780029
"2017-05-25",1028.140015
"2017-05-26",1028.060059
"2017-05-29",1026.459961
"2017-05-30",1022.640015
"2017-05-31",1019.98999
"2017-06-01",1026.589966
"2017-06-02",1030.430054
"2017-06-05",1025.140015
"2017-06-06",1018.690002
"2017-06-07",1019.630005
"2017-06-08",1017.590027
"2017-06-09",1023.830017
"2017-06-12",1011.880005
"2017-06-13",1016.169983
"2017-06-14",1013.780029
"2017-06-15",1009.26001
"2017-06-16",1017.289978
"2017-06-19",1025.459961
"2017-06-20",1021.369995
"2017-06-21",1017.539978
"2017-06-22",1017.27002
"2017-06-23",1013.909973
"2017-06-26",1019.380005
"2017-06-27",1011.890015
"2017-06-28",1009.349976
"2017-06-29",990.840027
"2017-06-30",986.219971
"2017-07-03",997.98999
"2017-07-04",994.590027
"2017-07-05",995.299988
"2017-07-06",989.76001
"2017-07-07",989.640015
"2017-07-10",993.640015
"2017-07-11",988.940002
"2017-07-12",1002.890015
"2017-07-13",1006.820007
"2017-07-14",1008.72998
"2017-07-17",1008.97998
"2017-07-18",999.909973
"2017-07-19",1008.450012
"2017-07-20",1007.48999
"2017-07-21",995.23999
"2017-07-24",994.559998
"2017-07-25",1000.349976
"2017-07-26",1007.809998
"2017-07-27",1011.780029
"2017-07-28",1000.73999
"2017-07-31",995.780029
"2017-08-01",1000.630005
"2017-08-02",996.929993
"2017-08-03",1001.27002
"2017-08-04",1012.150024
"2017-08-07",1013.02002
"2017-08-08",1015.359985
"2017-08-09",1003.400024
"2017-08-10",996.809998
"2017-08-11",986.179993
"2017-08-14",996.460022
"2017-08-15",999.599976
"2017-08-16",1006.380005
"2017-08-17",1002.73999
"2017-08-18",995.809998
"2017-08-21",990.919983
"2017-08-22",999.219971
"2017-08-23",995.01001
"2017-08-24",994.890015
"2017-08-25",992.5
"2017-08-28",987.22998
"2017-08-29",979.030029
"2017-08-30",985.73999
"2017-08-31",991.619995
"2017-09-01",997.51001
"2017-09-04",994.090027
"2017-09-05",992.580017
"2017-09-06",995.080017
"2017-09-07",998.820007
"2017-09-08",999.890015
"2017-09-11",1010.919983
"2017-09-12",1016.080017
"2017-09-13",1018.27002
"2017-09-14",1019.940002
"2017-09-15",1016.049988
"2017-09-18",1018.72998
"2017-09-19",1019.390015
"2017-09-20",1018.580017
"2017-09-21",1020.679993
"2017-09-22",1022.5
"2017-09-25",1023.219971
"2017-09-26",1024.449951
"2017-09-27",1027.48999
"2017-09-28",1030.699951
"2017-09-29",1036.540039
"2017-10-02",1040.880005
"2017-10-03",1044.569946
"2017-10-04",1044.180054
"2017-10-05",1048.140015
"2017-10-06",1043.329956
"2017-10-09",1045.439941
"2017-10-10",1045.969971
"2017-10-11",1046.849976
"2017-10-12",1047.569946
"2017-10-13",1048.180054
"2017-10-16",1049.390015
"2017-10-17",1049.930054
"2017-10-18",1053.98999
"2017-10-19",1048.790039
"2017-10-20",1049.589966
"2017-10-23",1052.089966
"2017-10-24",1050.819946
"2017-10-25",1045.660034
"2017-10-26",1057.920044
"2017-10-27",1064.26001
"2017-10-30",1064.199951
"2017-10-31",1068.22998
"2017-11-01",1071.150024
"2017-11-02",1069.439941
"2017-11-03",1071.469971
"2017-11-06",1070.790039
"2017-11-07",1064.98999
"2017-11-08",1063.73999
"2017-11-09",1052.930054
"2017-11-10",1046.810059
"2017-11-13",1039.540039
"2017-11-14",1033.680054
"2017-11-15",1029.189941
"2017-11-16",1034.880005
"2017-11-17",1030.01001
"2017-11-20",1034.790039
"2017-11-21",1039.060059
"2017-11-22",1035.829956
"2017-11-23",1040.719971
"2017-11-24",1041.77002
"2017-11-27",1036.839966
"2017-11-28",1043.609985
"2017-11-29",1043.089966
"2017-11-30",1039.349976
"2017-12-01",1030.430054
"2017-12-04",1042.670044
"2017-12-05",1041.839966
"2017-12-06",1040.209961
"2017-12-07",1042.170044
"2017-12-08",1045.48999
"2017-12-11",1044.160034
"2017-12-12",1051.719971
"2017-12-13",1045.199951
"2017-12-14",1038.51001
"2017-12-15",1038.23999
"2017-12-18",1050.939941
"2017-12-19",1045.949951
"2017-12-20",1039.27002
"2017-12-21",1043.829956
"2017-12-22",1041.040039
"2017-12-27",1042
"2017-12-28",1037.069946
"2017-12-29",1032.73999
"2018-01-02",1030.599976
"2018-01-03",1038.310059
"2018-01-04",1051.579956
"2018-01-05",1061.689941
"2018-01-08",1064.02002
"2018-01-09",1070.790039
"2018-01-10",1066.640015
"2018-01-11",1062.709961
"2018-01-12",1066.790039
"2018-01-15",1066.5
"2018-01-16",1067.849976
"2018-01-17",1066.47998
"2018-01-18",1067.790039
"2018-01-19",1073.77002
"2018-01-22",1077.199951
"2018-01-23",1076.300049
"2018-01-24",1067.589966
"2018-01-25",1064.170044
"2018-01-26",1072.390015
"2018-01-29",1069.900024
"2018-01-30",1061.900024
"2018-01-31",1063
"2018-02-01",1059.27002
"2018-02-02",1043.52002
"2018-02-05",1027.72998
"2018-02-06",1001.650024
"2018-02-07",1021.669983
"2018-02-08",1001.169983
"2018-02-09",987.549988
"2018-02-12",998.780029
"2018-02-13",992.549988
"2018-02-14",1001.690002
"2018-02-15",1009.5
"2018-02-16",1021
"2018-02-19",1016.419983
"2018-02-20",1021.400024
"2018-02-21",1023.650024
"2018-02-22",1024.02002
"2018-02-23",1026.709961
"2018-02-26",1032.98999
"2018-02-27",1032.079956
"2018-02-28",1028.339966
"2018-03-01",1018.440002
"2018-03-02",998.179993
"2018-03-05",1006.27002
"2018-03-06",1009.25
"2018-03-07",1012.669983
"2018-03-08",1026.140015
"2018-03-09",1030.319946
"2018-03-12",1032.400024
"2018-03-13",1023.929993
"2018-03-14",1020.950012
"2018-03-15",1026.420044
"2018-03-16",1029.469971
"2018-03-19",1019.190002
"2018-03-20",1025.01001
"2018-03-21",1023.450012
"2018-03-22",1009.73999
"2018-03-23",996.320007
"2018-03-26",990.97998
"2018-03-27",1002.01001
"2018-03-28",1006.859985
"2018-03-29",1011.719971
"2018-04-03",1008.440002
"2018-04-04",1005.530029
"2018-04-05",1030.880005
"2018-04-06",1027.420044
"2018-04-09",1028.449951
"2018-04-10",1036.98999
"2018-04-11",1031.98999
"2018-04-12",1037.079956
"2018-04-13",1037.880005
"2018-04-16",1036.829956
"2018-04-17",1044.910034
"2018-04-18",1049.040039
"2018-04-19",1048.439941
"2018-04-20",1050.02002
"2018-04-23",1053.469971
"2018-04-24",1055.119995
"2018-04-25",1048.800049
"2018-04-26",1055.969971
"2018-04-27",1059.939941
"2018-04-30",1063.550049
"2018-05-02",1063.319946
"2018-05-03",1058.060059
"2018-05-04",1063.02002
"2018-05-07",1065.97998
"2018-05-08",1066.73999
"2018-05-09",1069.900024
"2018-05-10",1070.390015
"2018-05-11",1070.680054
"2018-05-14",1071.22998
"2018-05-15",1071.48999
"2018-05-16",1073.569946
"2018-05-17",1083.430054
"2018-05-18",1081.349976
"2018-05-21",1086.140015
"2018-05-22",1087.390015
"2018-05-23",1075.709961
"2018-05-24",1072.27002
"2018-05-25",1071.810059
"2018-05-28",1066.52002
"2018-05-29",1052.839966
"2018-05-30",1053.939941
"2018-05-31",1049.060059
"2018-06-01",1059.77002
"2018-06-04",1065.050049
"2018-06-05",1063.089966
"2018-06-06",1060.079956
"2018-06-07",1057.380005
"2018-06-08",1057.540039
"2018-06-11",1064.430054
"2018-06-12",1062.069946
"2018-06-13",1063.48999
"2018-06-14",1075.040039
"2018-06-15",1069.459961
"2018-06-18",1060.73999
"2018-06-19",1050.75
"2018-06-20",1048.829956
"2018-06-21",1041.819946
"2018-06-22",1054.800049
"2018-06-25",1034.77002
"2018-06-26",1035.630005
"2018-06-27",1044.790039
"2018-06-28",1036.48999
"2018-06-29",1044.810059
"2018-07-02",1035.810059
"2018-07-03",1043.609985
"2018-07-04",1043.719971
"2018-07-05",1050.130005
"2018-07-06",1053.73999
"2018-07-09",1059.060059
"2018-07-10",1065.219971
"2018-07-11",1052.890015
"2018-07-12",1061.949951
"2018-07-13",1066.170044
"2018-07-16",1062.73999
"2018-07-17",1064.640015
"2018-07-18",1070.939941
"2018-07-19",1068.530029
"2018-07-20",1067.380005
"2018-07-23",1063.619995
"2018-07-24",1072.300049
"2018-07-25",1072.27002
"2018-07-26",1076.030029
"2018-07-27",1080.719971
"2018-07-30",1075.869995
"2018-07-31",1078.160034
"2018-08-01",1075.849976
"2018-08-02",1069.680054
"2018-08-03",1075.089966
"2018-08-06",1074.98999
"2018-08-07",1081.310059
"2018-08-08",1077.880005
"2018-08-09",1078.52002
"2018-08-10",1062.51001
"2018-08-13",1060.969971
"2018-08-14",1061.290039
"2018-08-15",1045.030029
"2018-08-16",1052.920044
"2018-08-17",1051.140015
"2018-08-20",1057.969971
"2018-08-21",1061.849976
"2018-08-22",1063.52002
"2018-08-23",1063.47998
"2018-08-24",1065.099976
"2018-08-27",1072.969971
"2018-08-28",1073.329956
"2018-08-29",1075.97998
"2018-08-30",1071.339966
"2018-08-31",1058.72998
"2018-09-03",1059.410034
"2018-09-04",1047.829956
"2018-09-05",1032.619995
"2018-09-06",1027.22998
"2018-09-07",1029.380005
"2018-09-10",1033.23999
"2018-09-11",1034.189941
"2018-09-12",1039.859985
"2018-09-13",1038.949951
"2018-09-14",1042.699951
"2018-09-17",1042.319946
"2018-09-18",1045.589966
"2018-09-19",1047.709961
"2018-09-20",1057.219971
"2018-09-21",1063.939941
"2018-09-24",1060.48999
"2018-09-25",1063.069946
"2018-09-26",1066.180054
"2018-09-27",1069.420044
"2018-09-28",1060.910034
"2018-10-01",1063.390015
"2018-10-02",1056.859985
"2018-10-03",1063.77002
"2018-10-04",1047.599976
"2018-10-05",1038.869995
"2018-10-08",1028.099976
"2018-10-09",1030.959961
"2018-10-10",1008.73999
"2018-10-11",990.23999
"2018-10-12",988.77002
"2018-10-15",988.359985
"2018-10-16",1004.380005
"2018-10-17",1001.119995
"2018-10-18",996.219971
"2018-10-19",993.909973
"2018-10-22",986.909973
"2018-10-23",968.77002
"2018-10-24",967.690002
"2018-10-25",975.01001
"2018-10-26",964.599976
"2018-10-29",968.640015
"2018-10-30",966.289978
"2018-10-31",985.640015
"2018-11-01",987.440002
"2018-11-02",991.01001
"2018-11-05",989.440002
"2018-11-06",986.429993
"2018-11-07",999.210022
"2018-11-08",997.76001
"2018-11-09",994.390015
"2018-11-12",986.190002
"2018-11-13",993.460022
"2018-11-14",988.299988
"2018-11-15",982.400024
"2018-11-16",980.75
"2018-11-19",972.340027
"2018-11-20",957.830017
"2018-11-21",968.22998
"2018-11-22",960.440002
"2018-11-23",962.109985
"2018-11-26",971.22998
"2018-11-27",970.51001
"2018-11-28",970.26001
"2018-11-29",974.890015
"2018-11-30",973.200012
"2018-12-03",983.200012
"2018-12-04",975.919983
"2018-12-05",963.109985
"2018-12-06",930.169983
"2018-12-07",938.080017
"2018-12-10",922.799988
"2018-12-11",935.150024
"2018-12-12",953.099976
"2018-12-13",950.609985
"2018-12-14",943.280029
"2018-12-17",932.090027
"2018-12-18",923.590027
"2018-12-19",927.669983
"2018-12-20",910.690002
"2018-12-21",909.690002
"2018-12-24",897.669983
"2018-12-27",891.809998
"2018-12-28",906.880005
"2018-12-31",916.630005
"2019-01-02",910.349976
"2019-01-03",897.450012
"2019-01-04",921.299988
"2019-01-07",919.659973
"2019-01-08",929.299988
"2019-01-09",935.590027
"2019-01-10",936.109985
"2019-01-11",935.179993
"2019-01-14",929.299988
"2019-01-15",934.570007
"2019-01-16",937.090027
"2019-01-17",935.640015
"2019-01-18",953.22998
"2019-01-21",952.280029
"2019-01-22",948.099976
"2019-01-23",947.869995
"2019-01-24",953.320007
"2019-01-25",961.780029
"2019-01-28",953.090027
"2019-01-29",960.169983
"2019-01-30",969.210022
"2019-01-31",973.099976
"2019-02-01",978.219971
"2019-02-04",978.390015
"2019-02-05",995.679993
"2019-02-06",996.359985
"2019-02-07",980.159973
"2019-02-08",973.75
"2019-02-11",983
"2019-02-12",989.950012
"2019-02-13",995.47998
"2019-02-14",992.119995
"2019-02-15",1005.880005
"2019-02-18",1009.090027
"2019-02-19",1006.630005
"2019-02-20",1012.98999
"2019-02-21",1012.030029
"2019-02-22",1013.219971
"2019-02-25",1015.840027
"2019-02-26",1017.150024
"2019-02-27",1013.869995
"2019-02-28",1019.340027
"2019-03-01",1025.26001
"2019-03-04",1027.619995
"2019-03-05",1029.660034
"2019-03-06",1026.030029
"2019-03-07",1021.460022
"2019-03-08",1013.719971
"2019-03-11",1020.47998
"2019-03-12",1021.340027
"2019-03-13",1027.579956
"2019-03-14",1036.780029
"2019-03-15",1047.25
"2019-03-18",1049.099976
"2019-03-19",1053.209961
"2019-03-20",1043.949951
"2019-03-21",1045.02002
"2019-03-22",1026.780029
"2019-03-25",1023.130005
"2019-03-26",1033.02002
"2019-03-27",1033.430054
"2019-03-28",1031.689941
"2019-03-29",1042.47998
"2019-04-01",1052.699951
"2019-04-02",1056.930054
"2019-04-03",1065.359985
"2019-04-04",1064.640015
"2019-04-05",1067.97998
"2019-04-08",1066.319946
"2019-04-09",1060.060059
"2019-04-10",1063.920044
"2019-04-11",1069.819946
"2019-04-12",1072.630005
"2019-04-15",1074.310059
"2019-04-16",1078.140015
"2019-04-17",1082.199951
"2019-04-18",1085.969971
"2019-04-23",1088.01001
"2019-04-24",1084.410034
"2019-04-25",1079.699951
"2019-04-26",1081.939941
"2019-04-29",1084.27002
"2019-04-30",1086.579956
"2019-05-02",1078.5
"2019-05-03",1080.23999
"2019-05-06",1069.140015
"2019-05-07",1052.900024
"2019-05-08",1056.849976
"2019-05-09",1037.709961
"2019-05-10",1040.589966
"2019-05-13",1027.699951
"2019-05-14",1042.869995
"2019-05-15",1049.040039
"2019-05-16",1062.02002
"2019-05-17",1059.02002
"2019-05-20",1044.5
"2019-05-21",1048.969971
"2019-05-22",1048.380005
"2019-05-23",1031.75
"2019-05-24",1037.339966
"2019-05-27",1041.579956
"2019-05-28",1038.910034
"2019-05-29",1022.98999
"2019-05-30",1030.75
"2019-05-31",1022.090027
"2019-06-03",1026.26001
"2019-06-04",1030.01001
"2019-06-05",1035.550049
"2019-06-06",1033.310059
"2019-06-07",1047.97998
"2019-06-10",1051.880005
"2019-06-11",1056.849976
"2019-06-12",1052.319946
"2019-06-13",1051.660034
"2019-06-14",1047.689941
"2019-06-17",1049.699951
"2019-06-18",1070.189941
"2019-06-19",1071.280029
"2019-06-20",1074.160034
"2019-06-21",1071.400024
"2019-06-24",1069.329956
"2019-06-25",1066.72998
"2019-06-26",1063.819946
"2019-06-27",1062.380005
"2019-06-28",1071.439941
"2019-07-01",1078.170044
"2019-07-02",1081.459961
"2019-07-03",1091.780029
"2019-07-04",1092.290039
"2019-07-05",1086.079956
"2019-07-08",1084.569946
"2019-07-09",1080.530029
"2019-07-10",1078.689941
"2019-07-11",1077.099976
"2019-07-12",1079.310059
"2019-07-15",1080.23999
"2019-07-16",1086.329956
"2019-07-17",1081.27002
"2019-07-18",1078.280029
"2019-07-19",1081.640015
"2019-07-22",1085.890015
"2019-07-23",1095.660034
"2019-07-24",1095.48999
"2019-07-25",1092.209961
"2019-07-26",1097.819946
"2019-07-29",1095.439941
"2019-07-30",1080.420044
"2019-07-31",1081.089966
"2019-08-01",1086.880005
"2019-08-02",1051.280029
"2019-08-05",1025.810059
"2019-08-06",1022.900024
"2019-08-07",1028.98999
"2019-08-08",1049.959961
"2019-08-09",1038.329956
"2019-08-12",1034.780029
"2019-08-13",1041.640015
"2019-08-14",1021.460022
"2019-08-15",1017.590027
"2019-08-16",1031.319946
"2019-08-19",1045.26001
"2019-08-20",1038.27002
"2019-08-21",1054.630005
"2019-08-22",1045.619995
"2019-08-23",1035.170044
"2019-08-26",1037.810059
"2019-08-27",1045.199951
"2019-08-28",1042.329956
"2019-08-29",1056.910034
"2019-08-30",1064.089966
"2019-09-02",1066.699951
"2019-09-03",1062.199951
"2019-09-04",1073.660034
"2019-09-05",1082.430054
"2019-09-06",1082.530029
"2019-09-09",1080.430054
"2019-09-10",1079.359985
"2019-09-11",1085.869995
"2019-09-12",1091.709961
"2019-09-13",1093.589966
"2019-09-16",1084.48999
"2019-09-17",1087.300049
"2019-09-18",1088.569946
"2019-09-19",1094.160034
"2019-09-20",1098.689941
"2019-09-23",1088.810059
"2019-09-24",1088.560059
"2019-09-25",1081.709961
"2019-09-26",1089.410034
"2019-09-27",1093.189941
"2019-09-30",1099.170044
"2019-10-01",1084.709961
"2019-10-02",1052.780029
"2019-10-03",1055.079956
"2019-10-04",1065.089966
"2019-10-07",1072.640015
"2019-10-08",1059.719971
"2019-10-09",1066.599976
"2019-10-10",1076.859985
"2019-10-11",1094.130005
"2019-10-14",1090.5
"2019-10-15",1100.98999
"2019-10-16",1098.819946
"2019-10-17",1095.709961
"2019-10-18",1089.390015
"2019-10-21",1092.630005
"2019-10-22",1092.890015
"2019-10-23",1091.51001
"2019-10-24",1098.930054
"2019-10-25",1098.97998
"2019-10-28",1099.329956
"2019-10-29",1099.359985
"2019-10-30",1104.73999
"2019-10-31",1097.890015
"2019-11-01",1103.73999
"2019-11-04",1114
"2019-11-05",1119.25
"2019-11-06",1123.439941
"2019-11-07",1127.130005
"2019-11-08",1125.959961
"2019-11-11",1126.22998
"2019-11-12",1131.069946
"2019-11-13",1128.890015
"2019-11-14",1127.219971
"2019-11-15",1134.030029
"2019-11-18",1133.439941
"2019-11-19",1129.079956
"2019-11-20",1125.51001
"2019-11-21",1120.959961
"2019-11-22",1124.199951
"2019-11-25",1131.030029
"2019-11-26",1133.310059
"2019-11-27",1133.689941
"2019-11-28",1131.23999
"2019-11-29",1129.969971
"2019-12-02",1110.430054
"2019-12-03",1100.839966
"2019-12-04",1113.849976
"2019-12-05",1113.650024
"2019-12-06",1127.98999
"2019-12-09",1123.280029
"2019-12-10",1122.430054
"2019-12-11",1123.189941
"2019-12-12",1125.869995
"2019-12-13",1132.439941
"2019-12-16",1146.339966
"2019-12-17",1140.880005
"2019-12-18",1140.280029
"2019-12-19",1142.949951
"2019-12-20",1152.579956
"2019-12-23",1153.810059
"2019-12-24",1154.290039
"2019-12-25",NA
"2019-12-27",1156.609985
"2019-12-30",1146.560059
"2019-12-31",1144.390015
"2020-01-02",1158.26001
"2020-01-03",1157.380005
"2020-01-06",1151.810059
"2020-01-07",1153.089966
"2020-01-08",1155.380005
"2020-01-09",1158.670044
"2020-01-10",1157.329956
"2020-01-13",1155.859985
"2020-01-14",1157.630005
"2020-01-15",1157.869995
"2020-01-16",1159.199951
"2020-01-17",1170.060059
"2020-01-20",1166.930054
"2020-01-21",1161.329956
"2020-01-22",1158.030029
"2020-01-23",1149.050049
"2020-01-24",1160.410034
"2020-01-27",1131.52002
"2020-01-28",1142.430054
"2020-01-29",1146.550049
"2020-01-30",1132.349976
"2020-01-31",1120.22998
"2020-02-03",1125.579956
"2020-02-04",1144.72998
"2020-02-05",1156.319946
"2020-02-06",1164.680054
"2020-02-07",1161.089966
"2020-02-10",1159.839966
"2020-02-11",1167.969971
"2020-02-12",1177.670044
"2020-02-13",1176.130005
"2020-02-14",1174.349976
"2020-02-17",1176.459961
"2020-02-18",1172.72998
"2020-02-19",1182.099976
"2020-02-20",1171.089966
"2020-02-21",1164.170044
"2020-02-24",1120.449951
"2020-02-25",1099.27002
"2020-02-26",1099.410034
"2020-02-27",1059.359985
"2020-02-28",1021.97998
"2020-03-02",1027.680054
"2020-03-03",1039.949951
"2020-03-04",1053.72998
"2020-03-05",1036.079956
"2020-03-06",994.77002
"2020-03-09",914.320007
"2020-03-10",901.5
"2020-03-11",896.159973
"2020-03-12",788.869995
"2020-03-13",800.75
"2020-03-16",755.080017
"2020-03-17",772.340027
"2020-03-18",733.929993
"2020-03-19",756.950012
"2020-03-20",792.159973
"2020-03-23",766.630005
"2020-03-24",829.309998
"2020-03-25",861.02002
"2020-03-26",881.909973
"2020-03-27",843.390015
"2020-03-30",850.890015
"2020-03-31",858.109985
"2020-04-01",827.859985
"2020-04-02",832.840027
"2020-04-03",819.97998
"2020-04-06",854.820007
"2020-04-07",872.619995
"2020-04-08",874.390015
"2020-04-09",887.869995
"2020-04-14",888.890015
"2020-04-15",857.039978
"2020-04-16",857.710022
"2020-04-17",883.280029
"2020-04-20",889.150024
"2020-04-21",858.01001
"2020-04-22",870.799988
"2020-04-23",877.909973
"2020-04-24",865.799988
"2020-04-27",886.070007
"2020-04-28",900.849976
"2020-04-29",919.98999
"2020-04-30",899.869995
"2020-05-04",863.559998
"2020-05-05",882.25
"2020-05-06",875.01001
"2020-05-07",889.75
"2020-05-08",900.369995
"2020-05-11",895.570007
"2020-05-12",893.340027
"2020-05-13",874.289978
"2020-05-14",856.159973
"2020-05-15",858.52002
"2020-05-18",896.619995
"2020-05-19",890.140015
"2020-05-20",902.289978
"2020-05-21",890.859985
"2020-05-22",890.869995
"2020-05-25",907.890015
"2020-05-26",919.369995
"2020-05-27",927.23999
"2020-05-28",943.02002
"2020-05-29",930.25
"2020-06-01",943.47998
"2020-06-02",958.969971
"2020-06-03",988.159973
"2020-06-04",986.659973
"2020-06-05",1014.73999
"2020-06-08",1007.549988
"2020-06-09",995.210022
"2020-06-10",989.210022
"2020-06-11",947.72998
"2020-06-12",953.390015
"2020-06-15",948.840027
"2020-06-16",977.450012
"2020-06-17",985.619995
"2020-06-18",980.969971
"2020-06-19",985.419983
"2020-06-22",979.669983
"2020-06-23",993.849976
"2020-06-24",965
"2020-06-25",972.26001
"2020-06-26",971.070007
"2020-06-29",975.599976
"2020-06-30",976.539978
"2020-07-01",977.130005
"2020-07-02",998.320007
"2020-07-03",992.869995
"2020-07-06",1008.049988
"2020-07-07",1002.640015
"2020-07-08",994.929993
"2020-07-09",985.330017
"2020-07-10",993.700012
"2020-07-13",1007.969971
"2020-07-14",997.47998
"2020-07-15",1013.359985
"2020-07-16",1008.599976
"2020-07-17",1006.219971
"2020-07-20",1012.809998
"2020-07-21",1017.789978
"2020-07-22",1003.789978
"2020-07-23",1005.27002
"2020-07-24",986.950012
"2020-07-27",983.700012
"2020-07-28",984.900024
"2020-07-29",987.090027
"2020-07-30",966.080017
"2020-07-31",954.26001
"2020-08-03",971.309998
"2020-08-04",973.299988
"2020-08-05",981.700012
"2020-08-06",972.820007
"2020-08-07",972.950012
"2020-08-10",973.109985
"2020-08-11",993.700012
"2020-08-12",1005.710022
"2020-08-13",999.289978
"2020-08-14",984.469971
"2020-08-17",986.210022
"2020-08-18",980.25
"2020-08-19",985.669983
"2020-08-20",972.5
"2020-08-21",971.820007
"2020-08-24",992.27002
"2020-08-25",992.369995
"2020-08-26",1003.440002
"2020-08-27",996.840027
"2020-08-28",991.539978
"2020-08-31",979.969971
"2020-09-01",981.280029
"2020-09-02",997.419983
"2020-09-03",986.76001
"2020-09-04",974.02002
"2020-09-07",988.890015
"2020-09-08",973.469971
"2020-09-09",988.890015
"2020-09-10",986.469971
"2020-09-11",988.059998
"2020-09-14",991.25
"2020-09-15",995.969971
"2020-09-16",998.919983
"2020-09-17",992.059998
"2020-09-18",982.77002
"2020-09-21",949.48999
"2020-09-22",949.98999
"2020-09-23",957.01001
"2020-09-24",948.109985
"2020-09-25",944.549988
"2020-09-28",965.710022
"2020-09-29",962.190002
"2020-09-30",958.97998
"2020-10-01",964
"2020-10-02",965.359985
"2020-10-05",975.25
"2020-10-06",979.080017
"2020-10-07",978.059998
"2020-10-08",984.799988
"2020-10-09",993.52002
"2020-10-12",1001.690002
"2020-10-13",996.809998
"2020-10-14",995.890015
"2020-10-15",973.940002
"2020-10-16",991.049988
"2020-10-19",989.210022
"2020-10-20",989.440002
"2020-10-21",974.47998
"2020-10-22",972.549988
"2020-10-23",979.969971
"2020-10-26",964.159973
"2020-10-27",954.159973
"2020-10-28",926.450012
"2020-10-29",927.950012
"2020-10-30",930.909973
"2020-11-02",947.609985
"2020-11-03",966.72998
"2020-11-04",989.630005
"2020-11-05",1003.140015
"2020-11-06",1001.380005
"2020-11-09",1060.140015
"2020-11-10",1069.079956
"2020-11-11",1077
"2020-11-12",1068.079956
"2020-11-13",1068.170044
"2020-11-16",1082.130005
"2020-11-17",1080.97998
"2020-11-18",1085.119995
"2020-11-19",1077.550049
"2020-11-20",1083.869995
"2020-11-23",1083.040039
"2020-11-24",1093.439941
"2020-11-25",1094.780029
"2020-11-26",1095.420044
"2020-11-27",1103.079956
"2020-11-30",1088.72998
"2020-12-01",1100.709961
"2020-12-02",1099.76001
"2020-12-03",1101
"2020-12-04",1108.599976
"2020-12-07",1104.380005
"2020-12-08",1102.619995
"2020-12-09",1102.22998
"2020-12-10",1100.969971
"2020-12-11",1094.310059
"2020-12-14",1096.26001
"2020-12-15",1098.209961
"2020-12-16",1102.300049
"2020-12-17",1104.160034
"2020-12-18",1100.609985
"2020-12-21",1075.849976
"2020-12-22",1088.810059
"2020-12-23",1099.819946
"2020-12-24",1100.23999
"2020-12-28",1107.849976
"2020-12-29",1113.819946
"2020-12-30",1112.439941
"2020-12-31",1103.540039
"2021-01-04",1112.52002
"2021-01-05",1109.560059
"2021-01-06",1120.22998
"2021-01-07",1122.130005
"2021-01-08",1132.099976
"2021-01-11",1124.290039
"2021-01-12",1122.560059
"2021-01-13",1123.609985
"2021-01-14",1133.199951
"2021-01-15",1121.800049
"2021-01-18",1122.540039
"2021-01-19",1122.180054
"2021-01-20",1130.550049
"2021-01-21",1129.319946
"2021-01-22",1123.640015
"2021-01-25",1110.130005
"2021-01-26",1115.660034
"2021-01-27",1098.48999
"2021-01-28",1106.680054
"2021-01-29",1085.380005
"2021-02-01",1100.98999
"2021-02-02",1119.530029
"2021-02-03",1121.089966
"2021-02-04",1126.73999
"2021-02-05",1132.930054
"2021-02-08",1136.560059
"2021-02-09",1138
"2021-02-10",1134.180054
"2021-02-11",1138.5
"2021-02-12",1147.599976
"2021-02-15",1161.119995
"2021-02-16",1161.150024
"2021-02-17",1156.119995
"2021-02-18",1147.069946
"2021-02-19",1154.790039
"2021-02-22",1148.140015
"2021-02-23",1145.040039
"2021-02-24",1146.630005
"2021-02-25",1141.97998
"2021-02-26",1123.079956
"2021-03-01",1144.02002
"2021-03-02",1144.609985
"2021-03-03",1147.530029
"2021-03-04",1144.449951
"2021-03-05",1133.329956
"2021-03-08",1153.140015
"2021-03-09",1163.109985
"2021-03-10",1173.01001
