"Index","NDX.Close"
"2010-01-04",1886.699951
"2010-01-05",1888.430054
"2010-01-06",1878.420044
"2010-01-07",1876.719971
"2010-01-08",1892.589966
"2010-01-11",1886.23999
"2010-01-12",1861.790039
"2010-01-13",1886.130005
"2010-01-14",1886.52002
"2010-01-15",1864.52002
"2010-01-19",1895.47998
"2010-01-20",1867.949951
"2010-01-21",1850.569946
"2010-01-22",1794.819946
"2010-01-25",1802.390015
"2010-01-26",1803.859985
"2010-01-27",1818.900024
"2010-01-28",1771.099976
"2010-01-29",1741.040039
"2010-02-01",1760.719971
"2010-02-02",1776.920044
"2010-02-03",1784.699951
"2010-02-04",1732.98999
"2010-02-05",1746.119995
"2010-02-08",1734.880005
"2010-02-09",1753.839966
"2010-02-10",1749.76001
"2010-02-11",1775.73999
"2010-02-12",1779.109985
"2010-02-16",1802.060059
"2010-02-17",1810.859985
"2010-02-18",1823.390015
"2010-02-19",1823.319946
"2010-02-22",1817.630005
"2010-02-23",1793.819946
"2010-02-24",1812.51001
"2010-02-25",1812.910034
"2010-02-26",1818.680054
"2010-03-01",1846.400024
"2010-03-02",1851.209961
"2010-03-03",1851.569946
"2010-03-04",1859.719971
"2010-03-05",1888.560059
"2010-03-08",1890.890015
"2010-03-09",1901.380005
"2010-03-10",1917.349976
"2010-03-11",1923.810059
"2010-03-12",1924.430054
"2010-03-15",1920.089966
"2010-03-16",1932.23999
"2010-03-17",1936.219971
"2010-03-18",1943.939941
"2010-03-19",1932.430054
"2010-03-22",1949.589966
"2010-03-23",1963.199951
"2010-03-24",1951.839966
"2010-03-25",1949.150024
"2010-03-26",1952.630005
"2010-03-29",1961.219971
"2010-03-30",1967.959961
"2010-03-31",1958.339966
"2010-04-01",1959.560059
"2010-04-05",1977.829956
"2010-04-06",1981.949951
"2010-04-07",1977.300049
"2010-04-08",1980.72998
"2010-04-09",1994.430054
"2010-04-12",1995.650024
"2010-04-13",2003.810059
"2010-04-14",2028.819946
"2010-04-15",2038.640015
"2010-04-16",2012.839966
"2010-04-19",2013.530029
"2010-04-20",2023.599976
"2010-04-21",2034.530029
"2010-04-22",2045.160034
"2010-04-23",2055.330078
"2010-04-26",2049.090088
"2010-04-27",2006.25
"2010-04-28",2007.589966
"2010-04-29",2042.890015
"2010-04-30",2000.630005
"2010-05-03",2031.599976
"2010-05-04",1968.969971
"2010-05-05",1958.26001
"2010-05-06",1893.75
"2010-05-07",1849.439941
"2010-05-10",1942.609985
"2010-05-11",1940.47998
"2010-05-12",1975.579956
"2010-05-13",1945.52002
"2010-05-14",1907.099976
"2010-05-17",1915.449951
"2010-05-18",1887.060059
"2010-05-19",1873.420044
"2010-05-20",1800.119995
"2010-05-21",1822.77002
"2010-05-24",1815.280029
"2010-05-25",1815.680054
"2010-05-26",1796.469971
"2010-05-27",1862.709961
"2010-05-28",1852.390015
"2010-06-01",1835.040039
"2010-06-02",1879.589966
"2010-06-03",1895.660034
"2010-06-04",1832.040039
"2010-06-07",1798.160034
"2010-06-08",1795.699951
"2010-06-09",1778.920044
"2010-06-10",1830.089966
"2010-06-11",1847.150024
"2010-06-14",1845.47998
"2010-06-15",1897.47998
"2010-06-16",1905.310059
"2010-06-17",1910.650024
"2010-06-18",1913.47998
"2010-06-21",1895.839966
"2010-06-22",1880.540039
"2010-06-23",1874.420044
"2010-06-24",1844.589966
"2010-06-25",1838.52002
"2010-06-28",1836
"2010-06-29",1764.060059
"2010-06-30",1739.140015
"2010-07-01",1734.410034
"2010-07-02",1728.339966
"2010-07-06",1734.680054
"2010-07-07",1789.719971
"2010-07-08",1798.310059
"2010-07-09",1814.790039
"2010-07-12",1821.030029
"2010-07-13",1845.030029
"2010-07-14",1853.410034
"2010-07-15",1856.23999
"2010-07-16",1803.47998
"2010-07-19",1819.280029
"2010-07-20",1840.670044
"2010-07-21",1817.300049
"2010-07-22",1863.099976
"2010-07-23",1875.380005
"2010-07-26",1890.400024
"2010-07-27",1888.810059
"2010-07-28",1872.619995
"2010-07-29",1860.300049
"2010-07-30",1864
"2010-08-02",1898.98999
"2010-08-03",1891.810059
"2010-08-04",1909.199951
"2010-08-05",1904.949951
"2010-08-06",1902.880005
"2010-08-09",1915.170044
"2010-08-10",1899.23999
"2010-08-11",1845.380005
"2010-08-12",1832.170044
"2010-08-13",1818.800049
"2010-08-16",1821.51001
"2010-08-17",1845.369995
"2010-08-18",1850.800049
"2010-08-19",1823
"2010-08-20",1825.75
"2010-08-23",1808.310059
"2010-08-24",1775.27002
"2010-08-25",1790.880005
"2010-08-26",1769.02002
"2010-08-27",1791.640015
"2010-08-30",1772.069946
"2010-08-31",1767.430054
"2010-09-01",1820.050049
"2010-09-02",1840.579956
"2010-09-03",1870.310059
"2010-09-07",1856.5
"2010-09-08",1880
"2010-09-09",1886.140015
"2010-09-10",1892.339966
"2010-09-13",1921.670044
"2010-09-14",1928.589966
"2010-09-15",1939.599976
"2010-09-16",1948.109985
"2010-09-17",1955.829956
"2010-09-20",1989.430054
"2010-09-21",1989.109985
"2010-09-22",1982.76001
"2010-09-23",1982.150024
"2010-09-24",2023.839966
"2010-09-27",2010.98999
"2010-09-28",2012.430054
"2010-09-29",2009.079956
"2010-09-30",1998.040039
"2010-10-01",1996.599976
"2010-10-04",1975.329956
"2010-10-05",2024.630005
"2010-10-06",2006.52002
"2010-10-07",2011.630005
"2010-10-08",2027.030029
"2010-10-11",2026.97998
"2010-10-12",2041.550049
"2010-10-13",2057.25
"2010-10-14",2054.51001
"2010-10-15",2097.72998
"2010-10-18",2104.149902
"2010-10-19",2069.72998
"2010-10-20",2085.75
"2010-10-21",2090.100098
"2010-10-22",2104.209961
"2010-10-25",2113.550049
"2010-10-26",2119.050049
"2010-10-27",2125.879883
"2010-10-28",2129.72998
"2010-10-29",2124.449951
"2010-11-01",2128.419922
"2010-11-02",2151.719971
"2010-11-03",2158.360107
"2010-11-04",2187.800049
"2010-11-05",2186.709961
"2010-11-08",2188.939941
"2010-11-09",2176.879883
"2010-11-10",2187.73999
"2010-11-11",2173.110107
"2010-11-12",2137.949951
"2010-11-15",2131.47998
"2010-11-16",2093.629883
"2010-11-17",2100
"2010-11-18",2134.77002
"2010-11-19",2135.27002
"2010-11-22",2150.860107
"2010-11-23",2116.610107
"2010-11-24",2160.52002
"2010-11-26",2153.909912
"2010-11-29",2144.560059
"2010-11-30",2117.330078
"2010-12-01",2162.830078
"2010-12-02",2185.300049
"2010-12-03",2191.169922
"2010-12-06",2189.810059
"2010-12-07",2189.350098
"2010-12-08",2200.600098
"2010-12-09",2201.570068
"2010-12-10",2215.340088
"2010-12-13",2207.449951
"2010-12-14",2212.590088
"2010-12-15",2202.449951
"2010-12-16",2218.02002
"2010-12-17",2218.290039
"2010-12-20",2223.040039
"2010-12-21",2234.570068
"2010-12-22",2235.909912
"2010-12-23",2230.27002
"2010-12-27",2229.860107
"2010-12-28",2227.419922
"2010-12-29",2231.639893
"2010-12-30",2225.719971
"2010-12-31",2217.860107
"2011-01-03",2254.22998
"2011-01-04",2251.459961
"2011-01-05",2270.399902
"2011-01-06",2277.51001
"2011-01-07",2276.699951
"2011-01-10",2284.379883
"2011-01-11",2288.72998
"2011-01-12",2304.879883
"2011-01-13",2305.530029
"2011-01-14",2323.429932
"2011-01-18",2328.790039
"2011-01-19",2303.320068
"2011-01-20",2286.080078
"2011-01-21",2268.320068
"2011-01-24",2300.389893
"2011-01-25",2304.030029
"2011-01-26",2314.189941
"2011-01-27",2330.070068
"2011-01-28",2270.51001
"2011-01-31",2281.909912
"2011-02-01",2324.949951
"2011-02-02",2321.090088
"2011-02-03",2323.070068
"2011-02-04",2338.199951
"2011-02-07",2349.199951
"2011-02-08",2363.610107
"2011-02-09",2360.949951
"2011-02-10",2364.350098
"2011-02-11",2379.149902
"2011-02-14",2385.600098
"2011-02-15",2381.919922
"2011-02-16",2397.939941
"2011-02-17",2397.570068
"2011-02-18",2392.469971
"2011-02-22",2322.860107
"2011-02-23",2300.939941
"2011-02-24",2313.310059
"2011-02-25",2346.290039
"2011-02-28",2350.98999
"2011-03-01",2315.26001
"2011-03-02",2326.77002
"2011-03-03",2371.76001
"2011-03-04",2359.959961
"2011-03-07",2328.070068
"2011-03-08",2337.550049
"2011-03-09",2322.689941
"2011-03-10",2284.290039
"2011-03-11",2299.26001
"2011-03-14",2290.719971
"2011-03-15",2259.620117
"2011-03-16",2202.969971
"2011-03-17",2225.23999
"2011-03-18",2221.070068
"2011-03-21",2262.699951
"2011-03-22",2257.959961
"2011-03-23",2270.5
"2011-03-24",2312.090088
"2011-03-25",2316.360107
"2011-03-28",2303.100098
"2011-03-29",2325.540039
"2011-03-30",2336.52002
"2011-03-31",2338.98999
"2011-04-01",2342.919922
"2011-04-04",2334.540039
"2011-04-05",2327.870117
"2011-04-06",2332.340088
"2011-04-07",2332.879883
"2011-04-08",2321.179932
"2011-04-11",2314.5
"2011-04-12",2298.300049
"2011-04-13",2316.629883
"2011-04-14",2311.25
"2011-04-15",2307.580078
"2011-04-18",2292.340088
"2011-04-19",2306.77002
"2011-04-20",2357.76001
"2011-04-21",2377.300049
"2011-04-25",2383.719971
"2011-04-26",2396.030029
"2011-04-27",2413.590088
"2011-04-28",2409.899902
"2011-04-29",2404.080078
"2011-05-02",2404.23999
"2011-05-03",2392.800049
"2011-05-04",2387.51001
"2011-05-05",2375.209961
"2011-05-06",2383.179932
"2011-05-09",2390.969971
"2011-05-10",2411.350098
"2011-05-11",2393.080078
"2011-05-12",2407.889893
"2011-05-13",2379.23999
"2011-05-16",2337.850098
"2011-05-17",2343.51001
"2011-05-18",2362.949951
"2011-05-19",2369.669922
"2011-05-20",2351.429932
"2011-05-23",2316.780029
"2011-05-24",2303.550049
"2011-05-25",2310.949951
"2011-05-26",2325.929932
"2011-05-27",2336.090088
"2011-05-31",2372.540039
"2011-06-01",2322.47998
"2011-06-02",2326.699951
"2011-06-03",2292.310059
"2011-06-06",2274.47998
"2011-06-07",2268.959961
"2011-06-08",2252.889893
"2011-06-09",2256.649902
"2011-06-10",2221.090088
"2011-06-13",2222.280029
"2011-06-14",2250.340088
"2011-06-15",2209.01001
"2011-06-16",2199.929932
"2011-06-17",2192.959961
"2011-06-20",2204.360107
"2011-06-21",2251.820068
"2011-06-22",2235.75
"2011-06-23",2255.050049
"2011-06-24",2217.060059
"2011-06-27",2252.23999
"2011-06-28",2285.75
"2011-06-29",2294.429932
"2011-06-30",2325.070068
"2011-07-01",2361.389893
"2011-07-05",2371.209961
"2011-07-06",2378.580078
"2011-07-07",2412.889893
"2011-07-08",2405.889893
"2011-07-11",2362
"2011-07-12",2343.790039
"2011-07-13",2352.429932
"2011-07-14",2325.060059
"2011-07-15",2356.669922
"2011-07-18",2344.01001
"2011-07-19",2398.169922
"2011-07-20",2387.800049
"2011-07-21",2404.23999
"2011-07-22",2429.5
"2011-07-25",2424.149902
"2011-07-26",2429.449951
"2011-07-27",2367.159912
"2011-07-28",2371.77002
"2011-07-29",2362.810059
"2011-08-01",2354.050049
"2011-08-02",2292.850098
"2011-08-03",2312.780029
"2011-08-04",2207.199951
"2011-08-05",2194.379883
"2011-08-08",2060.290039
"2011-08-09",2160.790039
"2011-08-10",2073.090088
"2011-08-11",2167.070068
"2011-08-12",2182.050049
"2011-08-15",2214.120117
"2011-08-16",2194.27002
"2011-08-17",2181.620117
"2011-08-18",2073.030029
"2011-08-19",2038.219971
"2011-08-22",2044.72998
"2011-08-23",2129.27002
"2011-08-24",2145.040039
"2011-08-25",2108.209961
"2011-08-26",2161.969971
"2011-08-29",2223.959961
"2011-08-30",2237.689941
"2011-08-31",2241.01001
"2011-09-01",2219.050049
"2011-09-02",2167.830078
"2011-09-06",2167.600098
"2011-09-07",2223.75
"2011-09-08",2214.290039
"2011-09-09",2163.659912
"2011-09-12",2191.840088
"2011-09-13",2220.580078
"2011-09-14",2252.75
"2011-09-15",2286.560059
"2011-09-16",2306.090088
"2011-09-19",2308.76001
"2011-09-20",2295.889893
"2011-09-21",2258.300049
"2011-09-22",2184.590088
"2011-09-23",2206.860107
"2011-09-26",2234.280029
"2011-09-27",2253.550049
"2011-09-28",2220.840088
"2011-09-29",2197.679932
"2011-09-30",2139.179932
"2011-10-03",2085.040039
"2011-10-04",2129.209961
"2011-10-05",2182.77002
"2011-10-06",2217.98999
"2011-10-07",2202.76001
"2011-10-10",2278.649902
"2011-10-11",2294.919922
"2011-10-12",2307.179932
"2011-10-13",2326.879883
"2011-10-14",2371.939941
"2011-10-17",2334.379883
"2011-10-18",2364.870117
"2011-10-19",2316.810059
"2011-10-20",2306.290039
"2011-10-21",2335.929932
"2011-10-24",2384.419922
"2011-10-25",2335.870117
"2011-10-26",2334.790039
"2011-10-27",2399.830078
"2011-10-28",2401.290039
"2011-10-31",2360.080078
"2011-11-01",2298.370117
"2011-11-02",2318.320068
"2011-11-03",2367.709961
"2011-11-04",2356.320068
"2011-11-07",2371.040039
"2011-11-08",2400.01001
"2011-11-09",2314.100098
"2011-11-10",2312.070068
"2011-11-11",2355.780029
"2011-11-14",2341.320068
"2011-11-15",2366.23999
"2011-11-16",2324.370117
"2011-11-17",2272.090088
"2011-11-18",2253.949951
"2011-11-21",2211.139893
"2011-11-22",2216.330078
"2011-11-23",2166.540039
"2011-11-25",2150.879883
"2011-11-28",2224.219971
"2011-11-29",2211.389893
"2011-11-30",2295.199951
"2011-12-01",2309.199951
"2011-12-02",2302.040039
"2011-12-05",2326.949951
"2011-12-06",2321.48999
"2011-12-07",2320.540039
"2011-12-08",2282.590088
"2011-12-09",2318.679932
"2011-12-12",2292.23999
"2011-12-13",2268.370117
"2011-12-14",2233.030029
"2011-12-15",2226.709961
"2011-12-16",2238.179932
"2011-12-19",2215.27002
"2011-12-20",2281.939941
"2011-12-21",2249.030029
"2011-12-22",2266.77002
"2011-12-23",2287.570068
"2011-12-27",2293.120117
"2011-12-28",2267.080078
"2011-12-29",2285.070068
"2011-12-30",2277.830078
"2012-01-03",2321.959961
"2012-01-04",2329.709961
"2012-01-05",2348.97998
"2012-01-06",2356.169922
"2012-01-09",2350.649902
"2012-01-10",2367.379883
"2012-01-11",2372.25
"2012-01-12",2381.98999
"2012-01-13",2371.97998
"2012-01-17",2393.23999
"2012-01-18",2425.959961
"2012-01-19",2441.699951
"2012-01-20",2437.02002
"2012-01-23",2437.219971
"2012-01-24",2433.959961
"2012-01-25",2465.659912
"2012-01-26",2454.629883
"2012-01-27",2461.77002
"2012-01-30",2465.320068
"2012-01-31",2467.949951
"2012-02-01",2488.179932
"2012-02-02",2495.830078
"2012-02-03",2529.169922
"2012-02-06",2528.300049
"2012-02-07",2532.060059
"2012-02-08",2545.719971
"2012-02-09",2563.929932
"2012-02-10",2547.320068
"2012-02-13",2569.48999
"2012-02-14",2575.23999
"2012-02-15",2556.01001
"2012-02-16",2592.290039
"2012-02-17",2584.23999
"2012-02-21",2590.23999
"2012-02-22",2579.780029
"2012-02-23",2594.929932
"2012-02-24",2604.209961
"2012-02-27",2606.76001
"2012-02-28",2633.459961
"2012-02-29",2623.100098
"2012-03-01",2643.540039
"2012-03-02",2641.580078
"2012-03-05",2614.919922
"2012-03-06",2588.949951
"2012-03-07",2607.850098
"2012-03-08",2637.179932
"2012-03-09",2646.850098
"2012-03-12",2646.850098
"2012-03-13",2697.429932
"2012-03-14",2708.409912
"2012-03-15",2714.790039
"2012-03-16",2712.780029
"2012-03-19",2733.26001
"2012-03-20",2737.629883
"2012-03-21",2736.879883
"2012-03-22",2731.5
"2012-03-23",2728.550049
"2012-03-26",2778.02002
"2012-03-27",2782.120117
"2012-03-28",2770.969971
"2012-03-29",2762.050049
"2012-03-30",2755.27002
"2012-04-02",2784.419922
"2012-04-03",2782.780029
"2012-04-04",2745
"2012-04-05",2762.5
"2012-04-09",2739.97998
"2012-04-10",2695.120117
"2012-04-11",2708.129883
"2012-04-12",2740.26001
"2012-04-13",2698.98999
"2012-04-16",2670.100098
"2012-04-17",2723.580078
"2012-04-18",2716.139893
"2012-04-19",2686.820068
"2012-04-20",2676.040039
"2012-04-23",2653.5
"2012-04-24",2638.72998
"2012-04-25",2709.620117
"2012-04-26",2725.22998
"2012-04-27",2741.340088
"2012-04-30",2723.679932
"2012-05-01",2726.919922
"2012-05-02",2734.77002
"2012-05-03",2704.590088
"2012-05-04",2637.919922
"2012-05-07",2639.280029
"2012-05-08",2629.870117
"2012-05-09",2621.350098
"2012-05-10",2616.23999
"2012-05-11",2615.97998
"2012-05-14",2590.280029
"2012-05-15",2580.75
"2012-05-16",2561.560059
"2012-05-17",2509.050049
"2012-05-18",2478.530029
"2012-05-21",2545.429932
"2012-05-22",2539.199951
"2012-05-23",2547.080078
"2012-05-24",2531.350098
"2012-05-25",2527.050049
"2012-05-29",2558.969971
"2012-05-30",2537.399902
"2012-05-31",2524.870117
"2012-06-01",2458.830078
"2012-06-04",2478.129883
"2012-06-05",2487.5
"2012-06-06",2546.320068
"2012-06-07",2535.409912
"2012-06-08",2559.209961
"2012-06-11",2517.179932
"2012-06-12",2546.199951
"2012-06-13",2527.439941
"2012-06-14",2539.969971
"2012-06-15",2571.22998
"2012-06-18",2592.52002
"2012-06-19",2620.830078
"2012-06-20",2623.330078
"2012-06-21",2556.959961
"2012-06-22",2585.530029
"2012-06-25",2533.540039
"2012-06-26",2549.840088
"2012-06-27",2565.530029
"2012-06-28",2536.649902
"2012-06-29",2615.719971
"2012-07-02",2625.030029
"2012-07-03",2645.840088
"2012-07-05",2647.469971
"2012-07-06",2612.290039
"2012-07-09",2610.310059
"2012-07-10",2585.52002
"2012-07-11",2570.98999
"2012-07-12",2545.300049
"2012-07-13",2584.969971
"2012-07-16",2577.050049
"2012-07-17",2591.649902
"2012-07-18",2625.870117
"2012-07-19",2655.810059
"2012-07-20",2618.040039
"2012-07-23",2589.929932
"2012-07-24",2567.459961
"2012-07-25",2549.199951
"2012-07-26",2584.850098
"2012-07-27",2647.030029
"2012-07-30",2642.120117
"2012-07-31",2642.530029
"2012-08-01",2635.129883
"2012-08-02",2625.52002
"2012-08-03",2676
"2012-08-06",2694.090088
"2012-08-07",2717.159912
"2012-08-08",2714.02002
"2012-08-09",2719.610107
"2012-08-10",2722.959961
"2012-08-13",2728.679932
"2012-08-14",2727.790039
"2012-08-15",2735.469971
"2012-08-16",2768.090088
"2012-08-17",2780.300049
"2012-08-20",2784.330078
"2012-08-21",2772.199951
"2012-08-22",2783.419922
"2012-08-23",2762.02002
"2012-08-24",2778.050049
"2012-08-27",2782.550049
"2012-08-28",2782.689941
"2012-08-29",2784
"2012-08-30",2753.73999
"2012-08-31",2772.23999
"2012-09-04",2772.030029
"2012-09-05",2766.949951
"2012-09-06",2829.709961
"2012-09-07",2825.110107
"2012-09-10",2788.350098
"2012-09-11",2784.889893
"2012-09-12",2791.679932
"2012-09-13",2831.350098
"2012-09-14",2855.22998
"2012-09-17",2856.439941
"2012-09-18",2857.379883
"2012-09-19",2864.030029
"2012-09-20",2861.699951
"2012-09-21",2861.639893
"2012-09-24",2843.97998
"2012-09-25",2804.530029
"2012-09-26",2781.629883
"2012-09-27",2821.600098
"2012-09-28",2799.189941
"2012-10-01",2794.280029
"2012-10-02",2799.290039
"2012-10-03",2818.840088
"2012-10-04",2828.600098
"2012-10-05",2811.939941
"2012-10-08",2786.919922
"2012-10-09",2741.919922
"2012-10-10",2728.540039
"2012-10-11",2719.209961
"2012-10-12",2720.139893
"2012-10-15",2739.870117
"2012-10-16",2778.379883
"2012-10-17",2775.620117
"2012-10-18",2744.169922
"2012-10-19",2678.320068
"2012-10-22",2694.560059
"2012-10-23",2666.02002
"2012-10-24",2655.550049
"2012-10-25",2657.659912
"2012-10-26",2665.830078
"2012-10-31",2647.919922
"2012-11-01",2687.52002
"2012-11-02",2656.280029
"2012-11-05",2672.909912
"2012-11-06",2681.050049
"2012-11-07",2612.689941
"2012-11-08",2572.570068
"2012-11-09",2584.100098
"2012-11-12",2582.77002
"2012-11-13",2561.860107
"2012-11-14",2531.870117
"2012-11-15",2524.360107
"2012-11-16",2534.159912
"2012-11-19",2595.830078
"2012-11-20",2594.659912
"2012-11-21",2600.47998
"2012-11-23",2639.590088
"2012-11-26",2651.669922
"2012-11-27",2641.419922
"2012-11-28",2665.27002
"2012-11-29",2680.030029
"2012-11-30",2677.879883
"2012-12-03",2671.840088
"2012-12-04",2667.889893
"2012-12-05",2637.889893
"2012-12-06",2656.300049
"2012-12-07",2640.540039
"2012-12-10",2647.570068
"2012-12-11",2682.070068
"2012-12-12",2674.570068
"2012-12-13",2654.01001
"2012-12-14",2628.090088
"2012-12-17",2664.26001
"2012-12-18",2705.389893
"2012-12-19",2690.98999
"2012-12-20",2693.550049
"2012-12-21",2664.669922
"2012-12-24",2658.050049
"2012-12-26",2637.179932
"2012-12-27",2632.939941
"2012-12-28",2606.360107
"2012-12-31",2660.929932
"2013-01-02",2746.469971
"2013-01-03",2732.26001
"2013-01-04",2724.48999
"2013-01-07",2724.219971
"2013-01-08",2718.719971
"2013-01-09",2727.649902
"2013-01-10",2744.179932
"2013-01-11",2748.26001
"2013-01-14",2735.699951
"2013-01-15",2722.97998
"2013-01-16",2734.72998
"2013-01-17",2747.149902
"2013-01-18",2743.23999
"2013-01-22",2746.189941
"2013-01-23",2762.169922
"2013-01-24",2723.530029
"2013-01-25",2736.72998
"2013-01-28",2742.429932
"2013-01-29",2743.580078
"2013-01-30",2738.709961
"2013-01-31",2731.530029
"2013-02-01",2763.959961
"2013-02-04",2715.679932
"2013-02-05",2754.98999
"2013-02-06",2746.350098
"2013-02-07",2746.5
"2013-02-08",2775.560059
"2013-02-11",2774.639893
"2013-02-12",2762.620117
"2013-02-13",2773.77002
"2013-02-14",2771.429932
"2013-02-15",2764.669922
"2013-02-19",2782.860107
"2013-02-20",2739.98999
"2013-02-21",2711.51001
"2013-02-22",2737.280029
"2013-02-25",2700.969971
"2013-02-26",2713.02002
"2013-02-27",2741.26001
"2013-02-28",2738.580078
"2013-03-01",2747.75
"2013-03-04",2759.530029
"2013-03-05",2799.25
"2013-03-06",2792.560059
"2013-03-07",2799.48999
"2013-03-08",2804.110107
"2013-03-11",2811.860107
"2013-03-12",2800.810059
"2013-03-13",2798.679932
"2013-03-14",2807.300049
"2013-03-15",2799.409912
"2013-03-18",2792.300049
"2013-03-19",2787.27002
"2013-03-20",2805.909912
"2013-03-21",2774.850098
"2013-03-22",2800.810059
"2013-03-25",2789.449951
"2013-03-26",2806.5
"2013-03-27",2809.97998
"2013-03-28",2818.689941
"2013-04-01",2797.070068
"2013-04-02",2820.620117
"2013-04-03",2795.040039
"2013-04-04",2794.919922
"2013-04-05",2771.75
"2013-04-08",2786.129883
"2013-04-09",2804.669922
"2013-04-10",2859.209961
"2013-04-11",2859.070068
"2013-04-12",2856.47998
"2013-04-15",2797.469971
"2013-04-16",2838.409912
"2013-04-17",2781.97998
"2013-04-18",2741.949951
"2013-04-19",2780.459961
"2013-04-22",2810.070068
"2013-04-23",2835.370117
"2013-04-24",2834.120117
"2013-04-25",2848.659912
"2013-04-26",2840.550049
"2013-04-29",2866.949951
"2013-04-30",2887.439941
"2013-05-01",2873.350098
"2013-05-02",2911.139893
"2013-05-03",2944.590088
"2013-05-06",2955.360107
"2013-05-07",2952.879883
"2013-05-08",2968.23999
"2013-05-09",2961.120117
"2013-05-10",2981.02002
"2013-05-13",2982.090088
"2013-05-14",2996.050049
"2013-05-15",3002.620117
"2013-05-16",2999.340088
"2013-05-17",3028.959961
"2013-05-20",3020.969971
"2013-05-21",3026.449951
"2013-05-22",2999.129883
"2013-05-23",2991.449951
"2013-05-24",2991.02002
"2013-05-28",3011.939941
"2013-05-29",2994.820068
"2013-05-30",3011.830078
"2013-05-31",2981.76001
"2013-06-03",2990.790039
"2013-06-04",2973.689941
"2013-06-05",2937.139893
"2013-06-06",2950.300049
"2013-06-07",2990.870117
"2013-06-10",2990.48999
"2013-06-11",2959.840088
"2013-06-12",2926.139893
"2013-06-13",2962.899902
"2013-06-14",2943.860107
"2013-06-17",2971.26001
"2013-06-18",2996.090088
"2013-06-19",2959.5
"2013-06-20",2890.330078
"2013-06-21",2877.939941
"2013-06-24",2848.199951
"2013-06-25",2866.5
"2013-06-26",2893.850098
"2013-06-27",2906.840088
"2013-06-28",2909.600098
"2013-07-01",2927.350098
"2013-07-02",2929.629883
"2013-07-03",2941.409912
"2013-07-05",2963.219971
"2013-07-08",2966.129883
"2013-07-09",2984.320068
"2013-07-10",3000.659912
"2013-07-11",3059.459961
"2013-07-12",3079.070068
"2013-07-15",3079.850098
"2013-07-16",3077.469971
"2013-07-17",3085.280029
"2013-07-18",3077.820068
"2013-07-19",3044.929932
"2013-07-22",3055.22998
"2013-07-23",3031.399902
"2013-07-24",3041.159912
"2013-07-25",3061.669922
"2013-07-26",3076.22998
"2013-07-29",3068.949951
"2013-07-30",3085.330078
"2013-07-31",3090.189941
"2013-08-01",3126.300049
"2013-08-02",3143.52002
"2013-08-05",3143.189941
"2013-08-06",3122.199951
"2013-08-07",3118.689941
"2013-08-08",3130.129883
"2013-08-09",3118.570068
"2013-08-12",3125.929932
"2013-08-13",3141.060059
"2013-08-14",3129.449951
"2013-08-15",3076.22998
"2013-08-16",3073.909912
"2013-08-19",3069.76001
"2013-08-20",3082.169922
"2013-08-21",3071.469971
"2013-08-22",3101.820068
"2013-08-23",3124.27002
"2013-08-26",3122.669922
"2013-08-27",3059.580078
"2013-08-28",3072.169922
"2013-08-29",3093.360107
"2013-08-30",3073.810059
"2013-09-03",3091.76001
"2013-09-04",3124.540039
"2013-09-05",3129.939941
"2013-09-06",3133.379883
"2013-09-09",3169.929932
"2013-09-10",3185.070068
"2013-09-11",3179.860107
"2013-09-12",3175.570068
"2013-09-13",3178.280029
"2013-09-16",3168.689941
"2013-09-17",3190.830078
"2013-09-18",3231.310059
"2013-09-19",3237.610107
"2013-09-20",3224.72998
"2013-09-23",3219.340088
"2013-09-24",3218.659912
"2013-09-25",3208.550049
"2013-09-26",3234.040039
"2013-09-27",3230.300049
"2013-09-30",3218.199951
"2013-10-01",3253.050049
"2013-10-02",3253.26001
"2013-10-03",3213.830078
"2013-10-04",3242.570068
"2013-10-07",3215.689941
"2013-10-08",3153.870117
"2013-10-09",3142.540039
"2013-10-10",3210.840088
"2013-10-11",3233.830078
"2013-10-14",3256.02002
"2013-10-15",3244.659912
"2013-10-16",3281.669922
"2013-10-17",3301.280029
"2013-10-18",3353.879883
"2013-10-21",3361.179932
"2013-10-22",3366.929932
"2013-10-23",3346.050049
"2013-10-24",3362.379883
"2013-10-25",3383.830078
"2013-10-28",3382.679932
"2013-10-29",3391.75
"2013-10-30",3385.379883
"2013-10-31",3377.72998
"2013-11-01",3379.76001
"2013-11-04",3384.75
"2013-11-05",3388.820068
"2013-11-06",3385.379883
"2013-11-07",3321.409912
"2013-11-08",3366.840088
"2013-11-11",3362.97998
"2013-11-12",3365.22998
"2013-11-13",3405.560059
"2013-11-14",3415.139893
"2013-11-15",3422.580078
"2013-11-18",3388.870117
"2013-11-19",3378.129883
"2013-11-20",3367.169922
"2013-11-21",3402.73999
"2013-11-22",3422.02002
"2013-11-25",3427.48999
"2013-11-26",3445.76001
"2013-11-27",3470.47998
"2013-11-29",3487.820068
"2013-12-02",3481.149902
"2013-12-03",3479.340088
"2013-12-04",3483.01001
"2013-12-05",3477.72998
"2013-12-06",3504.26001
"2013-12-09",3516.169922
"2013-12-10",3514.199951
"2013-12-11",3468.98999
"2013-12-12",3460.290039
"2013-12-13",3456.399902
"2013-12-16",3475.790039
"2013-12-17",3469.320068
"2013-12-18",3509.629883
"2013-12-19",3498.629883
"2013-12-20",3531.189941
"2013-12-23",3569.399902
"2013-12-24",3572.800049
"2013-12-26",3584.580078
"2013-12-27",3574.02002
"2013-12-30",3570.080078
"2013-12-31",3592
"2014-01-02",3563.570068
"2014-01-03",3538.72998
"2014-01-06",3526.959961
"2014-01-07",3557.850098
"2014-01-08",3567.540039
"2014-01-09",3552.580078
"2014-01-10",3565.080078
"2014-01-13",3512.800049
"2014-01-14",3580.649902
"2014-01-15",3609.840088
"2014-01-16",3611.290039
"2014-01-17",3591.25
"2014-01-21",3617.699951
"2014-01-22",3627.719971
"2014-01-23",3613.76001
"2014-01-24",3541.47998
"2014-01-27",3509.02002
"2014-01-28",3505.719971
"2014-01-29",3467.820068
"2014-01-30",3532.409912
"2014-01-31",3521.919922
"2014-02-03",3440.5
"2014-02-04",3470.199951
"2014-02-05",3454.899902
"2014-02-06",3497.600098
"2014-02-07",3561.909912
"2014-02-10",3582.110107
"2014-02-11",3621.719971
"2014-02-12",3627.360107
"2014-02-13",3659.560059
"2014-02-14",3663.879883
"2014-02-18",3679.429932
"2014-02-19",3652.850098
"2014-02-20",3671.929932
"2014-02-21",3662.600098
"2014-02-24",3685.810059
"2014-02-25",3679.139893
"2014-02-26",3676.600098
"2014-02-27",3699.800049
"2014-02-28",3696.100098
"2014-03-03",3668.370117
"2014-03-04",3719.929932
"2014-03-05",3727.189941
"2014-03-06",3720.929932
"2014-03-07",3703.399902
"2014-03-10",3706.340088
"2014-03-11",3691.5
"2014-03-12",3707.060059
"2014-03-13",3651.48999
"2014-03-14",3627.870117
"2014-03-17",3662.51001
"2014-03-18",3706.620117
"2014-03-19",3682.73999
"2014-03-20",3693.969971
"2014-03-21",3653.070068
"2014-03-24",3617.389893
"2014-03-25",3629.72998
"2014-03-26",3582.889893
"2014-03-27",3563.129883
"2014-03-28",3571.48999
"2014-03-31",3595.73999
"2014-04-01",3658.399902
"2014-04-02",3665.98999
"2014-04-03",3637.580078
"2014-04-04",3539.379883
"2014-04-07",3507.75
"2014-04-08",3538.22998
"2014-04-09",3600.439941
"2014-04-10",3487.76001
"2014-04-11",3446.850098
"2014-04-14",3474.629883
"2014-04-15",3487.850098
"2014-04-16",3533.090088
"2014-04-17",3534.530029
"2014-04-21",3559.949951
"2014-04-22",3588.810059
"2014-04-23",3557.040039
"2014-04-24",3591.030029
"2014-04-25",3533.100098
"2014-04-28",3545.030029
"2014-04-29",3573.98999
"2014-04-30",3582.02002
"2014-05-01",3594.360107
"2014-05-02",3587.639893
"2014-05-05",3605.090088
"2014-05-06",3556.51001
"2014-05-07",3546.469971
"2014-05-08",3540.419922
"2014-05-09",3555.699951
"2014-05-12",3612.72998
"2014-05-13",3611.129883
"2014-05-14",3593.25
"2014-05-15",3565.169922
"2014-05-16",3587.199951
"2014-05-19",3615.620117
"2014-05-20",3600.310059
"2014-05-21",3635.610107
"2014-05-22",3650.860107
"2014-05-23",3677.330078
"2014-05-27",3723.070068
"2014-05-28",3712.26001
"2014-05-29",3735.719971
"2014-05-30",3736.820068
"2014-06-02",3732.959961
"2014-06-03",3730.070068
"2014-06-04",3743.590088
"2014-06-05",3776.949951
"2014-06-06",3794.570068
"2014-06-09",3795.73999
"2014-06-10",3800.860107
"2014-06-11",3797.850098
"2014-06-12",3763.800049
"2014-06-13",3775.560059
"2014-06-16",3779.929932
"2014-06-17",3781.320068
"2014-06-18",3804.610107
"2014-06-19",3800.800049
"2014-06-20",3802.639893
"2014-06-23",3805.310059
"2014-06-24",3799.530029
"2014-06-25",3827.330078
"2014-06-26",3826.909912
"2014-06-27",3844.439941
"2014-06-30",3849.47998
"2014-07-01",3894.330078
"2014-07-02",3899.27002
"2014-07-03",3923.01001
"2014-07-07",3910.709961
"2014-07-08",3864.070068
"2014-07-09",3892.909912
"2014-07-10",3880.040039
"2014-07-11",3904.580078
"2014-07-14",3929.459961
"2014-07-15",3914.459961
"2014-07-16",3932.330078
"2014-07-17",3878.01001
"2014-07-18",3939.889893
"2014-07-21",3934.139893
"2014-07-22",3961.620117
"2014-07-23",3986.189941
"2014-07-24",3983.189941
"2014-07-25",3965.169922
"2014-07-28",3967.23999
"2014-07-29",3959.030029
"2014-07-30",3976.070068
"2014-07-31",3892.5
"2014-08-01",3879.669922
"2014-08-04",3908.77002
"2014-08-05",3874.939941
"2014-08-06",3874.27002
"2014-08-07",3857.939941
"2014-08-08",3888.090088
"2014-08-11",3910.459961
"2014-08-12",3905.22998
"2014-08-13",3949.199951
"2014-08-14",3969.110107
"2014-08-15",3987.51001
"2014-08-18",4020.5
"2014-08-19",4040.129883
"2014-08-20",4040.709961
"2014-08-21",4047.030029
"2014-08-22",4052.75
"2014-08-25",4067.47998
"2014-08-26",4071.669922
"2014-08-27",4073.179932
"2014-08-28",4066.27002
"2014-08-29",4082.560059
"2014-09-02",4095.810059
"2014-09-03",4070.959961
"2014-09-04",4066.129883
"2014-09-05",4089.919922
"2014-09-08",4095.469971
"2014-09-09",4061.879883
"2014-09-10",4094.969971
"2014-09-11",4092.649902
"2014-09-12",4069.22998
"2014-09-15",4029.889893
"2014-09-16",4067.27002
"2014-09-17",4073.570068
"2014-09-18",4103.080078
"2014-09-19",4100.089844
"2014-09-22",4061.22998
"2014-09-23",4051.570068
"2014-09-24",4094.310059
"2014-09-25",4007.820068
"2014-09-26",4053.719971
"2014-09-29",4047.179932
"2014-09-30",4049.449951
"2014-10-01",3984.73999
"2014-10-02",3985.870117
"2014-10-03",4027.310059
"2014-10-06",4016.27002
"2014-10-07",3958.590088
"2014-10-08",4041.120117
"2014-10-09",3969.320068
"2014-10-10",3870.860107
"2014-10-13",3808
"2014-10-14",3810.449951
"2014-10-15",3785.969971
"2014-10-16",3765.280029
"2014-10-17",3815.469971
"2014-10-20",3870.080078
"2014-10-21",3971.389893
"2014-10-22",3949.590088
"2014-10-23",4012.27002
"2014-10-24",4042.02002
"2014-10-27",4046.02002
"2014-10-28",4106.629883
"2014-10-29",4090.550049
"2014-10-30",4100.640137
"2014-10-31",4158.209961
"2014-11-03",4169.279785
"2014-11-04",4156.22998
"2014-11-05",4153.27002
"2014-11-06",4164.080078
"2014-11-07",4160.5
"2014-11-10",4175.950195
"2014-11-11",4187.160156
"2014-11-12",4195.399902
"2014-11-13",4213.47998
"2014-11-14",4224.990234
"2014-11-17",4213.790039
"2014-11-18",4242.189941
"2014-11-19",4222.660156
"2014-11-20",4242.089844
"2014-11-21",4251.319824
"2014-11-24",4284.319824
"2014-11-25",4288.22998
"2014-11-26",4317.990234
"2014-11-28",4337.790039
"2014-12-01",4287.810059
"2014-12-02",4305.959961
"2014-12-03",4312.930176
"2014-12-04",4311.930176
"2014-12-05",4311.569824
"2014-12-08",4278.339844
"2014-12-09",4294.669922
"2014-12-10",4224.870117
"2014-12-11",4246.47998
"2014-12-12",4199.279785
"2014-12-15",4157.410156
"2014-12-16",4089.600098
"2014-12-17",4165.100098
"2014-12-18",4267.77002
"2014-12-19",4281.779785
"2014-12-22",4293.669922
"2014-12-23",4279.299805
"2014-12-24",4283.100098
"2014-12-26",4314.089844
"2014-12-29",4312.640137
"2014-12-30",4282.350098
"2014-12-31",4236.279785
"2015-01-02",4230.240234
"2015-01-05",4160.959961
"2015-01-06",4110.830078
"2015-01-07",4160
"2015-01-08",4240.549805
"2015-01-09",4213.279785
"2015-01-12",4169.970215
"2015-01-13",4166.200195
"2015-01-14",4145.839844
"2015-01-15",4089.649902
"2015-01-16",4142.140137
"2015-01-20",4171.209961
"2015-01-21",4192.089844
"2015-01-22",4270.359863
"2015-01-23",4278.140137
"2015-01-26",4275.720215
"2015-01-27",4165.5
"2015-01-28",4140.379883
"2015-01-29",4181.350098
"2015-01-30",4148.430176
"2015-02-02",4188.589844
"2015-02-03",4229.149902
"2015-02-04",4221.200195
"2015-02-05",4256.180176
"2015-02-06",4228.680176
"2015-02-09",4216.089844
"2015-02-10",4281.160156
"2015-02-11",4297.279785
"2015-02-12",4347.970215
"2015-02-13",4384.029785
"2015-02-17",4385.339844
"2015-02-18",4390.910156
"2015-02-19",4411.859863
"2015-02-20",4443.049805
"2015-02-23",4449.490234
"2015-02-24",4451.029785
"2015-02-25",4440.589844
"2015-02-26",4462.27002
"2015-02-27",4440.669922
"2015-03-02",4483.049805
"2015-03-03",4458.779785
"2015-03-04",4445.359863
"2015-03-05",4452.060059
"2015-03-06",4399.22998
"2015-03-09",4412.990234
"2015-03-10",4329.080078
"2015-03-11",4305.379883
"2015-03-12",4336.22998
"2015-03-13",4314.899902
"2015-03-16",4370.470215
"2015-03-17",4375.629883
"2015-03-18",4422.5
"2015-03-19",4426.819824
"2015-03-20",4458.540039
"2015-03-23",4445.540039
"2015-03-24",4430.990234
"2015-03-25",4329.290039
"2015-03-26",4315.259766
"2015-03-27",4332.859863
"2015-03-30",4382.819824
"2015-03-31",4333.689941
"2015-04-01",4311.259766
"2015-04-02",4316.009766
"2015-04-06",4350.97998
"2015-04-07",4344.080078
"2015-04-08",4375.959961
"2015-04-09",4403.950195
"2015-04-10",4422.02002
"2015-04-13",4409.209961
"2015-04-14",4397.640137
"2015-04-15",4424.529785
"2015-04-16",4418.830078
"2015-04-17",4351.799805
"2015-04-20",4417.399902
"2015-04-21",4435.97998
"2015-04-22",4460.810059
"2015-04-23",4477.069824
"2015-04-24",4536.779785
"2015-04-27",4525.040039
"2015-04-28",4515.27002
"2015-04-29",4488.149902
"2015-04-30",4414.25
"2015-05-01",4479.060059
"2015-05-04",4482.609863
"2015-05-05",4409.390137
"2015-05-06",4379.75
"2015-05-07",4401.549805
"2015-05-08",4458.649902
"2015-05-11",4438.640137
"2015-05-12",4420.649902
"2015-05-13",4426.560059
"2015-05-14",4495.040039
"2015-05-15",4494.290039
"2015-05-18",4512.950195
"2015-05-19",4503.720215
"2015-05-20",4505.299805
"2015-05-21",4529.470215
"2015-05-22",4527.160156
"2015-05-26",4472.959961
"2015-05-27",4546.060059
"2015-05-28",4535.660156
"2015-05-29",4508.25
"2015-06-01",4521.850098
"2015-06-02",4508.890137
"2015-06-03",4519.859863
"2015-06-04",4487.029785
"2015-06-05",4477.189941
"2015-06-08",4431.509766
"2015-06-09",4427.609863
"2015-06-10",4485.459961
"2015-06-11",4488.470215
"2015-06-12",4453.790039
"2015-06-15",4432.919922
"2015-06-16",4455.899902
"2015-06-17",4468.97998
"2015-06-18",4531.850098
"2015-06-19",4513.419922
"2015-06-22",4544.040039
"2015-06-23",4548.740234
"2015-06-24",4524.600098
"2015-06-25",4514.009766
"2015-06-26",4484.279785
"2015-06-29",4379.870117
"2015-06-30",4396.759766
"2015-07-01",4429.22998
"2015-07-02",4433.390137
"2015-07-06",4418.660156
"2015-07-07",4429.060059
"2015-07-08",4351.580078
"2015-07-09",4352.029785
"2015-07-10",4420.149902
"2015-07-13",4494.470215
"2015-07-14",4523.470215
"2015-07-15",4528.359863
"2015-07-16",4594.899902
"2015-07-17",4661.600098
"2015-07-20",4679.680176
"2015-07-21",4674.410156
"2015-07-22",4623.240234
"2015-07-23",4602.830078
"2015-07-24",4557.370117
"2015-07-27",4519.089844
"2015-07-28",4560.22998
"2015-07-29",4581.600098
"2015-07-30",4598.589844
"2015-07-31",4588.910156
"2015-08-03",4580.459961
"2015-08-04",4567.470215
"2015-08-05",4602.240234
"2015-08-06",4528.509766
"2015-08-07",4520.080078
"2015-08-10",4573.109863
"2015-08-11",4513.990234
"2015-08-12",4528.189941
"2015-08-13",4519.319824
"2015-08-14",4530.740234
"2015-08-17",4566.370117
"2015-08-18",4542.069824
"2015-08-19",4510.899902
"2015-08-20",4385.129883
"2015-08-21",4197.27002
"2015-08-24",4038.600098
"2015-08-25",4016.320068
"2015-08-26",4219.600098
"2015-08-27",4324.819824
"2015-08-28",4329.120117
"2015-08-31",4274.580078
"2015-09-01",4142.629883
"2015-09-02",4256.22998
"2015-09-03",4234.649902
"2015-09-04",4184.720215
"2015-09-08",4303.529785
"2015-09-09",4253.450195
"2015-09-10",4296.299805
"2015-09-11",4323.22998
"2015-09-14",4308.759766
"2015-09-15",4360.279785
"2015-09-16",4383.669922
"2015-09-17",4384.959961
"2015-09-18",4323.859863
"2015-09-21",4336.129883
"2015-09-22",4274.100098
"2015-09-23",4273.529785
"2015-09-24",4261.100098
"2015-09-25",4224.740234
"2015-09-28",4103.470215
"2015-09-29",4083.370117
"2015-09-30",4181.060059
"2015-10-01",4192.959961
"2015-10-02",4267.450195
"2015-10-05",4331.430176
"2015-10-06",4306.700195
"2015-10-07",4333.459961
"2015-10-08",4350.149902
"2015-10-09",4370.009766
"2015-10-12",4382.560059
"2015-10-13",4352.939941
"2015-10-14",4346.919922
"2015-10-15",4418.220215
"2015-10-16",4438.620117
"2015-10-19",4462.069824
"2015-10-20",4438.180176
"2015-10-21",4413.52002
"2015-10-22",4503.220215
"2015-10-23",4624.089844
"2015-10-26",4630.850098
"2015-10-27",4639.22998
"2015-10-28",4678.580078
"2015-10-29",4670.759766
"2015-10-30",4648.830078
"2015-11-02",4703.919922
"2015-11-03",4719.049805
"2015-11-04",4717.549805
"2015-11-05",4702.899902
"2015-11-06",4707.22998
"2015-11-09",4655.52002
"2015-11-10",4641.72998
"2015-11-11",4636.939941
"2015-11-12",4588.930176
"2015-11-13",4502.140137
"2015-11-16",4565.470215
"2015-11-17",4565.819824
"2015-11-18",4653.439941
"2015-11-19",4655.350098
"2015-11-20",4686.359863
"2015-11-23",4674.790039
"2015-11-24",4669.410156
"2015-11-25",4672.879883
"2015-11-27",4680.470215
"2015-11-30",4664.509766
"2015-12-01",4716.160156
"2015-12-02",4686.220215
"2015-12-03",4606.75
"2015-12-04",4716.120117
"2015-12-07",4693.620117
"2015-12-08",4694.77002
"2015-12-09",4622.140137
"2015-12-10",4643.049805
"2015-12-11",4537.560059
"2015-12-14",4570.160156
"2015-12-15",4597.330078
"2015-12-16",4664.560059
"2015-12-17",4598.140137
"2015-12-18",4514.830078
"2015-12-21",4560.549805
"2015-12-22",4589.259766
"2015-12-23",4624.589844
"2015-12-24",4622.77002
"2015-12-28",4621.350098
"2015-12-29",4691.080078
"2015-12-30",4652.009766
"2015-12-31",4593.27002
"2016-01-04",4497.859863
"2016-01-05",4484.180176
"2016-01-06",4443.990234
"2016-01-07",4305.720215
"2016-01-08",4270.779785
"2016-01-11",4283.549805
"2016-01-12",4333.720215
"2016-01-13",4183.120117
"2016-01-14",4272.970215
"2016-01-15",4141.080078
"2016-01-19",4147.069824
"2016-01-20",4136.279785
"2016-01-21",4142.600098
"2016-01-22",4259.77002
"2016-01-25",4196.529785
"2016-01-26",4233.850098
"2016-01-27",4128.859863
"2016-01-28",4186.060059
"2016-01-29",4279.169922
"2016-02-01",4286.560059
"2016-02-02",4193.100098
"2016-02-03",4171.970215
"2016-02-04",4167.77002
"2016-02-05",4024.469971
"2016-02-08",3960.669922
"2016-02-09",3947.800049
"2016-02-10",3966.280029
"2016-02-11",3962.219971
"2016-02-12",4019.189941
"2016-02-16",4104.330078
"2016-02-17",4199.100098
"2016-02-18",4151.490234
"2016-02-19",4164.089844
"2016-02-22",4231.27002
"2016-02-23",4162.540039
"2016-02-24",4200.660156
"2016-02-25",4241.060059
"2016-02-26",4235.620117
"2016-02-29",4201.120117
"2016-03-01",4333.609863
"2016-03-02",4334.390137
"2016-03-03",4325.859863
"2016-03-04",4329
"2016-03-07",4303.330078
"2016-03-08",4265.509766
"2016-03-09",4293.22998
"2016-03-10",4286.970215
"2016-03-11",4361.830078
"2016-03-14",4367.330078
"2016-03-15",4367.080078
"2016-03-16",4404.200195
"2016-03-17",4400.259766
"2016-03-18",4410.830078
"2016-03-21",4426.97998
"2016-03-22",4437.620117
"2016-03-23",4402.560059
"2016-03-24",4405.529785
"2016-03-28",4398.069824
"2016-03-29",4467.720215
"2016-03-30",4490.879883
"2016-03-31",4483.660156
"2016-04-01",4532.080078
"2016-04-04",4511.700195
"2016-04-05",4470.75
"2016-04-06",4543.779785
"2016-04-07",4475.290039
"2016-04-08",4474.930176
"2016-04-11",4458.709961
"2016-04-12",4496.040039
"2016-04-13",4554.720215
"2016-04-14",4554.629883
"2016-04-15",4543.160156
"2016-04-18",4569.310059
"2016-04-19",4537.089844
"2016-04-20",4540.439941
"2016-04-21",4540.799805
"2016-04-22",4474.189941
"2016-04-25",4474.129883
"2016-04-26",4452.970215
"2016-04-27",4416.629883
"2016-04-28",4363.990234
"2016-04-29",4341.299805
"2016-05-02",4381.299805
"2016-05-03",4341.390137
"2016-05-04",4312.009766
"2016-05-05",4309.47998
"2016-05-06",4330.169922
"2016-05-09",4341.22998
"2016-05-10",4402.040039
"2016-05-11",4361.029785
"2016-05-12",4342.810059
"2016-05-13",4326.529785
"2016-05-16",4380.47998
"2016-05-17",4322.560059
"2016-05-18",4338.22998
"2016-05-19",4315.580078
"2016-05-20",4362.899902
"2016-05-23",4355.100098
"2016-05-24",4444.299805
"2016-05-25",4476.430176
"2016-05-26",4487.959961
"2016-05-27",4512.540039
"2016-05-31",4523.890137
"2016-06-01",4520.069824
"2016-06-02",4531.350098
"2016-06-03",4509.790039
"2016-06-06",4523.629883
"2016-06-07",4513.089844
"2016-06-08",4520.629883
"2016-06-09",4512.689941
"2016-06-10",4461.049805
"2016-06-13",4422.759766
"2016-06-14",4424.910156
"2016-06-15",4409.509766
"2016-06-16",4424.22998
"2016-06-17",4374.379883
"2016-06-20",4400.160156
"2016-06-21",4413.399902
"2016-06-22",4404.72998
"2016-06-23",4467.47998
"2016-06-24",4285.700195
"2016-06-27",4201.049805
"2016-06-28",4290.470215
"2016-06-29",4364.740234
"2016-06-30",4417.700195
"2016-07-01",4437.450195
"2016-07-05",4410.75
"2016-07-06",4444.700195
"2016-07-07",4459.580078
"2016-07-08",4528.359863
"2016-07-11",4554.709961
"2016-07-12",4577.609863
"2016-07-13",4565.77002
"2016-07-14",4596.490234
"2016-07-15",4589.830078
"2016-07-18",4619.680176
"2016-07-19",4603.279785
"2016-07-20",4657.200195
"2016-07-21",4647.02002
"2016-07-22",4666.069824
"2016-07-25",4665.930176
"2016-07-26",4672.109863
"2016-07-27",4702.879883
"2016-07-28",4721.410156
"2016-07-29",4730.22998
"2016-08-01",4756.040039
"2016-08-02",4719.209961
"2016-08-03",4734.330078
"2016-08-04",4743.810059
"2016-08-05",4791.209961
"2016-08-08",4784.740234
"2016-08-09",4795.75
"2016-08-10",4783.390137
"2016-08-11",4803.310059
"2016-08-12",4807.080078
"2016-08-15",4827.120117
"2016-08-16",4797.189941
"2016-08-17",4805.450195
"2016-08-18",4808.680176
"2016-08-19",4806.140137
"2016-08-22",4808.560059
"2016-08-23",4818.47998
"2016-08-24",4783.490234
"2016-08-25",4775.430176
"2016-08-26",4783.689941
"2016-08-29",4791.089844
"2016-08-30",4775.990234
"2016-08-31",4771.049805
"2016-09-01",4783.939941
"2016-09-02",4798.740234
"2016-09-06",4829.509766
"2016-09-07",4831.859863
"2016-09-08",4804
"2016-09-09",4681.540039
"2016-09-12",4764.649902
"2016-09-13",4722.850098
"2016-09-14",4746.060059
"2016-09-15",4819.899902
"2016-09-16",4818.049805
"2016-09-19",4796.069824
"2016-09-20",4805.220215
"2016-09-21",4853.75
"2016-09-22",4891.359863
"2016-09-23",4858.910156
"2016-09-26",4817.169922
"2016-09-27",4866.709961
"2016-09-28",4875.27002
"2016-09-29",4838.299805
"2016-09-30",4875.700195
"2016-10-03",4866.629883
"2016-10-04",4859.470215
"2016-10-05",4877.75
"2016-10-06",4873.919922
"2016-10-07",4864.52002
"2016-10-10",4893.77002
"2016-10-11",4821.910156
"2016-10-12",4819.640137
"2016-10-13",4803.100098
"2016-10-14",4808.47998
"2016-10-17",4796.169922
"2016-10-18",4839.720215
"2016-10-19",4836.609863
"2016-10-20",4832.709961
"2016-10-21",4851.859863
"2016-10-24",4909.970215
"2016-10-25",4891.450195
"2016-10-26",4860.589844
"2016-10-27",4836.450195
"2016-10-28",4805.589844
"2016-10-31",4801.27002
"2016-11-01",4766.939941
"2016-11-02",4726.910156
"2016-11-03",4679.100098
"2016-11-04",4660.459961
"2016-11-07",4773.72998
"2016-11-08",4804.919922
"2016-11-09",4825.180176
"2016-11-10",4747.029785
"2016-11-11",4751.950195
"2016-11-14",4702.040039
"2016-11-15",4764.470215
"2016-11-16",4792.27002
"2016-11-17",4826.589844
"2016-11-18",4808.040039
"2016-11-21",4859
"2016-11-22",4873.839844
"2016-11-23",4853.859863
"2016-11-25",4870.02002
"2016-11-28",4857.02002
"2016-11-29",4873.209961
"2016-11-30",4810.810059
"2016-12-01",4734.100098
"2016-12-02",4739.370117
"2016-12-05",4778.140137
"2016-12-06",4788.669922
"2016-12-07",4851.939941
"2016-12-08",4859.189941
"2016-12-09",4895.899902
"2016-12-12",4874.299805
"2016-12-13",4935.839844
"2016-12-14",4921.220215
"2016-12-15",4933.410156
"2016-12-16",4914.859863
"2016-12-19",4934.850098
"2016-12-20",4953.799805
"2016-12-21",4948.910156
"2016-12-22",4934.390137
"2016-12-23",4940.02002
"2016-12-27",4965.810059
"2016-12-28",4926.290039
"2016-12-29",4918.279785
"2016-12-30",4863.620117
"2017-01-03",4911.330078
"2017-01-04",4937.209961
"2017-01-05",4964.950195
"2017-01-06",5007.080078
"2017-01-09",5024.899902
"2017-01-10",5035.169922
"2017-01-11",5050.209961
"2017-01-12",5041.430176
"2017-01-13",5059.509766
"2017-01-17",5044.649902
"2017-01-18",5055.850098
"2017-01-19",5051.169922
"2017-01-20",5063.200195
"2017-01-23",5065.700195
"2017-01-24",5101.060059
"2017-01-25",5151.470215
"2017-01-26",5156.919922
"2017-01-27",5168.060059
"2017-01-30",5129.330078
"2017-01-31",5116.77002
"2017-02-01",5152.689941
"2017-02-02",5147.700195
"2017-02-03",5161.600098
"2017-02-06",5167.959961
"2017-02-07",5185.879883
"2017-02-08",5196.580078
"2017-02-09",5212.160156
"2017-02-10",5226.689941
"2017-02-13",5256.819824
"2017-02-14",5271.069824
"2017-02-15",5302.390137
"2017-02-16",5300.640137
"2017-02-17",5324.720215
"2017-02-21",5350.72998
"2017-02-22",5352.129883
"2017-02-23",5332.370117
"2017-02-24",5343.310059
"2017-02-27",5347.549805
"2017-02-28",5330.310059
"2017-03-01",5390.990234
"2017-03-02",5363.259766
"2017-03-03",5373.47998
"2017-03-06",5360.310059
"2017-03-07",5351.279785
"2017-03-08",5359.810059
"2017-03-09",5363.97998
"2017-03-10",5385.899902
"2017-03-13",5394.569824
"2017-03-14",5382.169922
"2017-03-15",5416.25
"2017-03-16",5412.080078
"2017-03-17",5408.759766
"2017-03-20",5413.310059
"2017-03-21",5332.529785
"2017-03-22",5367.549805
"2017-03-23",5355.140137
"2017-03-24",5364
"2017-03-27",5374.27002
"2017-03-28",5407.209961
"2017-03-29",5430.27002
"2017-03-30",5439.740234
"2017-03-31",5436.22998
"2017-04-03",5432.200195
"2017-04-04",5440.410156
"2017-04-05",5418.52002
"2017-04-06",5420.879883
"2017-04-07",5418.370117
"2017-04-10",5421.680176
"2017-04-11",5398.399902
"2017-04-12",5377.029785
"2017-04-13",5353.589844
"2017-04-17",5399.200195
"2017-04-18",5391.660156
"2017-04-19",5399.640137
"2017-04-20",5443.529785
"2017-04-21",5442.049805
"2017-04-24",5508.029785
"2017-04-25",5548.189941
"2017-04-26",5541.089844
"2017-04-27",5571.279785
"2017-04-28",5583.529785
"2017-05-01",5629.629883
"2017-05-02",5644.069824
"2017-05-03",5625.160156
"2017-05-04",5626.319824
"2017-05-05",5646.089844
"2017-05-08",5659.069824
"2017-05-09",5678.310059
"2017-05-10",5681.680176
"2017-05-11",5674.220215
"2017-05-12",5686.810059
"2017-05-15",5704.47998
"2017-05-16",5724.439941
"2017-05-17",5580.549805
"2017-05-18",5626.310059
"2017-05-19",5651.560059
"2017-05-22",5699.399902
"2017-05-23",5703.350098
"2017-05-24",5730.299805
"2017-05-25",5778.370117
"2017-05-26",5788.359863
"2017-05-30",5794.629883
"2017-05-31",5788.799805
"2017-06-01",5816.509766
"2017-06-02",5881.459961
"2017-06-05",5878.120117
"2017-06-06",5856.77002
"2017-06-07",5877.589844
"2017-06-08",5885.299805
"2017-06-09",5741.939941
"2017-06-12",5708.180176
"2017-06-13",5751.819824
"2017-06-14",5727.069824
"2017-06-15",5700.890137
"2017-06-16",5681.47998
"2017-06-19",5772.220215
"2017-06-20",5726.310059
"2017-06-21",5782.390137
"2017-06-22",5779.870117
"2017-06-23",5803.109863
"2017-06-26",5777.589844
"2017-06-27",5671.600098
"2017-06-28",5753.029785
"2017-06-29",5653.02002
"2017-06-30",5646.919922
"2017-07-03",5596.959961
"2017-07-05",5648.819824
"2017-07-06",5597.899902
"2017-07-07",5656.470215
"2017-07-10",5694.149902
"2017-07-11",5709.799805
"2017-07-12",5778.950195
"2017-07-13",5793.359863
"2017-07-14",5838.080078
"2017-07-17",5839.740234
"2017-07-18",5880.100098
"2017-07-19",5916.160156
"2017-07-20",5921.220215
"2017-07-21",5921.529785
"2017-07-24",5941.370117
"2017-07-25",5930.649902
"2017-07-26",5950.72998
"2017-07-27",5917.029785
"2017-07-28",5908.919922
"2017-07-31",5880.330078
"2017-08-01",5895.169922
"2017-08-02",5914.22998
"2017-08-03",5891.200195
"2017-08-04",5899.910156
"2017-08-07",5934.72998
"2017-08-08",5926.350098
"2017-08-09",5919.390137
"2017-08-10",5788.189941
"2017-08-11",5831.529785
"2017-08-14",5908.169922
"2017-08-15",5907.72998
"2017-08-16",5917.419922
"2017-08-17",5796.319824
"2017-08-18",5790.910156
"2017-08-21",5786.540039
"2017-08-22",5873.330078
"2017-08-23",5851.779785
"2017-08-24",5834.439941
"2017-08-25",5822.529785
"2017-08-28",5838.080078
"2017-08-29",5862.140137
"2017-08-30",5932.899902
"2017-08-31",5988.600098
"2017-09-01",5987.899902
"2017-09-05",5932.72998
"2017-09-06",5951.129883
"2017-09-07",5964.310059
"2017-09-08",5913.370117
"2017-09-11",5980.529785
"2017-09-12",5995.640137
"2017-09-13",6004.379883
"2017-09-14",5968.819824
"2017-09-15",5988
"2017-09-18",5981.120117
"2017-09-19",5991.080078
"2017-09-20",5973.609863
"2017-09-21",5934.910156
"2017-09-22",5932.319824
"2017-09-25",5867.350098
"2017-09-26",5881.339844
"2017-09-27",5937.790039
"2017-09-28",5933.069824
"2017-09-29",5979.299805
"2017-10-02",5981.919922
"2017-10-03",5995.060059
"2017-10-04",5998.839844
"2017-10-05",6057.140137
"2017-10-06",6064.569824
"2017-10-09",6058.529785
"2017-10-10",6063.52002
"2017-10-11",6081.25
"2017-10-12",6069.990234
"2017-10-13",6092.450195
"2017-10-16",6114.529785
"2017-10-17",6122.609863
"2017-10-18",6114.350098
"2017-10-19",6092.620117
"2017-10-20",6108.819824
"2017-10-23",6067.830078
"2017-10-24",6080.220215
"2017-10-25",6055.040039
"2017-10-26",6037.870117
"2017-10-27",6213.470215
"2017-10-30",6227.589844
"2017-10-31",6248.560059
"2017-11-01",6248.649902
"2017-11-02",6236.390137
"2017-11-03",6295.580078
"2017-11-06",6313.609863
"2017-11-07",6320.779785
"2017-11-08",6345.810059
"2017-11-09",6312.209961
"2017-11-10",6309.069824
"2017-11-13",6316.180176
"2017-11-14",6293.640137
"2017-11-15",6258.359863
"2017-11-16",6339.140137
"2017-11-17",6314.509766
"2017-11-20",6308.609863
"2017-11-21",6378.629883
"2017-11-22",6386.120117
"2017-11-24",6409.290039
"2017-11-27",6405.970215
"2017-11-28",6422.560059
"2017-11-29",6311.379883
"2017-11-30",6365.560059
"2017-12-01",6337.870117
"2017-12-04",6263.700195
"2017-12-05",6265.109863
"2017-12-06",6293.049805
"2017-12-07",6316.279785
"2017-12-08",6344.569824
"2017-12-11",6393.890137
"2017-12-12",6383.649902
"2017-12-13",6394.669922
"2017-12-14",6389.910156
"2017-12-15",6466.319824
"2017-12-18",6513.27002
"2017-12-19",6480.669922
"2017-12-20",6472.47998
"2017-12-21",6472.689941
"2017-12-22",6465.169922
"2017-12-26",6433.160156
"2017-12-27",6435.149902
"2017-12-28",6441.419922
"2017-12-29",6396.419922
"2018-01-02",6511.339844
"2018-01-03",6575.799805
"2018-01-04",6584.580078
"2018-01-05",6653.290039
"2018-01-08",6676.629883
"2018-01-09",6677.939941
"2018-01-10",6662.660156
"2018-01-11",6708.490234
"2018-01-12",6758.540039
"2018-01-16",6737.140137
"2018-01-17",6810.279785
"2018-01-18",6811.379883
"2018-01-19",6834.330078
"2018-01-22",6906.279785
"2018-01-23",6963.459961
"2018-01-24",6919.350098
"2018-01-25",6916.299805
"2018-01-26",7022.970215
"2018-01-29",6988.319824
"2018-01-30",6930.72998
"2018-01-31",6949.990234
"2018-02-01",6901.5
"2018-02-02",6760.290039
"2018-02-05",6495.919922
"2018-02-06",6665.97998
"2018-02-07",6582.02002
"2018-02-08",6306.100098
"2018-02-09",6412.680176
"2018-02-12",6523.850098
"2018-02-13",6553.859863
"2018-02-14",6675.029785
"2018-02-15",6794.919922
"2018-02-16",6770.660156
"2018-02-20",6779.689941
"2018-02-21",6759.259766
"2018-02-22",6761.850098
"2018-02-23",6896.600098
"2018-02-26",6989.100098
"2018-02-27",6900.350098
"2018-02-28",6854.419922
"2018-03-01",6750.540039
"2018-03-02",6811.040039
"2018-03-05",6881.279785
"2018-03-06",6913.02002
"2018-03-07",6929.390137
"2018-03-08",6966.430176
"2018-03-09",7101.180176
"2018-03-12",7131.120117
"2018-03-13",7046.509766
"2018-03-14",7040.97998
"2018-03-15",7030.970215
"2018-03-16",7019.950195
"2018-03-19",6864.879883
"2018-03-20",6885.919922
"2018-03-21",6853.450195
"2018-03-22",6682.259766
"2018-03-23",6508.089844
"2018-03-26",6753.830078
"2018-03-27",6529.839844
"2018-03-28",6460.810059
"2018-03-29",6581.129883
"2018-04-02",6390.839844
"2018-04-03",6458.830078
"2018-04-04",6560.060059
"2018-04-05",6594.839844
"2018-04-06",6433.209961
"2018-04-09",6472.339844
"2018-04-10",6615.870117
"2018-04-11",6583.439941
"2018-04-12",6656.259766
"2018-04-13",6628.339844
"2018-04-16",6675.180176
"2018-04-17",6816.370117
"2018-04-18",6833.209961
"2018-04-19",6774.890137
"2018-04-20",6667.75
"2018-04-23",6648.799805
"2018-04-24",6509.049805
"2018-04-25",6513.939941
"2018-04-26",6649.649902
"2018-04-27",6656.350098
"2018-04-30",6605.569824
"2018-05-01",6681.959961
"2018-05-02",6644.47998
"2018-05-03",6643.47998
"2018-05-04",6769.120117
"2018-05-07",6821.870117
"2018-05-08",6815.47998
"2018-05-09",6893.209961
"2018-05-10",6963.549805
"2018-05-11",6952.560059
"2018-05-14",6964.370117
"2018-05-15",6888.540039
"2018-05-16",6929.970215
"2018-05-17",6901.629883
"2018-05-18",6866.25
"2018-05-21",6905.529785
"2018-05-22",6893.620117
"2018-05-23",6953.629883
"2018-05-24",6949.700195
"2018-05-25",6960.919922
"2018-05-29",6926.540039
"2018-05-30",6976.370117
"2018-05-31",6967.72998
"2018-06-01",7083.930176
"2018-06-04",7143.569824
"2018-06-05",7166.75
"2018-06-06",7210.080078
"2018-06-07",7152.830078
"2018-06-08",7152.620117
"2018-06-11",7168.47998
"2018-06-12",7209.180176
"2018-06-13",7205.259766
"2018-06-14",7279.589844
"2018-06-15",7255.759766
"2018-06-18",7251.410156
"2018-06-19",7228.040039
"2018-06-20",7280.700195
"2018-06-21",7217.490234
"2018-06-22",7197.509766
"2018-06-25",7038.169922
"2018-06-26",7068.200195
"2018-06-27",6969.669922
"2018-06-28",7031.600098
"2018-06-29",7040.799805
"2018-07-02",7097.819824
"2018-07-03",7014.549805
"2018-07-05",7101.049805
"2018-07-06",7207.330078
"2018-07-09",7276
"2018-07-10",7282.600098
"2018-07-11",7243.97998
"2018-07-12",7366.25
"2018-07-13",7375.819824
"2018-07-16",7357.899902
"2018-07-17",7403.890137
"2018-07-18",7390.129883
"2018-07-19",7352.359863
"2018-07-20",7350.22998
"2018-07-23",7371.779785
"2018-07-24",7406.25
"2018-07-25",7508.589844
"2018-07-26",7400.75
"2018-07-27",7296.779785
"2018-07-30",7193.100098
"2018-07-31",7231.97998
"2018-08-01",7272.890137
"2018-08-02",7372.149902
"2018-08-03",7395.490234
"2018-08-06",7438.990234
"2018-08-07",7462.649902
"2018-08-08",7469.549805
"2018-08-09",7466.959961
"2018-08-10",7408.299805
"2018-08-13",7401.169922
"2018-08-14",7447.169922
"2018-08-15",7354.660156
"2018-08-16",7374.290039
"2018-08-17",7377.540039
"2018-08-20",7371.419922
"2018-08-21",7397.22998
"2018-08-22",7424.600098
"2018-08-23",7413.839844
"2018-08-24",7485.399902
"2018-08-27",7559.129883
"2018-08-28",7570.25
"2018-08-29",7660.180176
"2018-08-30",7642.669922
"2018-08-31",7654.549805
"2018-09-04",7622.319824
"2018-09-05",7523.259766
"2018-09-06",7453.169922
"2018-09-07",7430.259766
"2018-09-10",7447.680176
"2018-09-11",7507.870117
"2018-09-12",7488.060059
"2018-09-13",7561.689941
"2018-09-14",7545.5
"2018-09-17",7434.72998
"2018-09-18",7494.399902
"2018-09-19",7490.319824
"2018-09-20",7569.029785
"2018-09-21",7531.069824
"2018-09-24",7548.75
"2018-09-25",7563.189941
"2018-09-26",7563.089844
"2018-09-27",7629.569824
"2018-09-28",7627.649902
"2018-10-01",7645.450195
"2018-10-02",7628.279785
"2018-10-03",7637.430176
"2018-10-04",7490
"2018-10-05",7399.009766
"2018-10-08",7352.819824
"2018-10-09",7371.620117
"2018-10-10",7044.5
"2018-10-11",6964.029785
"2018-10-12",7157.209961
"2018-10-15",7068.669922
"2018-10-16",7276.430176
"2018-10-17",7278.629883
"2018-10-18",7116.089844
"2018-10-19",7107.22998
"2018-10-22",7141.209961
"2018-10-23",7118.669922
"2018-10-24",6789.149902
"2018-10-25",7016.390137
"2018-10-26",6852.399902
"2018-10-29",6713.899902
"2018-10-30",6810.120117
"2018-10-31",6967.100098
"2018-11-01",7069.169922
"2018-11-02",6965.290039
"2018-11-05",6937.089844
"2018-11-06",6988.850098
"2018-11-07",7203.129883
"2018-11-08",7158.589844
"2018-11-09",7039.149902
"2018-11-12",6829.100098
"2018-11-13",6830.910156
"2018-11-14",6769.870117
"2018-11-15",6890.450195
"2018-11-16",6867.02002
"2018-11-19",6642.919922
"2018-11-20",6526.959961
"2018-11-21",6575.660156
"2018-11-23",6527.350098
"2018-11-26",6678.339844
"2018-11-27",6701.040039
"2018-11-28",6913.330078
"2018-11-29",6892.399902
"2018-11-30",6949.009766
"2018-12-03",7062.129883
"2018-12-04",6795.209961
"2018-12-06",6838.850098
"2018-12-07",6613.279785
"2018-12-10",6682.740234
"2018-12-11",6704.240234
"2018-12-12",6763.959961
"2018-12-13",6767.970215
"2018-12-14",6594.959961
"2018-12-17",6448.390137
"2018-12-18",6491.52002
"2018-12-19",6342.970215
"2018-12-20",6243.189941
"2018-12-21",6046.560059
"2018-12-24",5899.350098
"2018-12-26",6262.77002
"2018-12-27",6288.299805
"2018-12-28",6285.27002
"2018-12-31",6329.970215
"2019-01-02",6360.870117
"2019-01-03",6147.129883
"2019-01-04",6422.669922
"2019-01-07",6488.25
"2019-01-08",6551.850098
"2019-01-09",6600.689941
"2019-01-10",6620.939941
"2019-01-11",6601.399902
"2019-01-14",6541.040039
"2019-01-15",6669.640137
"2019-01-16",6668.560059
"2019-01-17",6718.450195
"2019-01-18",6784.609863
"2019-01-22",6646.810059
"2019-01-23",6658.759766
"2019-01-24",6702.549805
"2019-01-25",6787.370117
"2019-01-28",6697.089844
"2019-01-29",6632.790039
"2019-01-30",6807.910156
"2019-01-31",6906.839844
"2019-02-01",6875.52002
"2019-02-04",6959.959961
"2019-02-05",7023.52002
"2019-02-06",6997.620117
"2019-02-07",6904.97998
"2019-02-08",6913.129883
"2019-02-11",6909.180176
"2019-02-12",7014.669922
"2019-02-13",7015.879883
"2019-02-14",7022.419922
"2019-02-15",7055.180176
"2019-02-19",7066.609863
"2019-02-20",7062.339844
"2019-02-21",7035.160156
"2019-02-22",7090.629883
"2019-02-25",7115.430176
"2019-02-26",7123.220215
"2019-02-27",7117
"2019-02-28",7097.529785
"2019-03-01",7151.569824
"2019-03-04",7150.830078
"2019-03-05",7156.790039
"2019-03-06",7112.470215
"2019-03-07",7026.879883
"2019-03-08",7015.689941
"2019-03-11",7164.02002
"2019-03-12",7201.279785
"2019-03-13",7256.97998
"2019-03-14",7243.009766
"2019-03-15",7306.990234
"2019-03-18",7326.279785
"2019-03-19",7349.279785
"2019-03-20",7380.75
"2019-03-21",7493.27002
"2019-03-22",7326.060059
"2019-03-25",7316.959961
"2019-03-26",7351.149902
"2019-03-27",7308.189941
"2019-03-28",7320.470215
"2019-03-29",7378.77002
"2019-04-01",7478.419922
"2019-04-02",7499.640137
"2019-04-03",7544.970215
"2019-04-04",7540.569824
"2019-04-05",7578.839844
"2019-04-08",7599.740234
"2019-04-09",7568.490234
"2019-04-10",7611.490234
"2019-04-11",7594.890137
"2019-04-12",7628.149902
"2019-04-15",7629.120117
"2019-04-16",7654.72998
"2019-04-17",7680.720215
"2019-04-18",7689.720215
"2019-04-22",7713.490234
"2019-04-23",7810.709961
"2019-04-24",7784.410156
"2019-04-25",7816.919922
"2019-04-26",7826.680176
"2019-04-29",7839.040039
"2019-04-30",7781.459961
"2019-05-01",7751.850098
"2019-05-02",7724.060059
"2019-05-03",7845.72998
"2019-05-06",7794.089844
"2019-05-07",7640.149902
"2019-05-08",7617.549805
"2019-05-09",7582.75
"2019-05-10",7586.529785
"2019-05-13",7324.129883
"2019-05-14",7401.879883
"2019-05-15",7503.25
"2019-05-16",7580.140137
"2019-05-17",7503.680176
"2019-05-20",7376.700195
"2019-05-21",7451.02002
"2019-05-22",7420.660156
"2019-05-23",7307.930176
"2019-05-24",7300.959961
"2019-05-28",7278.379883
"2019-05-29",7216.859863
"2019-05-30",7245.399902
"2019-05-31",7127.959961
"2019-06-03",6978.02002
"2019-06-04",7166.75
"2019-06-05",7220.899902
"2019-06-06",7275.930176
"2019-06-07",7417.290039
"2019-06-10",7501.930176
"2019-06-11",7513.850098
"2019-06-12",7472.290039
"2019-06-13",7510.680176
"2019-06-14",7479.109863
"2019-06-17",7526.52002
"2019-06-18",7635.399902
"2019-06-19",7667.740234
"2019-06-20",7738.049805
"2019-06-21",7728.779785
"2019-06-24",7723.02002
"2019-06-25",7591.540039
"2019-06-26",7627.049805
"2019-06-27",7657.049805
"2019-06-28",7671.080078
"2019-07-01",7768.140137
"2019-07-02",7799.819824
"2019-07-03",7857.689941
"2019-07-05",7841.299805
"2019-07-08",7785.790039
"2019-07-09",7826.859863
"2019-07-10",7903.399902
"2019-07-11",7896.779785
"2019-07-12",7943.240234
"2019-07-15",7966.930176
"2019-07-16",7927.080078
"2019-07-17",7888.759766
"2019-07-18",7904.129883
"2019-07-19",7834.899902
"2019-07-22",7905.120117
"2019-07-23",7954.560059
"2019-07-24",8010.609863
"2019-07-25",7929.870117
"2019-07-26",8016.950195
"2019-07-29",7989.080078
"2019-07-30",7952.470215
"2019-07-31",7848.779785
"2019-08-01",7801.149902
"2019-08-02",7692.799805
"2019-08-05",7415.689941
"2019-08-06",7521.319824
"2019-08-07",7551.899902
"2019-08-08",7724.830078
"2019-08-09",7646.27002
"2019-08-12",7561.680176
"2019-08-13",7728.149902
"2019-08-14",7490.129883
"2019-08-15",7484.890137
"2019-08-16",7604.109863
"2019-08-19",7719.319824
"2019-08-20",7664.470215
"2019-08-21",7733.220215
"2019-08-22",7707.430176
"2019-08-23",7464.990234
"2019-08-26",7575.02002
"2019-08-27",7566.029785
"2019-08-28",7587.899902
"2019-08-29",7702.310059
"2019-08-30",7691
"2019-09-03",7609.509766
"2019-09-04",7719.25
"2019-09-05",7862.540039
"2019-09-06",7852.540039
"2019-09-09",7832.399902
"2019-09-10",7814.740234
"2019-09-11",7887.580078
"2019-09-12",7917.339844
"2019-09-13",7892.950195
"2019-09-16",7852.410156
"2019-09-17",7888.790039
"2019-09-18",7888.560059
"2019-09-19",7901.790039
"2019-09-20",7823.549805
"2019-09-23",7818.609863
"2019-09-24",7710.040039
"2019-09-25",7803.540039
"2019-09-26",7771.990234
"2019-09-27",7681.580078
"2019-09-30",7749.450195
"2019-10-01",7684.140137
"2019-10-02",7550.790039
"2019-10-03",7638.390137
"2019-10-04",7754.100098
"2019-10-07",7725.129883
"2019-10-08",7604.27002
"2019-10-09",7690.529785
"2019-10-10",7740.359863
"2019-10-11",7843.879883
"2019-10-14",7842.330078
"2019-10-15",7942.850098
"2019-10-16",7920.209961
"2019-10-17",7942.140137
"2019-10-18",7868.490234
"2019-10-21",7940.330078
"2019-10-22",7874.620117
"2019-10-23",7889.470215
"2019-10-24",7966.720215
"2019-10-25",8029.220215
"2019-10-28",8110.669922
"2019-10-29",8047.509766
"2019-10-30",8083.109863
"2019-10-31",8083.830078
"2019-11-01",8161.169922
"2019-11-04",8210.660156
"2019-11-05",8210.179688
"2019-11-06",8196.030273
"2019-11-07",8219.650391
"2019-11-08",8255.889648
"2019-11-11",8241.910156
"2019-11-12",8263.790039
"2019-11-13",8259.80957
"2019-11-14",8257.830078
"2019-11-15",8315.519531
"2019-11-18",8328.480469
"2019-11-19",8338.740234
"2019-11-20",8283.75
"2019-11-21",8265.620117
"2019-11-22",8272.049805
"2019-11-25",8371.929688
"2019-11-26",8385.75
"2019-11-27",8444.709961
"2019-11-29",8403.679688
"2019-12-02",8309.259766
"2019-12-03",8254.740234
"2019-12-04",8296.530273
"2019-12-05",8308.400391
"2019-12-06",8397.370117
"2019-12-09",8362.740234
"2019-12-10",8354.290039
"2019-12-11",8402.610352
"2019-12-12",8466.889648
"2019-12-13",8487.709961
"2019-12-16",8570.330078
"2019-12-17",8575.700195
"2019-12-18",8580.620117
"2019-12-19",8641.290039
"2019-12-20",8678.490234
"2019-12-23",8696.009766
"2019-12-24",8699.509766
"2019-12-26",8778.30957
"2019-12-27",8770.980469
"2019-12-30",8709.730469
"2019-12-31",8733.070313
"2020-01-02",8872.219727
"2020-01-03",8793.900391
"2020-01-06",8848.519531
"2020-01-07",8846.450195
"2020-01-08",8912.370117
"2020-01-09",8989.629883
"2020-01-10",8966.639648
"2020-01-13",9070.650391
"2020-01-14",9033.419922
"2020-01-15",9035.669922
"2020-01-16",9125
"2020-01-17",9173.730469
"2020-01-21",9166.629883
"2020-01-22",9188.580078
"2020-01-23",9216.980469
"2020-01-24",9141.469727
"2020-01-27",8952.179688
"2020-01-28",9090.929688
"2020-01-29",9101.610352
"2020-01-30",9136.089844
"2020-01-31",8991.509766
"2020-02-03",9126.230469
"2020-02-04",9334.05957
"2020-02-05",9367.480469
"2020-02-06",9445.919922
"2020-02-07",9401.099609
"2020-02-10",9516.839844
"2020-02-11",9517.860352
"2020-02-12",9613.200195
"2020-02-13",9595.700195
"2020-02-14",9623.580078
"2020-02-18",9629.799805
"2020-02-19",9718.730469
"2020-02-20",9627.830078
"2020-02-21",9446.69043
"2020-02-24",9079.629883
"2020-02-25",8834.870117
"2020-02-26",8873.759766
"2020-02-27",8436.669922
"2020-02-28",8461.830078
"2020-03-02",8877.980469
"2020-03-03",8594.490234
"2020-03-04",8949.280273
"2020-03-05",8671.660156
"2020-03-06",8530.339844
"2020-03-09",7948.029785
"2020-03-10",8372.269531
"2020-03-11",8006.120117
"2020-03-12",7263.649902
"2020-03-13",7995.259766
"2020-03-16",7020.379883
"2020-03-17",7473.950195
"2020-03-18",7175.180176
"2020-03-19",7288.52002
"2020-03-20",6994.290039
"2020-03-23",7006.919922
"2020-03-24",7553.830078
"2020-03-25",7469.620117
"2020-03-26",7897.129883
"2020-03-27",7588.370117
"2020-03-30",7889.009766
"2020-03-31",7813.5
"2020-04-01",7486.290039
"2020-04-02",7635.660156
"2020-04-03",7528.109863
"2020-04-06",8081.660156
"2020-04-07",8049.310059
"2020-04-08",8229.540039
"2020-04-09",8238.530273
"2020-04-13",8332.740234
"2020-04-14",8692.160156
"2020-04-15",8591.959961
"2020-04-16",8757.830078
"2020-04-17",8832.410156
"2020-04-20",8726.509766
"2020-04-21",8403
"2020-04-22",8664.639648
"2020-04-23",8641.5
"2020-04-24",8786.599609
"2020-04-27",8837.660156
"2020-04-28",8677.599609
"2020-04-29",8982.759766
"2020-04-30",9000.509766
"2020-05-01",8718.179688
"2020-05-04",8834.110352
"2020-05-05",8930.620117
"2020-05-06",8984.860352
"2020-05-07",9101.879883
"2020-05-08",9220.349609
"2020-05-11",9298.919922
"2020-05-12",9112.450195
"2020-05-13",9000.080078
"2020-05-14",9094.419922
"2020-05-15",9152.639648
"2020-05-18",9331.929688
"2020-05-19",9298.540039
"2020-05-20",9485.019531
"2020-05-21",9377.990234
"2020-05-22",9413.990234
"2020-05-26",9389.980469
"2020-05-27",9442.049805
"2020-05-28",9416.709961
"2020-05-29",9555.530273
"2020-06-01",9598.889648
"2020-06-02",9657.30957
"2020-06-03",9704.69043
"2020-06-04",9629.660156
"2020-06-05",9824.389648
"2020-06-08",9901.519531
"2020-06-09",9967.169922
"2020-06-10",10094.259766
"2020-06-11",9588.480469
"2020-06-12",9663.780273
"2020-06-15",9776.889648
"2020-06-16",9949.370117
"2020-06-17",9982.480469
"2020-06-18",10012.049805
"2020-06-19",10008.639648
"2020-06-22",10130.330078
"2020-06-23",10209.820313
"2020-06-24",10002.700195
"2020-06-25",10101.830078
"2020-06-26",9849.360352
"2020-06-29",9961.160156
"2020-06-30",10156.849609
"2020-07-01",10279.25
"2020-07-02",10341.889648
"2020-07-06",10604.05957
"2020-07-07",10524.009766
"2020-07-08",10666.700195
"2020-07-09",10754.589844
"2020-07-10",10836.330078
"2020-07-13",10602.209961
"2020-07-14",10689.519531
"2020-07-15",10701.679688
"2020-07-16",10626.459961
"2020-07-17",10645.219727
"2020-07-20",10952.080078
"2020-07-21",10833.070313
"2020-07-22",10870.75
"2020-07-23",10580.589844
"2020-07-24",10483.129883
"2020-07-27",10674.379883
"2020-07-28",10532.5
"2020-07-29",10662.980469
"2020-07-30",10715.509766
"2020-07-31",10905.879883
"2020-08-03",11055.080078
"2020-08-04",11096.540039
"2020-08-05",11125.44043
"2020-08-06",11267.080078
"2020-08-07",11139.389648
"2020-08-10",11085.169922
"2020-08-11",10876.080078
"2020-08-12",11157.719727
"2020-08-13",11178.370117
"2020-08-14",11164.450195
"2020-08-17",11288.570313
"2020-08-18",11399.030273
"2020-08-19",11318.639648
"2020-08-20",11477.049805
"2020-08-21",11555.160156
"2020-08-24",11626.169922
"2020-08-25",11721.80957
"2020-08-26",11971.94043
"2020-08-27",11926.160156
"2020-08-28",11995.849609
"2020-08-31",12110.700195
"2020-09-01",12292.860352
"2020-09-02",12420.540039
"2020-09-03",11771.370117
"2020-09-04",11622.129883
"2020-09-08",11068.259766
"2020-09-09",11395.849609
"2020-09-10",11154.120117
"2020-09-11",11087.400391
"2020-09-14",11277.759766
"2020-09-15",11438.870117
"2020-09-16",11247.599609
"2020-09-17",11080.950195
"2020-09-18",10936.980469
"2020-09-21",10980.219727
"2020-09-22",11186.370117
"2020-09-23",10833.330078
"2020-09-24",10896.469727
"2020-09-25",11151.129883
"2020-09-28",11364.450195
"2020-09-29",11322.950195
"2020-09-30",11418.05957
"2020-10-01",11583.200195
"2020-10-02",11255.69043
"2020-10-05",11509.05957
"2020-10-06",11291.269531
"2020-10-07",11503.19043
"2020-10-08",11550.94043
"2020-10-09",11725.849609
"2020-10-12",12088.110352
"2020-10-13",12083.169922
"2020-10-14",11985.360352
"2020-10-15",11898.570313
"2020-10-16",11852.169922
"2020-10-19",11634.349609
"2020-10-20",11677.839844
"2020-10-21",11665.370117
"2020-10-22",11662.910156
"2020-10-23",11692.570313
"2020-10-26",11504.519531
"2020-10-27",11598.950195
"2020-10-28",11142.759766
"2020-10-29",11350.740234
"2020-10-30",11052.950195
"2020-11-02",11084.759766
"2020-11-03",11279.910156
"2020-11-04",11777.019531
"2020-11-05",12078.070313
"2020-11-06",12091.349609
"2020-11-09",11830.389648
"2020-11-10",11624.290039
"2020-11-11",11892.929688
"2020-11-12",11827.139648
"2020-11-13",11937.839844
"2020-11-16",12013.379883
"2020-11-17",11977.490234
"2020-11-18",11894.709961
"2020-11-19",11985.429688
"2020-11-20",11906.44043
"2020-11-23",11905.94043
"2020-11-24",12079.80957
"2020-11-25",12152.219727
"2020-11-27",12258.209961
"2020-11-30",12268.320313
"2020-12-01",12455.330078
"2020-12-02",12456.410156
"2020-12-03",12467.129883
"2020-12-04",12528.480469
"2020-12-07",12596.469727
"2020-12-08",12635.719727
"2020-12-09",12364.639648
"2020-12-10",12401.740234
"2020-12-11",12375.410156
"2020-12-14",12462.209961
"2020-12-15",12595.919922
"2020-12-16",12668.160156
"2020-12-17",12752.05957
"2020-12-18",12738.179688
"2020-12-21",12690.259766
"2020-12-22",12717.55957
"2020-12-23",12653.139648
"2020-12-24",12711.009766
"2020-12-28",12838.860352
"2020-12-29",12843.490234
"2020-12-30",12845.360352
"2020-12-31",12888.280273
"2021-01-04",12694.660156
"2021-01-05",12802.379883
"2021-01-06",12623.349609
"2021-01-07",12939.570313
"2021-01-08",13105.200195
"2021-01-11",12902.490234
"2021-01-12",12892.089844
"2021-01-13",12973.629883
"2021-01-14",12898.69043
"2021-01-15",12803.929688
"2021-01-19",12996.540039
"2021-01-20",13296.450195
"2021-01-21",13404.990234
"2021-01-22",13366.400391
"2021-01-25",13483.290039
"2021-01-26",13490.19043
"2021-01-27",13112.650391
"2021-01-28",13201.530273
"2021-01-29",12925.379883
"2021-02-01",13248.900391
"2021-02-02",13456.120117
"2021-02-03",13402.370117
"2021-02-04",13560.889648
"2021-02-05",13603.959961
"2021-02-08",13695.019531
"2021-02-09",13687.080078
"2021-02-10",13655.269531
"2021-02-11",13734.349609
"2021-02-12",13807.700195
"2021-02-16",13773.769531
"2021-02-17",13699.709961
"2021-02-18",13637.509766
"2021-02-19",13580.780273
"2021-02-22",13223.740234
"2021-02-23",13194.709961
"2021-02-24",13302.19043
"2021-02-25",12828.30957
"2021-02-26",12909.44043
"2021-03-01",13282.950195
"2021-03-02",13059.950195
"2021-03-03",12683.330078
"2021-03-04",12464
"2021-03-05",12668.509766
"2021-03-08",12299.080078
"2021-03-09",12794.490234
"2021-03-10",12752.067383
