"Index","RUT.Close"
"2010-01-04",640.099976
"2010-01-05",638.48999
"2010-01-06",637.950012
"2010-01-07",641.969971
"2010-01-08",644.559998
"2010-01-11",643.98999
"2010-01-12",635.5
"2010-01-13",643.559998
"2010-01-14",646.429993
"2010-01-15",637.960022
"2010-01-19",649.150024
"2010-01-20",639.609985
"2010-01-21",628.359985
"2010-01-22",617.119995
"2010-01-25",618.109985
"2010-01-26",612.159973
"2010-01-27",618.380005
"2010-01-28",607.929993
"2010-01-29",602.039978
"2010-02-01",609.25
"2010-02-02",614.049988
"2010-02-03",610.659973
"2010-02-04",589.679993
"2010-02-05",592.97998
"2010-02-08",586.48999
"2010-02-09",595.169983
"2010-02-10",595.820007
"2010-02-11",605.460022
"2010-02-12",610.719971
"2010-02-16",620.840027
"2010-02-17",624.830017
"2010-02-18",629.320007
"2010-02-19",631.619995
"2010-02-22",632.25
"2010-02-23",625.070007
"2010-02-24",630.429993
"2010-02-25",630.460022
"2010-02-26",628.559998
"2010-03-01",642.650024
"2010-03-02",648.309998
"2010-03-03",649.26001
"2010-03-04",652.469971
"2010-03-05",666.02002
"2010-03-08",667.109985
"2010-03-09",669.630005
"2010-03-10",674.929993
"2010-03-11",677.219971
"2010-03-12",676.590027
"2010-03-15",674.409973
"2010-03-16",679.580017
"2010-03-17",683.97998
"2010-03-18",681.609985
"2010-03-19",673.890015
"2010-03-22",682.909973
"2010-03-23",690.299988
"2010-03-24",683.679993
"2010-03-25",679.099976
"2010-03-26",678.969971
"2010-03-29",682.25
"2010-03-30",683.940002
"2010-03-31",678.640015
"2010-04-01",683.97998
"2010-04-05",697.650024
"2010-04-06",701.47998
"2010-04-07",699.460022
"2010-04-08",699.640015
"2010-04-09",702.950012
"2010-04-12",705.059998
"2010-04-13",707.030029
"2010-04-14",722.400024
"2010-04-15",724.210022
"2010-04-16",714.619995
"2010-04-19",711.400024
"2010-04-20",721.549988
"2010-04-21",726.190002
"2010-04-22",734.309998
"2010-04-23",741.919983
"2010-04-26",738.859985
"2010-04-27",721.27002
"2010-04-28",722.390015
"2010-04-29",737.73999
"2010-04-30",716.599976
"2010-05-03",732.820007
"2010-05-04",709.700012
"2010-05-05",698.580017
"2010-05-06",672.22998
"2010-05-07",653
"2010-05-10",689.609985
"2010-05-11",695.47998
"2010-05-12",716.109985
"2010-05-13",709.849976
"2010-05-14",693.97998
"2010-05-17",695.710022
"2010-05-18",682.75
"2010-05-19",674.400024
"2010-05-20",640.039978
"2010-05-21",649.289978
"2010-05-24",641.210022
"2010-05-25",640.02002
"2010-05-26",642.619995
"2010-05-27",670.51001
"2010-05-28",661.609985
"2010-06-01",640.960022
"2010-06-02",660.52002
"2010-06-03",667.369995
"2010-06-04",633.969971
"2010-06-07",618.48999
"2010-06-08",617.690002
"2010-06-09",618.289978
"2010-06-10",639.789978
"2010-06-11",649
"2010-06-14",652.27002
"2010-06-15",668.77002
"2010-06-16",666.130005
"2010-06-17",665.849976
"2010-06-18",666.919983
"2010-06-21",660.030029
"2010-06-22",645.909973
"2010-06-23",644.25
"2010-06-24",633.169983
"2010-06-25",645.109985
"2010-06-28",641.539978
"2010-06-29",615.960022
"2010-06-30",609.48999
"2010-07-01",604.76001
"2010-07-02",598.969971
"2010-07-06",590.030029
"2010-07-07",611.659973
"2010-07-08",620.27002
"2010-07-09",629.429993
"2010-07-12",621.609985
"2010-07-13",642.820007
"2010-07-14",640.159973
"2010-07-15",634.619995
"2010-07-16",610.390015
"2010-07-19",613.080017
"2010-07-20",624.23999
"2010-07-21",612.640015
"2010-07-22",635.47998
"2010-07-23",650.650024
"2010-07-26",665.219971
"2010-07-27",662.169983
"2010-07-28",650.76001
"2010-07-29",650.429993
"2010-07-30",650.890015
"2010-08-02",661.859985
"2010-08-03",655.659973
"2010-08-04",662.960022
"2010-08-05",655.070007
"2010-08-06",650.679993
"2010-08-09",659.52002
"2010-08-10",646.359985
"2010-08-11",620.390015
"2010-08-12",616.97998
"2010-08-13",609.48999
"2010-08-16",615.099976
"2010-08-17",626.299988
"2010-08-18",628.039978
"2010-08-19",610.960022
"2010-08-20",610.780029
"2010-08-23",602.669983
"2010-08-24",595.590027
"2010-08-25",604.869995
"2010-08-26",599.76001
"2010-08-27",616.76001
"2010-08-30",601.719971
"2010-08-31",602.059998
"2010-09-01",624.98999
"2010-09-02",632.26001
"2010-09-03",643.359985
"2010-09-07",629.289978
"2010-09-08",634.25
"2010-09-09",634.619995
"2010-09-10",636.460022
"2010-09-13",652.280029
"2010-09-14",649.22998
"2010-09-15",652.51001
"2010-09-16",647.809998
"2010-09-17",651.440002
"2010-09-20",669.97998
"2010-09-21",664.659973
"2010-09-22",656.710022
"2010-09-23",648.840027
"2010-09-24",671.01001
"2010-09-27",668.289978
"2010-09-28",675.429993
"2010-09-29",677.640015
"2010-09-30",676.140015
"2010-10-01",679.289978
"2010-10-04",669.450012
"2010-10-05",689.349976
"2010-10-06",685.330017
"2010-10-07",684.22998
"2010-10-08",693.820007
"2010-10-11",693.47998
"2010-10-12",696.039978
"2010-10-13",706.469971
"2010-10-14",704.690002
"2010-10-15",703.159973
"2010-10-18",710.130005
"2010-10-19",694.150024
"2010-10-20",702.109985
"2010-10-21",698.119995
"2010-10-22",703.429993
"2010-10-25",707.890015
"2010-10-26",706.929993
"2010-10-27",704.22998
"2010-10-28",701.030029
"2010-10-29",703.349976
"2010-11-01",698.559998
"2010-11-02",712.890015
"2010-11-03",715.140015
"2010-11-04",733.460022
"2010-11-05",736.590027
"2010-11-08",736.77002
"2010-11-09",725.97998
"2010-11-10",734.869995
"2010-11-11",731.580017
"2010-11-12",719.27002
"2010-11-15",719.940002
"2010-11-16",705.340027
"2010-11-17",707.77002
"2010-11-18",720.840027
"2010-11-19",724.359985
"2010-11-22",727.330017
"2010-11-23",719.929993
"2010-11-24",736.530029
"2010-11-26",732.72998
"2010-11-29",731.950012
"2010-11-30",727.01001
"2010-12-01",743.140015
"2010-12-02",751.200012
"2010-12-03",756.419983
"2010-12-06",760.859985
"2010-12-07",764.419983
"2010-12-08",764.039978
"2010-12-09",767.630005
"2010-12-10",776.830017
"2010-12-13",772.099976
"2010-12-14",771.659973
"2010-12-15",768.359985
"2010-12-16",776.559998
"2010-12-17",779.51001
"2010-12-20",782.299988
"2010-12-21",790.52002
"2010-12-22",790.590027
"2010-12-23",788.960022
"2010-12-27",792.349976
"2010-12-28",789.460022
"2010-12-29",790.26001
"2010-12-30",789.73999
"2010-12-31",783.650024
"2011-01-03",798.559998
"2011-01-04",785.830017
"2011-01-05",795.090027
"2011-01-06",791.419983
"2011-01-07",787.830017
"2011-01-10",791.580017
"2011-01-11",794.76001
"2011-01-12",801.359985
"2011-01-13",800.650024
"2011-01-14",807.570007
"2011-01-18",807.559998
"2011-01-19",786.890015
"2011-01-20",778.080017
"2011-01-21",773.179993
"2011-01-24",779.280029
"2011-01-25",779.960022
"2011-01-26",793.719971
"2011-01-27",795.429993
"2011-01-28",775.400024
"2011-01-31",781.25
"2011-02-01",798.890015
"2011-02-02",796.159973
"2011-02-03",798.630005
"2011-02-04",800.109985
"2011-02-07",808.320007
"2011-02-08",813.690002
"2011-02-09",809.27002
"2011-02-10",812.700012
"2011-02-11",822.109985
"2011-02-14",825.900024
"2011-02-15",820.030029
"2011-02-16",828.369995
"2011-02-17",834.02002
"2011-02-18",834.820007
"2011-02-22",812.960022
"2011-02-23",799.650024
"2011-02-24",804.179993
"2011-02-25",821.950012
"2011-02-28",823.450012
"2011-03-01",807.080017
"2011-03-02",810.900024
"2011-03-03",828.890015
"2011-03-04",824.98999
"2011-03-07",812.25
"2011-03-08",824.659973
"2011-03-09",821.190002
"2011-03-10",799.530029
"2011-03-11",802.830017
"2011-03-14",798.169983
"2011-03-15",791.330017
"2011-03-16",781.900024
"2011-03-17",785.52002
"2011-03-18",794.659973
"2011-03-21",813.02002
"2011-03-22",808.659973
"2011-03-23",811.23999
"2011-03-24",817.099976
"2011-03-25",823.849976
"2011-03-28",821.77002
"2011-03-29",829.48999
"2011-03-30",840.369995
"2011-03-31",843.549988
"2011-04-01",846.77002
"2011-04-04",849.359985
"2011-04-05",853.309998
"2011-04-06",854.169983
"2011-04-07",849.440002
"2011-04-08",840.890015
"2011-04-11",833.859985
"2011-04-12",822.27002
"2011-04-13",823.919983
"2011-04-14",827.469971
"2011-04-15",834.97998
"2011-04-18",821.51001
"2011-04-19",823.01001
"2011-04-20",839.450012
"2011-04-21",845.640015
"2011-04-25",844.22998
"2011-04-26",853.039978
"2011-04-27",858.309998
"2011-04-28",861.549988
"2011-04-29",865.289978
"2011-05-02",854.77002
"2011-05-03",843.77002
"2011-05-04",832.900024
"2011-05-05",829.23999
"2011-05-06",833.340027
"2011-05-09",842.799988
"2011-05-10",855.909973
"2011-05-11",840.659973
"2011-05-12",847.530029
"2011-05-13",835.669983
"2011-05-16",822.909973
"2011-05-17",820.359985
"2011-05-18",833.450012
"2011-05-19",835.159973
"2011-05-20",829.059998
"2011-05-23",814.039978
"2011-05-24",810.330017
"2011-05-25",820.869995
"2011-05-26",830.869995
"2011-05-27",836.26001
"2011-05-31",848.299988
"2011-06-01",821.400024
"2011-06-02",820.690002
"2011-06-03",808.130005
"2011-06-06",795.320007
"2011-06-07",797.549988
"2011-06-08",788.039978
"2011-06-09",792.640015
"2011-06-10",779.539978
"2011-06-13",777.200012
"2011-06-14",793.98999
"2011-06-15",779.460022
"2011-06-16",781.539978
"2011-06-17",781.75
"2011-06-20",788.47998
"2011-06-21",806.369995
"2011-06-22",799.869995
"2011-06-23",802.679993
"2011-06-24",797.789978
"2011-06-27",805.140015
"2011-06-28",817.309998
"2011-06-29",819.919983
"2011-06-30",827.429993
"2011-07-01",840.039978
"2011-07-05",841.619995
"2011-07-06",845.22998
"2011-07-07",858.109985
"2011-07-08",852.570007
"2011-07-11",833.539978
"2011-07-12",829.77002
"2011-07-13",836.97998
"2011-07-14",823.320007
"2011-07-15",828.780029
"2011-07-18",815.969971
"2011-07-19",834.619995
"2011-07-20",832.340027
"2011-07-21",841.26001
"2011-07-22",841.820007
"2011-07-25",831.400024
"2011-07-26",824.830017
"2011-07-27",800.530029
"2011-07-28",799.340027
"2011-07-29",797.030029
"2011-08-01",792.849976
"2011-08-02",767.01001
"2011-08-03",772.780029
"2011-08-04",726.799988
"2011-08-05",714.630005
"2011-08-08",650.960022
"2011-08-09",696.159973
"2011-08-10",660.210022
"2011-08-11",695.890015
"2011-08-12",697.5
"2011-08-15",718.630005
"2011-08-16",704.76001
"2011-08-17",704.030029
"2011-08-18",662.51001
"2011-08-19",651.700012
"2011-08-22",651.340027
"2011-08-23",683.070007
"2011-08-24",692.570007
"2011-08-25",674.419983
"2011-08-26",691.789978
"2011-08-29",724.650024
"2011-08-30",728.080017
"2011-08-31",726.809998
"2011-09-01",708.919983
"2011-09-02",683.359985
"2011-09-06",680.869995
"2011-09-07",709.469971
"2011-09-08",694.919983
"2011-09-09",673.960022
"2011-09-12",679.76001
"2011-09-13",691.73999
"2011-09-14",704.119995
"2011-09-15",713.51001
"2011-09-16",714.309998
"2011-09-19",702.22998
"2011-09-20",689.950012
"2011-09-21",664.580017
"2011-09-22",643.419983
"2011-09-23",652.429993
"2011-09-26",665.619995
"2011-09-27",680.22998
"2011-09-28",651.969971
"2011-09-29",662.799988
"2011-09-30",644.159973
"2011-10-03",609.48999
"2011-10-04",648.640015
"2011-10-05",658.109985
"2011-10-06",673.799988
"2011-10-07",656.210022
"2011-10-10",684.900024
"2011-10-11",688.969971
"2011-10-12",700.380005
"2011-10-13",698.820007
"2011-10-14",712.460022
"2011-10-17",688.599976
"2011-10-18",709.340027
"2011-10-19",694.369995
"2011-10-20",696.419983
"2011-10-21",712.419983
"2011-10-24",736.030029
"2011-10-25",713.650024
"2011-10-26",727.150024
"2011-10-27",765.429993
"2011-10-28",761
"2011-10-31",741.059998
"2011-11-01",713.890015
"2011-11-02",733.26001
"2011-11-03",751.530029
"2011-11-04",746.48999
"2011-11-07",745.27002
"2011-11-08",755.27002
"2011-11-09",718.859985
"2011-11-10",725.47998
"2011-11-11",744.640015
"2011-11-14",732.890015
"2011-11-15",743.080017
"2011-11-16",729.859985
"2011-11-17",718.75
"2011-11-18",719.419983
"2011-11-21",701.900024
"2011-11-22",696.26001
"2011-11-23",674.340027
"2011-11-25",666.159973
"2011-11-28",697.900024
"2011-11-29",696.099976
"2011-11-30",737.419983
"2011-12-01",730.75
"2011-12-02",735.02002
"2011-12-05",747.030029
"2011-12-06",746.780029
"2011-12-07",746.140015
"2011-12-08",722.679993
"2011-12-09",745.400024
"2011-12-12",733.150024
"2011-12-13",718.059998
"2011-12-14",708.460022
"2011-12-15",716.01001
"2011-12-16",722.049988
"2011-12-19",708.559998
"2011-12-20",738.219971
"2011-12-21",740.450012
"2011-12-22",745.51001
"2011-12-23",747.97998
"2011-12-27",751.309998
"2011-12-28",735.210022
"2011-12-29",744.97998
"2011-12-30",740.919983
"2012-01-03",752.280029
"2012-01-04",747.280029
"2012-01-05",752.289978
"2012-01-06",749.710022
"2012-01-09",753.51001
"2012-01-10",764.75
"2012-01-11",767.23999
"2012-01-12",770.48999
"2012-01-13",764.200012
"2012-01-17",765.530029
"2012-01-18",779.26001
"2012-01-19",782.369995
"2012-01-20",784.619995
"2012-01-23",783.049988
"2012-01-24",788.27002
"2012-01-25",795.580017
"2012-01-26",792.909973
"2012-01-27",798.849976
"2012-01-30",792.380005
"2012-01-31",792.820007
"2012-02-01",809.659973
"2012-02-02",812.890015
"2012-02-03",831.109985
"2012-02-06",828.369995
"2012-02-07",827.369995
"2012-02-08",828.390015
"2012-02-09",824.98999
"2012-02-10",813.330017
"2012-02-13",824.809998
"2012-02-14",820.650024
"2012-02-15",813.97998
"2012-02-16",829.960022
"2012-02-17",828.679993
"2012-02-21",823.200012
"2012-02-22",816.5
"2012-02-23",829.22998
"2012-02-24",826.919983
"2012-02-27",826.659973
"2012-02-28",823.799988
"2012-02-29",810.940002
"2012-03-01",815.219971
"2012-03-02",802.419983
"2012-03-05",803.650024
"2012-03-06",787.090027
"2012-03-07",795.950012
"2012-03-08",806.340027
"2012-03-09",817
"2012-03-12",814.289978
"2012-03-13",831.22998
"2012-03-14",823.400024
"2012-03-15",831.460022
"2012-03-16",830.179993
"2012-03-19",837.77002
"2012-03-20",829.23999
"2012-03-21",829.919983
"2012-03-22",821.440002
"2012-03-23",830.030029
"2012-03-26",846.130005
"2012-03-27",839.97998
"2012-03-28",834.450012
"2012-03-29",832.219971
"2012-03-30",830.299988
"2012-04-02",840.630005
"2012-04-03",834.799988
"2012-04-04",820.380005
"2012-04-05",818.179993
"2012-04-09",803.460022
"2012-04-10",784.150024
"2012-04-11",796.590027
"2012-04-12",808.590027
"2012-04-13",796.289978
"2012-04-16",798.080017
"2012-04-17",810.630005
"2012-04-18",803.320007
"2012-04-19",798.900024
"2012-04-20",804.049988
"2012-04-23",791.849976
"2012-04-24",798.049988
"2012-04-25",812.119995
"2012-04-26",818.330017
"2012-04-27",825.469971
"2012-04-30",816.880005
"2012-05-01",815.890015
"2012-05-02",818.599976
"2012-05-03",806.590027
"2012-05-04",791.840027
"2012-05-07",793.809998
"2012-05-08",793.059998
"2012-05-09",788.919983
"2012-05-10",791.75
"2012-05-11",790.059998
"2012-05-14",778.950012
"2012-05-15",777.359985
"2012-05-16",772.109985
"2012-05-17",754.330017
"2012-05-18",747.210022
"2012-05-21",764.640015
"2012-05-22",759.630005
"2012-05-23",765.169983
"2012-05-24",766.570007
"2012-05-25",766.409973
"2012-05-29",777.159973
"2012-05-30",762
"2012-05-31",761.820007
"2012-06-01",737.419983
"2012-06-04",737.23999
"2012-06-05",746.090027
"2012-06-06",765.169983
"2012-06-07",760.340027
"2012-06-08",769.190002
"2012-06-11",751.01001
"2012-06-12",761.530029
"2012-06-13",752.380005
"2012-06-14",762.340027
"2012-06-15",771.320007
"2012-06-18",772.530029
"2012-06-19",786.429993
"2012-06-20",784.049988
"2012-06-21",764.830017
"2012-06-22",775.159973
"2012-06-25",761.900024
"2012-06-26",765.02002
"2012-06-27",776.23999
"2012-06-28",775.890015
"2012-06-29",798.48999
"2012-07-02",807.940002
"2012-07-03",818.48999
"2012-07-05",817.429993
"2012-07-06",807.140015
"2012-07-09",804.799988
"2012-07-10",795.169983
"2012-07-11",792.26001
"2012-07-12",789.619995
"2012-07-13",800.98999
"2012-07-16",796.659973
"2012-07-17",799.450012
"2012-07-18",805.059998
"2012-07-19",802.169983
"2012-07-20",791.539978
"2012-07-23",778.900024
"2012-07-24",767.75
"2012-07-25",769.309998
"2012-07-26",777.109985
"2012-07-27",796
"2012-07-30",791.580017
"2012-07-31",786.940002
"2012-08-01",771.130005
"2012-08-02",768.599976
"2012-08-03",788.47998
"2012-08-06",794.349976
"2012-08-07",801.340027
"2012-08-08",800.159973
"2012-08-09",802.900024
"2012-08-10",801.549988
"2012-08-13",799.48999
"2012-08-14",796.880005
"2012-08-15",804.26001
"2012-08-16",813.080017
"2012-08-17",819.890015
"2012-08-20",816.51001
"2012-08-21",815.359985
"2012-08-22",812.559998
"2012-08-23",806
"2012-08-24",809.190002
"2012-08-27",810.400024
"2012-08-28",814.280029
"2012-08-29",817.840027
"2012-08-30",808.640015
"2012-08-31",812.090027
"2012-09-04",822.140015
"2012-09-05",821.22998
"2012-09-06",837.950012
"2012-09-07",842.27002
"2012-09-10",839.369995
"2012-09-11",841.919983
"2012-09-12",845.119995
"2012-09-13",856.119995
"2012-09-14",864.700012
"2012-09-17",858.900024
"2012-09-18",856.929993
"2012-09-19",856.080017
"2012-09-20",851.51001
"2012-09-21",855.51001
"2012-09-24",851.76001
"2012-09-25",839.119995
"2012-09-26",833.929993
"2012-09-27",843.539978
"2012-09-28",837.450012
"2012-10-01",840.309998
"2012-10-02",840.51001
"2012-10-03",838.780029
"2012-10-04",844.650024
"2012-10-05",842.859985
"2012-10-08",838.409973
"2012-10-09",827.919983
"2012-10-10",826.75
"2012-10-11",829.780029
"2012-10-12",823.090027
"2012-10-15",828.280029
"2012-10-16",835.440002
"2012-10-17",842.52002
"2012-10-18",837.119995
"2012-10-19",821
"2012-10-22",820.52002
"2012-10-23",816.200012
"2012-10-24",813.650024
"2012-10-25",816.820007
"2012-10-26",813.25
"2012-10-31",818.72998
"2012-11-01",827.849976
"2012-11-02",814.369995
"2012-11-05",819.539978
"2012-11-06",825.640015
"2012-11-07",804.52002
"2012-11-08",793.650024
"2012-11-09",795.02002
"2012-11-12",793.76001
"2012-11-13",789.01001
"2012-11-14",773.200012
"2012-11-15",769.47998
"2012-11-16",776.280029
"2012-11-19",793.059998
"2012-11-20",793.809998
"2012-11-21",798.380005
"2012-11-23",807.179993
"2012-11-26",809.02002
"2012-11-27",807.73999
"2012-11-28",813.5
"2012-11-29",823.200012
"2012-11-30",821.919983
"2012-12-03",820.799988
"2012-12-04",822.119995
"2012-12-05",820.599976
"2012-12-06",821.789978
"2012-12-07",822.27002
"2012-12-10",826.26001
"2012-12-11",834.98999
"2012-12-12",829.390015
"2012-12-13",824.200012
"2012-12-14",823.75
"2012-12-17",835
"2012-12-18",847.690002
"2012-12-19",847.890015
"2012-12-20",852.48999
"2012-12-21",847.919983
"2012-12-24",844.73999
"2012-12-26",838.890015
"2012-12-27",837.400024
"2012-12-28",832.099976
"2012-12-31",849.349976
"2013-01-02",873.419983
"2013-01-03",872.599976
"2013-01-04",879.150024
"2013-01-07",875.799988
"2013-01-08",874.700012
"2013-01-09",879.51001
"2013-01-10",881.23999
"2013-01-11",880.77002
"2013-01-14",880.099976
"2013-01-15",884.599976
"2013-01-16",882.309998
"2013-01-17",890.359985
"2013-01-18",892.799988
"2013-01-22",899.23999
"2013-01-23",896.700012
"2013-01-24",900.190002
"2013-01-25",905.23999
"2013-01-28",906.710022
"2013-01-29",907.309998
"2013-01-30",896.909973
"2013-01-31",902.090027
"2013-02-01",911.200012
"2013-02-04",899.280029
"2013-02-05",908.219971
"2013-02-06",911.289978
"2013-02-07",908.099976
"2013-02-08",913.669983
"2013-02-11",913.030029
"2013-02-12",917.52002
"2013-02-13",920.580017
"2013-02-14",923.76001
"2013-02-15",923.150024
"2013-02-19",932
"2013-02-20",913.5
"2013-02-21",905.400024
"2013-02-22",916.150024
"2013-02-25",895.840027
"2013-02-26",900.049988
"2013-02-27",909.919983
"2013-02-28",911.109985
"2013-03-01",914.72998
"2013-03-04",916.679993
"2013-03-05",927.400024
"2013-03-06",929.960022
"2013-03-07",934.570007
"2013-03-08",942.5
"2013-03-11",942.51001
"2013-03-12",940.26001
"2013-03-13",943.900024
"2013-03-14",953.070007
"2013-03-15",952.47998
"2013-03-18",947.200012
"2013-03-19",942.849976
"2013-03-20",951.950012
"2013-03-21",943.919983
"2013-03-22",946.27002
"2013-03-25",945.849976
"2013-03-26",949.820007
"2013-03-27",950.23999
"2013-03-28",951.539978
"2013-04-01",938.789978
"2013-04-02",934.299988
"2013-04-03",918.710022
"2013-04-04",925.659973
"2013-04-05",923.280029
"2013-04-08",931.48999
"2013-04-09",929.340027
"2013-04-10",946.090027
"2013-04-11",947.049988
"2013-04-12",942.849976
"2013-04-15",907.179993
"2013-04-16",923.299988
"2013-04-17",906.799988
"2013-04-18",901.51001
"2013-04-19",912.5
"2013-04-22",914.799988
"2013-04-23",929.359985
"2013-04-24",934.109985
"2013-04-25",940.280029
"2013-04-26",935.25
"2013-04-29",942.429993
"2013-04-30",947.460022
"2013-05-01",924.210022
"2013-05-02",939.849976
"2013-05-03",954.419983
"2013-05-06",959.799988
"2013-05-07",967.820007
"2013-05-08",970.409973
"2013-05-09",966.26001
"2013-05-10",975.159973
"2013-05-13",973.789978
"2013-05-14",985.960022
"2013-05-15",988.539978
"2013-05-16",985.340027
"2013-05-17",996.280029
"2013-05-20",997.97998
"2013-05-21",998.780029
"2013-05-22",982.26001
"2013-05-23",984.280029
"2013-05-24",984.280029
"2013-05-28",997.349976
"2013-05-29",986.960022
"2013-05-30",994.429993
"2013-05-31",984.150024
"2013-06-03",990.530029
"2013-06-04",981.969971
"2013-06-05",968.159973
"2013-06-06",979.460022
"2013-06-07",987.619995
"2013-06-10",992.669983
"2013-06-11",981.450012
"2013-06-12",972.309998
"2013-06-13",989.690002
"2013-06-14",981.380005
"2013-06-17",987.840027
"2013-06-18",999.98999
"2013-06-19",986.5
"2013-06-20",960.52002
"2013-06-21",963.679993
"2013-06-24",951.049988
"2013-06-25",961.26001
"2013-06-26",963.830017
"2013-06-27",979.919983
"2013-06-28",977.47998
"2013-07-01",989.840027
"2013-07-02",989.469971
"2013-07-03",991.130005
"2013-07-05",1005.390015
"2013-07-08",1009.25
"2013-07-09",1018.049988
"2013-07-10",1020.419983
"2013-07-11",1033.180054
"2013-07-12",1036.52002
"2013-07-15",1043.300049
"2013-07-16",1038.75
"2013-07-17",1042.530029
"2013-07-18",1050.27002
"2013-07-19",1050.47998
"2013-07-22",1053.410034
"2013-07-23",1052.199951
"2013-07-24",1043.829956
"2013-07-25",1054.180054
"2013-07-26",1048.51001
"2013-07-29",1040.660034
"2013-07-30",1043.51001
"2013-07-31",1045.26001
"2013-08-01",1059.880005
"2013-08-02",1059.859985
"2013-08-05",1063.01001
"2013-08-06",1052.140015
"2013-08-07",1044.339966
"2013-08-08",1049.469971
"2013-08-09",1048.400024
"2013-08-12",1053.670044
"2013-08-13",1051.98999
"2013-08-14",1047.800049
"2013-08-15",1027.609985
"2013-08-16",1024.300049
"2013-08-19",1013.25
"2013-08-20",1028.569946
"2013-08-21",1021.580017
"2013-08-22",1036.199951
"2013-08-23",1038.23999
"2013-08-26",1038.469971
"2013-08-27",1013.48999
"2013-08-28",1016.5
"2013-08-29",1026.939941
"2013-08-30",1010.900024
"2013-09-03",1016.26001
"2013-09-04",1025.579956
"2013-09-05",1028.689941
"2013-09-06",1029.550049
"2013-09-09",1046.079956
"2013-09-10",1055.719971
"2013-09-11",1055.339966
"2013-09-12",1048.47998
"2013-09-13",1053.97998
"2013-09-16",1056.25
"2013-09-17",1066.390015
"2013-09-18",1076.969971
"2013-09-19",1075.27002
"2013-09-20",1072.829956
"2013-09-23",1072.130005
"2013-09-24",1074.680054
"2013-09-25",1073.51001
"2013-09-26",1078.410034
"2013-09-27",1074.189941
"2013-09-30",1073.790039
"2013-10-01",1087.430054
"2013-10-02",1082.550049
"2013-10-03",1070.900024
"2013-10-04",1078.25
"2013-10-07",1065.790039
"2013-10-08",1047.26001
"2013-10-09",1043.459961
"2013-10-10",1069.5
"2013-10-11",1084.310059
"2013-10-14",1090.300049
"2013-10-15",1079.619995
"2013-10-16",1092.420044
"2013-10-17",1102.27002
"2013-10-18",1114.77002
"2013-10-21",1112.47998
"2013-10-22",1115.630005
"2013-10-23",1110.930054
"2013-10-24",1118.849976
"2013-10-25",1118.339966
"2013-10-28",1117.969971
"2013-10-29",1121.069946
"2013-10-30",1105.5
"2013-10-31",1100.150024
"2013-11-01",1095.670044
"2013-11-04",1108.280029
"2013-11-05",1103.589966
"2013-11-06",1098.630005
"2013-11-07",1079.089966
"2013-11-08",1099.969971
"2013-11-11",1101.5
"2013-11-12",1101.469971
"2013-11-13",1112.180054
"2013-11-14",1111.439941
"2013-11-15",1116.199951
"2013-11-18",1107.290039
"2013-11-19",1101.380005
"2013-11-20",1099.790039
"2013-11-21",1119.619995
"2013-11-22",1124.920044
"2013-11-25",1124.719971
"2013-11-26",1134.530029
"2013-11-27",1141.329956
"2013-11-29",1142.890015
"2013-12-02",1129.119995
"2013-12-03",1123.780029
"2013-12-04",1121.380005
"2013-12-05",1122.469971
"2013-12-06",1131.380005
"2013-12-09",1129.459961
"2013-12-10",1119.689941
"2013-12-11",1101.5
"2013-12-12",1103.27002
"2013-12-13",1107.050049
"2013-12-16",1119.849976
"2013-12-17",1118.890015
"2013-12-18",1133.719971
"2013-12-19",1125.449951
"2013-12-20",1146.469971
"2013-12-23",1157.219971
"2013-12-24",1161.800049
"2013-12-26",1162.650024
"2013-12-27",1161.089966
"2013-12-30",1160.589966
"2013-12-31",1163.640015
"2014-01-02",1150.719971
"2014-01-03",1156.089966
"2014-01-06",1147.160034
"2014-01-07",1157.630005
"2014-01-08",1157.459961
"2014-01-09",1158.349976
"2014-01-10",1164.530029
"2014-01-13",1148.089966
"2014-01-14",1163.430054
"2014-01-15",1171.349976
"2014-01-16",1173.130005
"2014-01-17",1168.430054
"2014-01-21",1175.719971
"2014-01-22",1181.290039
"2014-01-23",1172.400024
"2014-01-24",1144.130005
"2014-01-27",1127.72998
"2014-01-28",1138.23999
"2014-01-29",1122.449951
"2014-01-30",1139.359985
"2014-01-31",1130.880005
"2014-02-03",1094.579956
"2014-02-04",1102.839966
"2014-02-05",1093.589966
"2014-02-06",1103.930054
"2014-02-07",1116.550049
"2014-02-10",1118.72998
"2014-02-11",1129.160034
"2014-02-12",1132.540039
"2014-02-13",1147.790039
"2014-02-14",1149.209961
"2014-02-18",1161.47998
"2014-02-19",1149.069946
"2014-02-20",1162.119995
"2014-02-21",1164.630005
"2014-02-24",1174.550049
"2014-02-25",1173.949951
"2014-02-26",1181.719971
"2014-02-27",1187.939941
"2014-02-28",1183.030029
"2014-03-03",1176.359985
"2014-03-04",1208.650024
"2014-03-05",1205.910034
"2014-03-06",1204.540039
"2014-03-07",1203.319946
"2014-03-10",1200.540039
"2014-03-11",1187.050049
"2014-03-12",1191.369995
"2014-03-13",1176.73999
"2014-03-14",1181.410034
"2014-03-17",1188.22998
"2014-03-18",1205.040039
"2014-03-19",1195.660034
"2014-03-20",1198.969971
"2014-03-21",1193.72998
"2014-03-24",1178.22998
"2014-03-25",1178.050049
"2014-03-26",1155.48999
"2014-03-27",1151.439941
"2014-03-28",1151.810059
"2014-03-31",1173.040039
"2014-04-01",1188.699951
"2014-04-02",1192.810059
"2014-04-03",1181.119995
"2014-04-04",1153.380005
"2014-04-07",1135.780029
"2014-04-08",1144.23999
"2014-04-09",1159.959961
"2014-04-10",1127.660034
"2014-04-11",1111.439941
"2014-04-14",1115.349976
"2014-04-15",1119.48999
"2014-04-16",1131.77002
"2014-04-17",1137.900024
"2014-04-21",1142.310059
"2014-04-22",1155.609985
"2014-04-23",1147.079956
"2014-04-24",1144.349976
"2014-04-25",1123.030029
"2014-04-28",1117.060059
"2014-04-29",1120.829956
"2014-04-30",1126.859985
"2014-05-01",1125.969971
"2014-05-02",1128.800049
"2014-05-05",1126.300049
"2014-05-06",1108.01001
"2014-05-07",1108.550049
"2014-05-08",1097.430054
"2014-05-09",1107.219971
"2014-05-12",1133.650024
"2014-05-13",1121.160034
"2014-05-14",1103.140015
"2014-05-15",1095.98999
"2014-05-16",1102.910034
"2014-05-19",1114.430054
"2014-05-20",1097.900024
"2014-05-21",1103.630005
"2014-05-22",1113.869995
"2014-05-23",1126.189941
"2014-05-27",1142.199951
"2014-05-28",1136.680054
"2014-05-29",1140.069946
"2014-05-30",1134.5
"2014-06-02",1128.900024
"2014-06-03",1126.150024
"2014-06-04",1131.219971
"2014-06-05",1153.939941
"2014-06-06",1165.209961
"2014-06-09",1175.880005
"2014-06-10",1172.709961
"2014-06-11",1166.709961
"2014-06-12",1159.400024
"2014-06-13",1162.680054
"2014-06-16",1166.819946
"2014-06-17",1176.619995
"2014-06-18",1183.130005
"2014-06-19",1184.030029
"2014-06-20",1188.430054
"2014-06-23",1184.949951
"2014-06-24",1173.23999
"2014-06-25",1182.680054
"2014-06-26",1180.709961
"2014-06-27",1189.5
"2014-06-30",1192.959961
"2014-07-01",1205.949951
"2014-07-02",1199.5
"2014-07-03",1208.150024
"2014-07-07",1186.73999
"2014-07-08",1172.150024
"2014-07-09",1173.810059
"2014-07-10",1161.859985
"2014-07-11",1159.930054
"2014-07-14",1167.209961
"2014-07-15",1153.810059
"2014-07-16",1151.550049
"2014-07-17",1133.599976
"2014-07-18",1151.609985
"2014-07-21",1146.660034
"2014-07-22",1156.150024
"2014-07-23",1158.109985
"2014-07-24",1156.26001
"2014-07-25",1144.719971
"2014-07-28",1139.5
"2014-07-29",1141.640015
"2014-07-30",1146.569946
"2014-07-31",1120.069946
"2014-08-01",1114.859985
"2014-08-04",1124.819946
"2014-08-05",1121.560059
"2014-08-06",1125.550049
"2014-08-07",1119.76001
"2014-08-08",1131.349976
"2014-08-11",1141.930054
"2014-08-12",1133.030029
"2014-08-13",1141.780029
"2014-08-14",1143.339966
"2014-08-15",1141.650024
"2014-08-18",1158.400024
"2014-08-19",1162.469971
"2014-08-20",1157.51001
"2014-08-21",1160.030029
"2014-08-22",1160.339966
"2014-08-25",1165.219971
"2014-08-26",1175.170044
"2014-08-27",1172.709961
"2014-08-28",1165.949951
"2014-08-29",1174.349976
"2014-09-02",1179.469971
"2014-09-03",1172.199951
"2014-09-04",1167.209961
"2014-09-05",1170.130005
"2014-09-08",1172.310059
"2014-09-09",1158.5
"2014-09-10",1164.98999
"2014-09-11",1172.339966
"2014-09-12",1160.609985
"2014-09-15",1146.52002
"2014-09-16",1150.969971
"2014-09-17",1153.890015
"2014-09-18",1159.27002
"2014-09-19",1146.920044
"2014-09-22",1129.359985
"2014-09-23",1118.719971
"2014-09-24",1128.310059
"2014-09-25",1110.23999
"2014-09-26",1119.329956
"2014-09-29",1117.910034
"2014-09-30",1101.680054
"2014-10-01",1085.410034
"2014-10-02",1096.380005
"2014-10-03",1104.73999
"2014-10-06",1094.650024
"2014-10-07",1076.310059
"2014-10-08",1097.119995
"2014-10-09",1067.98999
"2014-10-10",1053.319946
"2014-10-13",1049.300049
"2014-10-14",1061.599976
"2014-10-15",1072.449951
"2014-10-16",1086.109985
"2014-10-17",1082.329956
"2014-10-20",1094.969971
"2014-10-21",1112.849976
"2014-10-22",1096.869995
"2014-10-23",1116.48999
"2014-10-24",1118.819946
"2014-10-27",1117.47998
"2014-10-28",1149.449951
"2014-10-29",1146.369995
"2014-10-30",1155.77002
"2014-10-31",1173.51001
"2014-11-03",1170.199951
"2014-11-04",1165.420044
"2014-11-05",1167.069946
"2014-11-06",1171.859985
"2014-11-07",1173.319946
"2014-11-10",1179.569946
"2014-11-11",1179.959961
"2014-11-12",1186.469971
"2014-11-13",1175.420044
"2014-11-14",1173.810059
"2014-11-17",1164.22998
"2014-11-18",1170.280029
"2014-11-19",1157.689941
"2014-11-20",1170.75
"2014-11-21",1172.420044
"2014-11-24",1186.939941
"2014-11-25",1186.329956
"2014-11-26",1190.619995
"2014-11-28",1173.22998
"2014-12-01",1154.050049
"2014-12-02",1168.449951
"2014-12-03",1179.01001
"2014-12-04",1173.01001
"2014-12-05",1182.430054
"2014-12-08",1167.209961
"2014-12-09",1188.060059
"2014-12-10",1161.859985
"2014-12-11",1166.959961
"2014-12-12",1152.439941
"2014-12-15",1140.300049
"2014-12-16",1139.369995
"2014-12-17",1174.839966
"2014-12-18",1192.160034
"2014-12-19",1195.959961
"2014-12-22",1201.859985
"2014-12-23",1202.439941
"2014-12-24",1206.780029
"2014-12-26",1215.209961
"2014-12-29",1219.109985
"2014-12-30",1213.050049
"2014-12-31",1204.699951
"2015-01-02",1198.800049
"2015-01-05",1181.349976
"2015-01-06",1161.310059
"2015-01-07",1175.969971
"2015-01-08",1196.130005
"2015-01-09",1185.680054
"2015-01-12",1180.089966
"2015-01-13",1180.640015
"2015-01-14",1177.060059
"2015-01-15",1154.709961
"2015-01-16",1176.650024
"2015-01-20",1170.25
"2015-01-21",1166.25
"2015-01-22",1190.369995
"2015-01-23",1188.930054
"2015-01-26",1200.73999
"2015-01-27",1194.660034
"2015-01-28",1175.119995
"2015-01-29",1190.180054
"2015-01-30",1165.390015
"2015-02-02",1175.51001
"2015-02-03",1196.98999
"2015-02-04",1191.439941
"2015-02-05",1208.709961
"2015-02-06",1205.459961
"2015-02-09",1195.829956
"2015-02-10",1203.180054
"2015-02-11",1201.550049
"2015-02-12",1216.27002
"2015-02-13",1223.130005
"2015-02-17",1225.01001
"2015-02-18",1227.949951
"2015-02-19",1227.910034
"2015-02-20",1231.790039
"2015-02-23",1231.829956
"2015-02-24",1233.97998
"2015-02-25",1235.099976
"2015-02-26",1239.109985
"2015-02-27",1233.369995
"2015-03-02",1242.619995
"2015-03-03",1234.76001
"2015-03-04",1230.72998
"2015-03-05",1234.310059
"2015-03-06",1217.52002
"2015-03-09",1223.589966
"2015-03-10",1208.469971
"2015-03-11",1215.780029
"2015-03-12",1236.640015
"2015-03-13",1232.140015
"2015-03-16",1239.780029
"2015-03-17",1242.22998
"2015-03-18",1252.140015
"2015-03-19",1254.859985
"2015-03-20",1266.369995
"2015-03-23",1264.709961
"2015-03-24",1263.459961
"2015-03-25",1233.849976
"2015-03-26",1231.98999
"2015-03-27",1240.410034
"2015-03-30",1257.800049
"2015-03-31",1252.77002
"2015-04-01",1251.709961
"2015-04-02",1255.660034
"2015-04-06",1260.540039
"2015-04-07",1253.359985
"2015-04-08",1262.709961
"2015-04-09",1259.109985
"2015-04-10",1264.77002
"2015-04-13",1265.589966
"2015-04-14",1265.349976
"2015-04-15",1275.349976
"2015-04-16",1272.900024
"2015-04-17",1251.859985
"2015-04-20",1264.920044
"2015-04-21",1264.150024
"2015-04-22",1265.47998
"2015-04-23",1271.540039
"2015-04-24",1267.540039
"2015-04-27",1252.699951
"2015-04-28",1259.359985
"2015-04-29",1246.949951
"2015-04-30",1220.130005
"2015-05-01",1228.109985
"2015-05-04",1233.219971
"2015-05-05",1215.420044
"2015-05-06",1219.359985
"2015-05-07",1225.540039
"2015-05-08",1234.930054
"2015-05-11",1235.829956
"2015-05-12",1233.130005
"2015-05-13",1232.280029
"2015-05-14",1245.109985
"2015-05-15",1243.949951
"2015-05-18",1257.52002
"2015-05-19",1255.660034
"2015-05-20",1257.73999
"2015-05-21",1256.73999
"2015-05-22",1252.219971
"2015-05-26",1238.76001
"2015-05-27",1254.359985
"2015-05-28",1253.099976
"2015-05-29",1246.530029
"2015-06-01",1249.619995
"2015-06-02",1251.800049
"2015-06-03",1264.579956
"2015-06-04",1251.290039
"2015-06-05",1261.01001
"2015-06-08",1253.699951
"2015-06-09",1249.660034
"2015-06-10",1266.930054
"2015-06-11",1268.920044
"2015-06-12",1265.02002
"2015-06-15",1261.040039
"2015-06-16",1269.530029
"2015-06-17",1268.329956
"2015-06-18",1284.680054
"2015-06-19",1284.660034
"2015-06-22",1292.390015
"2015-06-23",1295.800049
"2015-06-24",1283.920044
"2015-06-25",1283.280029
"2015-06-26",1279.800049
"2015-06-29",1246.75
"2015-06-30",1253.949951
"2015-07-01",1256.400024
"2015-07-02",1248.26001
"2015-07-06",1246.959961
"2015-07-07",1248.050049
"2015-07-08",1228.959961
"2015-07-09",1234.150024
"2015-07-10",1252.02002
"2015-07-13",1265.349976
"2015-07-14",1273.329956
"2015-07-15",1264.52002
"2015-07-16",1272.829956
"2015-07-17",1267.089966
"2015-07-20",1260.219971
"2015-07-21",1254.569946
"2015-07-22",1258.349976
"2015-07-23",1244.969971
"2015-07-24",1225.98999
"2015-07-27",1214.609985
"2015-07-28",1224.599976
"2015-07-29",1229.599976
"2015-07-30",1232.069946
"2015-07-31",1238.680054
"2015-08-03",1231.790039
"2015-08-04",1228.849976
"2015-08-05",1231.75
"2015-08-06",1215.849976
"2015-08-07",1206.900024
"2015-08-10",1222.670044
"2015-08-11",1211.140015
"2015-08-12",1208.97998
"2015-08-13",1204.73999
"2015-08-14",1212.689941
"2015-08-17",1225.089966
"2015-08-18",1214.890015
"2015-08-19",1202.97998
"2015-08-20",1172.52002
"2015-08-21",1156.790039
"2015-08-24",1111.689941
"2015-08-25",1104.099976
"2015-08-26",1132.189941
"2015-08-27",1153.609985
"2015-08-28",1162.910034
"2015-08-31",1159.449951
"2015-09-01",1128.050049
"2015-09-02",1146.030029
"2015-09-03",1145.150024
"2015-09-04",1136.170044
"2015-09-08",1161.76001
"2015-09-09",1148.22998
"2015-09-10",1153.030029
"2015-09-11",1157.790039
"2015-09-14",1153.5
"2015-09-15",1166
"2015-09-16",1175.199951
"2015-09-17",1180.689941
"2015-09-18",1163.349976
"2015-09-21",1161.089966
"2015-09-22",1143.030029
"2015-09-23",1140.050049
"2015-09-24",1137.540039
"2015-09-25",1122.790039
"2015-09-28",1090.569946
"2015-09-29",1083.910034
"2015-09-30",1100.689941
"2015-10-01",1097.550049
"2015-10-02",1114.119995
"2015-10-05",1141.640015
"2015-10-06",1133.689941
"2015-10-07",1152.599976
"2015-10-08",1163.23999
"2015-10-09",1165.359985
"2015-10-12",1164.400024
"2015-10-13",1147.839966
"2015-10-14",1136.969971
"2015-10-15",1162.77002
"2015-10-16",1162.310059
"2015-10-19",1164.300049
"2015-10-20",1163.27002
"2015-10-21",1144.949951
"2015-10-22",1154.52002
"2015-10-23",1166.060059
"2015-10-26",1159.5
"2015-10-27",1145.290039
"2015-10-28",1178.719971
"2015-10-29",1165.630005
"2015-10-30",1161.859985
"2015-11-02",1186.089966
"2015-11-03",1191.579956
"2015-11-04",1190.380005
"2015-11-05",1190.689941
"2015-11-06",1199.75
"2015-11-09",1184.430054
"2015-11-10",1187.699951
"2015-11-11",1178.069946
"2015-11-12",1154.810059
"2015-11-13",1146.550049
"2015-11-16",1156.079956
"2015-11-17",1153.209961
"2015-11-18",1171.75
"2015-11-19",1166.72998
"2015-11-20",1175.150024
"2015-11-23",1180.359985
"2015-11-24",1188.810059
"2015-11-25",1198.02002
"2015-11-27",1202.380005
"2015-11-30",1198.109985
"2015-12-01",1204.160034
"2015-12-02",1191.689941
"2015-12-03",1170.569946
"2015-12-04",1183.400024
"2015-12-07",1164.300049
"2015-12-08",1159.400024
"2015-12-09",1145.869995
"2015-12-10",1149.02002
"2015-12-11",1123.609985
"2015-12-14",1115.859985
"2015-12-15",1131.550049
"2015-12-16",1148.969971
"2015-12-17",1135.359985
"2015-12-18",1121.02002
"2015-12-21",1127.73999
"2015-12-22",1137.689941
"2015-12-23",1152.819946
"2015-12-24",1154.76001
"2015-12-28",1148.209961
"2015-12-29",1160.52002
"2015-12-30",1149.640015
"2015-12-31",1135.890015
"2016-01-04",1108.619995
"2016-01-05",1110.439941
"2016-01-06",1094.369995
"2016-01-07",1064.569946
"2016-01-08",1046.199951
"2016-01-11",1041.900024
"2016-01-12",1044.699951
"2016-01-13",1010.190002
"2016-01-14",1025.670044
"2016-01-15",1007.719971
"2016-01-19",994.869995
"2016-01-20",999.309998
"2016-01-21",997.340027
"2016-01-22",1020.659973
"2016-01-25",997.369995
"2016-01-26",1017.969971
"2016-01-27",1002.75
"2016-01-28",1003.27002
"2016-01-29",1035.380005
"2016-02-01",1032.390015
"2016-02-02",1008.840027
"2016-02-03",1010.299988
"2016-02-04",1014.789978
"2016-02-05",985.619995
"2016-02-08",969.340027
"2016-02-09",963.900024
"2016-02-10",963.47998
"2016-02-11",953.719971
"2016-02-12",971.98999
"2016-02-16",995.799988
"2016-02-17",1011.130005
"2016-02-18",1004.710022
"2016-02-19",1010.01001
"2016-02-22",1021.73999
"2016-02-23",1012.150024
"2016-02-24",1022.080017
"2016-02-25",1031.579956
"2016-02-26",1037.180054
"2016-02-29",1033.900024
"2016-03-01",1054.48999
"2016-03-02",1065.670044
"2016-03-03",1076.050049
"2016-03-04",1081.930054
"2016-03-07",1094.150024
"2016-03-08",1067.880005
"2016-03-09",1072.77002
"2016-03-10",1063.98999
"2016-03-11",1087.560059
"2016-03-14",1084.25
"2016-03-15",1066.670044
"2016-03-16",1074.51001
"2016-03-17",1091.25
"2016-03-18",1101.670044
"2016-03-21",1098.579956
"2016-03-22",1097.339966
"2016-03-23",1075.699951
"2016-03-24",1079.540039
"2016-03-28",1080.22998
"2016-03-29",1109.079956
"2016-03-30",1110.439941
"2016-03-31",1114.030029
"2016-04-01",1117.680054
"2016-04-04",1108.540039
"2016-04-05",1095.849976
"2016-04-06",1108.810059
"2016-04-07",1092.790039
"2016-04-08",1097.310059
"2016-04-11",1094.339966
"2016-04-12",1105.709961
"2016-04-13",1129.930054
"2016-04-14",1128.589966
"2016-04-15",1130.920044
"2016-04-18",1139.280029
"2016-04-19",1140.22998
"2016-04-20",1142.290039
"2016-04-21",1135.77002
"2016-04-22",1146.689941
"2016-04-25",1138.099976
"2016-04-26",1150.72998
"2016-04-27",1154.150024
"2016-04-28",1140.400024
"2016-04-29",1130.849976
"2016-05-02",1140.920044
"2016-05-03",1121.76001
"2016-05-04",1113.130005
"2016-05-05",1107.949951
"2016-05-06",1114.719971
"2016-05-09",1118.25
"2016-05-10",1128.829956
"2016-05-11",1114.73999
"2016-05-12",1108.599976
"2016-05-13",1102.439941
"2016-05-16",1116.209961
"2016-05-17",1097.680054
"2016-05-18",1102.949951
"2016-05-19",1094.780029
"2016-05-20",1112.280029
"2016-05-23",1111.369995
"2016-05-24",1135.310059
"2016-05-25",1141.02002
"2016-05-26",1139.75
"2016-05-27",1150.449951
"2016-05-31",1154.790039
"2016-06-01",1163.040039
"2016-06-02",1170.579956
"2016-06-03",1164.130005
"2016-06-06",1176.869995
"2016-06-07",1179.969971
"2016-06-08",1188.949951
"2016-06-09",1181.199951
"2016-06-10",1163.930054
"2016-06-13",1150.699951
"2016-06-14",1147.819946
"2016-06-15",1149.300049
"2016-06-16",1148.189941
"2016-06-17",1144.699951
"2016-06-20",1157.699951
"2016-06-21",1153.869995
"2016-06-22",1148.969971
"2016-06-23",1172.219971
"2016-06-24",1127.540039
"2016-06-27",1089.650024
"2016-06-28",1107.300049
"2016-06-29",1131.619995
"2016-06-30",1151.920044
"2016-07-01",1156.77002
"2016-07-05",1139.449951
"2016-07-06",1147.329956
"2016-07-07",1149.76001
"2016-07-08",1177.359985
"2016-07-11",1190.030029
"2016-07-12",1205.890015
"2016-07-13",1201.160034
"2016-07-14",1202.170044
"2016-07-15",1205.310059
"2016-07-18",1207.910034
"2016-07-19",1200.449951
"2016-07-20",1209.73999
"2016-07-21",1203.859985
"2016-07-22",1212.890015
"2016-07-25",1209.819946
"2016-07-26",1216.859985
"2016-07-27",1218.930054
"2016-07-28",1217.329956
"2016-07-29",1219.939941
"2016-08-01",1219.119995
"2016-08-02",1202.349976
"2016-08-03",1212.72998
"2016-08-04",1213.76001
"2016-08-05",1231.300049
"2016-08-08",1230.420044
"2016-08-09",1231.73999
"2016-08-10",1223.27002
"2016-08-11",1229.119995
"2016-08-12",1229.819946
"2016-08-15",1241.859985
"2016-08-16",1231.130005
"2016-08-17",1227.680054
"2016-08-18",1236.849976
"2016-08-19",1236.77002
"2016-08-22",1239.73999
"2016-08-23",1248.579956
"2016-08-24",1237.25
"2016-08-25",1240
"2016-08-26",1238.030029
"2016-08-29",1244.939941
"2016-08-30",1246.030029
"2016-08-31",1239.910034
"2016-09-01",1239.800049
"2016-09-02",1251.829956
"2016-09-06",1253.369995
"2016-09-07",1261.01001
"2016-09-08",1258.359985
"2016-09-09",1219.209961
"2016-09-12",1235.869995
"2016-09-13",1212.319946
"2016-09-14",1211.589966
"2016-09-15",1227.02002
"2016-09-16",1224.780029
"2016-09-19",1232.530029
"2016-09-20",1228.329956
"2016-09-21",1245.040039
"2016-09-22",1263.439941
"2016-09-23",1254.619995
"2016-09-26",1240.939941
"2016-09-27",1246.380005
"2016-09-28",1255.670044
"2016-09-29",1237.75
"2016-09-30",1251.650024
"2016-10-03",1245.780029
"2016-10-04",1239.780029
"2016-10-05",1248.369995
"2016-10-06",1246.23999
"2016-10-07",1236.560059
"2016-10-10",1250.76001
"2016-10-11",1227.619995
"2016-10-12",1227.22998
"2016-10-13",1215.75
"2016-10-14",1212.410034
"2016-10-17",1210.140015
"2016-10-18",1217.300049
"2016-10-19",1222.640015
"2016-10-20",1219.790039
"2016-10-21",1218.099976
"2016-10-24",1226.449951
"2016-10-25",1216.099976
"2016-10-26",1204.75
"2016-10-27",1189.949951
"2016-10-28",1187.609985
"2016-10-31",1191.390015
"2016-11-01",1177.939941
"2016-11-02",1162.52002
"2016-11-03",1156.890015
"2016-11-04",1163.439941
"2016-11-07",1192.25
"2016-11-08",1195.140015
"2016-11-09",1232.160034
"2016-11-10",1251.609985
"2016-11-11",1282.380005
"2016-11-14",1298.599976
"2016-11-15",1302.140015
"2016-11-16",1302.199951
"2016-11-17",1309.47998
"2016-11-18",1315.640015
"2016-11-21",1322.22998
"2016-11-22",1334.339966
"2016-11-23",1342.089966
"2016-11-25",1347.199951
"2016-11-28",1329.829956
"2016-11-29",1328.219971
"2016-11-30",1322.339966
"2016-12-01",1313.800049
"2016-12-02",1314.25
"2016-12-05",1337.790039
"2016-12-06",1352.670044
"2016-12-07",1364.51001
"2016-12-08",1386.369995
"2016-12-09",1388.069946
"2016-12-12",1373.140015
"2016-12-13",1373.530029
"2016-12-14",1356.02002
"2016-12-15",1366.410034
"2016-12-16",1364.189941
"2016-12-19",1371.680054
"2016-12-20",1383.959961
"2016-12-21",1375.189941
"2016-12-22",1362.660034
"2016-12-23",1371.51001
"2016-12-27",1377.709961
"2016-12-28",1360.829956
"2016-12-29",1363.180054
"2016-12-30",1357.130005
"2017-01-03",1365.48999
"2017-01-04",1387.949951
"2017-01-05",1371.939941
"2017-01-06",1367.280029
"2017-01-09",1357.48999
"2017-01-10",1370.900024
"2017-01-11",1373.300049
"2017-01-12",1361.069946
"2017-01-13",1372.050049
"2017-01-17",1352.319946
"2017-01-18",1358.560059
"2017-01-19",1345.73999
"2017-01-20",1351.849976
"2017-01-23",1347.839966
"2017-01-24",1369.209961
"2017-01-25",1382.439941
"2017-01-26",1375.599976
"2017-01-27",1370.699951
"2017-01-30",1352.329956
"2017-01-31",1361.819946
"2017-02-01",1361.22998
"2017-02-02",1357.430054
"2017-02-03",1377.839966
"2017-02-06",1366.660034
"2017-02-07",1361.060059
"2017-02-08",1358.73999
"2017-02-09",1378.530029
"2017-02-10",1388.839966
"2017-02-13",1392.380005
"2017-02-14",1396.650024
"2017-02-15",1404.209961
"2017-02-16",1399.130005
"2017-02-17",1399.859985
"2017-02-21",1410.339966
"2017-02-22",1403.859985
"2017-02-23",1394.619995
"2017-02-24",1394.52002
"2017-02-27",1407.969971
"2017-02-28",1386.680054
"2017-03-01",1413.640015
"2017-03-02",1395.670044
"2017-03-03",1394.130005
"2017-03-06",1384.25
"2017-03-07",1374.880005
"2017-03-08",1366.040039
"2017-03-09",1360.119995
"2017-03-10",1365.26001
"2017-03-13",1370.280029
"2017-03-14",1362.380005
"2017-03-15",1382.829956
"2017-03-16",1386.030029
"2017-03-17",1391.52002
"2017-03-20",1384.099976
"2017-03-21",1346.550049
"2017-03-22",1345.599976
"2017-03-23",1353.430054
"2017-03-24",1354.640015
"2017-03-27",1357.319946
"2017-03-28",1367.26001
"2017-03-29",1371.640015
"2017-03-30",1382.349976
"2017-03-31",1385.920044
"2017-04-03",1369.670044
"2017-04-04",1368.180054
"2017-04-05",1352.140015
"2017-04-06",1364.430054
"2017-04-07",1364.560059
"2017-04-10",1367.089966
"2017-04-11",1376.949951
"2017-04-12",1359.199951
"2017-04-13",1345.23999
"2017-04-17",1361.180054
"2017-04-18",1361.890015
"2017-04-19",1367.130005
"2017-04-20",1384.150024
"2017-04-21",1379.849976
"2017-04-24",1397.939941
"2017-04-25",1411.079956
"2017-04-26",1419.430054
"2017-04-27",1417.130005
"2017-04-28",1400.430054
"2017-05-01",1407.359985
"2017-05-02",1399.359985
"2017-05-03",1390.920044
"2017-05-04",1388.849976
"2017-05-05",1397
"2017-05-08",1391.640015
"2017-05-09",1391.859985
"2017-05-10",1399.589966
"2017-05-11",1390.199951
"2017-05-12",1382.77002
"2017-05-15",1393.920044
"2017-05-16",1394.680054
"2017-05-17",1355.890015
"2017-05-18",1361.079956
"2017-05-19",1367.329956
"2017-05-22",1377.140015
"2017-05-23",1380.97998
"2017-05-24",1382.51001
"2017-05-25",1383.390015
"2017-05-26",1382.23999
"2017-05-30",1371.189941
"2017-05-31",1370.209961
"2017-06-01",1396.060059
"2017-06-02",1405.390015
"2017-06-05",1396.449951
"2017-06-06",1394.900024
"2017-06-07",1396.670044
"2017-06-08",1415.609985
"2017-06-09",1421.709961
"2017-06-12",1419.209961
"2017-06-13",1425.98999
"2017-06-14",1417.569946
"2017-06-15",1410.079956
"2017-06-16",1406.72998
"2017-06-19",1418.079956
"2017-06-20",1402.969971
"2017-06-21",1399.25
"2017-06-22",1404.540039
"2017-06-23",1414.780029
"2017-06-26",1416.640015
"2017-06-27",1403.52002
"2017-06-28",1425.27002
"2017-06-29",1416.199951
"2017-06-30",1415.359985
"2017-07-03",1426.680054
"2017-07-05",1420.150024
"2017-07-06",1400.810059
"2017-07-07",1415.839966
"2017-07-10",1408.469971
"2017-07-11",1413.050049
"2017-07-12",1424.319946
"2017-07-13",1425.660034
"2017-07-14",1428.819946
"2017-07-17",1431.599976
"2017-07-18",1427.609985
"2017-07-19",1441.77002
"2017-07-20",1442.349976
"2017-07-21",1435.839966
"2017-07-24",1438.050049
"2017-07-25",1450.390015
"2017-07-26",1442.280029
"2017-07-27",1433.619995
"2017-07-28",1429.26001
"2017-07-31",1425.140015
"2017-08-01",1428.329956
"2017-08-02",1412.900024
"2017-08-03",1405.22998
"2017-08-04",1412.319946
"2017-08-07",1414.170044
"2017-08-08",1410.150024
"2017-08-09",1396.949951
"2017-08-10",1372.540039
"2017-08-11",1374.22998
"2017-08-14",1394.310059
"2017-08-15",1383.23999
"2017-08-16",1383.530029
"2017-08-17",1358.939941
"2017-08-18",1357.790039
"2017-08-21",1356.900024
"2017-08-22",1371.540039
"2017-08-23",1369.73999
"2017-08-24",1373.880005
"2017-08-25",1377.449951
"2017-08-28",1382.22998
"2017-08-29",1383.680054
"2017-08-30",1391.319946
"2017-08-31",1405.280029
"2017-09-01",1413.569946
"2017-09-05",1399.660034
"2017-09-06",1402.199951
"2017-09-07",1398.670044
"2017-09-08",1399.430054
"2017-09-11",1414.829956
"2017-09-12",1423.459961
"2017-09-13",1426.890015
"2017-09-14",1425.02002
"2017-09-15",1431.709961
"2017-09-18",1441.079956
"2017-09-19",1440.400024
"2017-09-20",1445.420044
"2017-09-21",1444.180054
"2017-09-22",1450.780029
"2017-09-25",1451.959961
"2017-09-26",1456.859985
"2017-09-27",1484.810059
"2017-09-28",1488.790039
"2017-09-29",1490.859985
"2017-10-02",1509.469971
"2017-10-03",1511.969971
"2017-10-04",1507.76001
"2017-10-05",1512.089966
"2017-10-06",1510.219971
"2017-10-09",1503.560059
"2017-10-10",1508.01001
"2017-10-11",1506.920044
"2017-10-12",1505.160034
"2017-10-13",1502.660034
"2017-10-16",1502.680054
"2017-10-17",1497.5
"2017-10-18",1505.140015
"2017-10-19",1502.040039
"2017-10-20",1509.25
"2017-10-23",1497.48999
"2017-10-24",1500.420044
"2017-10-25",1493.47998
"2017-10-26",1497.459961
"2017-10-27",1508.319946
"2017-10-30",1490.900024
"2017-10-31",1502.530029
"2017-11-01",1492.780029
"2017-11-02",1496.550049
"2017-11-03",1494.910034
"2017-11-06",1497.959961
"2017-11-07",1479.089966
"2017-11-08",1481.72998
"2017-11-09",1475.02002
"2017-11-10",1475.27002
"2017-11-13",1475.069946
"2017-11-14",1471.26001
"2017-11-15",1464.089966
"2017-11-16",1486.880005
"2017-11-17",1492.819946
"2017-11-20",1503.400024
"2017-11-21",1518.890015
"2017-11-22",1516.76001
"2017-11-24",1519.160034
"2017-11-27",1513.310059
"2017-11-28",1536.430054
"2017-11-29",1542.300049
"2017-11-30",1544.140015
"2017-12-01",1537.02002
"2017-12-04",1532.410034
"2017-12-05",1516.76001
"2017-12-06",1508.880005
"2017-12-07",1520.469971
"2017-12-08",1521.719971
"2017-12-11",1519.839966
"2017-12-12",1516.119995
"2017-12-13",1524.449951
"2017-12-14",1506.949951
"2017-12-15",1530.420044
"2017-12-18",1548.920044
"2017-12-19",1536.75
"2017-12-20",1540.079956
"2017-12-21",1547.109985
"2017-12-22",1542.930054
"2017-12-26",1544.22998
"2017-12-27",1543.939941
"2017-12-28",1548.930054
"2017-12-29",1535.51001
"2018-01-02",1550.01001
"2018-01-03",1552.579956
"2018-01-04",1555.719971
"2018-01-05",1560.01001
"2018-01-08",1561.810059
"2018-01-09",1560.099976
"2018-01-10",1559.800049
"2018-01-11",1586.790039
"2018-01-12",1591.969971
"2018-01-16",1572.969971
"2018-01-17",1586.660034
"2018-01-18",1576.72998
"2018-01-19",1597.630005
"2018-01-22",1605.170044
"2018-01-23",1610.709961
"2018-01-24",1601.77002
"2018-01-25",1601.670044
"2018-01-26",1608.060059
"2018-01-29",1598.109985
"2018-01-30",1582.819946
"2018-01-31",1574.97998
"2018-02-01",1579.869995
"2018-02-02",1547.27002
"2018-02-05",1491.089966
"2018-02-06",1507.170044
"2018-02-07",1507.969971
"2018-02-08",1463.790039
"2018-02-09",1477.839966
"2018-02-12",1490.97998
"2018-02-13",1494.949951
"2018-02-14",1522.099976
"2018-02-15",1537.199951
"2018-02-16",1543.550049
"2018-02-20",1529.98999
"2018-02-21",1531.839966
"2018-02-22",1529.98999
"2018-02-23",1549.189941
"2018-02-26",1559.329956
"2018-02-27",1536.469971
"2018-02-28",1512.449951
"2018-03-01",1507.390015
"2018-03-02",1533.170044
"2018-03-05",1546.050049
"2018-03-06",1562.199951
"2018-03-07",1574.530029
"2018-03-08",1571.969971
"2018-03-09",1597.140015
"2018-03-12",1601.060059
"2018-03-13",1592.050049
"2018-03-14",1584.310059
"2018-03-15",1576.619995
"2018-03-16",1586.050049
"2018-03-19",1570.560059
"2018-03-20",1570.410034
"2018-03-21",1579.300049
"2018-03-22",1543.869995
"2018-03-23",1510.079956
"2018-03-26",1543.719971
"2018-03-27",1513.569946
"2018-03-28",1513.030029
"2018-03-29",1529.430054
"2018-04-02",1492.530029
"2018-04-03",1512.150024
"2018-04-04",1531.660034
"2018-04-05",1542.930054
"2018-04-06",1513.300049
"2018-04-09",1514.459961
"2018-04-10",1543.430054
"2018-04-11",1546.800049
"2018-04-12",1557.329956
"2018-04-13",1549.51001
"2018-04-16",1563.030029
"2018-04-17",1579.800049
"2018-04-18",1583.560059
"2018-04-19",1573.819946
"2018-04-20",1564.119995
"2018-04-23",1562.119995
"2018-04-24",1553.280029
"2018-04-25",1550.469971
"2018-04-26",1557.890015
"2018-04-27",1556.23999
"2018-04-30",1541.880005
"2018-05-01",1550.329956
"2018-05-02",1554.910034
"2018-05-03",1546.560059
"2018-05-04",1565.599976
"2018-05-07",1578.949951
"2018-05-08",1586.390015
"2018-05-09",1596.050049
"2018-05-10",1603.709961
"2018-05-11",1606.790039
"2018-05-14",1600.339966
"2018-05-15",1600.339966
"2018-05-16",1616.369995
"2018-05-17",1625.290039
"2018-05-18",1626.630005
"2018-05-21",1637.439941
"2018-05-22",1625.23999
"2018-05-23",1627.609985
"2018-05-24",1628.219971
"2018-05-25",1626.930054
"2018-05-29",1623.650024
"2018-05-30",1647.98999
"2018-05-31",1633.609985
"2018-06-01",1647.97998
"2018-06-04",1653.369995
"2018-06-05",1664.630005
"2018-06-06",1675.949951
"2018-06-07",1667.77002
"2018-06-08",1672.48999
"2018-06-11",1674.680054
"2018-06-12",1682.300049
"2018-06-13",1676.540039
"2018-06-14",1684.719971
"2018-06-15",1683.910034
"2018-06-18",1692.459961
"2018-06-19",1693.449951
"2018-06-20",1706.98999
"2018-06-21",1688.949951
"2018-06-22",1685.579956
"2018-06-25",1657.51001
"2018-06-26",1668.530029
"2018-06-27",1640.449951
"2018-06-28",1645.02002
"2018-06-29",1643.069946
"2018-07-02",1655.089966
"2018-07-03",1660.420044
"2018-07-05",1679.47998
"2018-07-06",1694.050049
"2018-07-09",1704.599976
"2018-07-10",1695.619995
"2018-07-11",1683.660034
"2018-07-12",1690.280029
"2018-07-13",1687.079956
"2018-07-16",1678.540039
"2018-07-17",1687.26001
"2018-07-18",1691.869995
"2018-07-19",1701.310059
"2018-07-20",1696.810059
"2018-07-23",1698.410034
"2018-07-24",1680.199951
"2018-07-25",1685.199951
"2018-07-26",1695.359985
"2018-07-27",1663.339966
"2018-07-30",1653.130005
"2018-07-31",1670.800049
"2018-08-01",1669.26001
"2018-08-02",1682.099976
"2018-08-03",1673.369995
"2018-08-06",1684.310059
"2018-08-07",1688.300049
"2018-08-08",1686.880005
"2018-08-09",1690.890015
"2018-08-10",1686.800049
"2018-08-13",1675.319946
"2018-08-14",1692.579956
"2018-08-15",1670.670044
"2018-08-16",1685.75
"2018-08-17",1692.949951
"2018-08-20",1698.689941
"2018-08-21",1718.050049
"2018-08-22",1722.540039
"2018-08-23",1717.050049
"2018-08-24",1725.670044
"2018-08-27",1728.410034
"2018-08-28",1728.420044
"2018-08-29",1734.75
"2018-08-30",1732.349976
"2018-08-31",1740.75
"2018-09-04",1733.380005
"2018-09-05",1727.650024
"2018-09-06",1714.469971
"2018-09-07",1713.180054
"2018-09-10",1717.469971
"2018-09-11",1718.400024
"2018-09-12",1715.699951
"2018-09-13",1714.319946
"2018-09-14",1721.719971
"2018-09-17",1703.550049
"2018-09-18",1710.969971
"2018-09-19",1702.930054
"2018-09-20",1720.180054
"2018-09-21",1712.319946
"2018-09-24",1705.319946
"2018-09-25",1708.810059
"2018-09-26",1691.609985
"2018-09-27",1690.530029
"2018-09-28",1696.569946
"2018-10-01",1672.98999
"2018-10-02",1656.040039
"2018-10-03",1671.290039
"2018-10-04",1646.910034
"2018-10-05",1632.109985
"2018-10-08",1629.52002
"2018-10-09",1621.869995
"2018-10-10",1575.410034
"2018-10-11",1545.380005
"2018-10-12",1546.680054
"2018-10-15",1553.089966
"2018-10-16",1596.839966
"2018-10-17",1589.599976
"2018-10-18",1560.75
"2018-10-19",1542.040039
"2018-10-22",1539.5
"2018-10-23",1526.589966
"2018-10-24",1468.699951
"2018-10-25",1500.400024
"2018-10-26",1483.819946
"2018-10-29",1477.310059
"2018-10-30",1506.640015
"2018-10-31",1511.410034
"2018-11-01",1544.97998
"2018-11-02",1547.97998
"2018-11-05",1547.51001
"2018-11-06",1556.099976
"2018-11-07",1582.160034
"2018-11-08",1578.209961
"2018-11-09",1549.48999
"2018-11-12",1518.790039
"2018-11-13",1514.800049
"2018-11-14",1502.51001
"2018-11-15",1524.119995
"2018-11-16",1527.530029
"2018-11-19",1496.540039
"2018-11-20",1469.01001
"2018-11-21",1488.280029
"2018-11-23",1488.680054
"2018-11-26",1505.959961
"2018-11-27",1492.859985
"2018-11-28",1530.380005
"2018-11-29",1525.390015
"2018-11-30",1533.27002
"2018-12-03",1548.959961
"2018-12-04",1480.75
"2018-12-06",1477.410034
"2018-12-07",1448.089966
"2018-12-10",1443.099976
"2018-12-11",1440.130005
"2018-12-12",1455.319946
"2018-12-13",1432.699951
"2018-12-14",1410.810059
"2018-12-17",1378.140015
"2018-12-18",1377.180054
"2018-12-19",1349.22998
"2018-12-20",1326
"2018-12-21",1292.089966
"2018-12-24",1266.920044
"2018-12-26",1329.810059
"2018-12-27",1331.819946
"2018-12-28",1337.920044
"2018-12-31",1348.560059
"2019-01-02",1355.910034
"2019-01-03",1330.829956
"2019-01-04",1380.75
"2019-01-07",1405.369995
"2019-01-08",1426.550049
"2019-01-09",1438.810059
"2019-01-10",1445.430054
"2019-01-11",1447.380005
"2019-01-14",1432.810059
"2019-01-15",1445.219971
"2019-01-16",1454.699951
"2019-01-17",1467.25
"2019-01-18",1482.5
"2019-01-22",1457.449951
"2019-01-23",1454.26001
"2019-01-24",1464.410034
"2019-01-25",1482.849976
"2019-01-28",1473.540039
"2019-01-29",1471.449951
"2019-01-30",1486.939941
"2019-01-31",1499.420044
"2019-02-01",1502.050049
"2019-02-04",1517.540039
"2019-02-05",1520.22998
"2019-02-06",1518.02002
"2019-02-07",1505.630005
"2019-02-08",1506.390015
"2019-02-11",1518.97998
"2019-02-12",1538.22998
"2019-02-13",1542.939941
"2019-02-14",1545.109985
"2019-02-15",1569.25
"2019-02-19",1574.469971
"2019-02-20",1581.660034
"2019-02-21",1575.550049
"2019-02-22",1590.060059
"2019-02-25",1588.810059
"2019-02-26",1577.47998
"2019-02-27",1581.050049
"2019-02-28",1575.550049
"2019-03-01",1589.640015
"2019-03-04",1575.439941
"2019-03-05",1568.280029
"2019-03-06",1536.819946
"2019-03-07",1523.630005
"2019-03-08",1521.880005
"2019-03-11",1548.880005
"2019-03-12",1549.829956
"2019-03-13",1555.880005
"2019-03-14",1549.640015
"2019-03-15",1553.540039
"2019-03-18",1563.930054
"2019-03-19",1554.98999
"2019-03-20",1543.160034
"2019-03-21",1562.410034
"2019-03-22",1505.920044
"2019-03-25",1512.859985
"2019-03-26",1528.170044
"2019-03-27",1522.22998
"2019-03-28",1535.099976
"2019-03-29",1539.73999
"2019-04-01",1556.060059
"2019-04-02",1553.319946
"2019-04-03",1560.910034
"2019-04-04",1567.48999
"2019-04-05",1582.560059
"2019-04-08",1579
"2019-04-09",1559.680054
"2019-04-10",1581.550049
"2019-04-11",1579.140015
"2019-04-12",1584.800049
"2019-04-15",1579.170044
"2019-04-16",1582.790039
"2019-04-17",1567.599976
"2019-04-18",1565.75
"2019-04-22",1560.040039
"2019-04-23",1585.089966
"2019-04-24",1588.130005
"2019-04-25",1575.609985
"2019-04-26",1589.900024
"2019-04-29",1598.359985
"2019-04-30",1591.209961
"2019-05-01",1576.380005
"2019-05-02",1582.650024
"2019-05-03",1614.02002
"2019-05-06",1614.97998
"2019-05-07",1582.310059
"2019-05-08",1574.969971
"2019-05-09",1570.060059
"2019-05-10",1572.98999
"2019-05-13",1523
"2019-05-14",1543.060059
"2019-05-15",1548.27002
"2019-05-16",1557.23999
"2019-05-17",1535.76001
"2019-05-20",1524.959961
"2019-05-21",1545.25
"2019-05-22",1531.630005
"2019-05-23",1501.380005
"2019-05-24",1514.109985
"2019-05-28",1504.02002
"2019-05-29",1489.949951
"2019-05-30",1485.530029
"2019-05-31",1465.48999
"2019-06-03",1469.97998
"2019-06-04",1508.560059
"2019-06-05",1506.790039
"2019-06-06",1499.290039
"2019-06-07",1514.390015
"2019-06-10",1523.560059
"2019-06-11",1519.109985
"2019-06-12",1519.790039
"2019-06-13",1535.800049
"2019-06-14",1522.5
"2019-06-17",1532.75
"2019-06-18",1550.22998
"2019-06-19",1555.579956
"2019-06-20",1563.48999
"2019-06-21",1549.630005
"2019-06-24",1530.079956
"2019-06-25",1521.040039
"2019-06-26",1521.890015
"2019-06-27",1546.550049
"2019-06-28",1566.569946
"2019-07-01",1566.569946
"2019-07-02",1560.540039
"2019-07-03",1572.119995
"2019-07-05",1575.619995
"2019-07-08",1561.390015
"2019-07-09",1562.589966
"2019-07-10",1565.050049
"2019-07-11",1557.920044
"2019-07-12",1570
"2019-07-15",1561.819946
"2019-07-16",1562
"2019-07-17",1550.780029
"2019-07-18",1555.619995
"2019-07-19",1547.900024
"2019-07-22",1544.780029
"2019-07-23",1554.959961
"2019-07-24",1580.420044
"2019-07-25",1561.449951
"2019-07-26",1578.969971
"2019-07-29",1569.030029
"2019-07-30",1585.599976
"2019-07-31",1574.609985
"2019-08-01",1550.76001
"2019-08-02",1533.660034
"2019-08-05",1487.410034
"2019-08-06",1502.089966
"2019-08-07",1500.689941
"2019-08-08",1532.130005
"2019-08-09",1513.040039
"2019-08-12",1495.900024
"2019-08-13",1510.579956
"2019-08-14",1467.52002
"2019-08-15",1461.650024
"2019-08-16",1493.640015
"2019-08-19",1508.849976
"2019-08-20",1498.01001
"2019-08-21",1509.849976
"2019-08-22",1506
"2019-08-23",1459.48999
"2019-08-26",1476
"2019-08-27",1456.040039
"2019-08-28",1472.709961
"2019-08-29",1496.719971
"2019-08-30",1494.839966
"2019-09-03",1472.280029
"2019-09-04",1484.76001
"2019-09-05",1510.75
"2019-09-06",1505.170044
"2019-09-09",1524.22998
"2019-09-10",1541.609985
"2019-09-11",1575.709961
"2019-09-12",1575.069946
"2019-09-13",1578.140015
"2019-09-16",1584.599976
"2019-09-17",1578.290039
"2019-09-18",1568.339966
"2019-09-19",1561.469971
"2019-09-20",1559.76001
"2019-09-23",1558.25
"2019-09-24",1533.589966
"2019-09-25",1550.650024
"2019-09-26",1533.329956
"2019-09-27",1520.47998
"2019-09-30",1523.369995
"2019-10-01",1493.430054
"2019-10-02",1479.630005
"2019-10-03",1486.349976
"2019-10-04",1500.699951
"2019-10-07",1497.790039
"2019-10-08",1472.599976
"2019-10-09",1479.459961
"2019-10-10",1485.359985
"2019-10-11",1511.900024
"2019-10-14",1505.430054
"2019-10-15",1523.300049
"2019-10-16",1525.060059
"2019-10-17",1541.839966
"2019-10-18",1535.47998
"2019-10-21",1552.410034
"2019-10-22",1550.869995
"2019-10-23",1552.859985
"2019-10-24",1548.48999
"2019-10-25",1558.709961
"2019-10-28",1571.930054
"2019-10-29",1577.069946
"2019-10-30",1572.849976
"2019-10-31",1562.449951
"2019-11-01",1589.329956
"2019-11-04",1597.400024
"2019-11-05",1599.609985
"2019-11-06",1589.540039
"2019-11-07",1593.98999
"2019-11-08",1598.859985
"2019-11-11",1594.77002
"2019-11-12",1595.119995
"2019-11-13",1589.180054
"2019-11-14",1588.790039
"2019-11-15",1596.449951
"2019-11-18",1592.339966
"2019-11-19",1598.290039
"2019-11-20",1591.609985
"2019-11-21",1583.959961
"2019-11-22",1588.939941
"2019-11-25",1621.900024
"2019-11-26",1624.22998
"2019-11-27",1634.099976
"2019-11-29",1624.5
"2019-12-02",1607.579956
"2019-12-03",1602.630005
"2019-12-04",1613.900024
"2019-12-05",1614.829956
"2019-12-06",1633.839966
"2019-12-09",1629.619995
"2019-12-10",1631.709961
"2019-12-11",1631.930054
"2019-12-12",1644.810059
"2019-12-13",1637.97998
"2019-12-16",1649.939941
"2019-12-17",1657.560059
"2019-12-18",1661.72998
"2019-12-19",1667.089966
"2019-12-20",1671.900024
"2019-12-23",1674.140015
"2019-12-24",1678.01001
"2019-12-26",1677.670044
"2019-12-27",1669.030029
"2019-12-30",1664.150024
"2019-12-31",1668.469971
"2020-01-02",1666.77002
"2020-01-03",1660.869995
"2020-01-06",1663.26001
"2020-01-07",1658.310059
"2020-01-08",1663.589966
"2020-01-09",1664.98999
"2020-01-10",1657.640015
"2020-01-13",1669.609985
"2020-01-14",1675.73999
"2020-01-15",1682.400024
"2020-01-16",1705.219971
"2020-01-17",1699.640015
"2020-01-21",1685.900024
"2020-01-22",1684.459961
"2020-01-23",1685.01001
"2020-01-24",1662.22998
"2020-01-27",1644.140015
"2020-01-28",1658.310059
"2020-01-29",1649.219971
"2020-01-30",1648.219971
"2020-01-31",1614.060059
"2020-02-03",1632.209961
"2020-02-04",1656.77002
"2020-02-05",1681.920044
"2020-02-06",1677.459961
"2020-02-07",1656.780029
"2020-02-10",1667.670044
"2020-02-11",1677.51001
"2020-02-12",1689.380005
"2020-02-13",1693.73999
"2020-02-14",1687.579956
"2020-02-18",1683.52002
"2020-02-19",1692.569946
"2020-02-20",1696.069946
"2020-02-21",1678.609985
"2020-02-24",1628.099976
"2020-02-25",1571.900024
"2020-02-26",1552.76001
"2020-02-27",1497.869995
"2020-02-28",1476.430054
"2020-03-02",1518.48999
"2020-03-03",1486.079956
"2020-03-04",1531.199951
"2020-03-05",1478.819946
"2020-03-06",1449.219971
"2020-03-09",1313.439941
"2020-03-10",1350.900024
"2020-03-11",1264.300049
"2020-03-12",1122.930054
"2020-03-13",1210.130005
"2020-03-16",1037.420044
"2020-03-17",1106.51001
"2020-03-18",991.159973
"2020-03-19",1058.75
"2020-03-20",1013.890015
"2020-03-23",1002.400024
"2020-03-24",1096.540039
"2020-03-25",1110.369995
"2020-03-26",1180.319946
"2020-03-27",1131.98999
"2020-03-30",1158.319946
"2020-03-31",1153.099976
"2020-04-01",1071.98999
"2020-04-02",1085.810059
"2020-04-03",1052.050049
"2020-04-06",1138.780029
"2020-04-07",1139.170044
"2020-04-08",1191.660034
"2020-04-09",1246.72998
"2020-04-13",1212.040039
"2020-04-14",1237.329956
"2020-04-15",1183.97998
"2020-04-16",1178.089966
"2020-04-17",1229.099976
"2020-04-20",1213.349976
"2020-04-21",1185.089966
"2020-04-22",1201.52002
"2020-04-23",1214.060059
"2020-04-24",1233.050049
"2020-04-27",1281.880005
"2020-04-28",1298.079956
"2020-04-29",1360.76001
"2020-04-30",1310.660034
"2020-05-01",1260.47998
"2020-05-04",1263.969971
"2020-05-05",1273.51001
"2020-05-06",1263.01001
"2020-05-07",1282.930054
"2020-05-08",1329.640015
"2020-05-11",1321.23999
"2020-05-12",1275.540039
"2020-05-13",1233.25
"2020-05-14",1237.550049
"2020-05-15",1256.98999
"2020-05-18",1333.689941
"2020-05-19",1307.719971
"2020-05-20",1346.930054
"2020-05-21",1347.560059
"2020-05-22",1355.530029
"2020-05-26",1393.069946
"2020-05-27",1436.359985
"2020-05-28",1400.670044
"2020-05-29",1394.040039
"2020-06-01",1405.369995
"2020-06-02",1418.209961
"2020-06-03",1452.089966
"2020-06-04",1452.060059
"2020-06-05",1507.150024
"2020-06-08",1536.890015
"2020-06-09",1507.050049
"2020-06-10",1467.390015
"2020-06-11",1356.219971
"2020-06-12",1387.680054
"2020-06-15",1419.609985
"2020-06-16",1452.26001
"2020-06-17",1426.530029
"2020-06-18",1427.329956
"2020-06-19",1418.630005
"2020-06-22",1433.530029
"2020-06-23",1439.339966
"2020-06-24",1389.73999
"2020-06-25",1413.310059
"2020-06-26",1378.780029
"2020-06-29",1421.209961
"2020-06-30",1441.369995
"2020-07-01",1427.310059
"2020-07-02",1431.859985
"2020-07-06",1442.880005
"2020-07-07",1416
"2020-07-08",1427.400024
"2020-07-09",1398.920044
"2020-07-10",1422.680054
"2020-07-13",1403.569946
"2020-07-14",1428.26001
"2020-07-15",1478.27002
"2020-07-16",1467.560059
"2020-07-17",1473.319946
"2020-07-20",1467.949951
"2020-07-21",1487.51001
"2020-07-22",1490.140015
"2020-07-23",1490.199951
"2020-07-24",1467.550049
"2020-07-27",1484.650024
"2020-07-28",1469.76001
"2020-07-29",1500.630005
"2020-07-30",1495.099976
"2020-07-31",1480.430054
"2020-08-03",1506.800049
"2020-08-04",1517.209961
"2020-08-05",1546.23999
"2020-08-06",1544.619995
"2020-08-07",1569.180054
"2020-08-10",1584.670044
"2020-08-11",1575.099976
"2020-08-12",1583.25
"2020-08-13",1579.790039
"2020-08-14",1577.880005
"2020-08-17",1585.469971
"2020-08-18",1569.77002
"2020-08-19",1572.069946
"2020-08-20",1564.300049
"2020-08-21",1552.47998
"2020-08-24",1568.469971
"2020-08-25",1571.209961
"2020-08-26",1560.189941
"2020-08-27",1564.560059
"2020-08-28",1578.339966
"2020-08-31",1561.880005
"2020-09-01",1578.579956
"2020-09-02",1592.290039
"2020-09-03",1544.680054
"2020-09-04",1535.300049
"2020-09-08",1504.589966
"2020-09-09",1526.47998
"2020-09-10",1507.75
"2020-09-11",1497.27002
"2020-09-14",1536.969971
"2020-09-15",1538.150024
"2020-09-16",1552.329956
"2020-09-17",1542.599976
"2020-09-18",1536.780029
"2020-09-21",1485.25
"2020-09-22",1496.959961
"2020-09-23",1451.459961
"2020-09-24",1451.819946
"2020-09-25",1474.910034
"2020-09-28",1510.339966
"2020-09-29",1504.72998
"2020-09-30",1507.689941
"2020-10-01",1531.199951
"2020-10-02",1539.300049
"2020-10-05",1581.959961
"2020-10-06",1577.290039
"2020-10-07",1611.040039
"2020-10-08",1628.550049
"2020-10-09",1637.550049
"2020-10-12",1649.050049
"2020-10-13",1636.849976
"2020-10-14",1621.650024
"2020-10-15",1638.880005
"2020-10-16",1633.810059
"2020-10-19",1613.630005
"2020-10-20",1617.709961
"2020-10-21",1603.780029
"2020-10-22",1630.25
"2020-10-23",1640.5
"2020-10-26",1605.209961
"2020-10-27",1590.709961
"2020-10-28",1543.280029
"2020-10-29",1561.579956
"2020-10-30",1538.47998
"2020-11-02",1568.589966
"2020-11-03",1614.300049
"2020-11-04",1615.079956
"2020-11-05",1660.050049
"2020-11-06",1648.26001
"2020-11-09",1705.040039
"2020-11-10",1737.01001
"2020-11-11",1736.939941
"2020-11-12",1708.469971
"2020-11-13",1744.040039
"2020-11-16",1785.339966
"2020-11-17",1791.910034
"2020-11-18",1769.319946
"2020-11-19",1784.130005
"2020-11-20",1785.339966
"2020-11-23",1818.300049
"2020-11-24",1853.530029
"2020-11-25",1845.02002
"2020-11-27",1855.27002
"2020-11-30",1819.819946
"2020-12-01",1836.050049
"2020-12-02",1838.030029
"2020-12-03",1848.699951
"2020-12-04",1892.449951
"2020-12-07",1891.25
"2020-12-08",1917.780029
"2020-12-09",1902.150024
"2020-12-10",1922.699951
"2020-12-11",1911.699951
"2020-12-14",1913.859985
"2020-12-15",1959.76001
"2020-12-16",1952.719971
"2020-12-17",1978.050049
"2020-12-18",1969.98999
"2020-12-21",1970.329956
"2020-12-22",1989.880005
"2020-12-23",2007.099976
"2020-12-24",2003.949951
"2020-12-28",1996.25
"2020-12-29",1959.359985
"2020-12-30",1979.98999
"2020-12-31",1974.859985
"2021-01-04",1945.910034
"2021-01-05",1979.109985
"2021-01-06",2057.919922
"2021-01-07",2096.889893
"2021-01-08",2091.659912
"2021-01-11",2091.01001
"2021-01-12",2127.959961
"2021-01-13",2111.969971
"2021-01-14",2155.350098
"2021-01-15",2123.199951
"2021-01-19",2151.139893
"2021-01-20",2160.620117
"2021-01-21",2141.419922
"2021-01-22",2168.76001
"2021-01-25",2163.27002
"2021-01-26",2149.860107
"2021-01-27",2108.699951
"2021-01-28",2106.610107
"2021-01-29",2073.639893
"2021-02-01",2126.159912
"2021-02-02",2151.439941
"2021-02-03",2159.699951
"2021-02-04",2202.419922
"2021-02-05",2233.330078
"2021-02-08",2289.76001
"2021-02-09",2299
"2021-02-10",2282.439941
"2021-02-11",2285.320068
"2021-02-12",2289.360107
"2021-02-16",2272.889893
"2021-02-17",2256.110107
"2021-02-18",2218.389893
"2021-02-19",2266.689941
"2021-02-22",2251.070068
"2021-02-23",2231.310059
"2021-02-24",2284.379883
"2021-02-25",2200.169922
"2021-02-26",2201.050049
"2021-03-01",2275.320068
"2021-03-02",2231.51001
"2021-03-03",2207.790039
"2021-03-04",2146.919922
"2021-03-05",2192.209961
"2021-03-08",2202.97998
"2021-03-09",2245.060059
"2021-03-10",2285.682861
