"Index","SMSI.Close"
"2010-01-04",1262.359985
"2010-01-05",1270.380005
"2010-01-06",1272.660034
"2010-01-07",1266.790039
"2010-01-08",1267.170044
"2010-01-11",1257.849976
"2010-01-12",1247.109985
"2010-01-13",1245.640015
"2010-01-14",1249.48999
"2010-01-15",1233.890015
"2010-01-19",1252.339966
"2010-01-20",1219.969971
"2010-01-21",1192.349976
"2010-01-22",1185.300049
"2010-01-25",1172.719971
"2010-01-26",1183.189941
"2010-01-27",1149.77002
"2010-01-28",1127.819946
"2010-01-29",1140.569946
"2010-02-01",1144.939941
"2010-02-02",1159.890015
"2010-02-03",1132.939941
"2010-02-04",1064.089966
"2010-02-05",1049.380005
"2010-02-08",1060.089966
"2010-02-09",1067.410034
"2010-02-10",1089.540039
"2010-02-11",1070.910034
"2010-02-12",1064.609985
"2010-02-16",1081.410034
"2010-02-17",1093.150024
"2010-02-18",1100.76001
"2010-02-19",1110.650024
"2010-02-22",1099.280029
"2010-02-23",1071.660034
"2010-02-24",1065.119995
"2010-02-25",1052.349976
"2010-02-26",1074.180054
"2010-03-01",1084.359985
"2010-03-02",1092.660034
"2010-03-03",1107.560059
"2010-03-04",1115.98999
"2010-03-05",1143.829956
"2010-03-08",1149.380005
"2010-03-09",1141
"2010-03-10",1153.430054
"2010-03-11",1145.22998
"2010-03-12",1148.02002
"2010-03-15",1136.079956
"2010-03-16",1145.780029
"2010-03-17",1155.869995
"2010-03-18",1145.5
"2010-03-19",1136.73999
"2010-03-22",1123.140015
"2010-03-23",1137.160034
"2010-03-24",1123.089966
"2010-03-25",1145.900024
"2010-03-26",1144.030029
"2010-03-29",1145.660034
"2010-03-30",1134.369995
"2010-03-31",1123.079956
"2010-04-01",1142.410034
"2010-04-05",NA
"2010-04-06",1151.099976
"2010-04-07",1155.420044
"2010-04-08",1144.310059
"2010-04-09",1177.219971
"2010-04-12",1184.97998
"2010-04-13",1185.310059
"2010-04-14",1189.77002
"2010-04-15",1192.199951
"2010-04-16",1165.910034
"2010-04-19",1159.959961
"2010-04-20",1170.459961
"2010-04-21",1146.030029
"2010-04-22",1120.589966
"2010-04-23",1130.439941
"2010-04-26",1132.119995
"2010-04-27",1084.599976
"2010-04-28",1051.180054
"2010-04-29",1079.98999
"2010-04-30",1086.680054
"2010-05-03",1078.390015
"2010-05-04",1019.340027
"2010-05-05",995.73999
"2010-05-06",965.570007
"2010-05-07",934.030029
"2010-05-10",1071.569946
"2010-05-11",1034.910034
"2010-05-12",1043.75
"2010-05-13",1031.76001
"2010-05-14",963.450012
"2010-05-17",959.809998
"2010-05-18",996.119995
"2010-05-19",971.219971
"2010-05-20",960.070007
"2010-05-21",974.409973
"2010-05-24",962.280029
"2010-05-25",932.599976
"2010-05-26",935.059998
"2010-05-27",963.52002
"2010-05-28",973.609985
"2010-06-01",960.799988
"2010-06-02",956.75
"2010-06-03",958.25
"2010-06-04",920.659973
"2010-06-07",907.789978
"2010-06-08",894.580017
"2010-06-09",914.210022
"2010-06-10",949.210022
"2010-06-11",987.570007
"2010-06-14",990.200012
"2010-06-15",1006.969971
"2010-06-16",1001.080017
"2010-06-17",1009.109985
"2010-06-18",1032.689941
"2010-06-21",1041.640015
"2010-06-22",1035.869995
"2010-06-23",1022.700012
"2010-06-24",991.650024
"2010-06-25",987.400024
"2010-06-28",1002.700012
"2010-06-29",947.840027
"2010-06-30",960.789978
"2010-07-01",951.799988
"2010-07-02",959.159973
"2010-07-06",995.059998
"2010-07-07",1035.300049
"2010-07-08",1045.560059
"2010-07-09",1049.599976
"2010-07-12",1042.530029
"2010-07-13",1063.369995
"2010-07-14",1065.290039
"2010-07-15",1052.170044
"2010-07-16",1035.030029
"2010-07-19",1028.560059
"2010-07-20",1041.699951
"2010-07-21",1039
"2010-07-22",1065.650024
"2010-07-23",1074.26001
"2010-07-26",1087.339966
"2010-07-27",1103.579956
"2010-07-28",1104.030029
"2010-07-29",1105.699951
"2010-07-30",1088.619995
"2010-08-02",1121.969971
"2010-08-03",1125.530029
"2010-08-04",1122.599976
"2010-08-05",1122.670044
"2010-08-06",1102.949951
"2010-08-09",1119.01001
"2010-08-10",1109.680054
"2010-08-11",1073.930054
"2010-08-12",1070.619995
"2010-08-13",1063.150024
"2010-08-16",1060.800049
"2010-08-17",1071.859985
"2010-08-18",1073.719971
"2010-08-19",1058.069946
"2010-08-20",1043.180054
"2010-08-23",1056.930054
"2010-08-24",1039.609985
"2010-08-25",1023.299988
"2010-08-26",1034.589966
"2010-08-27",1048.699951
"2010-08-30",1047.640015
"2010-08-31",1052.72998
"2010-09-01",1089.050049
"2010-09-02",1087.459961
"2010-09-03",1095
"2010-09-07",1082.030029
"2010-09-08",1092.670044
"2010-09-09",1106.02002
"2010-09-10",1103.880005
"2010-09-13",1111.579956
"2010-09-14",1116.5
"2010-09-15",1110.949951
"2010-09-16",1107.189941
"2010-09-17",1092.560059
"2010-09-20",1108.680054
"2010-09-21",1110.150024
"2010-09-22",1088.949951
"2010-09-23",1083.280029
"2010-09-24",1106.27002
"2010-09-27",1094.619995
"2010-09-28",1092.189941
"2010-09-29",1081.579956
"2010-09-30",1085.030029
"2010-10-01",1076.98999
"2010-10-04",1070.550049
"2010-10-05",1098.040039
"2010-10-06",1102.160034
"2010-10-07",1106.130005
"2010-10-08",1103.040039
"2010-10-11",1101.089966
"2010-10-12",1095.48999
"2010-10-13",1118.319946
"2010-10-14",1116.380005
"2010-10-15",1118.280029
"2010-10-18",1121.630005
"2010-10-19",1122.5
"2010-10-20",1122.189941
"2010-10-21",1120.75
"2010-10-22",1123.839966
"2010-10-25",1117.400024
"2010-10-26",1110.609985
"2010-10-27",1100.25
"2010-10-28",1105.640015
"2010-10-29",1111.280029
"2010-11-01",1093.680054
"2010-11-02",1104.400024
"2010-11-03",1083.619995
"2010-11-04",1086.449951
"2010-11-05",1068.189941
"2010-11-08",1053.939941
"2010-11-09",1065.619995
"2010-11-10",1047.390015
"2010-11-11",1037.880005
"2010-11-12",1047.319946
"2010-11-15",1059.670044
"2010-11-16",1034.140015
"2010-11-17",1043.680054
"2010-11-18",1057.209961
"2010-11-19",1050.869995
"2010-11-22",1022.450012
"2010-11-23",990.799988
"2010-11-24",995.809998
"2010-11-26",975.02002
"2010-11-29",952.059998
"2010-11-30",944.909973
"2010-12-01",987.950012
"2010-12-02",1015.549988
"2010-12-03",1022.849976
"2010-12-06",1009.47998
"2010-12-07",1011.190002
"2010-12-08",1026.719971
"2010-12-09",1038.48999
"2010-12-10",1030.75
"2010-12-13",1033.189941
"2010-12-14",1035.319946
"2010-12-15",1019.640015
"2010-12-16",1019.530029
"2010-12-17",1007
"2010-12-20",1016.109985
"2010-12-21",1037.319946
"2010-12-22",1034.859985
"2010-12-23",1028.199951
"2010-12-27",1007.52002
"2010-12-28",1008.039978
"2010-12-29",1015.289978
"2010-12-30",1003.72998
"2010-12-31",NA
"2011-01-03",1006.849976
"2011-01-04",1007.690002
"2011-01-05",999.150024
"2011-01-06",988.969971
"2011-01-07",973.570007
"2011-01-10",959.710022
"2011-01-11",974.140015
"2011-01-12",1028.77002
"2011-01-13",1058.079956
"2011-01-14",1059.449951
"2011-01-18",1079.939941
"2011-01-19",1077.420044
"2011-01-20",1085.27002
"2011-01-21",1106.530029
"2011-01-24",1105.439941
"2011-01-25",1089.040039
"2011-01-26",1089.609985
"2011-01-27",1107.469971
"2011-01-28",1099.189941
"2011-01-31",1105.310059
"2011-02-01",1122.880005
"2011-02-02",1127.72998
"2011-02-03",1112.390015
"2011-02-04",1110.869995
"2011-02-07",1118.01001
"2011-02-08",1121.920044
"2011-02-09",1118.920044
"2011-02-10",1103.170044
"2011-02-11",1105.109985
"2011-02-14",1101.640015
"2011-02-15",1107.849976
"2011-02-16",1131.550049
"2011-02-17",1138.130005
"2011-02-18",1133.589966
"2011-02-22",1096.439941
"2011-02-23",1089.699951
"2011-02-24",1090.01001
"2011-02-25",1108.410034
"2011-02-28",1111.25
"2011-03-01",1102.369995
"2011-03-02",1089.839966
"2011-03-03",1081.469971
"2011-03-04",1074.22998
"2011-03-07",1072.780029
"2011-03-08",1080.040039
"2011-03-09",1080.150024
"2011-03-10",1067.890015
"2011-03-11",1063.630005
"2011-03-14",1066.829956
"2011-03-15",1058.449951
"2011-03-16",1034.099976
"2011-03-17",1057.319946
"2011-03-18",1057.420044
"2011-03-21",1082.410034
"2011-03-22",1082.569946
"2011-03-23",1087.630005
"2011-03-24",1099.209961
"2011-03-25",1094.390015
"2011-03-28",1098.75
"2011-03-29",1095.640015
"2011-03-30",1095.170044
"2011-03-31",1079.01001
"2011-04-01",1094.959961
"2011-04-04",1097.310059
"2011-04-05",1089.01001
"2011-04-06",1106.199951
"2011-04-07",1107.579956
"2011-04-08",1114.829956
"2011-04-11",1111.369995
"2011-04-12",1101.640015
"2011-04-13",1101.079956
"2011-04-14",1084.079956
"2011-04-15",1077.430054
"2011-04-18",1055.640015
"2011-04-19",1058.75
"2011-04-20",1074.099976
"2011-04-21",1078.780029
"2011-04-25",NA
"2011-04-26",1085.689941
"2011-04-27",1095.420044
"2011-04-28",1108.439941
"2011-04-29",1109.349976
"2011-05-02",1107.319946
"2011-05-03",1103.050049
"2011-05-04",1091.869995
"2011-05-05",1082.160034
"2011-05-06",1079.280029
"2011-05-09",1057.47998
"2011-05-10",1065.73999
"2011-05-11",1071.609985
"2011-05-12",1067.160034
"2011-05-13",1054.390015
"2011-05-16",1055.109985
"2011-05-17",1050.01001
"2011-05-18",1053.439941
"2011-05-19",1056.439941
"2011-05-20",1041.819946
"2011-05-23",1027.51001
"2011-05-24",1030.349976
"2011-05-25",1040.219971
"2011-05-26",1038.280029
"2011-05-27",1044.109985
"2011-05-31",1066.369995
"2011-06-01",1052.780029
"2011-06-02",1045.329956
"2011-06-03",1047.859985
"2011-06-06",1034.76001
"2011-06-07",1035.890015
"2011-06-08",1026.72998
"2011-06-09",1030.420044
"2011-06-10",1012.359985
"2011-06-13",1011.059998
"2011-06-14",1029.599976
"2011-06-15",1008.669983
"2011-06-16",1007.25
"2011-06-17",1031.199951
"2011-06-20",1020.559998
"2011-06-21",1039.390015
"2011-06-22",1038.579956
"2011-06-23",1008.119995
"2011-06-24",995.280029
"2011-06-27",1001.099976
"2011-06-28",1007.590027
"2011-06-29",1027.800049
"2011-06-30",1049.76001
"2011-07-01",1064.209961
"2011-07-05",1047.780029
"2011-07-06",1034.25
"2011-07-07",1033.300049
"2011-07-08",1005.75
"2011-07-11",977.97998
"2011-07-12",972.789978
"2011-07-13",978.940002
"2011-07-14",972.900024
"2011-07-15",961.380005
"2011-07-18",946.97998
"2011-07-19",957.219971
"2011-07-20",986.940002
"2011-07-21",1016.580017
"2011-07-22",1019.51001
"2011-07-25",998.789978
"2011-07-26",996.02002
"2011-07-27",974.390015
"2011-07-28",976.099976
"2011-07-29",973.299988
"2011-08-01",941.22998
"2011-08-02",920.820007
"2011-08-03",913.690002
"2011-08-04",879.01001
"2011-08-05",878.109985
"2011-08-08",857.669983
"2011-08-09",854.280029
"2011-08-10",806.409973
"2011-08-11",833.909973
"2011-08-12",874.849976
"2011-08-15",881.669983
"2011-08-16",878.659973
"2011-08-17",884.140015
"2011-08-18",843.450012
"2011-08-19",825.820007
"2011-08-22",840.460022
"2011-08-23",839.659973
"2011-08-24",847.830017
"2011-08-25",840.330017
"2011-08-26",829.039978
"2011-08-29",849.880005
"2011-08-30",853.909973
"2011-08-31",881.400024
"2011-09-01",885.669983
"2011-09-02",855.22998
"2011-09-06",802.22998
"2011-09-07",823.51001
"2011-09-08",835.280029
"2011-09-09",798.23999
"2011-09-12",770.26001
"2011-09-13",790.109985
"2011-09-14",811.219971
"2011-09-15",840.780029
"2011-09-16",846.130005
"2011-09-19",829.340027
"2011-09-20",843.400024
"2011-09-21",827.97998
"2011-09-22",790.210022
"2011-09-23",807.909973
"2011-09-26",828.200012
"2011-09-27",861.02002
"2011-09-28",855.669983
"2011-09-29",866.929993
"2011-09-30",862.849976
"2011-10-03",842.820007
"2011-10-04",830.26001
"2011-10-05",855.299988
"2011-10-06",878.150024
"2011-10-07",887.679993
"2011-10-10",896.679993
"2011-10-11",891.460022
"2011-10-12",910.289978
"2011-10-13",900.630005
"2011-10-14",903.200012
"2011-10-17",891.669983
"2011-10-18",886.419983
"2011-10-19",891.52002
"2011-10-20",865.609985
"2011-10-21",890.169983
"2011-10-24",900.469971
"2011-10-25",892.47998
"2011-10-26",887.27002
"2011-10-27",932.73999
"2011-10-28",928.340027
"2011-10-31",901.179993
"2011-11-01",863.679993
"2011-11-02",862.320007
"2011-11-03",875.880005
"2011-11-04",863.859985
"2011-11-07",849.840027
"2011-11-08",853.460022
"2011-11-09",835.559998
"2011-11-10",833.130005
"2011-11-11",857.97998
"2011-11-14",839.320007
"2011-11-15",825.349976
"2011-11-16",832.52002
"2011-11-17",828.890015
"2011-11-18",833.559998
"2011-11-21",805.049988
"2011-11-22",793.119995
"2011-11-23",777.02002
"2011-11-25",779.75
"2011-11-28",815.52002
"2011-11-29",815.880005
"2011-11-30",845.969971
"2011-12-01",842.859985
"2011-12-02",857.950012
"2011-12-05",873.070007
"2011-12-06",874.26001
"2011-12-07",867.210022
"2011-12-08",849.099976
"2011-12-09",867.25
"2011-12-12",840.340027
"2011-12-13",833.919983
"2011-12-14",818.950012
"2011-12-15",825.710022
"2011-12-16",820.950012
"2011-12-19",825.570007
"2011-12-20",846.030029
"2011-12-21",838.450012
"2011-12-22",847.309998
"2011-12-23",854.97998
"2011-12-27",853.630005
"2011-12-28",836.690002
"2011-12-29",849.619995
"2011-12-30",857.650024
"2012-01-03",874.789978
"2012-01-04",858.330017
"2012-01-05",832.450012
"2012-01-06",828.179993
"2012-01-09",825.76001
"2012-01-10",846.719971
"2012-01-11",843.25
"2012-01-12",843.460022
"2012-01-13",846.030029
"2012-01-17",854.26001
"2012-01-18",842.210022
"2012-01-19",861.969971
"2012-01-20",858.440002
"2012-01-23",864.309998
"2012-01-24",861.219971
"2012-01-25",858.549988
"2012-01-26",874.450012
"2012-01-27",869.369995
"2012-01-30",855.26001
"2012-01-31",855.169983
"2012-02-01",873.97998
"2012-02-02",882.070007
"2012-02-03",891.400024
"2012-02-06",890.460022
"2012-02-07",891.359985
"2012-02-08",890.849976
"2012-02-09",896.330017
"2012-02-10",885.27002
"2012-02-13",884.190002
"2012-02-14",882.580017
"2012-02-15",879.880005
"2012-02-16",860.969971
"2012-02-17",870.98999
"2012-02-21",882.549988
"2012-02-22",870.799988
"2012-02-23",858.030029
"2012-02-24",858.25
"2012-02-27",859.039978
"2012-02-28",858.049988
"2012-02-29",852.450012
"2012-03-01",860.909973
"2012-03-02",862.390015
"2012-03-05",851.869995
"2012-03-06",822.76001
"2012-03-07",822.619995
"2012-03-08",838.47998
"2012-03-09",835.409973
"2012-03-12",824.27002
"2012-03-13",843.969971
"2012-03-14",845.640015
"2012-03-15",849.289978
"2012-03-16",856.039978
"2012-03-19",866.789978
"2012-03-20",864.039978
"2012-03-21",854.98999
"2012-03-22",841.460022
"2012-03-23",834.280029
"2012-03-26",828.77002
"2012-03-27",820.340027
"2012-03-28",804.73999
"2012-03-29",797.159973
"2012-03-30",807.460022
"2012-04-02",810.5
"2012-04-03",788.599976
"2012-04-04",772.640015
"2012-04-05",772.159973
"2012-04-09",NA
"2012-04-10",749.409973
"2012-04-11",764.190002
"2012-04-12",758
"2012-04-13",730.799988
"2012-04-16",725.640015
"2012-04-17",743.140015
"2012-04-18",714.98999
"2012-04-19",697.080017
"2012-04-20",710.590027
"2012-04-23",692.099976
"2012-04-24",707.549988
"2012-04-25",719.960022
"2012-04-26",709.900024
"2012-04-27",721.150024
"2012-04-30",707.47998
"2012-05-01",NA
"2012-05-02",689.659973
"2012-05-03",691.48999
"2012-05-04",695.380005
"2012-05-07",714.619995
"2012-05-08",709.080017
"2012-05-09",689.609985
"2012-05-10",713.359985
"2012-05-11",708.210022
"2012-05-14",689.469971
"2012-05-15",677.919983
"2012-05-16",669.359985
"2012-05-17",661.919983
"2012-05-18",663.369995
"2012-05-21",658.809998
"2012-05-22",672.890015
"2012-05-23",650.5
"2012-05-24",660.090027
"2012-05-25",660.719971
"2012-05-29",632.059998
"2012-05-30",616.780029
"2012-05-31",617.22998
"2012-06-01",615.640015
"2012-06-04",633.98999
"2012-06-05",636.669983
"2012-06-06",652.450012
"2012-06-07",654.530029
"2012-06-08",666.030029
"2012-06-11",662.5
"2012-06-12",663.049988
"2012-06-13",670.98999
"2012-06-14",678.969971
"2012-06-15",680.700012
"2012-06-18",660.159973
"2012-06-19",677.320007
"2012-06-20",687.890015
"2012-06-21",686.369995
"2012-06-22",696.179993
"2012-06-25",670
"2012-06-26",660.919983
"2012-06-27",674.549988
"2012-06-28",679.780029
"2012-06-29",718.48999
"2012-07-02",721.299988
"2012-07-03",730.530029
"2012-07-05",704.5
"2012-07-06",682.609985
"2012-07-09",677.090027
"2012-07-10",679.98999
"2012-07-11",688.200012
"2012-07-12",670.849976
"2012-07-13",673.659973
"2012-07-16",660.030029
"2012-07-17",662.799988
"2012-07-18",665.809998
"2012-07-19",669.75
"2012-07-20",630.710022
"2012-07-23",624.340027
"2012-07-24",602.559998
"2012-07-25",606.419983
"2012-07-26",644.309998
"2012-07-27",668.799988
"2012-07-30",686.640015
"2012-07-31",680.530029
"2012-08-01",679.380005
"2012-08-02",644.820007
"2012-08-03",683.51001
"2012-08-06",712.460022
"2012-08-07",728.150024
"2012-08-08",722.909973
"2012-08-09",719.02002
"2012-08-10",713.580017
"2012-08-13",715.799988
"2012-08-14",721.349976
"2012-08-15",722.039978
"2012-08-16",749.5
"2012-08-17",763.179993
"2012-08-20",754.619995
"2012-08-21",761.72998
"2012-08-22",742.059998
"2012-08-23",736.429993
"2012-08-24",738.51001
"2012-08-27",747.090027
"2012-08-28",740.849976
"2012-08-29",738.02002
"2012-08-30",726.690002
"2012-08-31",749.840027
"2012-09-04",757.119995
"2012-09-05",757.679993
"2012-09-06",793.320007
"2012-09-07",797.119995
"2012-09-10",795.130005
"2012-09-11",803.01001
"2012-09-12",809.72998
"2012-09-13",803.099976
"2012-09-14",823.719971
"2012-09-17",822.75
"2012-09-18",812.820007
"2012-09-19",816.380005
"2012-09-20",808.219971
"2012-09-21",828.780029
"2012-09-24",820
"2012-09-25",823.73999
"2012-09-26",791.340027
"2012-09-27",790.530029
"2012-09-28",777.049988
"2012-10-01",784.210022
"2012-10-02",792.330017
"2012-10-03",787.97998
"2012-10-04",786.710022
"2012-10-05",801.590027
"2012-10-08",795.059998
"2012-10-09",780.549988
"2012-10-10",771.940002
"2012-10-11",778.97998
"2012-10-12",771.140015
"2012-10-15",774.299988
"2012-10-16",800.359985
"2012-10-17",819.02002
"2012-10-18",815.710022
"2012-10-19",796.969971
"2012-10-22",792.780029
"2012-10-23",780.679993
"2012-10-24",784.77002
"2012-10-25",783.640015
"2012-10-26",783.440002
"2012-10-31",790.119995
"2012-11-01",794.309998
"2012-11-02",801.859985
"2012-11-05",786.830017
"2012-11-06",788.599976
"2012-11-07",770.599976
"2012-11-08",767.559998
"2012-11-09",768.140015
"2012-11-12",761.469971
"2012-11-13",774.900024
"2012-11-14",772.570007
"2012-11-15",774.840027
"2012-11-16",763.539978
"2012-11-19",780.969971
"2012-11-20",782.719971
"2012-11-21",785.52002
"2012-11-23",795.900024
"2012-11-26",792.700012
"2012-11-27",791.219971
"2012-11-28",787.789978
"2012-11-29",801.039978
"2012-11-30",798.039978
"2012-12-03",794.330017
"2012-12-04",796.109985
"2012-12-05",794.380005
"2012-12-06",798.140015
"2012-12-07",792.400024
"2012-12-10",786.98999
"2012-12-11",798.099976
"2012-12-12",804.640015
"2012-12-13",808.130005
"2012-12-14",808.98999
"2012-12-17",810.059998
"2012-12-18",822.179993
"2012-12-19",831.869995
"2012-12-20",832.330017
"2012-12-21",835.22998
"2012-12-24",835.849976
"2012-12-26",NA
"2012-12-27",834.159973
"2012-12-28",820.47998
"2012-12-31",824.700012
"2013-01-02",852.530029
"2013-01-03",849.150024
"2013-01-04",853.929993
"2013-01-07",853.150024
"2013-01-08",856.73999
"2013-01-09",873.320007
"2013-01-10",875.169983
"2013-01-11",880.559998
"2013-01-14",878.340027
"2013-01-15",873.440002
"2013-01-16",872.070007
"2013-01-17",876.679993
"2013-01-18",874.320007
"2013-01-22",876.369995
"2013-01-23",874.150024
"2013-01-24",879.77002
"2013-01-25",885.859985
"2013-01-28",881.52002
"2013-01-29",878.25
"2013-01-30",870.109985
"2013-01-31",848.789978
"2013-02-01",835.359985
"2013-02-04",803.169983
"2013-02-05",820.580017
"2013-02-06",816.75
"2013-02-07",813.02002
"2013-02-08",830.059998
"2013-02-11",820.830017
"2013-02-12",836.26001
"2013-02-13",843.359985
"2013-02-14",836.900024
"2013-02-15",827.289978
"2013-02-19",834.669983
"2013-02-20",828.119995
"2013-02-21",813.150024
"2013-02-22",829.070007
"2013-02-25",835.320007
"2013-02-26",808.340027
"2013-02-27",824.200012
"2013-02-28",833.590027
"2013-03-01",828.580017
"2013-03-04",833.900024
"2013-03-05",850.950012
"2013-03-06",844.400024
"2013-03-07",847.650024
"2013-03-08",871.900024
"2013-03-11",864.469971
"2013-03-12",861.960022
"2013-03-13",858.51001
"2013-03-14",875.280029
"2013-03-15",872.099976
"2013-03-18",859.630005
"2013-03-19",840.059998
"2013-03-20",850.200012
"2013-03-21",843.48999
"2013-03-22",841.169983
"2013-03-25",821.469971
"2013-03-26",805.23999
"2013-03-27",796.48999
"2013-03-28",798.390015
"2013-04-01",NA
"2013-04-02",811.909973
"2013-04-03",796.650024
"2013-04-04",791.219971
"2013-04-05",786.380005
"2013-04-08",784.960022
"2013-04-09",793.75
"2013-04-10",821.289978
"2013-04-11",823.75
"2013-04-12",810.390015
"2013-04-15",807.940002
"2013-04-16",801.890015
"2013-04-17",788.219971
"2013-04-18",789.23999
"2013-04-19",799.25
"2013-04-22",809.960022
"2013-04-23",836.73999
"2013-04-24",846.409973
"2013-04-25",843.119995
"2013-04-26",836.030029
"2013-04-29",851.640015
"2013-04-30",848.429993
"2013-05-01",NA
"2013-05-02",847.820007
"2013-05-03",861.719971
"2013-05-06",857.280029
"2013-05-07",862.299988
"2013-05-08",866.840027
"2013-05-09",864.289978
"2013-05-10",860.599976
"2013-05-13",851.140015
"2013-05-14",852.460022
"2013-05-15",863.039978
"2013-05-16",859.900024
"2013-05-17",863.23999
"2013-05-20",856.130005
"2013-05-21",851.01001
"2013-05-22",850.859985
"2013-05-23",839.039978
"2013-05-24",831.219971
"2013-05-28",856.900024
"2013-05-29",850.539978
"2013-05-30",849.719971
"2013-05-31",839.099976
"2013-06-03",834.75
"2013-06-04",842.72998
"2013-06-05",835.059998
"2013-06-06",827.289978
"2013-06-07",832.22998
"2013-06-10",827.940002
"2013-06-11",814.109985
"2013-06-12",816.900024
"2013-06-13",812.030029
"2013-06-14",812.369995
"2013-06-17",819.150024
"2013-06-18",823.429993
"2013-06-19",814.890015
"2013-06-20",787.179993
"2013-06-21",775.359985
"2013-06-24",760.719971
"2013-06-25",766.51001
"2013-06-26",788.5
"2013-06-27",789.669983
"2013-06-28",781.820007
"2013-07-01",796.090027
"2013-07-02",794.580017
"2013-07-03",781.859985
"2013-07-05",792.460022
"2013-07-08",807.280029
"2013-07-09",807.72998
"2013-07-10",804.539978
"2013-07-11",807.820007
"2013-07-12",790.22998
"2013-07-15",790.960022
"2013-07-16",784.919983
"2013-07-17",786.47998
"2013-07-18",801.109985
"2013-07-19",799.690002
"2013-07-22",802.26001
"2013-07-23",814.330017
"2013-07-24",826.799988
"2013-07-25",837.01001
"2013-07-26",843.97998
"2013-07-29",845.450012
"2013-07-30",853.150024
"2013-07-31",852.299988
"2013-08-01",863.309998
"2013-08-02",866.48999
"2013-08-05",865.049988
"2013-08-06",861.650024
"2013-08-07",866.77002
"2013-08-08",877.890015
"2013-08-09",884.690002
"2013-08-12",882.950012
"2013-08-13",887.219971
"2013-08-14",891.549988
"2013-08-15",886.030029
"2013-08-16",895.679993
"2013-08-19",878.469971
"2013-08-20",862.549988
"2013-08-21",858.549988
"2013-08-22",875.01001
"2013-08-23",881.030029
"2013-08-26",876.969971
"2013-08-27",850.049988
"2013-08-28",850.380005
"2013-08-29",853.929993
"2013-08-30",840.02002
"2013-09-03",855.140015
"2013-09-04",859.599976
"2013-09-05",866.320007
"2013-09-06",876.820007
"2013-09-09",874.299988
"2013-09-10",891.27002
"2013-09-11",899.630005
"2013-09-12",905.090027
"2013-09-13",906.27002
"2013-09-16",912.429993
"2013-09-17",911.570007
"2013-09-18",919.909973
"2013-09-19",929.460022
"2013-09-20",931.599976
"2013-09-23",925.049988
"2013-09-24",931.150024
"2013-09-25",938.690002
"2013-09-26",942.01001
"2013-09-27",937.890015
"2013-09-30",933.299988
"2013-10-01",949.650024
"2013-10-02",951.280029
"2013-10-03",946.869995
"2013-10-04",961.640015
"2013-10-07",958.119995
"2013-10-08",952.099976
"2013-10-09",963.940002
"2013-10-10",986.859985
"2013-10-11",987.549988
"2013-10-14",990.77002
"2013-10-15",1002.820007
"2013-10-16",1010.090027
"2013-10-17",1013.599976
"2013-10-18",1021.849976
"2013-10-21",1025.630005
"2013-10-22",1023.690002
"2013-10-23",1003.390015
"2013-10-24",1012.789978
"2013-10-25",1001.76001
"2013-10-28",991.530029
"2013-10-29",1004.309998
"2013-10-30",996.090027
"2013-10-31",1009.27002
"2013-11-01",1002.52002
"2013-11-04",1005.559998
"2013-11-05",996.719971
"2013-11-06",1001.599976
"2013-11-07",992.530029
"2013-11-08",992.190002
"2013-11-11",996.940002
"2013-11-12",988.890015
"2013-11-13",985.150024
"2013-11-14",987.780029
"2013-11-15",985.97998
"2013-11-18",995.200012
"2013-11-19",979.330017
"2013-11-20",971.159973
"2013-11-21",975.890015
"2013-11-22",984.869995
"2013-11-25",986.080017
"2013-11-26",988.119995
"2013-11-27",997.909973
"2013-11-29",1001.440002
"2013-12-02",992.320007
"2013-12-03",977.900024
"2013-12-04",971.299988
"2013-12-05",955.72998
"2013-12-06",957.090027
"2013-12-09",965.97998
"2013-12-10",961.929993
"2013-12-11",953.869995
"2013-12-12",945.5
"2013-12-13",945.419983
"2013-12-16",961.880005
"2013-12-17",952.97998
"2013-12-18",963.960022
"2013-12-19",986.090027
"2013-12-20",989.51001
"2013-12-23",996.559998
"2013-12-24",1002.75
"2013-12-26",NA
"2013-12-27",1010.409973
"2013-12-30",1010.47998
"2013-12-31",1011.97998
"2014-01-02",995.559998
"2014-01-03",999.570007
"2014-01-06",1009.200012
"2014-01-07",1039.23999
"2014-01-08",1047.150024
"2014-01-09",1044.97998
"2014-01-10",1050.819946
"2014-01-13",1059.040039
"2014-01-14",1060.930054
"2014-01-15",1075.670044
"2014-01-16",1067.810059
"2014-01-17",1068.939941
"2014-01-21",1057.930054
"2014-01-22",1049.910034
"2014-01-23",1045.420044
"2014-01-24",1007.47998
"2014-01-27",996.119995
"2014-01-28",1008.5
"2014-01-29",1009.619995
"2014-01-30",1016.780029
"2014-01-31",1012.849976
"2014-02-03",992.419983
"2014-02-04",995.5
"2014-02-05",997.950012
"2014-02-06",1017.340027
"2014-02-07",1028.27002
"2014-02-10",1019.119995
"2014-02-11",1030.180054
"2014-02-12",1029.02002
"2014-02-13",1030.72998
"2014-02-14",1034.390015
"2014-02-18",1026.380005
"2014-02-19",1027.459961
"2014-02-20",1028.01001
"2014-02-21",1028.589966
"2014-02-24",1041.390015
"2014-02-25",1046.670044
"2014-02-26",1044.589966
"2014-02-27",1038.680054
"2014-02-28",1034.339966
"2014-03-03",1009.72998
"2014-03-04",1035.119995
"2014-03-05",1044.339966
"2014-03-06",1053.050049
"2014-03-07",1039.089966
"2014-03-10",1042.47998
"2014-03-11",1039.5
"2014-03-12",1030.329956
"2014-03-13",1018.780029
"2014-03-14",1004.47998
"2014-03-17",1020.52002
"2014-03-18",1028.52002
"2014-03-19",1032.290039
"2014-03-20",1030.959961
"2014-03-21",1027.969971
"2014-03-24",1013.809998
"2014-03-25",1021.039978
"2014-03-26",1036.180054
"2014-03-27",1041.410034
"2014-03-28",1055.339966
"2014-03-31",1056.060059
"2014-04-01",1068.959961
"2014-04-02",1066.670044
"2014-04-03",1082.140015
"2014-04-04",1091.27002
"2014-04-07",1084.380005
"2014-04-08",1072.400024
"2014-04-09",1072.890015
"2014-04-10",1057.939941
"2014-04-11",1044.900024
"2014-04-14",1042.619995
"2014-04-15",1033.550049
"2014-04-16",1050.339966
"2014-04-17",1053.040039
"2014-04-21",NA
"2014-04-22",1067.76001
"2014-04-23",1066.26001
"2014-04-24",1070.680054
"2014-04-25",1054.47998
"2014-04-28",1056.23999
"2014-04-29",1070.52002
"2014-04-30",1070.050049
"2014-05-01",NA
"2014-05-02",1071.97998
"2014-05-05",1072.680054
"2014-05-06",1072.619995
"2014-05-07",1065.910034
"2014-05-08",1083.890015
"2014-05-09",1072.790039
"2014-05-12",1080.949951
"2014-05-13",1083.300049
"2014-05-14",1085.800049
"2014-05-15",1060.180054
"2014-05-16",1071.329956
"2014-05-19",1066.829956
"2014-05-20",1070.410034
"2014-05-21",1078.150024
"2014-05-22",1077.089966
"2014-05-23",1081.430054
"2014-05-27",1097.290039
"2014-05-28",1101.640015
"2014-05-29",1099.390015
"2014-05-30",1106.040039
"2014-06-02",1108.709961
"2014-06-03",1103.589966
"2014-06-04",1102.459961
"2014-06-05",1114.910034
"2014-06-06",1132.310059
"2014-06-09",1142.300049
"2014-06-10",1141.180054
"2014-06-11",1132.329956
"2014-06-12",1133.530029
"2014-06-13",1135.930054
"2014-06-16",1124.969971
"2014-06-17",1129.47998
"2014-06-18",1134.839966
"2014-06-19",1143.349976
"2014-06-20",1140.51001
"2014-06-23",1136.349976
"2014-06-24",1135.209961
"2014-06-25",1121.25
"2014-06-26",1122.869995
"2014-06-27",1119.839966
"2014-06-30",1116.050049
"2014-07-01",1125.579956
"2014-07-02",1125.800049
"2014-07-03",1133.25
"2014-07-07",1112.459961
"2014-07-08",1092.339966
"2014-07-09",1098.430054
"2014-07-10",1076.550049
"2014-07-11",1077.22998
"2014-07-14",1084.579956
"2014-07-15",1070.890015
"2014-07-16",1089.660034
"2014-07-17",1076.900024
"2014-07-18",1075.589966
"2014-07-21",1070.48999
"2014-07-22",1087.48999
"2014-07-23",1089.280029
"2014-07-24",1109.47998
"2014-07-25",1111.77002
"2014-07-28",1110.51001
"2014-07-29",1112.47998
"2014-07-30",1116.369995
"2014-07-31",1092.819946
"2014-08-01",1073.52002
"2014-08-04",1071.48999
"2014-08-05",1056.859985
"2014-08-06",1046.680054
"2014-08-07",1030.099976
"2014-08-08",1032.680054
"2014-08-11",1041.130005
"2014-08-12",1045.47998
"2014-08-13",1051.839966
"2014-08-14",1050.900024
"2014-08-15",1043.670044
"2014-08-18",1056.800049
"2014-08-19",1060.369995
"2014-08-20",1063.48999
"2014-08-21",1077.130005
"2014-08-22",1071.689941
"2014-08-25",1091.27002
"2014-08-26",1104.699951
"2014-08-27",1105.930054
"2014-08-28",1094.47998
"2014-08-29",1094.630005
"2014-09-02",1096.369995
"2014-09-03",1109.75
"2014-09-04",1131.800049
"2014-09-05",1136.469971
"2014-09-08",1131.97998
"2014-09-09",1117.089966
"2014-09-10",1115.47998
"2014-09-11",1109.959961
"2014-09-12",1110.310059
"2014-09-15",1105.310059
"2014-09-16",1101.099976
"2014-09-17",1112.430054
"2014-09-18",1121.310059
"2014-09-19",1122.349976
"2014-09-22",1116.869995
"2014-09-23",1102.300049
"2014-09-24",1107.839966
"2014-09-25",1101.040039
"2014-09-26",1108.109985
"2014-09-29",1090.829956
"2014-09-30",1104.619995
"2014-10-01",1097.72998
"2014-10-02",1063.319946
"2014-10-03",1078.819946
"2014-10-06",1086.180054
"2014-10-07",1064.349976
"2014-10-08",1055.140015
"2014-10-09",1047.920044
"2014-10-10",1036.160034
"2014-10-13",1039.77002
"2014-10-14",1041.339966
"2014-10-15",1004.73999
"2014-10-16",987.380005
"2014-10-17",1015.590027
"2014-10-20",1010.969971
"2014-10-21",1034.579956
"2014-10-22",1044.380005
"2014-10-23",1052.780029
"2014-10-24",1053.540039
"2014-10-27",1038.52002
"2014-10-28",1057.619995
"2014-10-29",1038.76001
"2014-10-30",1039.719971
"2014-10-31",1062.150024
"2014-11-03",1051.689941
"2014-11-04",1030.030029
"2014-11-05",1041.72998
"2014-11-06",1040.02002
"2014-11-07",1025.890015
"2014-11-10",1039.910034
"2014-11-11",1047.069946
"2014-11-12",1028.790039
"2014-11-13",1027.800049
"2014-11-14",1029.150024
"2014-11-17",1044.550049
"2014-11-18",1056.449951
"2014-11-19",1050.609985
"2014-11-20",1032.680054
"2014-11-21",1063.52002
"2014-11-24",1076.400024
"2014-11-25",1082.670044
"2014-11-26",1077.48999
"2014-11-28",1090.599976
"2014-12-01",1080.930054
"2014-12-02",1088.560059
"2014-12-03",1100.98999
"2014-12-04",1075.709961
"2014-12-05",1104.199951
"2014-12-08",1095.089966
"2014-12-09",1060.930054
"2014-12-10",1054.349976
"2014-12-11",1056.920044
"2014-12-12",1028.72998
"2014-12-15",1004.539978
"2014-12-16",1022.200012
"2014-12-17",1019.47998
"2014-12-18",1053.390015
"2014-12-19",1051.170044
"2014-12-22",1052.040039
"2014-12-23",1062.849976
"2014-12-24",1063.160034
"2014-12-26",NA
"2014-12-29",1054.319946
"2014-12-30",1042.569946
"2014-12-31",1042.459961
"2015-01-02",1049.660034
"2015-01-05",1013.76001
"2015-01-06",1001.409973
"2015-01-07",1003.539978
"2015-01-08",1026.089966
"2015-01-09",982.539978
"2015-01-12",990.97998
"2015-01-13",1007.369995
"2015-01-14",995.059998
"2015-01-15",1008.299988
"2015-01-16",1014.109985
"2015-01-20",1038.890015
"2015-01-21",1043.22998
"2015-01-22",1060.859985
"2015-01-23",1069.189941
"2015-01-26",1080.359985
"2015-01-27",1070.589966
"2015-01-28",1055.890015
"2015-01-29",1061.540039
"2015-01-30",1051.800049
"2015-02-02",1044.300049
"2015-02-03",1071.790039
"2015-02-04",1070.959961
"2015-02-05",1066.959961
"2015-02-06",1071.050049
"2015-02-09",1050.329956
"2015-02-10",1063.300049
"2015-02-11",1050.160034
"2015-02-12",1069.839966
"2015-02-13",1087.439941
"2015-02-17",1084.359985
"2015-02-18",1095.410034
"2015-02-19",1106.099976
"2015-02-20",1103.660034
"2015-02-23",1114.300049
"2015-02-24",1121.839966
"2015-02-25",1119.839966
"2015-02-26",1129.469971
"2015-02-27",1132.910034
"2015-03-02",1132.800049
"2015-03-03",1116.099976
"2015-03-04",1120.540039
"2015-03-05",1128.369995
"2015-03-06",1125.48999
"2015-03-09",1121.589966
"2015-03-10",1106.420044
"2015-03-11",1119.109985
"2015-03-12",1118.560059
"2015-03-13",1120.469971
"2015-03-16",1128.089966
"2015-03-17",1119.410034
"2015-03-18",1120.849976
"2015-03-19",1124.560059
"2015-03-20",1157.48999
"2015-03-23",1161.060059
"2015-03-24",1174.209961
"2015-03-25",1163.27002
"2015-03-26",1162.030029
"2015-03-27",1159.319946
"2015-03-30",1169.51001
"2015-03-31",1168.869995
"2015-04-01",1174.290039
"2015-04-02",1180.76001
"2015-04-06",NA
"2015-04-07",1190.040039
"2015-04-08",1182.430054
"2015-04-09",1190.069946
"2015-04-10",1191.119995
"2015-04-13",1203.819946
"2015-04-14",1186.880005
"2015-04-15",1194.599976
"2015-04-16",1177.51001
"2015-04-17",1152.27002
"2015-04-20",1154.400024
"2015-04-21",1158.540039
"2015-04-22",1156.359985
"2015-04-23",1158.949951
"2015-04-24",1166.160034
"2015-04-27",1179.310059
"2015-04-28",1176.079956
"2015-04-29",1153.140015
"2015-04-30",1153.140015
"2015-05-01",NA
"2015-05-04",1157.579956
"2015-05-05",1126.869995
"2015-05-06",1131.680054
"2015-05-07",1133.800049
"2015-05-08",1158.430054
"2015-05-11",1160.349976
"2015-05-12",1147.469971
"2015-05-13",1147.98999
"2015-05-14",1155.209961
"2015-05-15",1147.26001
"2015-05-18",1149.369995
"2015-05-19",1164.859985
"2015-05-20",1172.540039
"2015-05-21",1174.670044
"2015-05-22",1170.630005
"2015-05-26",1138.969971
"2015-05-27",1157.579956
"2015-05-28",1153.02002
"2015-05-29",1137.01001
"2015-06-01",1138.569946
"2015-06-02",1142.349976
"2015-06-03",1143.349976
"2015-06-04",1131.329956
"2015-06-05",1122.339966
"2015-06-08",1107.469971
"2015-06-09",1109.119995
"2015-06-10",1125.920044
"2015-06-11",1132.060059
"2015-06-12",1119.699951
"2015-06-15",1100.199951
"2015-06-16",1103.22998
"2015-06-17",1096.689941
"2015-06-18",1102.839966
"2015-06-19",1109.939941
"2015-06-22",1153.189941
"2015-06-23",1156.839966
"2015-06-24",1149.180054
"2015-06-25",1148.650024
"2015-06-26",1154.77002
"2015-06-29",1101.599976
"2015-06-30",1093.339966
"2015-07-01",1108.640015
"2015-07-02",1101.97998
"2015-07-06",1070.449951
"2015-07-07",1051.109985
"2015-07-08",1058.97998
"2015-07-09",1087.300049
"2015-07-10",1120.449951
"2015-07-13",1139.630005
"2015-07-14",1142.420044
"2015-07-15",1150.300049
"2015-07-16",1168.01001
"2015-07-17",1165.030029
"2015-07-20",1172.910034
"2015-07-21",1163.069946
"2015-07-22",1165.949951
"2015-07-23",1161.689941
"2015-07-24",1148.26001
"2015-07-27",1131.150024
"2015-07-28",1141.469971
"2015-07-29",1144.77002
"2015-07-30",1133.459961
"2015-07-31",1134.319946
"2015-08-03",1142.530029
"2015-08-04",1131.310059
"2015-08-05",1144.430054
"2015-08-06",1141.890015
"2015-08-07",1134.089966
"2015-08-10",1147.089966
"2015-08-11",1131.699951
"2015-08-12",1104.439941
"2015-08-13",1110.599976
"2015-08-14",1103.569946
"2015-08-17",1105.140015
"2015-08-18",1105.150024
"2015-08-19",1093.48999
"2015-08-20",1073.890015
"2015-08-21",1042.550049
"2015-08-24",989.950012
"2015-08-25",1025.829956
"2015-08-26",1012.179993
"2015-08-27",1042.619995
"2015-08-28",1048.550049
"2015-08-31",1039.449951
"2015-09-01",1012.450012
"2015-09-02",1007.080017
"2015-09-03",1017.469971
"2015-09-04",995.210022
"2015-09-08",1000.23999
"2015-09-09",1017.340027
"2015-09-10",998.849976
"2015-09-11",986.359985
"2015-09-14",981.530029
"2015-09-15",990.039978
"2015-09-16",1008.960022
"2015-09-17",1021.030029
"2015-09-18",995.359985
"2015-09-21",996.030029
"2015-09-22",965.679993
"2015-09-23",957.73999
"2015-09-24",939.349976
"2015-09-25",962.48999
"2015-09-28",949.679993
"2015-09-29",949.789978
"2015-09-30",966.090027
"2015-10-01",965.960022
"2015-10-02",969.669983
"2015-10-05",1005.73999
"2015-10-06",1018.849976
"2015-10-07",1026.939941
"2015-10-08",1027.97998
"2015-10-09",1041.170044
"2015-10-12",1034.51001
"2015-10-13",1020.369995
"2015-10-14",1011.549988
"2015-10-15",1017.950012
"2015-10-16",1031.219971
"2015-10-19",1029.400024
"2015-10-20",1018.919983
"2015-10-21",1024.73999
"2015-10-22",1046
"2015-10-23",1057.550049
"2015-10-26",1056.660034
"2015-10-27",1041.609985
"2015-10-28",1051.829956
"2015-10-29",1048.410034
"2015-10-30",1043.910034
"2015-11-02",1050.22998
"2015-11-03",1054.880005
"2015-11-04",1057.02002
"2015-11-05",1052.329956
"2015-11-06",1055.77002
"2015-11-09",1042.680054
"2015-11-10",1043.22998
"2015-11-11",1047.459961
"2015-11-12",1023.799988
"2015-11-13",1021.27002
"2015-11-16",1022.190002
"2015-11-17",1045.959961
"2015-11-18",1035.650024
"2015-11-19",1044.97998
"2015-11-20",1039.160034
"2015-11-23",1037.579956
"2015-11-24",1030.969971
"2015-11-25",1032.140015
"2015-11-27",1040.800049
"2015-11-30",1048.26001
"2015-12-01",1047.920044
"2015-12-02",1043.660034
"2015-12-03",1019.080017
"2015-12-04",1017.969971
"2015-12-07",1014.48999
"2015-12-08",994.23999
"2015-12-09",993.859985
"2015-12-10",987.929993
"2015-12-11",972.710022
"2015-12-14",952.630005
"2015-12-15",981.039978
"2015-12-16",981.52002
"2015-12-17",997.700012
"2015-12-18",981.570007
"2015-12-21",946.679993
"2015-12-22",951.679993
"2015-12-23",974.51001
"2015-12-24",978.719971
"2015-12-28",966.440002
"2015-12-29",978.070007
"2015-12-30",975.219971
"2015-12-31",965.130005
"2016-01-04",942.619995
"2016-01-05",944.619995
"2016-01-06",930.179993
"2016-01-07",916.590027
"2016-01-08",901.25
"2016-01-11",899.130005
"2016-01-12",902.23999
"2016-01-13",903.969971
"2016-01-14",889.580017
"2016-01-15",865.570007
"2016-01-19",864.929993
"2016-01-20",837.059998
"2016-01-21",852.200012
"2016-01-22",880.469971
"2016-01-25",865.340027
"2016-01-26",877.820007
"2016-01-27",882.289978
"2016-01-28",866.650024
"2016-01-29",889.200012
"2016-02-01",885.419983
"2016-02-02",859.450012
"2016-02-03",838.330017
"2016-02-04",854.659973
"2016-02-05",858.73999
"2016-02-08",821.070007
"2016-02-09",800.320007
"2016-02-10",822.669983
"2016-02-11",783.090027
"2016-02-12",800.640015
"2016-02-16",822.52002
"2016-02-17",845.48999
"2016-02-18",838.23999
"2016-02-19",827.559998
"2016-02-22",847.369995
"2016-02-23",835.609985
"2016-02-24",810.650024
"2016-02-25",830.73999
"2016-02-26",845.070007
"2016-02-29",855.700012
"2016-03-01",870.219971
"2016-03-02",886.5
"2016-03-03",886.619995
"2016-03-04",891.47998
"2016-03-07",888.690002
"2016-03-08",884.400024
"2016-03-09",885.679993
"2016-03-10",886.640015
"2016-03-11",920.02002
"2016-03-14",925.400024
"2016-03-15",909.169983
"2016-03-16",905.849976
"2016-03-17",907.210022
"2016-03-18",914.789978
"2016-03-21",911.390015
"2016-03-22",907.919983
"2016-03-23",901.299988
"2016-03-24",887.440002
"2016-03-28",NA
"2016-03-29",889.070007
"2016-03-30",894.919983
"2016-03-31",879.820007
"2016-04-01",866.900024
"2016-04-04",866.030029
"2016-04-05",844.929993
"2016-04-06",845.809998
"2016-04-07",835.48999
"2016-04-08",848.929993
"2016-04-11",855.789978
"2016-04-12",860.809998
"2016-04-13",888.390015
"2016-04-14",892.780029
"2016-04-15",891.51001
"2016-04-18",894.609985
"2016-04-19",904.159973
"2016-04-20",922.429993
"2016-04-21",928.070007
"2016-04-22",931.549988
"2016-04-25",922.599976
"2016-04-26",937.789978
"2016-04-27",942.73999
"2016-04-28",936.130005
"2016-04-29",911.119995
"2016-05-02",910.429993
"2016-05-03",884.75
"2016-05-04",873.320007
"2016-05-05",876.400024
"2016-05-06",877.919983
"2016-05-09",873.590027
"2016-05-10",885.059998
"2016-05-11",874.109985
"2016-05-12",874.580017
"2016-05-13",880.440002
"2016-05-16",876.179993
"2016-05-17",877.890015
"2016-05-18",884.799988
"2016-05-19",875.039978
"2016-05-20",884.789978
"2016-05-23",878.960022
"2016-05-24",898.880005
"2016-05-25",920.900024
"2016-05-26",916.130005
"2016-05-27",919.190002
"2016-05-31",911.02002
"2016-06-01",898.700012
"2016-06-02",902.039978
"2016-06-03",886.25
"2016-06-06",888.5
"2016-06-07",896.159973
"2016-06-08",889.700012
"2016-06-09",883.590027
"2016-06-10",855.26001
"2016-06-13",836.25
"2016-06-14",819.190002
"2016-06-15",830.47998
"2016-06-16",824.799988
"2016-06-17",841.460022
"2016-06-20",869.349976
"2016-06-21",871.900024
"2016-06-22",875.429993
"2016-06-23",893.880005
"2016-06-24",782.419983
"2016-06-27",768.909973
"2016-06-28",787.76001
"2016-06-29",814.950012
"2016-06-30",820.849976
"2016-07-01",831.390015
"2016-07-05",810.190002
"2016-07-06",795.640015
"2016-07-07",804.030029
"2016-07-08",822.48999
"2016-07-11",834.030029
"2016-07-12",854.679993
"2016-07-13",851.210022
"2016-07-14",859.640015
"2016-07-15",857.330017
"2016-07-18",856.380005
"2016-07-19",852.869995
"2016-07-20",862.200012
"2016-07-21",863.190002
"2016-07-22",864.719971
"2016-07-25",861.969971
"2016-07-26",860.549988
"2016-07-27",871.849976
"2016-07-28",852.909973
"2016-07-29",864.039978
"2016-08-01",855.909973
"2016-08-02",831.609985
"2016-08-03",830.140015
"2016-08-04",842.580017
"2016-08-05",857.820007
"2016-08-08",860.52002
"2016-08-09",870.640015
"2016-08-10",870.950012
"2016-08-11",876.900024
"2016-08-12",876.659973
"2016-08-15",877.25
"2016-08-16",867.77002
"2016-08-17",854.429993
"2016-08-18",860.119995
"2016-08-19",850.080017
"2016-08-22",852.190002
"2016-08-23",863.22998
"2016-08-24",871.580017
"2016-08-25",866.539978
"2016-08-26",872.190002
"2016-08-29",868.340027
"2016-08-30",875.419983
"2016-08-31",879.450012
"2016-09-01",883.530029
"2016-09-02",897.309998
"2016-09-06",896.27002
"2016-09-07",907.400024
"2016-09-08",916.380005
"2016-09-09",909.539978
"2016-09-12",893.51001
"2016-09-13",879.159973
"2016-09-14",876.130005
"2016-09-15",877.409973
"2016-09-16",869.150024
"2016-09-19",877.179993
"2016-09-20",874.27002
"2016-09-21",882.719971
"2016-09-22",900.549988
"2016-09-23",889.309998
"2016-09-26",877.549988
"2016-09-27",874.98999
"2016-09-28",880.549988
"2016-09-29",886.380005
"2016-09-30",884.039978
"2016-10-03",882.109985
"2016-10-04",883.880005
"2016-10-05",885.080017
"2016-10-06",883.47998
"2016-10-07",870.059998
"2016-10-10",876.809998
"2016-10-11",876.76001
"2016-10-12",876.039978
"2016-10-13",868.119995
"2016-10-14",884.140015
"2016-10-17",880.940002
"2016-10-18",893.469971
"2016-10-19",902.570007
"2016-10-20",913.859985
"2016-10-21",917.51001
"2016-10-24",930.01001
"2016-10-25",922.349976
"2016-10-26",925.679993
"2016-10-27",928.710022
"2016-10-28",928.650024
"2016-10-31",922.830017
"2016-11-01",912.48999
"2016-11-02",895.190002
"2016-11-03",895.809998
"2016-11-04",887.039978
"2016-11-07",900.190002
"2016-11-08",902.190002
"2016-11-09",897.080017
"2016-11-10",883.150024
"2016-11-11",870.130005
"2016-11-14",871.809998
"2016-11-15",874.580017
"2016-11-16",869.909973
"2016-11-17",877.599976
"2016-11-18",868.22998
"2016-11-21",867.47998
"2016-11-22",871.5
"2016-11-23",869.25
"2016-11-25",872.809998
"2016-11-28",867.309998
"2016-11-29",872.099976
"2016-11-30",874.609985
"2016-12-01",873.349976
"2016-12-02",866.440002
"2016-12-05",871.940002
"2016-12-06",895.02002
"2016-12-07",901.52002
"2016-12-08",921.400024
"2016-12-09",923.809998
"2016-12-12",925.309998
"2016-12-13",939.630005
"2016-12-14",929.039978
"2016-12-15",941.869995
"2016-12-16",948.700012
"2016-12-19",941.539978
"2016-12-20",948.869995
"2016-12-21",944.820007
"2016-12-22",941.049988
"2016-12-23",944.570007
"2016-12-27",945.359985
"2016-12-28",942.159973
"2016-12-29",940.429993
"2016-12-30",943.549988
"2017-01-03",958.73999
"2017-01-04",956.109985
"2017-01-05",958.75
"2017-01-06",961.900024
"2017-01-09",959.48999
"2017-01-10",954.97998
"2017-01-11",949.419983
"2017-01-12",949.02002
"2017-01-13",959.51001
"2017-01-17",947.72998
"2017-01-18",946.789978
"2017-01-19",946.400024
"2017-01-20",947
"2017-01-23",939.119995
"2017-01-24",948.309998
"2017-01-25",965.330017
"2017-01-26",962.080017
"2017-01-27",961.090027
"2017-01-30",946.890015
"2017-01-31",942.52002
"2017-02-01",944.059998
"2017-02-02",951.299988
"2017-02-03",957.22998
"2017-02-06",946.52002
"2017-02-07",943.5
"2017-02-08",942.5
"2017-02-09",953.179993
"2017-02-10",946.450012
"2017-02-13",956.830017
"2017-02-14",960.409973
"2017-02-15",968.72998
"2017-02-16",965.119995
"2017-02-17",959.47998
"2017-02-21",965.460022
"2017-02-22",957.039978
"2017-02-23",958.75
"2017-02-24",954.080017
"2017-02-27",955.080017
"2017-02-28",964.169983
"2017-03-01",983.950012
"2017-03-02",980.349976
"2017-03-03",989.090027
"2017-03-06",989.5
"2017-03-07",989.080017
"2017-03-08",994.039978
"2017-03-09",1008.840027
"2017-03-10",1009.960022
"2017-03-13",1008.380005
"2017-03-14",998.650024
"2017-03-15",1006.200012
"2017-03-16",1025.709961
"2017-03-17",1033.23999
"2017-03-20",1030.689941
"2017-03-21",1030.430054
"2017-03-22",1032.359985
"2017-03-23",1041.819946
"2017-03-24",1040.670044
"2017-03-27",1039.689941
"2017-03-28",1048.670044
"2017-03-29",1046.219971
"2017-03-30",1049.699951
"2017-03-31",1054.5
"2017-04-03",1040.280029
"2017-04-04",1042.910034
"2017-04-05",1047.689941
"2017-04-06",1058.47998
"2017-04-07",1057.719971
"2017-04-10",1048.680054
"2017-04-11",1046.910034
"2017-04-12",1041.560059
"2017-04-13",1037.369995
"2017-04-17",NA
"2017-04-18",1030.73999
"2017-04-19",1042.319946
"2017-04-20",1042.26001
"2017-04-21",1042.530029
"2017-04-24",1082.380005
"2017-04-25",1084.670044
"2017-04-26",1083.469971
"2017-04-27",1075.469971
"2017-04-28",1078.150024
"2017-05-01",NA
"2017-05-02",1089.109985
"2017-05-03",1090.77002
"2017-05-04",1107.709961
"2017-05-05",1119.780029
"2017-05-08",1116.300049
"2017-05-09",1111.079956
"2017-05-10",1109.209961
"2017-05-11",1092.150024
"2017-05-12",1095.189941
"2017-05-15",1101.97998
"2017-05-16",1104.469971
"2017-05-17",1084
"2017-05-18",1072.170044
"2017-05-19",1087.819946
"2017-05-22",1082.810059
"2017-05-23",1095.670044
"2017-05-24",1095.599976
"2017-05-25",1099.349976
"2017-05-26",1095.719971
"2017-05-30",1092.76001
"2017-05-31",1092.699951
"2017-06-01",1093.02002
"2017-06-02",1095.800049
"2017-06-05",1093.51001
"2017-06-06",1092.400024
"2017-06-07",1091.01001
"2017-06-08",1102.310059
"2017-06-09",1104.920044
"2017-06-12",1092.599976
"2017-06-13",1096.550049
"2017-06-14",1086.459961
"2017-06-15",1078.959961
"2017-06-16",1084.680054
"2017-06-19",1093.839966
"2017-06-20",1084.459961
"2017-06-21",1083.930054
"2017-06-22",1081.140015
"2017-06-23",1073.27002
"2017-06-26",1080.030029
"2017-06-27",1075.160034
"2017-06-28",1080.579956
"2017-06-29",1063.890015
"2017-06-30",1052.459961
"2017-07-03",1068.969971
"2017-07-05",1060.430054
"2017-07-06",1057.949951
"2017-07-07",1057.02002
"2017-07-10",1058.569946
"2017-07-11",1052.449951
"2017-07-12",1063.219971
"2017-07-13",1073.180054
"2017-07-14",1072.589966
"2017-07-17",1072.060059
"2017-07-18",1060.189941
"2017-07-19",1066.150024
"2017-07-20",1064.280029
"2017-07-21",1050.640015
"2017-07-24",1052.859985
"2017-07-25",1061.189941
"2017-07-26",1065.869995
"2017-07-27",1069.089966
"2017-07-28",1062.339966
"2017-07-31",1059.199951
"2017-08-01",1067.51001
"2017-08-02",1060.280029
"2017-08-03",1063.72998
"2017-08-04",1074.23999
"2017-08-07",1075.72998
"2017-08-08",1081.550049
"2017-08-09",1067.130005
"2017-08-10",1052.089966
"2017-08-11",1035.280029
"2017-08-14",1053.609985
"2017-08-15",1055.709961
"2017-08-16",1061.920044
"2017-08-17",1051.390015
"2017-08-18",1045.719971
"2017-08-21",1042.619995
"2017-08-22",1047.800049
"2017-08-23",1040.869995
"2017-08-24",1042.849976
"2017-08-25",1041.709961
"2017-08-28",1035.76001
"2017-08-29",1025.910034
"2017-08-30",1031.130005
"2017-08-31",1037.469971
"2017-09-01",1040.180054
"2017-09-05",1025.699951
"2017-09-06",1021.210022
"2017-09-07",1020.070007
"2017-09-08",1020.539978
"2017-09-11",1039.939941
"2017-09-12",1041.089966
"2017-09-13",1044.670044
"2017-09-14",1043.949951
"2017-09-15",1039.25
"2017-09-18",1042.040039
"2017-09-19",1046.089966
"2017-09-20",1037.27002
"2017-09-21",1039
"2017-09-22",1039.969971
"2017-09-25",1031.52002
"2017-09-26",1028.76001
"2017-09-27",1046.849976
"2017-09-28",1042.849976
"2017-09-29",1048.410034
"2017-10-02",1035.25
"2017-10-03",1035.369995
"2017-10-04",1005.460022
"2017-10-05",1030.48999
"2017-10-06",1028.050049
"2017-10-09",1032.47998
"2017-10-10",1022.5
"2017-10-11",1036.310059
"2017-10-12",1036
"2017-10-13",1033.47998
"2017-10-16",1026.079956
"2017-10-17",1030.469971
"2017-10-18",1035.5
"2017-10-19",1027.660034
"2017-10-20",1030.400024
"2017-10-23",1024.199951
"2017-10-24",1029.349976
"2017-10-25",1023.900024
"2017-10-26",1043.319946
"2017-10-27",1028.75
"2017-10-30",1053.390015
"2017-10-31",1061.75
"2017-11-01",1060.369995
"2017-11-02",1055.859985
"2017-11-03",1046
"2017-11-06",1042.719971
"2017-11-07",1034.790039
"2017-11-08",1034.349976
"2017-11-09",1025.180054
"2017-11-10",1020.650024
"2017-11-13",1016.369995
"2017-11-14",1010.280029
"2017-11-15",1012.780029
"2017-11-16",1019.960022
"2017-11-17",1012.590027
"2017-11-20",1014.280029
"2017-11-21",1011.190002
"2017-11-22",1013.48999
"2017-11-24",1017.890015
"2017-11-27",1018.48999
"2017-11-28",1026.369995
"2017-11-29",1038.530029
"2017-11-30",1033.040039
"2017-12-01",1020.369995
"2017-12-04",1032.140015
"2017-12-05",1032.619995
"2017-12-06",1029.560059
"2017-12-07",1036.890015
"2017-12-08",1042.400024
"2017-12-11",1041.050049
"2017-12-12",1039.650024
"2017-12-13",1036.48999
"2017-12-14",1028.23999
"2017-12-15",1026.459961
"2017-12-18",1035.900024
"2017-12-19",1034.75
"2017-12-20",1032.160034
"2017-12-21",1041.660034
"2017-12-22",1028.97998
"2017-12-26",NA
"2017-12-27",1026.920044
"2017-12-28",1019.97998
"2017-12-29",1015.169983
"2018-01-02",1017.820007
"2018-01-03",1021.280029
"2018-01-04",1042.23999
"2018-01-05",1051.380005
"2018-01-08",1050.349976
"2018-01-09",1052.920044
"2018-01-10",1054.719971
"2018-01-11",1055.48999
"2018-01-12",1058.150024
"2018-01-16",1064.880005
"2018-01-17",1059.76001
"2018-01-18",1056.130005
"2018-01-19",1060.130005
"2018-01-22",1070.660034
"2018-01-23",1073.170044
"2018-01-24",1068.73999
"2018-01-25",1072.219971
"2018-01-26",1072.689941
"2018-01-29",1068.780029
"2018-01-30",1055.810059
"2018-01-31",1058.439941
"2018-02-01",1053.099976
"2018-02-02",1035.300049
"2018-02-05",1020.400024
"2018-02-06",995.01001
"2018-02-07",1012.559998
"2018-02-08",991
"2018-02-09",979.099976
"2018-02-12",993.150024
"2018-02-13",981.23999
"2018-02-14",984.599976
"2018-02-15",987.859985
"2018-02-16",999.960022
"2018-02-20",1005.549988
"2018-02-21",998.390015
"2018-02-22",1003.030029
"2018-02-23",999.02002
"2018-02-26",1006.789978
"2018-02-27",1006.830017
"2018-02-28",1000.890015
"2018-03-01",990
"2018-03-02",969.429993
"2018-03-05",975.460022
"2018-03-06",975.200012
"2018-03-07",976.580017
"2018-03-08",981.450012
"2018-03-09",985.22998
"2018-03-12",989.25
"2018-03-13",985.460022
"2018-03-14",983.890015
"2018-03-15",983.659973
"2018-03-16",991.530029
"2018-03-19",981.650024
"2018-03-20",983.52002
"2018-03-21",978.52002
"2018-03-22",964.179993
"2018-03-23",955.580017
"2018-03-26",955.150024
"2018-03-27",964.440002
"2018-03-28",971.289978
"2018-03-29",975.929993
"2018-04-02",NA
"2018-04-03",970.719971
"2018-04-04",966.650024
"2018-04-05",989.299988
"2018-04-06",983.330017
"2018-04-09",989.23999
"2018-04-10",991.080017
"2018-04-11",988.51001
"2018-04-12",990.26001
"2018-04-13",992.299988
"2018-04-16",992.130005
"2018-04-17",995.840027
"2018-04-18",1001.320007
"2018-04-19",1002.890015
"2018-04-20",1004.440002
"2018-04-23",1008.650024
"2018-04-24",1003.27002
"2018-04-25",999.98999
"2018-04-26",1003.98999
"2018-04-27",1006.780029
"2018-04-30",1012.570007
"2018-05-01",NA
"2018-05-02",1022.780029
"2018-05-03",1017.950012
"2018-05-04",1023.650024
"2018-05-07",1027.380005
"2018-05-08",1029.689941
"2018-05-09",1034.849976
"2018-05-10",1037.380005
"2018-05-11",1039.959961
"2018-05-14",1038.390015
"2018-05-15",1033.540039
"2018-05-16",1023.640015
"2018-05-17",1032.890015
"2018-05-18",1022.869995
"2018-05-21",1018.830017
"2018-05-22",1026.180054
"2018-05-23",1015.200012
"2018-05-24",1011.940002
"2018-05-25",995.109985
"2018-05-29",964.039978
"2018-05-30",968.929993
"2018-05-31",959.25
"2018-06-01",976.5
"2018-06-04",987.580017
"2018-06-05",981.26001
"2018-06-06",991.349976
"2018-06-07",995.179993
"2018-06-08",987.169983
"2018-06-11",1002.330017
"2018-06-12",1003.809998
"2018-06-13",1000.940002
"2018-06-14",1006.460022
"2018-06-15",995.640015
"2018-06-18",987.960022
"2018-06-19",986.76001
"2018-06-20",990.52002
"2018-06-21",982.109985
"2018-06-22",990.789978
"2018-06-25",974.359985
"2018-06-26",976.780029
"2018-06-27",978.51001
"2018-06-28",972.349976
"2018-06-29",975.26001
"2018-07-02",968.73999
"2018-07-03",978.380005
"2018-07-05",998.719971
"2018-07-06",1003.280029
"2018-07-09",1005.330017
"2018-07-10",1001.419983
"2018-07-11",986.380005
"2018-07-12",989.609985
"2018-07-13",986.23999
"2018-07-16",984.75
"2018-07-17",984.340027
"2018-07-18",987.76001
"2018-07-19",984.880005
"2018-07-20",984.830017
"2018-07-23",985.01001
"2018-07-24",990.039978
"2018-07-25",983.76001
"2018-07-26",990.530029
"2018-07-27",998.890015
"2018-07-30",997.599976
"2018-07-31",998.719971
"2018-08-01",991.76001
"2018-08-02",981.950012
"2018-08-03",985.919983
"2018-08-06",984.76001
"2018-08-07",989.140015
"2018-08-08",986.609985
"2018-08-09",986.900024
"2018-08-10",971.330017
"2018-08-13",963.359985
"2018-08-14",961.369995
"2018-08-15",949.830017
"2018-08-16",954.52002
"2018-08-17",953.26001
"2018-08-20",957.650024
"2018-08-21",965.559998
"2018-08-22",968.150024
"2018-08-23",967.22998
"2018-08-24",969.140015
"2018-08-27",976
"2018-08-28",971.099976
"2018-08-29",968.890015
"2018-08-30",958.780029
"2018-08-31",951.780029
"2018-09-04",949.460022
"2018-09-05",941.900024
"2018-09-06",932.530029
"2018-09-07",928.390015
"2018-09-10",938.369995
"2018-09-11",939.559998
"2018-09-12",941.119995
"2018-09-13",943.809998
"2018-09-14",947.200012
"2018-09-17",951.359985
"2018-09-18",955.869995
"2018-09-19",960.51001
"2018-09-20",970.219971
"2018-09-21",970.849976
"2018-09-24",963.02002
"2018-09-25",962.01001
"2018-09-26",965.080017
"2018-09-27",965.690002
"2018-09-28",951.070007
"2018-10-01",953.219971
"2018-10-02",943.450012
"2018-10-03",948.599976
"2018-10-04",944.119995
"2018-10-05",938.159973
"2018-10-08",932.26001
"2018-10-09",937.380005
"2018-10-10",927.659973
"2018-10-11",911.890015
"2018-10-12",901.650024
"2018-10-15",902.97998
"2018-10-16",917.380005
"2018-10-17",910.450012
"2018-10-18",899.820007
"2018-10-19",900.950012
"2018-10-22",892.530029
"2018-10-23",883.080017
"2018-10-24",878.179993
"2018-10-25",888.599976
"2018-10-26",882.820007
"2018-10-29",892.690002
"2018-10-30",890.76001
"2018-10-31",899.109985
"2018-11-01",905.359985
"2018-11-02",909.77002
"2018-11-05",910.690002
"2018-11-06",903.340027
"2018-11-07",924.650024
"2018-11-08",925.359985
"2018-11-09",919.599976
"2018-11-12",913.570007
"2018-11-13",920.76001
"2018-11-14",916.77002
"2018-11-15",913.580017
"2018-11-16",910.849976
"2018-11-19",906.429993
"2018-11-20",892.409973
"2018-11-21",901.26001
"2018-11-23",896.179993
"2018-11-26",913.460022
"2018-11-27",912.820007
"2018-11-28",914.72998
"2018-11-29",914.559998
"2018-11-30",911.840027
"2018-12-03",922.190002
"2018-12-04",910.26001
"2018-12-06",880.98999
"2018-12-07",885.52002
"2018-12-10",869.609985
"2018-12-11",877.109985
"2018-12-12",890.859985
"2018-12-13",897.849976
"2018-12-14",893.450012
"2018-12-17",886.799988
"2018-12-18",875.700012
"2018-12-19",882.440002
"2018-12-20",866.309998
"2018-12-21",862.780029
"2018-12-24",855.320007
"2018-12-26",NA
"2018-12-27",844.51001
"2018-12-28",857.799988
"2018-12-31",862.599976
"2019-01-02",864.140015
"2019-01-03",862.26001
"2019-01-04",883.369995
"2019-01-07",887.219971
"2019-01-08",894.299988
"2019-01-09",892.200012
"2019-01-10",896.349976
"2019-01-11",898.419983
"2019-01-14",891.98999
"2019-01-15",895.26001
"2019-01-16",901.690002
"2019-01-17",900.450012
"2019-01-18",916.580017
"2019-01-22",913.700012
"2019-01-23",924.039978
"2019-01-24",924.349976
"2019-01-25",928.340027
"2019-01-28",916.580017
"2019-01-29",921.51001
"2019-01-30",915.409973
"2019-01-31",913.609985
"2019-02-01",909.77002
"2019-02-04",906.02002
"2019-02-05",917.940002
"2019-02-06",919.080017
"2019-02-07",902.570007
"2019-02-08",894.789978
"2019-02-11",902.570007
"2019-02-12",907.099976
"2019-02-13",906.27002
"2019-02-14",903.830017
"2019-02-15",920.320007
"2019-02-19",921.599976
"2019-02-20",926.859985
"2019-02-21",927.72998
"2019-02-22",929.090027
"2019-02-25",929.210022
"2019-02-26",930.669983
"2019-02-27",929.859985
"2019-02-28",936.47998
"2019-03-01",935.150024
"2019-03-04",934.080017
"2019-03-05",933.690002
"2019-03-06",937.320007
"2019-03-07",931.840027
"2019-03-08",919.869995
"2019-03-11",924.640015
"2019-03-12",923.719971
"2019-03-13",928.140015
"2019-03-14",930.419983
"2019-03-15",943.549988
"2019-03-18",950.109985
"2019-03-19",958.359985
"2019-03-20",950.219971
"2019-03-21",944.630005
"2019-03-22",928.299988
"2019-03-25",926.119995
"2019-03-26",925.98999
"2019-03-27",930.960022
"2019-03-28",924.799988
"2019-03-29",931.880005
"2019-04-01",942.380005
"2019-04-02",944.22998
"2019-04-03",956.159973
"2019-04-04",960.73999
"2019-04-05",958.72998
"2019-04-08",951.659973
"2019-04-09",948.429993
"2019-04-10",947.73999
"2019-04-11",952.469971
"2019-04-12",955.450012
"2019-04-15",957.890015
"2019-04-16",957.450012
"2019-04-17",962.710022
"2019-04-18",965.340027
"2019-04-22",NA
"2019-04-23",960.26001
"2019-04-24",952.869995
"2019-04-25",957.799988
"2019-04-26",958.380005
"2019-04-29",960.130005
"2019-04-30",964.900024
"2019-05-01",NA
"2019-05-02",950.700012
"2019-05-03",949.559998
"2019-05-06",941.51001
"2019-05-07",931.52002
"2019-05-08",930.929993
"2019-05-09",917.200012
"2019-05-10",919.960022
"2019-05-13",912.820007
"2019-05-14",921.400024
"2019-05-15",925.950012
"2019-05-16",938.650024
"2019-05-17",936.26001
"2019-05-20",928.169983
"2019-05-21",931.530029
"2019-05-22",930.97998
"2019-05-23",919.119995
"2019-05-24",925.080017
"2019-05-28",926.799988
"2019-05-29",916.109985
"2019-05-30",923.909973
"2019-05-31",908.890015
"2019-06-03",909.809998
"2019-06-04",919.630005
"2019-06-05",922.700012
"2019-06-06",924.609985
"2019-06-07",931.109985
"2019-06-10",937.27002
"2019-06-11",935.830017
"2019-06-12",931.289978
"2019-06-13",931.830017
"2019-06-14",926.619995
"2019-06-17",920.27002
"2019-06-18",930.650024
"2019-06-19",929.869995
"2019-06-20",927.599976
"2019-06-21",929.359985
"2019-06-24",925.289978
"2019-06-25",922.280029
"2019-06-26",921.919983
"2019-06-27",920.73999
"2019-06-28",926.190002
"2019-07-01",932.880005
"2019-07-02",934.25
"2019-07-03",945.01001
"2019-07-05",938.450012
"2019-07-08",933.22998
"2019-07-09",931.940002
"2019-07-10",930.530029
"2019-07-11",933.679993
"2019-07-12",934.429993
"2019-07-15",937.039978
"2019-07-16",942.390015
"2019-07-17",933.090027
"2019-07-18",926.900024
"2019-07-19",921.299988
"2019-07-22",920.320007
"2019-07-23",932.289978
"2019-07-24",937.219971
"2019-07-25",933.22998
"2019-07-26",927.47998
"2019-07-29",926.119995
"2019-07-30",903.700012
"2019-07-31",902.27002
"2019-08-01",908.47998
"2019-08-02",894.169983
"2019-08-05",882.320007
"2019-08-06",874.359985
"2019-08-07",877.919983
"2019-08-08",890.359985
"2019-08-09",879.369995
"2019-08-12",870.119995
"2019-08-13",872.219971
"2019-08-14",854.969971
"2019-08-15",854.799988
"2019-08-16",869.97998
"2019-08-19",875.700012
"2019-08-20",864.23999
"2019-08-21",871.859985
"2019-08-22",873.580017
"2019-08-23",866.630005
"2019-08-26",869.380005
"2019-08-27",873.669983
"2019-08-28",875.23999
"2019-08-29",880.169983
"2019-08-30",881.640015
"2019-09-03",880.630005
"2019-09-04",885.570007
"2019-09-05",899.22998
"2019-09-06",898.789978
"2019-09-09",901.859985
"2019-09-10",908.51001
"2019-09-11",906.419983
"2019-09-12",908.789978
"2019-09-13",915.200012
"2019-09-16",907.299988
"2019-09-17",901.950012
"2019-09-18",904.659973
"2019-09-19",915.030029
"2019-09-20",919.48999
"2019-09-23",909.650024
"2019-09-24",911.72998
"2019-09-25",908.130005
"2019-09-26",912.039978
"2019-09-27",917.190002
"2019-09-30",923.349976
"2019-10-01",915.23999
"2019-10-02",890.099976
"2019-10-03",888.76001
"2019-10-04",894.659973
"2019-10-07",902.320007
"2019-10-08",892.780029
"2019-10-09",897.380005
"2019-10-10",908.01001
"2019-10-11",924.619995
"2019-10-14",921.619995
"2019-10-15",932.77002
"2019-10-16",935.940002
"2019-10-17",930.97998
"2019-10-18",930.380005
"2019-10-21",938.289978
"2019-10-22",936.77002
"2019-10-23",937.919983
"2019-10-24",938.909973
"2019-10-25",942.349976
"2019-10-28",943.150024
"2019-10-29",939.73999
"2019-10-30",926.909973
"2019-10-31",923.469971
"2019-11-01",929.659973
"2019-11-04",939.309998
"2019-11-05",939.289978
"2019-11-06",937.98999
"2019-11-07",943.710022
"2019-11-08",938.650024
"2019-11-11",937.969971
"2019-11-12",930.090027
"2019-11-13",917.72998
"2019-11-14",915.690002
"2019-11-15",923.710022
"2019-11-18",924.710022
"2019-11-19",925.369995
"2019-11-20",922.030029
"2019-11-21",921.179993
"2019-11-22",925.840027
"2019-11-25",931.830017
"2019-11-26",931.47998
"2019-11-27",935.340027
"2019-11-29",933.780029
"2019-12-02",915.26001
"2019-12-03",912.349976
"2019-12-04",925.849976
"2019-12-05",923.130005
"2019-12-06",936.070007
"2019-12-09",933.200012
"2019-12-10",930.390015
"2019-12-11",936.039978
"2019-12-12",943.960022
"2019-12-13",952.539978
"2019-12-16",963.909973
"2019-12-17",957.799988
"2019-12-18",958.25
"2019-12-19",957.580017
"2019-12-20",963.299988
"2019-12-23",961.150024
"2019-12-24",961.090027
"2019-12-26",NA
"2019-12-27",964.450012
"2019-12-30",957.039978
"2019-12-31",950.940002
"2020-01-02",965.580017
"2020-01-03",961.119995
"2020-01-06",956.789978
"2020-01-07",953.900024
"2020-01-08",955.169983
"2020-01-09",954.700012
"2020-01-10",953.789978
"2020-01-13",950.640015
"2020-01-14",948.400024
"2020-01-15",946.719971
"2020-01-16",952.669983
"2020-01-17",962.73999
"2020-01-21",956.369995
"2020-01-22",952.679993
"2020-01-23",947.450012
"2020-01-24",951.159973
"2020-01-27",932.200012
"2020-01-28",943.690002
"2020-01-29",950.690002
"2020-01-30",943.960022
"2020-01-31",932.530029
"2020-02-03",935.109985
"2020-02-04",950.900024
"2020-02-05",966.02002
"2020-02-06",975.179993
"2020-02-07",975.27002
"2020-02-10",975.72998
"2020-02-11",982.609985
"2020-02-12",989.419983
"2020-02-13",986.590027
"2020-02-14",990.76001
"2020-02-18",995.309998
"2020-02-19",1001.030029
"2020-02-20",987.47998
"2020-02-21",982.320007
"2020-02-24",943.77002
"2020-02-25",920.429993
"2020-02-26",927.440002
"2020-02-27",895.549988
"2020-02-28",870
"2020-03-02",870.900024
"2020-03-03",887.409973
"2020-03-04",886.5
"2020-03-05",863.330017
"2020-03-06",834.02002
"2020-03-09",766.25
"2020-03-10",743.369995
"2020-03-11",741.619995
"2020-03-12",637.98999
"2020-03-13",659.919983
"2020-03-16",608.26001
"2020-03-17",645.940002
"2020-03-18",622.820007
"2020-03-19",634.349976
"2020-03-20",638.419983
"2020-03-23",618.559998
"2020-03-24",665.159973
"2020-03-25",686.960022
"2020-03-26",695.349976
"2020-03-27",671.200012
"2020-03-30",659.890015
"2020-03-31",671.460022
"2020-04-01",651.840027
"2020-04-02",651.609985
"2020-04-03",652.090027
"2020-04-06",676.809998
"2020-04-07",691.02002
"2020-04-08",686.320007
"2020-04-09",696.570007
"2020-04-13",NA
"2020-04-14",699.650024
"2020-04-15",672.669983
"2020-04-16",665.77002
"2020-04-17",675.349976
"2020-04-20",671.830017
"2020-04-21",652.419983
"2020-04-22",661.280029
"2020-04-23",665.48999
"2020-04-24",652.349976
"2020-04-27",664.369995
"2020-04-28",675.890015
"2020-04-29",697.919983
"2020-04-30",684.789978
"2020-05-01",NA
"2020-05-04",661.47998
"2020-05-05",669.320007
"2020-05-06",661.440002
"2020-05-07",666
"2020-05-08",670.72998
"2020-05-11",660.609985
"2020-05-12",667.830017
"2020-05-13",654.809998
"2020-05-14",646.780029
"2020-05-15",639.859985
"2020-05-18",669.190002
"2020-05-19",652.150024
"2020-05-20",659.570007
"2020-05-21",659.669983
"2020-05-22",661.460022
"2020-05-26",691.280029
"2020-05-27",707.900024
"2020-05-28",712.210022
"2020-05-29",699.47998
"2020-06-01",711.299988
"2020-06-02",729.890015
"2020-06-03",751.369995
"2020-06-04",747.090027
"2020-06-05",778.280029
"2020-06-08",781.140015
"2020-06-09",766.960022
"2020-06-10",757.159973
"2020-06-11",719.059998
"2020-06-12",720.840027
"2020-06-15",716.969971
"2020-06-16",740.059998
"2020-06-17",738.059998
"2020-06-18",729.76001
"2020-06-19",731.869995
"2020-06-22",724.47998
"2020-06-23",734.440002
"2020-06-24",710.919983
"2020-06-25",718.159973
"2020-06-26",708.869995
"2020-06-29",718.77002
"2020-06-30",714.599976
"2020-07-01",714.219971
"2020-07-02",740.869995
"2020-07-06",747.099976
"2020-07-07",736.840027
"2020-07-08",724.690002
"2020-07-09",715.22998
"2020-07-10",723.76001
"2020-07-13",734.150024
"2020-07-14",727.75
"2020-07-15",741.190002
"2020-07-16",740.27002
"2020-07-17",737.01001
"2020-07-20",740.309998
"2020-07-21",741
"2020-07-22",731.080017
"2020-07-23",729.900024
"2020-07-24",721.159973
"2020-07-27",708.659973
"2020-07-28",715.659973
"2020-07-29",710.130005
"2020-07-30",689.76001
"2020-07-31",678.530029
"2020-08-03",688.799988
"2020-08-04",693.849976
"2020-08-05",694.640015
"2020-08-06",687.030029
"2020-08-07",685.409973
"2020-08-10",695.409973
"2020-08-11",715.97998
"2020-08-12",718.400024
"2020-08-13",714.159973
"2020-08-14",704.809998
"2020-08-17",698.390015
"2020-08-18",693.450012
"2020-08-19",698.840027
"2020-08-20",688.72998
"2020-08-21",687
"2020-08-24",699.969971
"2020-08-25",699.570007
"2020-08-26",700.809998
"2020-08-27",697.73999
"2020-08-28",701.969971
"2020-08-31",685.950012
"2020-09-01",684.650024
"2020-09-02",687.369995
"2020-09-03",688.859985
"2020-09-04",688.380005
"2020-09-08",685.549988
"2020-09-09",692.169983
"2020-09-10",689.599976
"2020-09-11",684.700012
"2020-09-14",685.919983
"2020-09-15",692.919983
"2020-09-16",698.669983
"2020-09-17",694.059998
"2020-09-18",681.630005
"2020-09-21",658.409973
"2020-09-22",653.98999
"2020-09-23",654.099976
"2020-09-24",653.469971
"2020-09-25",652.51001
"2020-09-28",667.919983
"2020-09-29",659.950012
"2020-09-30",661.429993
"2020-10-01",662.450012
"2020-10-02",664.77002
"2020-10-05",673.419983
"2020-10-06",683.380005
"2020-10-07",680.679993
"2020-10-08",688.73999
"2020-10-09",685.099976
"2020-10-12",685.320007
"2020-10-13",677.380005
"2020-10-14",680.940002
"2020-10-15",671.830017
"2020-10-16",675.609985
"2020-10-19",675.909973
"2020-10-20",681.840027
"2020-10-21",671.02002
"2020-10-22",669.919983
"2020-10-23",678.97998
"2020-10-26",669.570007
"2020-10-27",655.960022
"2020-10-28",638.380005
"2020-10-29",632.710022
"2020-10-30",636.609985
"2020-11-02",650.049988
"2020-11-03",666.159973
"2020-11-04",667.200012
"2020-11-05",681.929993
"2020-11-06",677.150024
"2020-11-09",735.25
"2020-11-10",760.710022
"2020-11-11",768.059998
"2020-11-12",761.880005
"2020-11-13",768.719971
"2020-11-16",790.25
"2020-11-17",786.039978
"2020-11-18",790.530029
"2020-11-19",785.340027
"2020-11-20",789.349976
"2020-11-23",790.23999
"2020-11-24",807.320007
"2020-11-25",809.140015
"2020-11-27",812.289978
"2020-11-30",800.840027
"2020-12-01",808.090027
"2020-12-02",816.950012
"2020-12-03",815.599976
"2020-12-04",829.75
"2020-12-07",824.320007
"2020-12-08",820.349976
"2020-12-09",820.409973
"2020-12-10",814.900024
"2020-12-11",802.919983
"2020-12-14",810.22998
"2020-12-15",812.299988
"2020-12-16",810.419983
"2020-12-17",812.200012
"2020-12-18",800.849976
"2020-12-21",776.849976
"2020-12-22",790.929993
"2020-12-23",804.549988
"2020-12-24",809
"2020-12-28",812.25
"2020-12-29",814.320007
"2020-12-30",812.179993
"2020-12-31",804.969971
"2021-01-04",807.890015
"2021-01-05",807.179993
"2021-01-06",834.099976
"2021-01-07",837.969971
"2021-01-08",839.309998
"2021-01-11",835.280029
"2021-01-12",834.330017
"2021-01-13",836.02002
"2021-01-14",836.52002
"2021-01-15",822.590027
"2021-01-19",819.630005
"2021-01-20",819.929993
"2021-01-21",811.039978
"2021-01-22",802.469971
"2021-01-25",788.460022
"2021-01-26",795.179993
"2021-01-27",783.349976
"2021-01-28",790.869995
"2021-01-29",773.460022
"2021-02-01",777.330017
"2021-02-02",793.419983
"2021-02-03",800.080017
"2021-02-04",811.799988
"2021-02-05",821.210022
"2021-02-08",822.700012
"2021-02-09",811.450012
"2021-02-10",808.23999
"2021-02-11",805.570007
"2021-02-12",807.280029
"2021-02-16",817.719971
"2021-02-17",814.52002
"2021-02-18",808.049988
"2021-02-19",817.719971
"2021-02-22",813.440002
"2021-02-23",825.23999
"2021-02-24",827.599976
"2021-02-25",832.26001
"2021-02-26",822.950012
"2021-03-01",837.76001
"2021-03-02",835.190002
"2021-03-03",832.900024
"2021-03-04",836.309998
"2021-03-05",830.299988
"2021-03-08",832.72998
"2021-03-09",849.52002
"2021-03-10",NA
