"Index","BAC.Close"
"2010-01-04",15.69
"2010-01-05",16.200001
"2010-01-06",16.389999
"2010-01-07",16.93
"2010-01-08",16.780001
"2010-01-11",16.93
"2010-01-12",16.360001
"2010-01-13",16.620001
"2010-01-14",16.82
"2010-01-15",16.26
"2010-01-19",16.32
"2010-01-20",16.49
"2010-01-21",15.47
"2010-01-22",14.9
"2010-01-25",14.98
"2010-01-26",14.77
"2010-01-27",15.19
"2010-01-28",15.37
"2010-01-29",15.18
"2010-02-01",15.42
"2010-02-02",15.6
"2010-02-03",15.53
"2010-02-04",14.75
"2010-02-05",15
"2010-02-08",14.48
"2010-02-09",14.47
"2010-02-10",14.67
"2010-02-11",14.63
"2010-02-12",14.45
"2010-02-16",15.16
"2010-02-17",15.66
"2010-02-18",15.88
"2010-02-19",15.88
"2010-02-22",16.209999
"2010-02-23",15.94
"2010-02-24",16.33
"2010-02-25",16.549999
"2010-02-26",16.66
"2010-03-01",16.709999
"2010-03-02",16.459999
"2010-03-03",16.370001
"2010-03-04",16.4
"2010-03-05",16.700001
"2010-03-08",16.74
"2010-03-09",16.799999
"2010-03-10",17.110001
"2010-03-11",17.120001
"2010-03-12",16.85
"2010-03-15",16.85
"2010-03-16",17.030001
"2010-03-17",17.27
"2010-03-18",17.08
"2010-03-19",16.82
"2010-03-22",16.959999
"2010-03-23",17.129999
"2010-03-24",17.57
"2010-03-25",17.74
"2010-03-26",17.9
"2010-03-29",18.040001
"2010-03-30",17.76
"2010-03-31",17.85
"2010-04-01",18.040001
"2010-04-05",18.129999
"2010-04-06",18.49
"2010-04-07",18.620001
"2010-04-08",18.65
"2010-04-09",18.59
"2010-04-12",18.66
"2010-04-13",18.67
"2010-04-14",19.4
"2010-04-15",19.48
"2010-04-16",18.41
"2010-04-19",18.389999
"2010-04-20",18.610001
"2010-04-21",18.280001
"2010-04-22",18.540001
"2010-04-23",18.43
"2010-04-26",18.049999
"2010-04-27",17.469999
"2010-04-28",17.780001
"2010-04-29",18.299999
"2010-04-30",17.83
"2010-05-03",18.059999
"2010-05-04",17.559999
"2010-05-05",17.530001
"2010-05-06",16.280001
"2010-05-07",16.18
"2010-05-10",17.299999
"2010-05-11",17.16
"2010-05-12",17.07
"2010-05-13",16.870001
"2010-05-14",16.34
"2010-05-17",16.35
"2010-05-18",15.95
"2010-05-19",16.309999
"2010-05-20",15.3
"2010-05-21",15.99
"2010-05-24",15.4
"2010-05-25",15.49
"2010-05-26",15.47
"2010-05-27",16.18
"2010-05-28",15.74
"2010-06-01",15.44
"2010-06-02",15.89
"2010-06-03",15.81
"2010-06-04",15.35
"2010-06-07",14.83
"2010-06-08",15.33
"2010-06-09",15.01
"2010-06-10",15.46
"2010-06-11",15.6
"2010-06-14",15.41
"2010-06-15",15.8
"2010-06-16",15.87
"2010-06-17",15.82
"2010-06-18",15.82
"2010-06-21",15.79
"2010-06-22",15.58
"2010-06-23",15.43
"2010-06-24",15.02
"2010-06-25",15.42
"2010-06-28",15.24
"2010-06-29",14.57
"2010-06-30",14.37
"2010-07-01",14.02
"2010-07-02",13.84
"2010-07-06",14.06
"2010-07-07",14.71
"2010-07-08",14.86
"2010-07-09",15.11
"2010-07-12",15.21
"2010-07-13",15.67
"2010-07-14",15.67
"2010-07-15",15.39
"2010-07-16",13.98
"2010-07-19",13.61
"2010-07-20",13.77
"2010-07-21",13.36
"2010-07-22",13.66
"2010-07-23",13.74
"2010-07-26",14.15
"2010-07-27",14.19
"2010-07-28",13.99
"2010-07-29",14.03
"2010-07-30",14.04
"2010-08-02",14.44
"2010-08-03",14.34
"2010-08-04",14.19
"2010-08-05",14.02
"2010-08-06",13.96
"2010-08-09",13.91
"2010-08-10",13.63
"2010-08-11",13.19
"2010-08-12",13.06
"2010-08-13",13.23
"2010-08-16",13.19
"2010-08-17",13.21
"2010-08-18",13.32
"2010-08-19",13.02
"2010-08-20",12.87
"2010-08-23",12.87
"2010-08-24",12.64
"2010-08-25",12.66
"2010-08-26",12.47
"2010-08-27",12.64
"2010-08-30",12.32
"2010-08-31",12.46
"2010-09-01",13.21
"2010-09-02",13.28
"2010-09-03",13.5
"2010-09-07",13.21
"2010-09-08",13.37
"2010-09-09",13.5
"2010-09-10",13.55
"2010-09-13",13.95
"2010-09-14",13.68
"2010-09-15",13.71
"2010-09-16",13.55
"2010-09-17",13.4
"2010-09-20",13.74
"2010-09-21",13.65
"2010-09-22",13.42
"2010-09-23",13.17
"2010-09-24",13.6
"2010-09-27",13.24
"2010-09-28",13.27
"2010-09-29",13.11
"2010-09-30",13.1
"2010-10-01",13.3
"2010-10-04",13.15
"2010-10-05",13.56
"2010-10-06",13.39
"2010-10-07",13.31
"2010-10-08",13.18
"2010-10-11",13.15
"2010-10-12",13.52
"2010-10-13",13.29
"2010-10-14",12.6
"2010-10-15",11.98
"2010-10-18",12.34
"2010-10-19",11.8
"2010-10-20",11.75
"2010-10-21",11.36
"2010-10-22",11.44
"2010-10-25",11.16
"2010-10-26",11.3
"2010-10-27",11.54
"2010-10-28",11.53
"2010-10-29",11.45
"2010-11-01",11.5
"2010-11-02",11.4
"2010-11-03",11.52
"2010-11-04",12.13
"2010-11-05",12.36
"2010-11-08",12.6
"2010-11-09",12.27
"2010-11-10",12.57
"2010-11-11",12.37
"2010-11-12",12.12
"2010-11-15",12.1
"2010-11-16",11.94
"2010-11-17",11.62
"2010-11-18",11.7
"2010-11-19",11.66
"2010-11-22",11.3
"2010-11-23",11.09
"2010-11-24",11.28
"2010-11-26",11.12
"2010-11-29",11.31
"2010-11-30",10.95
"2010-12-01",11.29
"2010-12-02",11.68
"2010-12-03",11.86
"2010-12-06",11.64
"2010-12-07",11.57
"2010-12-08",12
"2010-12-09",12.65
"2010-12-10",12.8
"2010-12-13",12.54
"2010-12-14",12.4
"2010-12-15",12.29
"2010-12-16",12.52
"2010-12-17",12.57
"2010-12-20",12.62
"2010-12-21",12.98
"2010-12-22",13.38
"2010-12-23",13.06
"2010-12-27",13.27
"2010-12-28",13.34
"2010-12-29",13.31
"2010-12-30",13.28
"2010-12-31",13.34
"2011-01-03",14.19
"2011-01-04",14.24
"2011-01-05",14.5
"2011-01-06",14.44
"2011-01-07",14.25
"2011-01-10",14.4
"2011-01-11",14.69
"2011-01-12",14.99
"2011-01-13",14.77
"2011-01-14",15.25
"2011-01-18",15
"2011-01-19",14.37
"2011-01-20",14.54
"2011-01-21",14.25
"2011-01-24",13.92
"2011-01-25",13.63
"2011-01-26",13.55
"2011-01-27",13.67
"2011-01-28",13.6
"2011-01-31",13.73
"2011-02-01",14.31
"2011-02-02",14.24
"2011-02-03",14.43
"2011-02-04",14.29
"2011-02-07",14.67
"2011-02-08",14.61
"2011-02-09",14.64
"2011-02-10",14.49
"2011-02-11",14.77
"2011-02-14",14.89
"2011-02-15",14.77
"2011-02-16",14.84
"2011-02-17",14.81
"2011-02-18",14.75
"2011-02-22",14.18
"2011-02-23",14.17
"2011-02-24",13.97
"2011-02-25",14.2
"2011-02-28",14.29
"2011-03-01",13.93
"2011-03-02",13.83
"2011-03-03",14.27
"2011-03-04",14.12
"2011-03-07",14.03
"2011-03-08",14.69
"2011-03-09",14.59
"2011-03-10",14.26
"2011-03-11",14.38
"2011-03-14",14.23
"2011-03-15",13.96
"2011-03-16",13.69
"2011-03-17",13.98
"2011-03-18",14.04
"2011-03-21",14.05
"2011-03-22",13.88
"2011-03-23",13.65
"2011-03-24",13.48
"2011-03-25",13.34
"2011-03-28",13.37
"2011-03-29",13.35
"2011-03-30",13.45
"2011-03-31",13.33
"2011-04-01",13.37
"2011-04-04",13.44
"2011-04-05",13.47
"2011-04-06",13.72
"2011-04-07",13.61
"2011-04-08",13.48
"2011-04-11",13.49
"2011-04-12",13.47
"2011-04-13",13.27
"2011-04-14",13.13
"2011-04-15",12.82
"2011-04-18",12.42
"2011-04-19",12.34
"2011-04-20",12.27
"2011-04-21",12.31
"2011-04-25",12.44
"2011-04-26",12.23
"2011-04-27",12.33
"2011-04-28",12.42
"2011-04-29",12.28
"2011-05-02",12.34
"2011-05-03",12.6
"2011-05-04",12.49
"2011-05-05",12.3
"2011-05-06",12.31
"2011-05-09",12.18
"2011-05-10",12.28
"2011-05-11",12.25
"2011-05-12",12.2
"2011-05-13",11.93
"2011-05-16",11.86
"2011-05-17",11.9
"2011-05-18",11.79
"2011-05-19",11.69
"2011-05-20",11.58
"2011-05-23",11.42
"2011-05-24",11.46
"2011-05-25",11.38
"2011-05-26",11.46
"2011-05-27",11.69
"2011-05-31",11.75
"2011-06-01",11.24
"2011-06-02",11.29
"2011-06-03",11.28
"2011-06-06",10.83
"2011-06-07",10.65
"2011-06-08",10.54
"2011-06-09",10.65
"2011-06-10",10.8
"2011-06-13",10.97
"2011-06-14",10.8
"2011-06-15",10.5
"2011-06-16",10.6
"2011-06-17",10.68
"2011-06-20",10.6
"2011-06-21",10.83
"2011-06-22",10.79
"2011-06-23",10.71
"2011-06-24",10.52
"2011-06-27",10.85
"2011-06-28",10.82
"2011-06-29",11.14
"2011-06-30",10.96
"2011-07-01",11.09
"2011-07-05",11
"2011-07-06",10.74
"2011-07-07",10.92
"2011-07-08",10.7
"2011-07-11",10.35
"2011-07-12",10.21
"2011-07-13",10.2
"2011-07-14",10.07
"2011-07-15",10
"2011-07-18",9.72
"2011-07-19",9.57
"2011-07-20",9.85
"2011-07-21",10.23
"2011-07-22",10.13
"2011-07-25",10.01
"2011-07-26",10
"2011-07-27",9.68
"2011-07-28",9.79
"2011-07-29",9.71
"2011-08-01",9.81
"2011-08-02",9.49
"2011-08-03",9.54
"2011-08-04",8.83
"2011-08-05",8.17
"2011-08-08",6.51
"2011-08-09",7.6
"2011-08-10",6.77
"2011-08-11",7.25
"2011-08-12",7.19
"2011-08-15",7.76
"2011-08-16",7.4
"2011-08-17",7.46
"2011-08-18",7.01
"2011-08-19",6.97
"2011-08-22",6.42
"2011-08-23",6.3
"2011-08-24",6.99
"2011-08-25",7.65
"2011-08-26",7.76
"2011-08-29",8.39
"2011-08-30",8.12
"2011-08-31",8.17
"2011-09-01",7.91
"2011-09-02",7.25
"2011-09-06",6.99
"2011-09-07",7.48
"2011-09-08",7.2
"2011-09-09",6.98
"2011-09-12",7.05
"2011-09-13",7
"2011-09-14",7.05
"2011-09-15",7.33
"2011-09-16",7.23
"2011-09-19",6.99
"2011-09-20",6.9
"2011-09-21",6.38
"2011-09-22",6.06
"2011-09-23",6.31
"2011-09-26",6.6
"2011-09-27",6.48
"2011-09-28",6.16
"2011-09-29",6.35
"2011-09-30",6.12
"2011-10-03",5.53
"2011-10-04",5.76
"2011-10-05",5.77
"2011-10-06",6.28
"2011-10-07",5.9
"2011-10-10",6.28
"2011-10-11",6.37
"2011-10-12",6.58
"2011-10-13",6.22
"2011-10-14",6.19
"2011-10-17",6.03
"2011-10-18",6.64
"2011-10-19",6.4
"2011-10-20",6.47
"2011-10-21",6.46
"2011-10-24",6.72
"2011-10-25",6.46
"2011-10-26",6.59
"2011-10-27",7.22
"2011-10-28",7.35
"2011-10-31",6.83
"2011-11-01",6.4
"2011-11-02",6.72
"2011-11-03",6.91
"2011-11-04",6.49
"2011-11-07",6.45
"2011-11-08",6.53
"2011-11-09",6.16
"2011-11-10",6.03
"2011-11-11",6.21
"2011-11-14",6.05
"2011-11-15",6.13
"2011-11-16",5.9
"2011-11-17",5.8
"2011-11-18",5.78
"2011-11-21",5.49
"2011-11-22",5.37
"2011-11-23",5.14
"2011-11-25",5.17
"2011-11-28",5.25
"2011-11-29",5.08
"2011-11-30",5.44
"2011-12-01",5.53
"2011-12-02",5.64
"2011-12-05",5.79
"2011-12-06",5.78
"2011-12-07",5.89
"2011-12-08",5.59
"2011-12-09",5.72
"2011-12-12",5.45
"2011-12-13",5.32
"2011-12-14",5.23
"2011-12-15",5.26
"2011-12-16",5.2
"2011-12-19",4.99
"2011-12-20",5.17
"2011-12-21",5.23
"2011-12-22",5.47
"2011-12-23",5.6
"2011-12-27",5.48
"2011-12-28",5.29
"2011-12-29",5.46
"2011-12-30",5.56
"2012-01-03",5.8
"2012-01-04",5.81
"2012-01-05",6.31
"2012-01-06",6.18
"2012-01-09",6.27
"2012-01-10",6.63
"2012-01-11",6.87
"2012-01-12",6.79
"2012-01-13",6.61
"2012-01-17",6.48
"2012-01-18",6.8
"2012-01-19",6.96
"2012-01-20",7.07
"2012-01-23",7.25
"2012-01-24",7.29
"2012-01-25",7.35
"2012-01-26",7.3
"2012-01-27",7.29
"2012-01-30",7.07
"2012-01-31",7.13
"2012-02-01",7.36
"2012-02-02",7.45
"2012-02-03",7.84
"2012-02-06",7.97
"2012-02-07",7.85
"2012-02-08",8.13
"2012-02-09",8.18
"2012-02-10",8.07
"2012-02-13",8.25
"2012-02-14",7.98
"2012-02-15",7.78
"2012-02-16",8.09
"2012-02-17",8.02
"2012-02-21",8.11
"2012-02-22",7.95
"2012-02-23",8.02
"2012-02-24",7.88
"2012-02-27",8.04
"2012-02-28",8.12
"2012-02-29",7.97
"2012-03-01",8.12
"2012-03-02",8.13
"2012-03-05",7.97
"2012-03-06",7.71
"2012-03-07",8.02
"2012-03-08",8.06
"2012-03-09",8.05
"2012-03-12",7.99
"2012-03-13",8.49
"2012-03-14",8.84
"2012-03-15",9.24
"2012-03-16",9.8
"2012-03-19",9.53
"2012-03-20",9.81
"2012-03-21",9.82
"2012-03-22",9.6
"2012-03-23",9.85
"2012-03-26",9.93
"2012-03-27",9.6
"2012-03-28",9.75
"2012-03-29",9.53
"2012-03-30",9.57
"2012-04-02",9.68
"2012-04-03",9.49
"2012-04-04",9.2
"2012-04-05",9.23
"2012-04-09",8.93
"2012-04-10",8.54
"2012-04-11",8.86
"2012-04-12",9.17
"2012-04-13",8.68
"2012-04-16",8.79
"2012-04-17",8.92
"2012-04-18",8.92
"2012-04-19",8.77
"2012-04-20",8.36
"2012-04-23",8.18
"2012-04-24",8.21
"2012-04-25",8.26
"2012-04-26",8.27
"2012-04-27",8.25
"2012-04-30",8.11
"2012-05-01",8.31
"2012-05-02",8.16
"2012-05-03",8
"2012-05-04",7.74
"2012-05-07",7.96
"2012-05-08",7.79
"2012-05-09",7.73
"2012-05-10",7.7
"2012-05-11",7.55
"2012-05-14",7.35
"2012-05-15",7.3
"2012-05-16",7.11
"2012-05-17",6.98
"2012-05-18",7.02
"2012-05-21",6.83
"2012-05-22",6.98
"2012-05-23",7.17
"2012-05-24",7.14
"2012-05-25",7.15
"2012-05-29",7.44
"2012-05-30",7.2
"2012-05-31",7.35
"2012-06-01",7.02
"2012-06-04",6.9
"2012-06-05",7.1
"2012-06-06",7.64
"2012-06-07",7.42
"2012-06-08",7.56
"2012-06-11",7.28
"2012-06-12",7.49
"2012-06-13",7.5
"2012-06-14",7.66
"2012-06-15",7.9
"2012-06-18",7.76
"2012-06-19",8.11
"2012-06-20",8.14
"2012-06-21",7.82
"2012-06-22",7.94
"2012-06-25",7.6
"2012-06-26",7.62
"2012-06-27",7.77
"2012-06-28",7.74
"2012-06-29",8.18
"2012-07-02",8.05
"2012-07-03",8.06
"2012-07-05",7.82
"2012-07-06",7.66
"2012-07-09",7.56
"2012-07-10",7.48
"2012-07-11",7.63
"2012-07-12",7.48
"2012-07-13",7.82
"2012-07-16",7.81
"2012-07-17",7.92
"2012-07-18",7.53
"2012-07-19",7.26
"2012-07-20",7.07
"2012-07-23",7.09
"2012-07-24",7.04
"2012-07-25",7.07
"2012-07-26",7.17
"2012-07-27",7.31
"2012-07-30",7.28
"2012-07-31",7.34
"2012-08-01",7.22
"2012-08-02",7.18
"2012-08-03",7.43
"2012-08-06",7.64
"2012-08-07",7.67
"2012-08-08",7.67
"2012-08-09",7.72
"2012-08-10",7.74
"2012-08-13",7.72
"2012-08-14",7.78
"2012-08-15",7.87
"2012-08-16",7.93
"2012-08-17",8
"2012-08-20",8.15
"2012-08-21",8.19
"2012-08-22",8.22
"2012-08-23",8.15
"2012-08-24",8.16
"2012-08-27",8.07
"2012-08-28",7.96
"2012-08-29",8
"2012-08-30",7.91
"2012-08-31",7.99
"2012-09-04",8
"2012-09-05",7.95
"2012-09-06",8.35
"2012-09-07",8.8
"2012-09-10",8.58
"2012-09-11",9.03
"2012-09-12",8.97
"2012-09-13",9.4
"2012-09-14",9.55
"2012-09-17",9.3
"2012-09-18",9.23
"2012-09-19",9.29
"2012-09-20",9.19
"2012-09-21",9.11
"2012-09-24",9.1
"2012-09-25",8.93
"2012-09-26",8.82
"2012-09-27",8.97
"2012-09-28",8.83
"2012-10-01",8.96
"2012-10-02",8.93
"2012-10-03",9.11
"2012-10-04",9.41
"2012-10-05",9.32
"2012-10-08",9.28
"2012-10-09",9.21
"2012-10-10",9.21
"2012-10-11",9.34
"2012-10-12",9.12
"2012-10-15",9.44
"2012-10-16",9.46
"2012-10-17",9.44
"2012-10-18",9.47
"2012-10-19",9.44
"2012-10-22",9.55
"2012-10-23",9.36
"2012-10-24",9.31
"2012-10-25",9.24
"2012-10-26",9.12
"2012-10-31",9.32
"2012-11-01",9.74
"2012-11-02",9.85
"2012-11-05",9.75
"2012-11-06",9.94
"2012-11-07",9.23
"2012-11-08",9.39
"2012-11-09",9.43
"2012-11-12",9.39
"2012-11-13",9.33
"2012-11-14",8.99
"2012-11-15",9.09
"2012-11-16",9.12
"2012-11-19",9.49
"2012-11-20",9.63
"2012-11-21",9.77
"2012-11-23",9.9
"2012-11-26",9.84
"2012-11-27",9.66
"2012-11-28",9.76
"2012-11-29",9.83
"2012-11-30",9.86
"2012-12-03",9.8
"2012-12-04",9.91
"2012-12-05",10.46
"2012-12-06",10.46
"2012-12-07",10.64
"2012-12-10",10.57
"2012-12-11",10.51
"2012-12-12",10.61
"2012-12-13",10.54
"2012-12-14",10.58
"2012-12-17",11
"2012-12-18",11.36
"2012-12-19",11.19
"2012-12-20",11.52
"2012-12-21",11.29
"2012-12-24",11.25
"2012-12-26",11.54
"2012-12-27",11.47
"2012-12-28",11.36
"2012-12-31",11.61
"2013-01-02",12.03
"2013-01-03",11.96
"2013-01-04",12.11
"2013-01-07",12.09
"2013-01-08",11.98
"2013-01-09",11.43
"2013-01-10",11.78
"2013-01-11",11.63
"2013-01-14",11.47
"2013-01-15",11.55
"2013-01-16",11.78
"2013-01-17",11.28
"2013-01-18",11.14
"2013-01-22",11.35
"2013-01-23",11.42
"2013-01-24",11.53
"2013-01-25",11.62
"2013-01-28",11.48
"2013-01-29",11.49
"2013-01-30",11.38
"2013-01-31",11.32
"2013-02-01",11.71
"2013-02-04",11.48
"2013-02-05",11.88
"2013-02-06",11.93
"2013-02-07",11.84
"2013-02-08",11.76
"2013-02-11",11.86
"2013-02-12",12.25
"2013-02-13",12.17
"2013-02-14",12.13
"2013-02-15",12.03
"2013-02-19",12.19
"2013-02-20",11.8
"2013-02-21",11.42
"2013-02-22",11.44
"2013-02-25",11.03
"2013-02-26",11.13
"2013-02-27",11.3
"2013-02-28",11.23
"2013-03-01",11.34
"2013-03-04",11.41
"2013-03-05",11.55
"2013-03-06",11.92
"2013-03-07",12.26
"2013-03-08",12.07
"2013-03-11",12.15
"2013-03-12",12.01
"2013-03-13",12.06
"2013-03-14",12.11
"2013-03-15",12.57
"2013-03-18",12.56
"2013-03-19",12.71
"2013-03-20",12.78
"2013-03-21",12.57
"2013-03-22",12.56
"2013-03-25",12.4
"2013-03-26",12.28
"2013-03-27",12.23
"2013-03-28",12.18
"2013-04-01",12.15
"2013-04-02",12.15
"2013-04-03",11.81
"2013-04-04",11.94
"2013-04-05",11.97
"2013-04-08",12.21
"2013-04-09",12.25
"2013-04-10",12.32
"2013-04-11",12.27
"2013-04-12",12.17
"2013-04-15",11.98
"2013-04-16",12.28
"2013-04-17",11.7
"2013-04-18",11.44
"2013-04-19",11.66
"2013-04-22",11.72
"2013-04-23",12.07
"2013-04-24",12.31
"2013-04-25",12.44
"2013-04-26",12.42
"2013-04-29",12.38
"2013-04-30",12.31
"2013-05-01",12.14
"2013-05-02",12.19
"2013-05-03",12.24
"2013-05-06",12.88
"2013-05-07",12.9
"2013-05-08",13.02
"2013-05-09",12.91
"2013-05-10",13.02
"2013-05-13",12.98
"2013-05-14",13.34
"2013-05-15",13.44
"2013-05-16",13.36
"2013-05-17",13.43
"2013-05-20",13.51
"2013-05-21",13.44
"2013-05-22",13.31
"2013-05-23",13.21
"2013-05-24",13.24
"2013-05-28",13.35
"2013-05-29",13.48
"2013-05-30",13.83
"2013-05-31",13.66
"2013-06-03",13.55
"2013-06-04",13.36
"2013-06-05",13.09
"2013-06-06",13.2
"2013-06-07",13.38
"2013-06-10",13.3
"2013-06-11",13.12
"2013-06-12",13.06
"2013-06-13",13.21
"2013-06-14",13.07
"2013-06-17",13.21
"2013-06-18",13.27
"2013-06-19",13.19
"2013-06-20",12.89
"2013-06-21",12.69
"2013-06-24",12.3
"2013-06-25",12.67
"2013-06-26",12.76
"2013-06-27",13.01
"2013-06-28",12.86
"2013-07-01",12.93
"2013-07-02",12.9
"2013-07-03",12.83
"2013-07-05",13.06
"2013-07-08",13.28
"2013-07-09",13.53
"2013-07-10",13.37
"2013-07-11",13.51
"2013-07-12",13.78
"2013-07-15",13.88
"2013-07-16",13.92
"2013-07-17",14.31
"2013-07-18",14.76
"2013-07-19",14.75
"2013-07-22",14.92
"2013-07-23",14.94
"2013-07-24",14.71
"2013-07-25",14.83
"2013-07-26",14.73
"2013-07-29",14.52
"2013-07-30",14.52
"2013-07-31",14.6
"2013-08-01",14.95
"2013-08-02",14.84
"2013-08-05",14.8
"2013-08-06",14.64
"2013-08-07",14.53
"2013-08-08",14.61
"2013-08-09",14.45
"2013-08-12",14.41
"2013-08-13",14.51
"2013-08-14",14.6
"2013-08-15",14.32
"2013-08-16",14.42
"2013-08-19",14.15
"2013-08-20",14.29
"2013-08-21",14.34
"2013-08-22",14.57
"2013-08-23",14.57
"2013-08-26",14.49
"2013-08-27",14.11
"2013-08-28",14.12
"2013-08-29",14.17
"2013-08-30",14.12
"2013-09-03",14.25
"2013-09-04",14.32
"2013-09-05",14.37
"2013-09-06",14.36
"2013-09-09",14.48
"2013-09-10",14.61
"2013-09-11",14.65
"2013-09-12",14.48
"2013-09-13",14.49
"2013-09-16",14.53
"2013-09-17",14.55
"2013-09-18",14.71
"2013-09-19",14.61
"2013-09-20",14.44
"2013-09-23",14.14
"2013-09-24",14.09
"2013-09-25",14.14
"2013-09-26",14.08
"2013-09-27",13.9
"2013-09-30",13.8
"2013-10-01",13.9
"2013-10-02",14.06
"2013-10-03",14
"2013-10-04",14.05
"2013-10-07",13.81
"2013-10-08",13.69
"2013-10-09",13.84
"2013-10-10",14.23
"2013-10-11",14.19
"2013-10-14",14.35
"2013-10-15",14.24
"2013-10-16",14.56
"2013-10-17",14.66
"2013-10-18",14.63
"2013-10-21",14.52
"2013-10-22",14.52
"2013-10-23",14.21
"2013-10-24",14.17
"2013-10-25",14.26
"2013-10-28",14.23
"2013-10-29",14.15
"2013-10-30",14.17
"2013-10-31",13.97
"2013-11-01",14.02
"2013-11-04",14.04
"2013-11-05",13.93
"2013-11-06",13.96
"2013-11-07",13.8
"2013-11-08",14.32
"2013-11-11",14.4
"2013-11-12",14.32
"2013-11-13",14.64
"2013-11-14",14.8
"2013-11-15",14.92
"2013-11-18",14.92
"2013-11-19",15.2
"2013-11-20",15.14
"2013-11-21",15.59
"2013-11-22",15.64
"2013-11-25",15.81
"2013-11-26",15.88
"2013-11-27",15.83
"2013-11-29",15.82
"2013-12-02",15.73
"2013-12-03",15.54
"2013-12-04",15.63
"2013-12-05",15.43
"2013-12-06",15.56
"2013-12-09",15.58
"2013-12-10",15.56
"2013-12-11",15.25
"2013-12-12",15.25
"2013-12-13",15.18
"2013-12-16",15.24
"2013-12-17",15.18
"2013-12-18",15.69
"2013-12-19",15.75
"2013-12-20",15.6
"2013-12-23",15.69
"2013-12-24",15.7
"2013-12-26",15.65
"2013-12-27",15.67
"2013-12-30",15.54
"2013-12-31",15.57
"2014-01-02",16.1
"2014-01-03",16.41
"2014-01-06",16.66
"2014-01-07",16.5
"2014-01-08",16.58
"2014-01-09",16.83
"2014-01-10",16.77
"2014-01-13",16.43
"2014-01-14",16.77
"2014-01-15",17.15
"2014-01-16",17.08
"2014-01-17",17.01
"2014-01-21",17.01
"2014-01-22",17.15
"2014-01-23",16.860001
"2014-01-24",16.450001
"2014-01-27",16.309999
"2014-01-28",16.73
"2014-01-29",16.68
"2014-01-30",16.93
"2014-01-31",16.75
"2014-02-03",16.35
"2014-02-04",16.35
"2014-02-05",16.4
"2014-02-06",16.690001
"2014-02-07",16.82
"2014-02-10",16.719999
"2014-02-11",16.879999
"2014-02-12",16.75
"2014-02-13",16.75
"2014-02-14",16.700001
"2014-02-18",16.469999
"2014-02-19",16.200001
"2014-02-20",16.299999
"2014-02-21",16.290001
"2014-02-24",16.530001
"2014-02-25",16.34
"2014-02-26",16.33
"2014-02-27",16.49
"2014-02-28",16.530001
"2014-03-03",16.299999
"2014-03-04",16.73
"2014-03-05",17.25
"2014-03-06",17.35
"2014-03-07",17.33
"2014-03-10",17.469999
"2014-03-11",17.27
"2014-03-12",17.280001
"2014-03-13",17.16
"2014-03-14",16.799999
"2014-03-17",17.110001
"2014-03-18",17.190001
"2014-03-19",17.440001
"2014-03-20",17.92
"2014-03-21",17.559999
"2014-03-24",17.370001
"2014-03-25",17.209999
"2014-03-26",17.18
"2014-03-27",17.01
"2014-03-28",16.98
"2014-03-31",17.200001
"2014-04-01",17.34
"2014-04-02",17.23
"2014-04-03",17.15
"2014-04-04",16.719999
"2014-04-07",16.379999
"2014-04-08",16.440001
"2014-04-09",16.620001
"2014-04-10",16.120001
"2014-04-11",15.77
"2014-04-14",16
"2014-04-15",16.389999
"2014-04-16",16.129999
"2014-04-17",16.15
"2014-04-21",16.09
"2014-04-22",16.290001
"2014-04-23",16.370001
"2014-04-24",16.34
"2014-04-25",15.95
"2014-04-28",14.95
"2014-04-29",15.24
"2014-04-30",15.14
"2014-05-01",15.09
"2014-05-02",15.25
"2014-05-05",15.08
"2014-05-06",14.73
"2014-05-07",14.8
"2014-05-08",14.93
"2014-05-09",14.74
"2014-05-12",15.07
"2014-05-13",15.03
"2014-05-14",14.84
"2014-05-15",14.55
"2014-05-16",14.51
"2014-05-19",14.67
"2014-05-20",14.53
"2014-05-21",14.61
"2014-05-22",14.71
"2014-05-23",14.72
"2014-05-27",15.22
"2014-05-28",15.14
"2014-05-29",15.15
"2014-05-30",15.14
"2014-06-02",15.26
"2014-06-03",15.21
"2014-06-04",15.21
"2014-06-05",15.43
"2014-06-06",15.59
"2014-06-09",15.84
"2014-06-10",15.92
"2014-06-11",15.59
"2014-06-12",15.42
"2014-06-13",15.44
"2014-06-16",15.28
"2014-06-17",15.59
"2014-06-18",15.65
"2014-06-19",15.55
"2014-06-20",15.45
"2014-06-23",15.64
"2014-06-24",15.49
"2014-06-25",15.47
"2014-06-26",15.41
"2014-06-27",15.33
"2014-06-30",15.37
"2014-07-01",15.6
"2014-07-02",15.85
"2014-07-03",16.030001
"2014-07-07",15.94
"2014-07-08",15.58
"2014-07-09",15.6
"2014-07-10",15.44
"2014-07-11",15.38
"2014-07-14",15.57
"2014-07-15",15.81
"2014-07-16",15.51
"2014-07-17",15.2
"2014-07-18",15.49
"2014-07-21",15.52
"2014-07-22",15.52
"2014-07-23",15.52
"2014-07-24",15.62
"2014-07-25",15.59
"2014-07-28",15.5
"2014-07-29",15.34
"2014-07-30",15.58
"2014-07-31",15.25
"2014-08-01",14.98
"2014-08-04",15.05
"2014-08-05",15
"2014-08-06",15.2
"2014-08-07",15.12
"2014-08-08",15.2
"2014-08-11",15.22
"2014-08-12",15.21
"2014-08-13",15.25
"2014-08-14",15.32
"2014-08-15",15.22
"2014-08-18",15.45
"2014-08-19",15.45
"2014-08-20",15.52
"2014-08-21",16.16
"2014-08-22",16.129999
"2014-08-25",16.290001
"2014-08-26",16.33
"2014-08-27",16.200001
"2014-08-28",16.01
"2014-08-29",16.09
"2014-09-02",16.27
"2014-09-03",16.1
"2014-09-04",16.110001
"2014-09-05",16.02
"2014-09-08",16.35
"2014-09-09",16.139999
"2014-09-10",16.360001
"2014-09-11",16.57
"2014-09-12",16.790001
"2014-09-15",16.74
"2014-09-16",16.709999
"2014-09-17",16.77
"2014-09-18",17.040001
"2014-09-19",16.950001
"2014-09-22",17.030001
"2014-09-23",17.049999
"2014-09-24",17.18
"2014-09-25",16.85
"2014-09-26",17.030001
"2014-09-29",17.01
"2014-09-30",17.049999
"2014-10-01",16.82
"2014-10-02",16.879999
"2014-10-03",17.290001
"2014-10-06",17.290001
"2014-10-07",16.879999
"2014-10-08",17.120001
"2014-10-09",16.59
"2014-10-10",16.48
"2014-10-13",16.4
"2014-10-14",16.52
"2014-10-15",15.76
"2014-10-16",16.08
"2014-10-17",16.209999
"2014-10-20",16.26
"2014-10-21",16.6
"2014-10-22",16.4
"2014-10-23",16.6
"2014-10-24",16.719999
"2014-10-27",16.59
"2014-10-28",16.799999
"2014-10-29",16.99
"2014-10-30",17.030001
"2014-10-31",17.16
"2014-11-03",17.27
"2014-11-04",17.209999
"2014-11-05",17.34
"2014-11-06",17.360001
"2014-11-07",17.360001
"2014-11-10",17.370001
"2014-11-11",17.32
"2014-11-12",17.290001
"2014-11-13",17.219999
"2014-11-14",17.139999
"2014-11-17",17.09
"2014-11-18",17.139999
"2014-11-19",17.059999
"2014-11-20",17
"2014-11-21",17.120001
"2014-11-24",17.18
"2014-11-25",17.1
"2014-11-26",17.110001
"2014-11-28",17.040001
"2014-12-01",16.790001
"2014-12-02",17.15
"2014-12-03",17.290001
"2014-12-04",17.209999
"2014-12-05",17.68
"2014-12-08",17.66
"2014-12-09",17.559999
"2014-12-10",17.379999
"2014-12-11",17.469999
"2014-12-12",17.129999
"2014-12-15",16.85
"2014-12-16",16.719999
"2014-12-17",17.26
"2014-12-18",17.530001
"2014-12-19",17.620001
"2014-12-22",17.709999
"2014-12-23",17.93
"2014-12-24",17.98
"2014-12-26",17.98
"2014-12-29",18.110001
"2014-12-30",18.129999
"2014-12-31",17.889999
"2015-01-02",17.9
"2015-01-05",17.379999
"2015-01-06",16.860001
"2015-01-07",16.940001
"2015-01-08",17.290001
"2015-01-09",16.98
"2015-01-12",16.68
"2015-01-13",16.450001
"2015-01-14",16.040001
"2015-01-15",15.2
"2015-01-16",15.38
"2015-01-20",15.26
"2015-01-21",15.41
"2015-01-22",16.09
"2015-01-23",15.73
"2015-01-26",15.85
"2015-01-27",15.63
"2015-01-28",15.2
"2015-01-29",15.43
"2015-01-30",15.15
"2015-02-02",15.46
"2015-02-03",15.89
"2015-02-04",15.79
"2015-02-05",15.97
"2015-02-06",16.49
"2015-02-09",16.35
"2015-02-10",16.42
"2015-02-11",16.360001
"2015-02-12",16.67
"2015-02-13",16.610001
"2015-02-17",16.629999
"2015-02-18",16.299999
"2015-02-19",16.209999
"2015-02-20",16.379999
"2015-02-23",16.200001
"2015-02-24",16.379999
"2015-02-25",16.49
"2015-02-26",16.040001
"2015-02-27",15.81
"2015-03-02",16.01
"2015-03-03",16.040001
"2015-03-04",15.84
"2015-03-05",16
"2015-03-06",16.219999
"2015-03-09",16.17
"2015-03-10",15.79
"2015-03-11",16.110001
"2015-03-12",16.09
"2015-03-13",16.09
"2015-03-16",16.129999
"2015-03-17",16.09
"2015-03-18",15.98
"2015-03-19",15.61
"2015-03-20",15.84
"2015-03-23",15.72
"2015-03-24",15.61
"2015-03-25",15.41
"2015-03-26",15.42
"2015-03-27",15.31
"2015-03-30",15.52
"2015-03-31",15.39
"2015-04-01",15.41
"2015-04-02",15.54
"2015-04-06",15.51
"2015-04-07",15.46
"2015-04-08",15.61
"2015-04-09",15.71
"2015-04-10",15.72
"2015-04-13",15.8
"2015-04-14",15.82
"2015-04-15",15.64
"2015-04-16",15.79
"2015-04-17",15.56
"2015-04-20",15.57
"2015-04-21",15.5
"2015-04-22",15.74
"2015-04-23",15.69
"2015-04-24",15.64
"2015-04-27",15.56
"2015-04-28",15.65
"2015-04-29",15.98
"2015-04-30",15.93
"2015-05-01",16.110001
"2015-05-04",16.440001
"2015-05-05",16.35
"2015-05-06",16.290001
"2015-05-07",16.24
"2015-05-08",16.450001
"2015-05-11",16.49
"2015-05-12",16.43
"2015-05-13",16.469999
"2015-05-14",16.52
"2015-05-15",16.35
"2015-05-18",16.51
"2015-05-19",16.77
"2015-05-20",16.74
"2015-05-21",16.73
"2015-05-22",16.75
"2015-05-26",16.5
"2015-05-27",16.74
"2015-05-28",16.67
"2015-05-29",16.5
"2015-06-01",16.549999
"2015-06-02",16.719999
"2015-06-03",16.93
"2015-06-04",16.780001
"2015-06-05",17.190001
"2015-06-08",17.08
"2015-06-09",17.309999
"2015-06-10",17.59
"2015-06-11",17.49
"2015-06-12",17.49
"2015-06-15",17.469999
"2015-06-16",17.549999
"2015-06-17",17.370001
"2015-06-18",17.379999
"2015-06-19",17.17
"2015-06-22",17.469999
"2015-06-23",17.67
"2015-06-24",17.49
"2015-06-25",17.370001
"2015-06-26",17.41
"2015-06-29",16.889999
"2015-06-30",17.02
"2015-07-01",17.219999
"2015-07-02",17.030001
"2015-07-06",16.940001
"2015-07-07",16.690001
"2015-07-08",16.25
"2015-07-09",16.48
"2015-07-10",16.700001
"2015-07-13",17.02
"2015-07-14",17.129999
"2015-07-15",17.68
"2015-07-16",17.950001
"2015-07-17",18.1
"2015-07-20",18.120001
"2015-07-21",18.08
"2015-07-22",18.450001
"2015-07-23",18.18
"2015-07-24",17.9
"2015-07-27",17.67
"2015-07-28",17.879999
"2015-07-29",18.16
"2015-07-30",18.129999
"2015-07-31",17.879999
"2015-08-03",17.77
"2015-08-04",17.799999
"2015-08-05",17.870001
"2015-08-06",17.809999
"2015-08-07",17.75
"2015-08-10",18.040001
"2015-08-11",17.790001
"2015-08-12",17.52
"2015-08-13",17.620001
"2015-08-14",17.700001
"2015-08-17",17.77
"2015-08-18",17.690001
"2015-08-19",17.459999
"2015-08-20",16.719999
"2015-08-21",16.1
"2015-08-24",15.29
"2015-08-25",15.26
"2015-08-26",16.059999
"2015-08-27",16.440001
"2015-08-28",16.360001
"2015-08-31",16.34
"2015-09-01",15.58
"2015-09-02",15.85
"2015-09-03",15.94
"2015-09-04",15.65
"2015-09-08",16.16
"2015-09-09",15.9
"2015-09-10",16.040001
"2015-09-11",16.040001
"2015-09-14",15.96
"2015-09-15",16.309999
"2015-09-16",16.33
"2015-09-17",15.86
"2015-09-18",15.56
"2015-09-21",15.7
"2015-09-22",15.57
"2015-09-23",15.72
"2015-09-24",15.55
"2015-09-25",15.89
"2015-09-28",15.47
"2015-09-29",15.35
"2015-09-30",15.58
"2015-10-01",15.55
"2015-10-02",15.38
"2015-10-05",15.69
"2015-10-06",15.69
"2015-10-07",15.75
"2015-10-08",15.75
"2015-10-09",15.58
"2015-10-12",15.52
"2015-10-13",15.52
"2015-10-14",15.64
"2015-10-15",16.190001
"2015-10-16",16.120001
"2015-10-19",16.139999
"2015-10-20",16.200001
"2015-10-21",15.9
"2015-10-22",16.16
"2015-10-23",16.52
"2015-10-26",16.51
"2015-10-27",16.4
"2015-10-28",17.280001
"2015-10-29",17.09
"2015-10-30",16.780001
"2015-11-02",17.059999
"2015-11-03",17.18
"2015-11-04",17.01
"2015-11-05",17.309999
"2015-11-06",17.950001
"2015-11-09",17.68
"2015-11-10",17.85
"2015-11-11",17.75
"2015-11-12",17.370001
"2015-11-13",17.200001
"2015-11-16",17.43
"2015-11-17",17.42
"2015-11-18",17.84
"2015-11-19",17.690001
"2015-11-20",17.65
"2015-11-23",17.469999
"2015-11-24",17.469999
"2015-11-25",17.440001
"2015-11-27",17.48
"2015-11-30",17.43
"2015-12-01",17.809999
"2015-12-02",17.620001
"2015-12-03",17.299999
"2015-12-04",17.799999
"2015-12-07",17.540001
"2015-12-08",17.190001
"2015-12-09",17.1
"2015-12-10",17.200001
"2015-12-11",16.73
"2015-12-14",16.799999
"2015-12-15",17.42
"2015-12-16",17.75
"2015-12-17",17.299999
"2015-12-18",16.76
"2015-12-21",16.969999
"2015-12-22",17.08
"2015-12-23",17.34
"2015-12-24",17.27
"2015-12-28",17.129999
"2015-12-29",17.280001
"2015-12-30",17.049999
"2015-12-31",16.83
"2016-01-04",16.43
"2016-01-05",16.43
"2016-01-06",16.08
"2016-01-07",15.5
"2016-01-08",15.2
"2016-01-11",15.31
"2016-01-12",15.31
"2016-01-13",14.9
"2016-01-14",14.99
"2016-01-15",14.46
"2016-01-19",14.24
"2016-01-20",13.69
"2016-01-21",13.36
"2016-01-22",13.56
"2016-01-25",12.96
"2016-01-26",13.31
"2016-01-27",13.36
"2016-01-28",13.53
"2016-01-29",14.14
"2016-02-01",13.96
"2016-02-02",13.23
"2016-02-03",13.03
"2016-02-04",13.25
"2016-02-05",12.95
"2016-02-08",12.27
"2016-02-09",12.2
"2016-02-10",11.98
"2016-02-11",11.16
"2016-02-12",11.95
"2016-02-16",12.25
"2016-02-17",12.56
"2016-02-18",12.24
"2016-02-19",12.13
"2016-02-22",12.54
"2016-02-23",12.16
"2016-02-24",12.13
"2016-02-25",12.32
"2016-02-26",12.7
"2016-02-29",12.52
"2016-03-01",13.19
"2016-03-02",13.41
"2016-03-03",13.5
"2016-03-04",13.54
"2016-03-07",13.53
"2016-03-08",13.06
"2016-03-09",13.14
"2016-03-10",13.27
"2016-03-11",13.79
"2016-03-14",13.64
"2016-03-15",13.57
"2016-03-16",13.31
"2016-03-17",13.4
"2016-03-18",13.79
"2016-03-21",13.84
"2016-03-22",13.76
"2016-03-23",13.62
"2016-03-24",13.68
"2016-03-28",13.62
"2016-03-29",13.42
"2016-03-30",13.48
"2016-03-31",13.52
"2016-04-01",13.56
"2016-04-04",13.51
"2016-04-05",13.19
"2016-04-06",13.27
"2016-04-07",12.85
"2016-04-08",12.88
"2016-04-11",12.97
"2016-04-12",13.27
"2016-04-13",13.79
"2016-04-14",14.14
"2016-04-15",14
"2016-04-18",14.17
"2016-04-19",14.45
"2016-04-20",14.93
"2016-04-21",14.9
"2016-04-22",15.11
"2016-04-25",14.96
"2016-04-26",15.09
"2016-04-27",15.02
"2016-04-28",14.79
"2016-04-29",14.56
"2016-05-02",14.77
"2016-05-03",14.36
"2016-05-04",14.13
"2016-05-05",14.05
"2016-05-06",14.11
"2016-05-09",13.99
"2016-05-10",14.3
"2016-05-11",14.2
"2016-05-12",14.14
"2016-05-13",13.88
"2016-05-16",13.93
"2016-05-17",14.01
"2016-05-18",14.69
"2016-05-19",14.53
"2016-05-20",14.52
"2016-05-23",14.47
"2016-05-24",14.68
"2016-05-25",14.92
"2016-05-26",14.7
"2016-05-27",14.88
"2016-05-31",14.79
"2016-06-01",14.86
"2016-06-02",14.94
"2016-06-03",14.42
"2016-06-06",14.52
"2016-06-07",14.35
"2016-06-08",14.43
"2016-06-09",14.19
"2016-06-10",13.83
"2016-06-13",13.6
"2016-06-14",13.26
"2016-06-15",13.34
"2016-06-16",13.31
"2016-06-17",13.4
"2016-06-20",13.54
"2016-06-21",13.62
"2016-06-22",13.61
"2016-06-23",14.04
"2016-06-24",13
"2016-06-27",12.18
"2016-06-28",12.7
"2016-06-29",13.19
"2016-06-30",13.27
"2016-07-01",13.1
"2016-07-05",12.74
"2016-07-06",12.86
"2016-07-07",13.01
"2016-07-08",13.17
"2016-07-11",13.21
"2016-07-12",13.54
"2016-07-13",13.44
"2016-07-14",13.65
"2016-07-15",13.66
"2016-07-18",14.11
"2016-07-19",14.26
"2016-07-20",14.4
"2016-07-21",14.27
"2016-07-22",14.38
"2016-07-25",14.37
"2016-07-26",14.53
"2016-07-27",14.63
"2016-07-28",14.68
"2016-07-29",14.49
"2016-08-01",14.33
"2016-08-02",14.13
"2016-08-03",14.48
"2016-08-04",14.48
"2016-08-05",15.05
"2016-08-08",15.13
"2016-08-09",15.19
"2016-08-10",14.81
"2016-08-11",14.88
"2016-08-12",14.91
"2016-08-15",15.02
"2016-08-16",15.17
"2016-08-17",15.15
"2016-08-18",15.16
"2016-08-19",15.22
"2016-08-22",15.18
"2016-08-23",15.35
"2016-08-24",15.4
"2016-08-25",15.53
"2016-08-26",15.79
"2016-08-29",15.84
"2016-08-30",16.190001
"2016-08-31",16.139999
"2016-09-01",15.98
"2016-09-02",16
"2016-09-06",15.78
"2016-09-07",15.7
"2016-09-08",15.86
"2016-09-09",15.74
"2016-09-12",15.9
"2016-09-13",15.72
"2016-09-14",15.63
"2016-09-15",15.67
"2016-09-16",15.49
"2016-09-19",15.59
"2016-09-20",15.6
"2016-09-21",15.65
"2016-09-22",15.6
"2016-09-23",15.52
"2016-09-26",15.09
"2016-09-27",15.29
"2016-09-28",15.38
"2016-09-29",15.16
"2016-09-30",15.65
"2016-10-03",15.63
"2016-10-04",15.8
"2016-10-05",16.110001
"2016-10-06",16.219999
"2016-10-07",16.129999
"2016-10-10",16.299999
"2016-10-11",16.110001
"2016-10-12",16.030001
"2016-10-13",15.83
"2016-10-14",16
"2016-10-17",16.049999
"2016-10-18",16.26
"2016-10-19",16.469999
"2016-10-20",16.559999
"2016-10-21",16.67
"2016-10-24",16.77
"2016-10-25",16.719999
"2016-10-26",16.870001
"2016-10-27",16.91
"2016-10-28",16.68
"2016-10-31",16.5
"2016-11-01",16.610001
"2016-11-02",16.48
"2016-11-03",16.48
"2016-11-04",16.549999
"2016-11-07",17.01
"2016-11-08",17
"2016-11-09",17.969999
"2016-11-10",18.76
"2016-11-11",19.02
"2016-11-14",20.08
"2016-11-15",20.16
"2016-11-16",19.75
"2016-11-17",20.08
"2016-11-18",20
"2016-11-21",20.33
"2016-11-22",20.299999
"2016-11-23",20.559999
"2016-11-25",20.860001
"2016-11-28",20.299999
"2016-11-29",20.290001
"2016-11-30",21.120001
"2016-12-01",21.5
"2016-12-02",21.23
"2016-12-05",21.84
"2016-12-06",22.16
"2016-12-07",22.57
"2016-12-08",22.950001
"2016-12-09",23.09
"2016-12-12",22.610001
"2016-12-13",22.610001
"2016-12-14",22.67
"2016-12-15",23.16
"2016-12-16",22.66
"2016-12-19",22.48
"2016-12-20",22.709999
"2016-12-21",22.629999
"2016-12-22",22.540001
"2016-12-23",22.6
"2016-12-27",22.610001
"2016-12-28",22.33
"2016-12-29",22
"2016-12-30",22.1
"2017-01-03",22.530001
"2017-01-04",22.950001
"2017-01-05",22.68
"2017-01-06",22.68
"2017-01-09",22.549999
"2017-01-10",22.940001
"2017-01-11",23.07
"2017-01-12",22.92
"2017-01-13",23.01
"2017-01-17",22.049999
"2017-01-18",22.629999
"2017-01-19",22.530001
"2017-01-20",22.639999
"2017-01-23",22.559999
"2017-01-24",22.950001
"2017-01-25",23.370001
"2017-01-26",23.440001
"2017-01-27",23.360001
"2017-01-30",22.950001
"2017-01-31",22.639999
"2017-02-01",22.889999
"2017-02-02",22.719999
"2017-02-03",23.290001
"2017-02-06",23.120001
"2017-02-07",22.9
"2017-02-08",22.67
"2017-02-09",23.120001
"2017-02-10",23.08
"2017-02-13",23.4
"2017-02-14",24.059999
"2017-02-15",24.58
"2017-02-16",24.58
"2017-02-17",24.52
"2017-02-21",24.780001
"2017-02-22",24.790001
"2017-02-23",24.58
"2017-02-24",24.23
"2017-02-27",24.57
"2017-02-28",24.68
"2017-03-01",25.5
"2017-03-02",25.23
"2017-03-03",25.440001
"2017-03-06",25.25
"2017-03-07",25.209999
"2017-03-08",25.26
"2017-03-09",25.35
"2017-03-10",25.309999
"2017-03-13",25.299999
"2017-03-14",25.32
"2017-03-15",25.18
"2017-03-16",25.219999
"2017-03-17",24.860001
"2017-03-20",24.440001
"2017-03-21",23.02
"2017-03-22",22.940001
"2017-03-23",23.07
"2017-03-24",23.120001
"2017-03-27",23.030001
"2017-03-28",23.48
"2017-03-29",23.35
"2017-03-30",23.870001
"2017-03-31",23.59
"2017-04-03",23.59
"2017-04-04",23.440001
"2017-04-05",23.17
"2017-04-06",23.26
"2017-04-07",23.16
"2017-04-10",23.02
"2017-04-11",22.92
"2017-04-12",22.65
"2017-04-13",22.34
"2017-04-17",22.809999
"2017-04-18",22.709999
"2017-04-19",22.74
"2017-04-20",23.07
"2017-04-21",22.709999
"2017-04-24",23.629999
"2017-04-25",23.98
"2017-04-26",23.889999
"2017-04-27",23.65
"2017-04-28",23.34
"2017-05-01",23.610001
"2017-05-02",23.530001
"2017-05-03",23.77
"2017-05-04",23.85
"2017-05-05",23.74
"2017-05-08",23.959999
"2017-05-09",23.98
"2017-05-10",24.15
"2017-05-11",24.07
"2017-05-12",24
"2017-05-15",24.059999
"2017-05-16",23.99
"2017-05-17",22.57
"2017-05-18",22.74
"2017-05-19",23.049999
"2017-05-22",23.040001
"2017-05-23",23.389999
"2017-05-24",23.360001
"2017-05-25",23.25
"2017-05-26",23.24
"2017-05-30",22.91
"2017-05-31",22.41
"2017-06-01",22.629999
"2017-06-02",22.450001
"2017-06-05",22.41
"2017-06-06",22.23
"2017-06-07",22.6
"2017-06-08",22.969999
"2017-06-09",23.67
"2017-06-12",23.780001
"2017-06-13",23.77
"2017-06-14",23.76
"2017-06-15",23.540001
"2017-06-16",23.43
"2017-06-19",23.91
"2017-06-20",23.49
"2017-06-21",23.129999
"2017-06-22",22.93
"2017-06-23",22.82
"2017-06-26",22.889999
"2017-06-27",23.27
"2017-06-28",23.879999
"2017-06-29",24.32
"2017-06-30",24.26
"2017-07-03",24.68
"2017-07-05",24.92
"2017-07-06",24.709999
"2017-07-07",24.83
"2017-07-10",24.889999
"2017-07-11",24.6
"2017-07-12",24.35
"2017-07-13",24.620001
"2017-07-14",24.209999
"2017-07-17",24.02
"2017-07-18",23.9
"2017-07-19",24.059999
"2017-07-20",23.940001
"2017-07-21",23.799999
"2017-07-24",23.91
"2017-07-25",24.48
"2017-07-26",24.209999
"2017-07-27",24.110001
"2017-07-28",24.030001
"2017-07-31",24.120001
"2017-08-01",24.450001
"2017-08-02",24.59
"2017-08-03",24.370001
"2017-08-04",24.969999
"2017-08-07",24.959999
"2017-08-08",24.9
"2017-08-09",24.74
"2017-08-10",24.120001
"2017-08-11",23.860001
"2017-08-14",24.42
"2017-08-15",24.469999
"2017-08-16",24.190001
"2017-08-17",23.639999
"2017-08-18",23.620001
"2017-08-21",23.379999
"2017-08-22",23.83
"2017-08-23",23.76
"2017-08-24",23.84
"2017-08-25",23.77
"2017-08-28",23.719999
"2017-08-29",23.58
"2017-08-30",23.870001
"2017-08-31",23.889999
"2017-09-01",24.09
"2017-09-05",23.309999
"2017-09-06",23.41
"2017-09-07",22.969999
"2017-09-08",22.889999
"2017-09-11",23.360001
"2017-09-12",23.950001
"2017-09-13",24.33
"2017-09-14",24.24
"2017-09-15",24.379999
"2017-09-18",24.700001
"2017-09-19",24.860001
"2017-09-20",25.059999
"2017-09-21",25.16
"2017-09-22",25.02
"2017-09-25",24.76
"2017-09-26",24.809999
"2017-09-27",25.41
"2017-09-28",25.450001
"2017-09-29",25.34
"2017-10-02",25.620001
"2017-10-03",25.860001
"2017-10-04",25.709999
"2017-10-05",26.129999
"2017-10-06",26.209999
"2017-10-09",25.85
"2017-10-10",25.93
"2017-10-11",25.83
"2017-10-12",25.450001
"2017-10-13",25.83
"2017-10-16",26.24
"2017-10-17",26.200001
"2017-10-18",26.48
"2017-10-19",26.58
"2017-10-20",27.17
"2017-10-23",27.16
"2017-10-24",27.68
"2017-10-25",27.629999
"2017-10-26",27.74
"2017-10-27",27.799999
"2017-10-30",27.6
"2017-10-31",27.389999
"2017-11-01",27.530001
"2017-11-02",27.870001
"2017-11-03",27.82
"2017-11-06",27.75
"2017-11-07",27.18
"2017-11-08",26.790001
"2017-11-09",26.49
"2017-11-10",26.51
"2017-11-13",26.4
"2017-11-14",26.24
"2017-11-15",26.790001
"2017-11-16",26.76
"2017-11-17",26.620001
"2017-11-20",26.74
"2017-11-21",26.73
"2017-11-22",26.66
"2017-11-24",26.59
"2017-11-27",26.59
"2017-11-28",27.639999
"2017-11-29",28.280001
"2017-11-30",28.17
"2017-12-01",28.1
"2017-12-04",29.059999
"2017-12-05",28.93
"2017-12-06",28.639999
"2017-12-07",28.780001
"2017-12-08",29.049999
"2017-12-11",28.940001
"2017-12-12",29.32
"2017-12-13",28.84
"2017-12-14",28.73
"2017-12-15",29.040001
"2017-12-18",29.48
"2017-12-19",29.450001
"2017-12-20",29.48
"2017-12-21",29.82
"2017-12-22",29.879999
"2017-12-26",29.780001
"2017-12-27",29.73
"2017-12-28",29.799999
"2017-12-29",29.52
"2018-01-02",29.9
"2018-01-03",29.799999
"2018-01-04",30.190001
"2018-01-05",30.33
"2018-01-08",30.120001
"2018-01-09",30.27
"2018-01-10",30.549999
"2018-01-11",30.66
"2018-01-12",31.190001
"2018-01-16",31.24
"2018-01-17",31.18
"2018-01-18",31.48
"2018-01-19",31.719999
"2018-01-22",31.940001
"2018-01-23",31.92
"2018-01-24",32.09
"2018-01-25",32.09
"2018-01-26",32.200001
"2018-01-29",32.279999
"2018-01-30",31.879999
"2018-01-31",32
"2018-02-01",32.5
"2018-02-02",31.950001
"2018-02-05",30.26
"2018-02-06",31.200001
"2018-02-07",31.25
"2018-02-08",29.74
"2018-02-09",30.33
"2018-02-12",31.120001
"2018-02-13",31.18
"2018-02-14",32
"2018-02-15",32.209999
"2018-02-16",31.969999
"2018-02-20",31.93
"2018-02-21",31.870001
"2018-02-22",31.690001
"2018-02-23",32.029999
"2018-02-26",32.419998
"2018-02-27",32.330002
"2018-02-28",32.099998
"2018-03-01",31.48
"2018-03-02",31.629999
"2018-03-05",32.130001
"2018-03-06",32.110001
"2018-03-07",32.18
"2018-03-08",32.200001
"2018-03-09",32.720001
"2018-03-12",32.84
"2018-03-13",32.360001
"2018-03-14",32.139999
"2018-03-15",32.099998
"2018-03-16",32.169998
"2018-03-19",31.98
"2018-03-20",31.98
"2018-03-21",31.870001
"2018-03-22",30.549999
"2018-03-23",29.17
"2018-03-26",30.440001
"2018-03-27",29.52
"2018-03-28",29.389999
"2018-03-29",29.99
"2018-04-02",29.309999
"2018-04-03",29.59
"2018-04-04",29.879999
"2018-04-05",30.32
"2018-04-06",29.629999
"2018-04-09",29.870001
"2018-04-10",30.48
"2018-04-11",29.9
"2018-04-12",30.65
"2018-04-13",29.799999
"2018-04-16",29.93
"2018-04-17",30.040001
"2018-04-18",29.530001
"2018-04-19",30.18
"2018-04-20",30.26
"2018-04-23",30.32
"2018-04-24",30.190001
"2018-04-25",30.139999
"2018-04-26",30.07
"2018-04-27",30.15
"2018-04-30",29.92
"2018-05-01",29.950001
"2018-05-02",29.58
"2018-05-03",29.200001
"2018-05-04",29.299999
"2018-05-07",29.639999
"2018-05-08",29.93
"2018-05-09",30.719999
"2018-05-10",30.889999
"2018-05-11",30.92
"2018-05-14",31.120001
"2018-05-15",31.219999
"2018-05-16",31.059999
"2018-05-17",30.809999
"2018-05-18",30.26
"2018-05-21",30.549999
"2018-05-22",30.889999
"2018-05-23",30.440001
"2018-05-24",30.209999
"2018-05-25",30.16
"2018-05-29",28.959999
"2018-05-30",29.49
"2018-05-31",29.040001
"2018-06-01",29.4
"2018-06-04",29.4
"2018-06-05",29.120001
"2018-06-06",30.040001
"2018-06-07",30.09
"2018-06-08",30.01
"2018-06-11",30.059999
"2018-06-12",29.9
"2018-06-13",29.84
"2018-06-14",29.5
"2018-06-15",29.280001
"2018-06-18",29.4
"2018-06-19",29.26
"2018-06-20",29.24
"2018-06-21",29.290001
"2018-06-22",28.99
"2018-06-25",28.48
"2018-06-26",28.540001
"2018-06-27",28.24
"2018-06-28",28.67
"2018-06-29",28.190001
"2018-07-02",28.280001
"2018-07-03",27.780001
"2018-07-05",27.92
"2018-07-06",28.030001
"2018-07-09",29.049999
"2018-07-10",28.83
"2018-07-11",28.68
"2018-07-12",28.77
"2018-07-13",28.549999
"2018-07-16",29.780001
"2018-07-17",30.01
"2018-07-18",30.129999
"2018-07-19",29.67
"2018-07-20",30.129999
"2018-07-23",30.75
"2018-07-24",30.83
"2018-07-25",31.07
"2018-07-26",30.940001
"2018-07-27",31.059999
"2018-07-30",31.309999
"2018-07-31",30.879999
"2018-08-01",31.25
"2018-08-02",31.280001
"2018-08-03",31.51
"2018-08-06",31.52
"2018-08-07",31.51
"2018-08-08",31.799999
"2018-08-09",31.6
"2018-08-10",31.190001
"2018-08-13",30.48
"2018-08-14",30.790001
"2018-08-15",30.360001
"2018-08-16",30.719999
"2018-08-17",30.74
"2018-08-20",30.870001
"2018-08-21",31.02
"2018-08-22",30.98
"2018-08-23",30.84
"2018-08-24",30.889999
"2018-08-27",31.309999
"2018-08-28",31.27
"2018-08-29",31.139999
"2018-08-30",31.01
"2018-08-31",30.93
"2018-09-04",31.139999
"2018-09-05",31.18
"2018-09-06",30.85
"2018-09-07",30.860001
"2018-09-10",30.82
"2018-09-11",30.85
"2018-09-12",30.43
"2018-09-13",30.139999
"2018-09-14",30.370001
"2018-09-17",30.280001
"2018-09-18",30.209999
"2018-09-19",31
"2018-09-20",31.190001
"2018-09-21",31.030001
"2018-09-24",30.74
"2018-09-25",30.67
"2018-09-26",30.129999
"2018-09-27",29.940001
"2018-09-28",29.459999
"2018-10-01",29.65
"2018-10-02",29.58
"2018-10-03",30
"2018-10-04",30.43
"2018-10-05",30.23
"2018-10-08",30.27
"2018-10-09",29.98
"2018-10-10",29.24
"2018-10-11",28.360001
"2018-10-12",28.459999
"2018-10-15",27.92
"2018-10-16",28.530001
"2018-10-17",28.9
"2018-10-18",28.25
"2018-10-19",28.32
"2018-10-22",27.379999
"2018-10-23",27.02
"2018-10-24",26.190001
"2018-10-25",26.59
"2018-10-26",26.389999
"2018-10-29",26.610001
"2018-10-30",26.780001
"2018-10-31",27.5
"2018-11-01",27.809999
"2018-11-02",27.889999
"2018-11-05",28.059999
"2018-11-06",28.209999
"2018-11-07",28.540001
"2018-11-08",28.870001
"2018-11-09",28.52
"2018-11-12",27.75
"2018-11-13",27.76
"2018-11-14",27.209999
"2018-11-15",27.9
"2018-11-16",27.75
"2018-11-19",27.75
"2018-11-20",27.379999
"2018-11-21",27.27
"2018-11-23",26.969999
"2018-11-26",27.559999
"2018-11-27",27.74
"2018-11-28",28.43
"2018-11-29",28.040001
"2018-11-30",28.4
"2018-12-03",28.540001
"2018-12-04",26.99
"2018-12-06",26.280001
"2018-12-07",25.43
"2018-12-10",24.76
"2018-12-11",24.58
"2018-12-12",24.52
"2018-12-13",24.4
"2018-12-14",24.48
"2018-12-17",24.469999
"2018-12-18",24.469999
"2018-12-19",24.18
"2018-12-20",24.110001
"2018-12-21",23.370001
"2018-12-24",22.73
"2018-12-26",24.110001
"2018-12-27",24.370001
"2018-12-28",24.389999
"2018-12-31",24.639999
"2019-01-02",24.959999
"2019-01-03",24.559999
"2019-01-04",25.58
"2019-01-07",25.559999
"2019-01-08",25.51
"2019-01-09",25.76
"2019-01-10",25.73
"2019-01-11",26.030001
"2019-01-14",26.370001
"2019-01-15",26.549999
"2019-01-16",28.450001
"2019-01-17",28.99
"2019-01-18",29.299999
"2019-01-22",29.09
"2019-01-23",28.92
"2019-01-24",29.08
"2019-01-25",29.58
"2019-01-28",29.629999
"2019-01-29",29.389999
"2019-01-30",29.07
"2019-01-31",28.469999
"2019-02-01",28.379999
"2019-02-04",28.879999
"2019-02-05",28.780001
"2019-02-06",28.73
"2019-02-07",28.24
"2019-02-08",28.290001
"2019-02-11",28.41
"2019-02-12",28.690001
"2019-02-13",28.700001
"2019-02-14",28.389999
"2019-02-15",29.110001
"2019-02-19",29.129999
"2019-02-20",29.41
"2019-02-21",29.290001
"2019-02-22",29.08
"2019-02-25",29.27
"2019-02-26",29.290001
"2019-02-27",29.530001
"2019-02-28",29.08
"2019-03-01",29.309999
"2019-03-04",29.030001
"2019-03-05",29.08
"2019-03-06",28.84
"2019-03-07",28.549999
"2019-03-08",28.65
"2019-03-11",28.940001
"2019-03-12",28.940001
"2019-03-13",29.290001
"2019-03-14",29.459999
"2019-03-15",29.299999
"2019-03-18",29.82
"2019-03-19",29.65
"2019-03-20",28.639999
"2019-03-21",28.18
"2019-03-22",27.01
"2019-03-25",26.84
"2019-03-26",27.209999
"2019-03-27",27.030001
"2019-03-28",27.33
"2019-03-29",27.59
"2019-04-01",28.540001
"2019-04-02",28.870001
"2019-04-03",28.84
"2019-04-04",29.15
"2019-04-05",29.08
"2019-04-08",29.17
"2019-04-09",28.889999
"2019-04-10",29.07
"2019-04-11",29.07
"2019-04-12",30.17
"2019-04-15",29.84
"2019-04-16",29.879999
"2019-04-17",30.030001
"2019-04-18",30.030001
"2019-04-22",30.049999
"2019-04-23",30.07
"2019-04-24",30.02
"2019-04-25",30.08
"2019-04-26",30.35
"2019-04-29",30.77
"2019-04-30",30.58
"2019-05-01",30.26
"2019-05-02",30.5
"2019-05-03",30.709999
"2019-05-06",30.469999
"2019-05-07",29.92
"2019-05-08",29.799999
"2019-05-09",29.709999
"2019-05-10",29.58
"2019-05-13",28.25
"2019-05-14",28.620001
"2019-05-15",28.290001
"2019-05-16",28.59
"2019-05-17",28.4
"2019-05-20",28.4
"2019-05-21",28.690001
"2019-05-22",28.49
"2019-05-23",27.76
"2019-05-24",28.18
"2019-05-28",27.9
"2019-05-29",27.75
"2019-05-30",27.16
"2019-05-31",26.6
"2019-06-03",26.68
"2019-06-04",27.92
"2019-06-05",27.91
"2019-06-06",27.879999
"2019-06-07",27.530001
"2019-06-10",28.07
"2019-06-11",28.24
"2019-06-12",27.950001
"2019-06-13",27.940001
"2019-06-14",28.040001
"2019-06-17",27.93
"2019-06-18",28.620001
"2019-06-19",28.32
"2019-06-20",28.27
"2019-06-21",28.120001
"2019-06-24",27.98
"2019-06-25",27.76
"2019-06-26",27.91
"2019-06-27",28.209999
"2019-06-28",29
"2019-07-01",29.42
"2019-07-02",29.15
"2019-07-03",29.049999
"2019-07-05",29.26
"2019-07-08",29.200001
"2019-07-09",29.35
"2019-07-10",29.02
"2019-07-11",29.360001
"2019-07-12",29.450001
"2019-07-15",29.219999
"2019-07-16",28.99
"2019-07-17",29.190001
"2019-07-18",29.48
"2019-07-19",29.4
"2019-07-22",29.57
"2019-07-23",30.25
"2019-07-24",30.67
"2019-07-25",30.34
"2019-07-26",30.77
"2019-07-29",30.52
"2019-07-30",30.889999
"2019-07-31",30.68
"2019-08-01",29.49
"2019-08-02",29.379999
"2019-08-05",28.08
"2019-08-06",28.42
"2019-08-07",27.889999
"2019-08-08",28.379999
"2019-08-09",28.33
"2019-08-12",27.639999
"2019-08-13",27.719999
"2019-08-14",26.42
"2019-08-15",26.25
"2019-08-16",27.030001
"2019-08-19",27.27
"2019-08-20",26.719999
"2019-08-21",26.93
"2019-08-22",27.190001
"2019-08-23",26.469999
"2019-08-26",26.780001
"2019-08-27",26.469999
"2019-08-28",26.85
"2019-08-29",27.33
"2019-08-30",27.51
"2019-09-03",27.049999
"2019-09-04",27.49
"2019-09-05",28.120001
"2019-09-06",27.73
"2019-09-09",28.629999
"2019-09-10",29.35
"2019-09-11",29.459999
"2019-09-12",29.67
"2019-09-13",30.17
"2019-09-16",30.129999
"2019-09-17",29.940001
"2019-09-18",30
"2019-09-19",29.82
"2019-09-20",29.59
"2019-09-23",29.52
"2019-09-24",28.940001
"2019-09-25",29.25
"2019-09-26",29.129999
"2019-09-27",29.35
"2019-09-30",29.17
"2019-10-01",28.440001
"2019-10-02",27.84
"2019-10-03",27.809999
"2019-10-04",28.370001
"2019-10-07",28.309999
"2019-10-08",27.629999
"2019-10-09",27.889999
"2019-10-10",28.450001
"2019-10-11",28.91
"2019-10-14",29.139999
"2019-10-15",29.73
"2019-10-16",30.17
"2019-10-17",30.26
"2019-10-18",30.35
"2019-10-21",31.02
"2019-10-22",31.200001
"2019-10-23",31.42
"2019-10-24",31.360001
"2019-10-25",31.719999
"2019-10-28",31.84
"2019-10-29",32.07
"2019-10-30",31.620001
"2019-10-31",31.27
"2019-11-01",31.799999
"2019-11-04",32.400002
"2019-11-05",32.82
"2019-11-06",32.790001
"2019-11-07",33.23
"2019-11-08",33.259998
"2019-11-11",33.18
"2019-11-12",33.09
"2019-11-13",32.790001
"2019-11-14",32.700001
"2019-11-15",32.93
"2019-11-18",32.959999
"2019-11-19",32.939999
"2019-11-20",32.689999
"2019-11-21",32.84
"2019-11-22",33.18
"2019-11-25",33.470001
"2019-11-26",33.349998
"2019-11-27",33.419998
"2019-11-29",33.32
"2019-12-02",33.43
"2019-12-03",32.84
"2019-12-04",33.150002
"2019-12-05",33.09
"2019-12-06",33.669998
"2019-12-09",33.509998
"2019-12-10",33.529999
"2019-12-11",33.639999
"2019-12-12",34.68
"2019-12-13",34.439999
"2019-12-16",34.700001
"2019-12-17",35.040001
"2019-12-18",35.110001
"2019-12-19",34.950001
"2019-12-20",34.959999
"2019-12-23",35.169998
"2019-12-24",35.220001
"2019-12-26",35.52
"2019-12-27",35.349998
"2019-12-30",35.150002
"2019-12-31",35.220001
"2020-01-02",35.639999
"2020-01-03",34.900002
"2020-01-06",34.849998
"2020-01-07",34.619999
"2020-01-08",34.970001
"2020-01-09",35.029999
"2020-01-10",34.740002
"2020-01-13",35.060001
"2020-01-14",35.32
"2020-01-15",34.669998
"2020-01-16",34.720001
"2020-01-17",34.709999
"2020-01-21",34.259998
"2020-01-22",34.360001
"2020-01-23",34.119999
"2020-01-24",33.540001
"2020-01-27",32.849998
"2020-01-28",33.240002
"2020-01-29",33.009998
"2020-01-30",33.48
"2020-01-31",32.830002
"2020-02-03",32.970001
"2020-02-04",33.619999
"2020-02-05",34.709999
"2020-02-06",34.669998
"2020-02-07",34.610001
"2020-02-10",34.689999
"2020-02-11",34.77
"2020-02-12",34.919998
"2020-02-13",34.91
"2020-02-14",34.849998
"2020-02-18",34.27
"2020-02-19",34.720001
"2020-02-20",34.849998
"2020-02-21",34.360001
"2020-02-24",32.73
"2020-02-25",31.08
"2020-02-26",30.629999
"2020-02-27",29.129999
"2020-02-28",28.5
"2020-03-02",29.370001
"2020-03-03",27.75
"2020-03-04",28.389999
"2020-03-05",26.780001
"2020-03-06",25.709999
"2020-03-09",21.93
"2020-03-10",23.610001
"2020-03-11",22.67
"2020-03-12",20.51
"2020-03-13",24.16
"2020-03-16",20.440001
"2020-03-17",21.98
"2020-03-18",20.790001
"2020-03-19",21.200001
"2020-03-20",19.67
"2020-03-23",18.08
"2020-03-24",21.030001
"2020-03-25",21.1
"2020-03-26",22.719999
"2020-03-27",21.6
"2020-03-30",22.040001
"2020-03-31",21.23
"2020-04-01",19.77
"2020-04-02",20.57
"2020-04-03",20.030001
"2020-04-06",21.389999
"2020-04-07",22.139999
"2020-04-08",23.450001
"2020-04-09",24.860001
"2020-04-13",23.92
"2020-04-14",23.73
"2020-04-15",22.190001
"2020-04-16",21.42
"2020-04-17",23.280001
"2020-04-20",22.5
"2020-04-21",21.639999
"2020-04-22",21.799999
"2020-04-23",21.870001
"2020-04-24",22.18
"2020-04-27",23.469999
"2020-04-28",23.889999
"2020-04-29",24.780001
"2020-04-30",24.049999
"2020-05-01",23.08
"2020-05-04",22.93
"2020-05-05",22.66
"2020-05-06",22.35
"2020-05-07",22.84
"2020-05-08",23.57
"2020-05-11",22.58
"2020-05-12",21.870001
"2020-05-13",20.870001
"2020-05-14",21.709999
"2020-05-15",21.440001
"2020-05-18",22.93
"2020-05-19",22.209999
"2020-05-20",22.91
"2020-05-21",22.9
"2020-05-22",22.66
"2020-05-26",24.280001
"2020-05-27",25.98
"2020-05-28",24.860001
"2020-05-29",24.120001
"2020-06-01",24.610001
"2020-06-02",24.84
"2020-06-03",25.99
"2020-06-04",26.780001
"2020-06-05",28.110001
"2020-06-08",28.540001
"2020-06-09",28.219999
"2020-06-10",26.6
"2020-06-11",23.93
"2020-06-12",24.780001
"2020-06-15",25.15
"2020-06-16",25.799999
"2020-06-17",25
"2020-06-18",25.040001
"2020-06-19",25.25
"2020-06-22",24.620001
"2020-06-23",24.790001
"2020-06-24",23.809999
"2020-06-25",24.719999
"2020-06-26",23.15
"2020-06-29",23.389999
"2020-06-30",23.75
"2020-07-01",23.26
"2020-07-02",23.290001
"2020-07-06",23.66
"2020-07-07",23.01
"2020-07-08",23.1
"2020-07-09",22.77
"2020-07-10",24.02
"2020-07-13",24.190001
"2020-07-14",24.139999
"2020-07-15",24.6
"2020-07-16",23.93
"2020-07-17",23.219999
"2020-07-20",23.58
"2020-07-21",24.42
"2020-07-22",24.309999
"2020-07-23",24.540001
"2020-07-24",24.35
"2020-07-27",24.139999
"2020-07-28",24.360001
"2020-07-29",25.27
"2020-07-30",24.84
"2020-07-31",24.879999
"2020-08-03",24.99
"2020-08-04",25.01
"2020-08-05",25.389999
"2020-08-06",25.469999
"2020-08-07",26.110001
"2020-08-10",26.559999
"2020-08-11",26.92
"2020-08-12",26.73
"2020-08-13",26.35
"2020-08-14",26.469999
"2020-08-17",25.9
"2020-08-18",25.530001
"2020-08-19",25.5
"2020-08-20",25.1
"2020-08-21",24.98
"2020-08-24",25.690001
"2020-08-25",26
"2020-08-26",25.559999
"2020-08-27",26.049999
"2020-08-28",26.299999
"2020-08-31",25.74
"2020-09-01",25.709999
"2020-09-02",26.02
"2020-09-03",25.66
"2020-09-04",26.540001
"2020-09-08",25.48
"2020-09-09",25.51
"2020-09-10",25.139999
"2020-09-11",25.5
"2020-09-14",25.75
"2020-09-15",25.280001
"2020-09-16",25.6
"2020-09-17",25.35
"2020-09-18",25.209999
"2020-09-21",24.469999
"2020-09-22",23.940001
"2020-09-23",23.26
"2020-09-24",23.34
"2020-09-25",23.49
"2020-09-28",24.09
"2020-09-29",23.77
"2020-09-30",24.09
"2020-10-01",24.1
"2020-10-02",24.209999
"2020-10-05",24.620001
"2020-10-06",24.370001
"2020-10-07",24.879999
"2020-10-08",25.24
"2020-10-09",25.360001
"2020-10-12",25.68
"2020-10-13",24.950001
"2020-10-14",23.620001
"2020-10-15",24.15
"2020-10-16",24.24
"2020-10-19",23.719999
"2020-10-20",24.139999
"2020-10-21",24.049999
"2020-10-22",24.870001
"2020-10-23",24.9
"2020-10-26",24.540001
"2020-10-27",23.85
"2020-10-28",23.469999
"2020-10-29",23.540001
"2020-10-30",23.700001
"2020-11-02",24.08
"2020-11-03",24.690001
"2020-11-04",23.68
"2020-11-05",24.610001
"2020-11-06",24.309999
"2020-11-09",27.76
"2020-11-10",27.66
"2020-11-11",27.34
"2020-11-12",26.690001
"2020-11-13",27
"2020-11-16",27.58
"2020-11-17",27.549999
"2020-11-18",26.98
"2020-11-19",26.98
"2020-11-20",26.809999
"2020-11-23",27.389999
"2020-11-24",28.98
"2020-11-25",29.030001
"2020-11-27",28.99
"2020-11-30",28.16
"2020-12-01",28.690001
"2020-12-02",29.059999
"2020-12-03",28.91
"2020-12-04",29.290001
"2020-12-07",29.09
"2020-12-08",28.93
"2020-12-09",28.799999
"2020-12-10",29.110001
"2020-12-11",28.57
"2020-12-14",28.219999
"2020-12-15",28.639999
"2020-12-16",28.719999
"2020-12-17",28.83
"2020-12-18",28.67
"2020-12-21",29.74
"2020-12-22",29.209999
"2020-12-23",30.049999
"2020-12-24",29.959999
"2020-12-28",30.129999
"2020-12-29",30.01
"2020-12-30",29.98
"2020-12-31",30.309999
"2021-01-04",30.030001
"2021-01-05",30.26
"2021-01-06",32.150002
"2021-01-07",32.860001
"2021-01-08",32.529999
"2021-01-11",33.07
"2021-01-12",33.66
"2021-01-13",33.459999
"2021-01-14",33.990002
"2021-01-15",33.009998
"2021-01-19",32.77
"2021-01-20",32.34
"2021-01-21",31.77
"2021-01-22",31.549999
"2021-01-25",31.16
"2021-01-26",30.940001
"2021-01-27",29.83
"2021-01-28",30.32
"2021-01-29",29.65
"2021-02-01",29.959999
"2021-02-02",31.030001
"2021-02-03",31.58
"2021-02-04",32.5
"2021-02-05",32.369999
"2021-02-08",33.09
"2021-02-09",32.950001
"2021-02-10",32.98
"2021-02-11",32.880001
"2021-02-12",33.369999
"2021-02-16",34.27
"2021-02-17",34.41
"2021-02-18",34.189999
"2021-02-19",34.540001
"2021-02-22",35.150002
"2021-02-23",35.52
"2021-02-24",36.380001
"2021-02-25",35.93
"2021-02-26",34.709999
"2021-03-01",35.790001
"2021-03-02",35.529999
"2021-03-03",36.419998
"2021-03-04",36.5
"2021-03-05",36.93
"2021-03-08",37.130001
"2021-03-09",36.32
"2021-03-10",37.369999
