"Index","C.Close"
"2010-01-04",34
"2010-01-05",35.299999
"2010-01-06",36.400002
"2010-01-07",36.5
"2010-01-08",35.900002
"2010-01-11",36.299999
"2010-01-12",35.200001
"2010-01-13",35
"2010-01-14",35.099998
"2010-01-15",34.200001
"2010-01-19",35.400002
"2010-01-20",34.599998
"2010-01-21",32.700001
"2010-01-22",32.5
"2010-01-25",32.299999
"2010-01-26",31.5
"2010-01-27",32
"2010-01-28",32.400002
"2010-01-29",33.200001
"2010-02-01",33.400002
"2010-02-02",34.099998
"2010-02-03",33.700001
"2010-02-04",31.799999
"2010-02-05",32.200001
"2010-02-08",31.5
"2010-02-09",31.799999
"2010-02-10",32
"2010-02-11",32.099998
"2010-02-12",31.799999
"2010-02-16",33.099998
"2010-02-17",34.099998
"2010-02-18",34.299999
"2010-02-19",34.200001
"2010-02-22",34.599998
"2010-02-23",33.5
"2010-02-24",34.5
"2010-02-25",33.900002
"2010-02-26",34
"2010-03-01",33.900002
"2010-03-02",34
"2010-03-03",34
"2010-03-04",34.299999
"2010-03-05",35
"2010-03-08",35.599998
"2010-03-09",38.200001
"2010-03-10",39.599998
"2010-03-11",41.799999
"2010-03-12",39.700001
"2010-03-15",38.900002
"2010-03-16",40.5
"2010-03-17",40.5
"2010-03-18",40.200001
"2010-03-19",39
"2010-03-22",40.400002
"2010-03-23",41.299999
"2010-03-24",41.5
"2010-03-25",42.700001
"2010-03-26",43.099998
"2010-03-29",41.799999
"2010-03-30",40.900002
"2010-03-31",40.5
"2010-04-01",41.799999
"2010-04-05",42.599998
"2010-04-06",42.900002
"2010-04-07",43.599998
"2010-04-08",44.700001
"2010-04-09",45.5
"2010-04-12",46.400002
"2010-04-13",46.200001
"2010-04-14",49.299999
"2010-04-15",48.099998
"2010-04-16",45.599998
"2010-04-19",48.799999
"2010-04-20",49.700001
"2010-04-21",49.299999
"2010-04-22",48.700001
"2010-04-23",48.599998
"2010-04-26",46.099998
"2010-04-27",43.400002
"2010-04-28",44.5
"2010-04-29",45.599998
"2010-04-30",43.700001
"2010-05-03",44.099998
"2010-05-04",42.599998
"2010-05-05",41.799999
"2010-05-06",40.400002
"2010-05-07",40
"2010-05-10",42.200001
"2010-05-11",41.700001
"2010-05-12",41.799999
"2010-05-13",40.900002
"2010-05-14",39.799999
"2010-05-17",38.599998
"2010-05-18",37.299999
"2010-05-19",38.099998
"2010-05-20",36.299999
"2010-05-21",37.5
"2010-05-24",37.799999
"2010-05-25",37.799999
"2010-05-26",38.599998
"2010-05-27",40.200001
"2010-05-28",39.599998
"2010-06-01",38.5
"2010-06-02",39.200001
"2010-06-03",39.599998
"2010-06-04",37.900002
"2010-06-07",36.400002
"2010-06-08",37.200001
"2010-06-09",38.700001
"2010-06-10",39
"2010-06-11",38.799999
"2010-06-14",38.799999
"2010-06-15",39.900002
"2010-06-16",39.900002
"2010-06-17",39.599998
"2010-06-18",40.099998
"2010-06-21",40.200001
"2010-06-22",39.400002
"2010-06-23",38.900002
"2010-06-24",37.799999
"2010-06-25",39.400002
"2010-06-28",40
"2010-06-29",37.299999
"2010-06-30",37.599998
"2010-07-01",37.799999
"2010-07-02",37.900002
"2010-07-06",37.900002
"2010-07-07",39
"2010-07-08",39.700001
"2010-07-09",40.400002
"2010-07-12",41.099998
"2010-07-13",43
"2010-07-14",42.099998
"2010-07-15",41.599998
"2010-07-16",39
"2010-07-19",39.799999
"2010-07-20",39.900002
"2010-07-21",39.400002
"2010-07-22",40.900002
"2010-07-23",40.200001
"2010-07-26",41.5
"2010-07-27",41.599998
"2010-07-28",40.900002
"2010-07-29",41.200001
"2010-07-30",41
"2010-08-02",41.900002
"2010-08-03",41.299999
"2010-08-04",41.400002
"2010-08-05",41
"2010-08-06",40.599998
"2010-08-09",40.799999
"2010-08-10",40
"2010-08-11",38.5
"2010-08-12",38.700001
"2010-08-13",38.799999
"2010-08-16",38.700001
"2010-08-17",38.5
"2010-08-18",38.599998
"2010-08-19",37.900002
"2010-08-20",37.5
"2010-08-23",37.5
"2010-08-24",37.099998
"2010-08-25",36.799999
"2010-08-26",36.599998
"2010-08-27",37.599998
"2010-08-30",36.700001
"2010-08-31",37.099998
"2010-09-01",38.5
"2010-09-02",38.799999
"2010-09-03",39.099998
"2010-09-07",38.299999
"2010-09-08",38.400002
"2010-09-09",39.099998
"2010-09-10",39.099998
"2010-09-13",39.900002
"2010-09-14",39.400002
"2010-09-15",39.200001
"2010-09-16",39.700001
"2010-09-17",39.5
"2010-09-20",39.900002
"2010-09-21",39.400002
"2010-09-22",38.799999
"2010-09-23",38
"2010-09-24",39
"2010-09-27",38.700001
"2010-09-28",38.799999
"2010-09-29",39.200001
"2010-09-30",39.099998
"2010-10-01",40.900002
"2010-10-04",40.299999
"2010-10-05",41.299999
"2010-10-06",41
"2010-10-07",41.799999
"2010-10-08",41.900002
"2010-10-11",41.799999
"2010-10-12",42.400002
"2010-10-13",42.5
"2010-10-14",40.599998
"2010-10-15",39.5
"2010-10-18",41.700001
"2010-10-19",40.599998
"2010-10-20",41.099998
"2010-10-21",40.700001
"2010-10-22",41.099998
"2010-10-25",42.099998
"2010-10-26",41.799999
"2010-10-27",41.700001
"2010-10-28",41.700001
"2010-10-29",41.700001
"2010-11-01",41.5
"2010-11-02",41.700001
"2010-11-03",41.900002
"2010-11-04",43.299999
"2010-11-05",44.900002
"2010-11-08",44.400002
"2010-11-09",43
"2010-11-10",44.200001
"2010-11-11",43.599998
"2010-11-12",42.900002
"2010-11-15",43.200001
"2010-11-16",42.200001
"2010-11-17",41.900002
"2010-11-18",43
"2010-11-19",42.700001
"2010-11-22",41.799999
"2010-11-23",41
"2010-11-24",41.700001
"2010-11-26",41.099998
"2010-11-29",41.5
"2010-11-30",42
"2010-12-01",43
"2010-12-02",44.200001
"2010-12-03",44.5
"2010-12-06",44.5
"2010-12-07",46.200001
"2010-12-08",46.400002
"2010-12-09",46.900002
"2010-12-10",47.700001
"2010-12-13",48.099998
"2010-12-14",46.900002
"2010-12-15",45.900002
"2010-12-16",45.900002
"2010-12-17",47
"2010-12-20",47.099998
"2010-12-21",47.400002
"2010-12-22",47.299999
"2010-12-23",46.799999
"2010-12-27",47.700001
"2010-12-28",47.799999
"2010-12-29",47.700001
"2010-12-30",47.599998
"2010-12-31",47.299999
"2011-01-03",49
"2011-01-04",49
"2011-01-05",49.700001
"2011-01-06",49.5
"2011-01-07",49.400002
"2011-01-10",49.099998
"2011-01-11",49.400002
"2011-01-12",50.799999
"2011-01-13",50.400002
"2011-01-14",51.299999
"2011-01-18",48
"2011-01-19",47.599998
"2011-01-20",48
"2011-01-21",48.900002
"2011-01-24",48.599998
"2011-01-25",48.200001
"2011-01-26",48.099998
"2011-01-27",48.299999
"2011-01-28",47.200001
"2011-01-31",48.200001
"2011-02-01",49
"2011-02-02",48.5
"2011-02-03",48.099998
"2011-02-04",48.200001
"2011-02-07",49
"2011-02-08",48.900002
"2011-02-09",48.400002
"2011-02-10",47.799999
"2011-02-11",48.799999
"2011-02-14",49.099998
"2011-02-15",49.099998
"2011-02-16",49
"2011-02-17",49.400002
"2011-02-18",49.099998
"2011-02-22",46.900002
"2011-02-23",47
"2011-02-24",46.900002
"2011-02-25",47
"2011-02-28",46.799999
"2011-03-01",45.700001
"2011-03-02",46
"2011-03-03",46.799999
"2011-03-04",45.400002
"2011-03-07",45.200001
"2011-03-08",46.400002
"2011-03-09",46.5
"2011-03-10",45.400002
"2011-03-11",45.700001
"2011-03-14",45.400002
"2011-03-15",44.400002
"2011-03-16",43.900002
"2011-03-17",44.5
"2011-03-18",45
"2011-03-21",44.299999
"2011-03-22",44.200001
"2011-03-23",44
"2011-03-24",44.299999
"2011-03-25",44.599998
"2011-03-28",44.299999
"2011-03-29",44.5
"2011-03-30",44.5
"2011-03-31",44.200001
"2011-04-01",44.5
"2011-04-04",44.299999
"2011-04-05",44.700001
"2011-04-06",45.900002
"2011-04-07",45.799999
"2011-04-08",45.599998
"2011-04-11",45.299999
"2011-04-12",45.5
"2011-04-13",45
"2011-04-14",44.299999
"2011-04-15",44.200001
"2011-04-18",44.200001
"2011-04-19",45.299999
"2011-04-20",45.700001
"2011-04-21",45.5
"2011-04-25",45.200001
"2011-04-26",45.099998
"2011-04-27",45.099998
"2011-04-28",45.900002
"2011-04-29",45.900002
"2011-05-02",44.900002
"2011-05-03",45.200001
"2011-05-04",45.200001
"2011-05-05",44.799999
"2011-05-06",45.200001
"2011-05-09",44.16
"2011-05-10",44.200001
"2011-05-11",42.919998
"2011-05-12",42.419998
"2011-05-13",41.529999
"2011-05-16",41.189999
"2011-05-17",41.540001
"2011-05-18",41.240002
"2011-05-19",41.380001
"2011-05-20",41.02
"2011-05-23",40.16
"2011-05-24",40.509998
"2011-05-25",40.330002
"2011-05-26",40.220001
"2011-05-27",40.970001
"2011-05-31",41.150002
"2011-06-01",39.650002
"2011-06-02",40.009998
"2011-06-03",39.849998
"2011-06-06",38.07
"2011-06-07",37.580002
"2011-06-08",36.810001
"2011-06-09",37.77
"2011-06-10",37.919998
"2011-06-13",39.169998
"2011-06-14",38.779999
"2011-06-15",38
"2011-06-16",37.630001
"2011-06-17",38.299999
"2011-06-20",38.16
"2011-06-21",39.310001
"2011-06-22",39.509998
"2011-06-23",39.41
"2011-06-24",39.59
"2011-06-27",39.990002
"2011-06-28",40.150002
"2011-06-29",41.5
"2011-06-30",41.639999
"2011-07-01",42.880001
"2011-07-05",42.57
"2011-07-06",42.009998
"2011-07-07",42.630001
"2011-07-08",42.029999
"2011-07-11",39.790001
"2011-07-12",39.07
"2011-07-13",39.470001
"2011-07-14",39.02
"2011-07-15",38.380001
"2011-07-18",37.740002
"2011-07-19",38.02
"2011-07-20",38.619999
"2011-07-21",40.32
"2011-07-22",40.259998
"2011-07-25",39.91
"2011-07-26",39.720001
"2011-07-27",38.27
"2011-07-28",38.18
"2011-07-29",38.34
"2011-08-01",38.48
"2011-08-02",37.040001
"2011-08-03",37.259998
"2011-08-04",34.810001
"2011-08-05",33.439999
"2011-08-08",27.950001
"2011-08-09",31.82
"2011-08-10",28.49
"2011-08-11",30.290001
"2011-08-12",29.85
"2011-08-15",31.27
"2011-08-16",29.940001
"2011-08-17",29.85
"2011-08-18",27.98
"2011-08-19",26.77
"2011-08-22",26.059999
"2011-08-23",27.32
"2011-08-24",28.450001
"2011-08-25",29.83
"2011-08-26",29.84
"2011-08-29",31.290001
"2011-08-30",30.940001
"2011-08-31",31.049999
"2011-09-01",30
"2011-09-02",28.4
"2011-09-06",27.700001
"2011-09-07",28.98
"2011-09-08",27.98
"2011-09-09",26.74
"2011-09-12",26.959999
"2011-09-13",27.049999
"2011-09-14",27.389999
"2011-09-15",28.59
"2011-09-16",28.99
"2011-09-19",27.709999
"2011-09-20",26.93
"2011-09-21",25.52
"2011-09-22",23.959999
"2011-09-23",24.98
"2011-09-26",26.719999
"2011-09-27",26.99
"2011-09-28",25.92
"2011-09-29",26.9
"2011-09-30",25.620001
"2011-10-03",23.110001
"2011-10-04",24.389999
"2011-10-05",24.709999
"2011-10-06",26.02
"2011-10-07",24.629999
"2011-10-10",26.49
"2011-10-11",27.84
"2011-10-12",29.200001
"2011-10-13",27.639999
"2011-10-14",28.4
"2011-10-17",27.93
"2011-10-18",29.879999
"2011-10-19",29.389999
"2011-10-20",30.08
"2011-10-21",30.299999
"2011-10-24",31.6
"2011-10-25",30.9
"2011-10-26",31.15
"2011-10-27",34.169998
"2011-10-28",34.16
"2011-10-31",31.59
"2011-11-01",29.17
"2011-11-02",29.83
"2011-11-03",30.780001
"2011-11-04",30.34
"2011-11-07",30.549999
"2011-11-08",31.42
"2011-11-09",28.85
"2011-11-10",28.629999
"2011-11-11",29.33
"2011-11-14",28.379999
"2011-11-15",28.02
"2011-11-16",26.860001
"2011-11-17",26
"2011-11-18",26.280001
"2011-11-21",25
"2011-11-22",24.459999
"2011-11-23",23.51
"2011-11-25",23.629999
"2011-11-28",25.049999
"2011-11-29",25.24
"2011-11-30",27.48
"2011-12-01",26.99
"2011-12-02",28.17
"2011-12-05",29.83
"2011-12-06",29.75
"2011-12-07",29.83
"2011-12-08",27.75
"2011-12-09",28.77
"2011-12-12",27.219999
"2011-12-13",26.9
"2011-12-14",26.049999
"2011-12-15",25.92
"2011-12-16",26.030001
"2011-12-19",24.82
"2011-12-20",25.950001
"2011-12-21",26.1
"2011-12-22",27.65
"2011-12-23",27.459999
"2011-12-27",26.9
"2011-12-28",26.129999
"2011-12-29",26.76
"2011-12-30",26.309999
"2012-01-03",28.33
"2012-01-04",28.17
"2012-01-05",28.51
"2012-01-06",28.549999
"2012-01-09",29.08
"2012-01-10",30
"2012-01-11",31.27
"2012-01-12",31.6
"2012-01-13",30.74
"2012-01-17",28.219999
"2012-01-18",29.030001
"2012-01-19",29.33
"2012-01-20",29.639999
"2012-01-23",29.85
"2012-01-24",29.9
"2012-01-25",29.959999
"2012-01-26",30.379999
"2012-01-27",30.870001
"2012-01-30",30.23
"2012-01-31",30.719999
"2012-02-01",31.6
"2012-02-02",31.99
"2012-02-03",33.540001
"2012-02-06",33.299999
"2012-02-07",33.07
"2012-02-08",34.23
"2012-02-09",33.66
"2012-02-10",32.93
"2012-02-13",32.880001
"2012-02-14",32.080002
"2012-02-15",31.719999
"2012-02-16",32.709999
"2012-02-17",32.919998
"2012-02-21",33.360001
"2012-02-22",32.360001
"2012-02-23",32.709999
"2012-02-24",32.349998
"2012-02-27",32.93
"2012-02-28",33.48
"2012-02-29",33.32
"2012-03-01",34.130001
"2012-03-02",34.099998
"2012-03-05",33.68
"2012-03-06",32.119999
"2012-03-07",33.240002
"2012-03-08",34
"2012-03-09",34.200001
"2012-03-12",34.290001
"2012-03-13",36.450001
"2012-03-14",35.209999
"2012-03-15",36.27
"2012-03-16",36.689999
"2012-03-19",37.169998
"2012-03-20",38.080002
"2012-03-21",37.799999
"2012-03-22",36.900002
"2012-03-23",37.130001
"2012-03-26",37.43
"2012-03-27",36.779999
"2012-03-28",37.060001
"2012-03-29",36.509998
"2012-03-30",36.549999
"2012-04-02",36.869999
"2012-04-03",36.369999
"2012-04-04",35.040001
"2012-04-05",34.790001
"2012-04-09",33.970001
"2012-04-10",32.860001
"2012-04-11",33.59
"2012-04-12",34.630001
"2012-04-13",33.41
"2012-04-16",34
"2012-04-17",35.080002
"2012-04-18",35.080002
"2012-04-19",34.849998
"2012-04-20",33.889999
"2012-04-23",33.25
"2012-04-24",33.419998
"2012-04-25",33.68
"2012-04-26",33.880001
"2012-04-27",33.5
"2012-04-30",33.040001
"2012-05-01",33.599998
"2012-05-02",32.700001
"2012-05-03",32.48
"2012-05-04",31.6
"2012-05-07",31.67
"2012-05-08",31.32
"2012-05-09",30.450001
"2012-05-10",30.65
"2012-05-11",29.35
"2012-05-14",28.139999
"2012-05-15",27.790001
"2012-05-16",26.92
"2012-05-17",26.41
"2012-05-18",26.01
"2012-05-21",26.25
"2012-05-22",26.92
"2012-05-23",27.15
"2012-05-24",26.66
"2012-05-25",26.469999
"2012-05-29",27.02
"2012-05-30",26
"2012-05-31",26.51
"2012-06-01",25.389999
"2012-06-04",24.82
"2012-06-05",25.75
"2012-06-06",27.139999
"2012-06-07",26.91
"2012-06-08",27.77
"2012-06-11",26.48
"2012-06-12",27.620001
"2012-06-13",27.67
"2012-06-14",27.91
"2012-06-15",28.309999
"2012-06-18",27.549999
"2012-06-19",28.5
"2012-06-20",28.860001
"2012-06-21",27.83
"2012-06-22",27.99
"2012-06-25",26.75
"2012-06-26",26.73
"2012-06-27",27.1
"2012-06-28",26.389999
"2012-06-29",27.41
"2012-07-02",27.459999
"2012-07-03",27.65
"2012-07-05",26.84
"2012-07-06",26.360001
"2012-07-09",26.110001
"2012-07-10",25.879999
"2012-07-11",25.870001
"2012-07-12",25.280001
"2012-07-13",26.65
"2012-07-16",26.809999
"2012-07-17",27.379999
"2012-07-18",27.1
"2012-07-19",26.59
"2012-07-20",25.870001
"2012-07-23",25.34
"2012-07-24",25.24
"2012-07-25",25.790001
"2012-07-26",26.280001
"2012-07-27",27.299999
"2012-07-30",27.139999
"2012-07-31",27.129999
"2012-08-01",26.780001
"2012-08-02",26.18
"2012-08-03",27.4
"2012-08-06",28.559999
"2012-08-07",28.889999
"2012-08-08",28.860001
"2012-08-09",28.860001
"2012-08-10",28.9
"2012-08-13",28.780001
"2012-08-14",28.77
"2012-08-15",28.74
"2012-08-16",28.82
"2012-08-17",29.030001
"2012-08-20",29.98
"2012-08-21",30.73
"2012-08-22",30.49
"2012-08-23",29.59
"2012-08-24",29.83
"2012-08-27",29.690001
"2012-08-28",29.34
"2012-08-29",29.91
"2012-08-30",29.65
"2012-08-31",29.709999
"2012-09-04",29.700001
"2012-09-05",29.77
"2012-09-06",31.120001
"2012-09-07",32.07
"2012-09-10",31.83
"2012-09-11",32.66
"2012-09-12",33.049999
"2012-09-13",34.450001
"2012-09-14",34.790001
"2012-09-17",34.060001
"2012-09-18",33.939999
"2012-09-19",34.18
"2012-09-20",33.810001
"2012-09-21",33.669998
"2012-09-24",33.490002
"2012-09-25",32.860001
"2012-09-26",32.509998
"2012-09-27",32.970001
"2012-09-28",32.720001
"2012-10-01",32.75
"2012-10-02",33.259998
"2012-10-03",34.060001
"2012-10-04",34.959999
"2012-10-05",34.77
"2012-10-08",34.779999
"2012-10-09",34.599998
"2012-10-10",35.139999
"2012-10-11",35.52
"2012-10-12",34.75
"2012-10-15",36.66
"2012-10-16",37.25
"2012-10-17",38.43
"2012-10-18",38.419998
"2012-10-19",37.16
"2012-10-22",37.720001
"2012-10-23",36.889999
"2012-10-24",37.299999
"2012-10-25",37.41
"2012-10-26",36.599998
"2012-10-31",37.389999
"2012-11-01",37.950001
"2012-11-02",37.599998
"2012-11-05",37.32
"2012-11-06",38.470001
"2012-11-07",36.049999
"2012-11-08",36
"2012-11-09",35.93
"2012-11-12",36.419998
"2012-11-13",36.16
"2012-11-14",35.02
"2012-11-15",35.209999
"2012-11-16",34.98
"2012-11-19",36.099998
"2012-11-20",36
"2012-11-21",35.77
"2012-11-23",36.029999
"2012-11-26",35.57
"2012-11-27",35.040001
"2012-11-28",35.07
"2012-11-29",35.209999
"2012-11-30",34.57
"2012-12-03",34.220001
"2012-12-04",34.290001
"2012-12-05",36.459999
"2012-12-06",37.02
"2012-12-07",37.639999
"2012-12-10",37.189999
"2012-12-11",37
"2012-12-12",37.529999
"2012-12-13",37.290001
"2012-12-14",37.599998
"2012-12-17",39.150002
"2012-12-18",39.459999
"2012-12-19",39.450001
"2012-12-20",40.169998
"2012-12-21",39.490002
"2012-12-24",39.380001
"2012-12-26",39.549999
"2012-12-27",39.25
"2012-12-28",39.009998
"2012-12-31",39.560001
"2013-01-02",41.25
"2013-01-03",41.389999
"2013-01-04",42.43
"2013-01-07",42.470001
"2013-01-08",42.459999
"2013-01-09",42.040001
"2013-01-10",42.830002
"2013-01-11",42.34
"2013-01-14",42.220001
"2013-01-15",42.57
"2013-01-16",42.48
"2013-01-17",41.240002
"2013-01-18",41.66
"2013-01-22",41.779999
"2013-01-23",42.02
"2013-01-24",42.799999
"2013-01-25",42.91
"2013-01-28",42.34
"2013-01-29",42.16
"2013-01-30",41.950001
"2013-01-31",42.16
"2013-02-01",43.02
"2013-02-04",42.209999
"2013-02-05",42.919998
"2013-02-06",43.049999
"2013-02-07",42.869999
"2013-02-08",42.68
"2013-02-11",43.150002
"2013-02-12",44.349998
"2013-02-13",44
"2013-02-14",44.32
"2013-02-15",43.84
"2013-02-19",44.5
"2013-02-20",43.220001
"2013-02-21",42.349998
"2013-02-22",42.790001
"2013-02-25",41.150002
"2013-02-26",41.290001
"2013-02-27",42.16
"2013-02-28",41.970001
"2013-03-01",42.110001
"2013-03-04",42.939999
"2013-03-05",43.599998
"2013-03-06",44.580002
"2013-03-07",45
"2013-03-08",46.68
"2013-03-11",47.599998
"2013-03-12",46.950001
"2013-03-13",46.970001
"2013-03-14",47.459999
"2013-03-15",47.259998
"2013-03-18",46.240002
"2013-03-19",45.790001
"2013-03-20",46.09
"2013-03-21",45.23
"2013-03-22",45.23
"2013-03-25",44.490002
"2013-03-26",44.830002
"2013-03-27",44.459999
"2013-03-28",44.240002
"2013-04-01",43.790001
"2013-04-02",44.110001
"2013-04-03",42.5
"2013-04-04",42.77
"2013-04-05",43.009998
"2013-04-08",43.560001
"2013-04-09",43.889999
"2013-04-10",45.060001
"2013-04-11",44.869999
"2013-04-12",44.779999
"2013-04-15",44.869999
"2013-04-16",46.66
"2013-04-17",45.740002
"2013-04-18",45.09
"2013-04-19",45.029999
"2013-04-22",45.150002
"2013-04-23",46.459999
"2013-04-24",47.119999
"2013-04-25",47.110001
"2013-04-26",46.919998
"2013-04-29",46.82
"2013-04-30",46.66
"2013-05-01",45.869999
"2013-05-02",46.540001
"2013-05-03",46.970001
"2013-05-06",47.48
"2013-05-07",48.110001
"2013-05-08",49.290001
"2013-05-09",48.599998
"2013-05-10",48.75
"2013-05-13",48.919998
"2013-05-14",50.09
"2013-05-15",51.34
"2013-05-16",50.610001
"2013-05-17",51.450001
"2013-05-20",51.599998
"2013-05-21",51.66
"2013-05-22",51
"2013-05-23",50.529999
"2013-05-24",50.52
"2013-05-28",51.790001
"2013-05-29",52.279999
"2013-05-30",53.27
"2013-05-31",51.990002
"2013-06-03",51.959999
"2013-06-04",51.23
"2013-06-05",50.029999
"2013-06-06",50.830002
"2013-06-07",51.599998
"2013-06-10",51.93
"2013-06-11",49.950001
"2013-06-12",49.439999
"2013-06-13",50.290001
"2013-06-14",49.220001
"2013-06-17",49.360001
"2013-06-18",50.009998
"2013-06-19",49.529999
"2013-06-20",47.900002
"2013-06-21",46.869999
"2013-06-24",45.439999
"2013-06-25",47
"2013-06-26",47.610001
"2013-06-27",48.279999
"2013-06-28",47.970001
"2013-07-01",48.25
"2013-07-02",48.150002
"2013-07-03",47.669998
"2013-07-05",48.529999
"2013-07-08",49.52
"2013-07-09",50.209999
"2013-07-10",49.630001
"2013-07-11",50.040001
"2013-07-12",50.810001
"2013-07-15",51.810001
"2013-07-16",51.830002
"2013-07-17",51.790001
"2013-07-18",52.689999
"2013-07-19",52.349998
"2013-07-22",53
"2013-07-23",52.880001
"2013-07-24",52.189999
"2013-07-25",52.66
"2013-07-26",52.209999
"2013-07-29",51.639999
"2013-07-30",51.779999
"2013-07-31",52.139999
"2013-08-01",52.860001
"2013-08-02",53
"2013-08-05",52.869999
"2013-08-06",51.48
"2013-08-07",51.5
"2013-08-08",51.779999
"2013-08-09",51.32
"2013-08-12",50.900002
"2013-08-13",51.77
"2013-08-14",51.59
"2013-08-15",50.860001
"2013-08-16",50.349998
"2013-08-19",49.330002
"2013-08-20",49.919998
"2013-08-21",49.16
"2013-08-22",49.91
"2013-08-23",49.830002
"2013-08-26",49.599998
"2013-08-27",48.240002
"2013-08-28",48.310001
"2013-08-29",48.470001
"2013-08-30",48.330002
"2013-09-03",49.369999
"2013-09-04",49.599998
"2013-09-05",49.860001
"2013-09-06",49.220001
"2013-09-09",50.09
"2013-09-10",51.09
"2013-09-11",50.73
"2013-09-12",50.259998
"2013-09-13",50.490002
"2013-09-16",51
"2013-09-17",51.200001
"2013-09-18",52.209999
"2013-09-19",51.950001
"2013-09-20",51.209999
"2013-09-23",49.57
"2013-09-24",48.959999
"2013-09-25",49.259998
"2013-09-26",48.93
"2013-09-27",48.889999
"2013-09-30",48.509998
"2013-10-01",48.599998
"2013-10-02",48.709999
"2013-10-03",48.400002
"2013-10-04",49.139999
"2013-10-07",48.18
"2013-10-08",47.669998
"2013-10-09",47.950001
"2013-10-10",49.27
"2013-10-11",49.220001
"2013-10-14",49.599998
"2013-10-15",48.860001
"2013-10-16",50.84
"2013-10-17",51.119999
"2013-10-18",51.150002
"2013-10-21",51.029999
"2013-10-22",50.759998
"2013-10-23",50.189999
"2013-10-24",50.150002
"2013-10-25",50.060001
"2013-10-28",50.150002
"2013-10-29",50.220001
"2013-10-30",49.889999
"2013-10-31",48.779999
"2013-11-01",48.740002
"2013-11-04",48.630001
"2013-11-05",48.380001
"2013-11-06",48.619999
"2013-11-07",48.349998
"2013-11-08",49.939999
"2013-11-11",50.169998
"2013-11-12",49.52
"2013-11-13",49.990002
"2013-11-14",50.209999
"2013-11-15",50.400002
"2013-11-18",50.790001
"2013-11-19",51.169998
"2013-11-20",50.77
"2013-11-21",51.73
"2013-11-22",52.41
"2013-11-25",53.290001
"2013-11-26",53.009998
"2013-11-27",53.049999
"2013-11-29",52.919998
"2013-12-02",52.619999
"2013-12-03",52.130001
"2013-12-04",52.040001
"2013-12-05",51.060001
"2013-12-06",51.490002
"2013-12-09",52.110001
"2013-12-10",51.740002
"2013-12-11",50.709999
"2013-12-12",50.91
"2013-12-13",50.970001
"2013-12-16",50.900002
"2013-12-17",50.689999
"2013-12-18",51.959999
"2013-12-19",51.880001
"2013-12-20",52.209999
"2013-12-23",52.41
"2013-12-24",52.43
"2013-12-26",52.349998
"2013-12-27",52.259998
"2013-12-30",51.919998
"2013-12-31",52.110001
"2014-01-02",52.27
"2014-01-03",53.400002
"2014-01-06",53.810001
"2014-01-07",54.18
"2014-01-08",54.810001
"2014-01-09",55.200001
"2014-01-10",54.720001
"2014-01-13",53.720001
"2014-01-14",53.950001
"2014-01-15",54.990002
"2014-01-16",52.599998
"2014-01-17",52.27
"2014-01-21",51.849998
"2014-01-22",51.900002
"2014-01-23",50.720001
"2014-01-24",49.330002
"2014-01-27",48.810001
"2014-01-28",49.599998
"2014-01-29",48.080002
"2014-01-30",48.299999
"2014-01-31",47.43
"2014-02-03",46.34
"2014-02-04",46.779999
"2014-02-05",47.060001
"2014-02-06",48.25
"2014-02-07",49.34
"2014-02-10",49.32
"2014-02-11",49.66
"2014-02-12",49.959999
"2014-02-13",49.860001
"2014-02-14",49.52
"2014-02-18",49.380001
"2014-02-19",48.189999
"2014-02-20",48.130001
"2014-02-21",48.259998
"2014-02-24",48.98
"2014-02-25",48.400002
"2014-02-26",48.32
"2014-02-27",48.689999
"2014-02-28",48.630001
"2014-03-03",47.610001
"2014-03-04",48.830002
"2014-03-05",49.419998
"2014-03-06",49.709999
"2014-03-07",49.619999
"2014-03-10",49.57
"2014-03-11",48.43
"2014-03-12",47.98
"2014-03-13",47.330002
"2014-03-14",46.880001
"2014-03-17",47.73
"2014-03-18",48.139999
"2014-03-19",48.939999
"2014-03-20",50.220001
"2014-03-21",50.080002
"2014-03-24",50.049999
"2014-03-25",50.299999
"2014-03-26",50.16
"2014-03-27",47.450001
"2014-03-28",47.25
"2014-03-31",47.599998
"2014-04-01",47.799999
"2014-04-02",48.240002
"2014-04-03",47.68
"2014-04-04",47.110001
"2014-04-07",46.549999
"2014-04-08",46.599998
"2014-04-09",47.16
"2014-04-10",46.23
"2014-04-11",45.68
"2014-04-14",47.669998
"2014-04-15",48.310001
"2014-04-16",48.18
"2014-04-17",48.220001
"2014-04-21",47.84
"2014-04-22",48.02
"2014-04-23",48.400002
"2014-04-24",48.330002
"2014-04-25",47.75
"2014-04-28",47.299999
"2014-04-29",48.16
"2014-04-30",47.91
"2014-05-01",47.759998
"2014-05-02",47.73
"2014-05-05",47.18
"2014-05-06",46.360001
"2014-05-07",46.700001
"2014-05-08",47.139999
"2014-05-09",46.990002
"2014-05-12",47.27
"2014-05-13",47.419998
"2014-05-14",47.119999
"2014-05-15",46.52
"2014-05-16",46.439999
"2014-05-19",46.77
"2014-05-20",46.549999
"2014-05-21",46.849998
"2014-05-22",47.139999
"2014-05-23",47.290001
"2014-05-27",47.57
"2014-05-28",47.32
"2014-05-29",47.279999
"2014-05-30",47.57
"2014-06-02",47.759998
"2014-06-03",48.189999
"2014-06-04",47.880001
"2014-06-05",48.630001
"2014-06-06",48.93
"2014-06-09",49.580002
"2014-06-10",49.330002
"2014-06-11",48.810001
"2014-06-12",48.27
"2014-06-13",47.59
"2014-06-16",47.639999
"2014-06-17",47.790001
"2014-06-18",47.93
"2014-06-19",47.560001
"2014-06-20",47.34
"2014-06-23",48.060001
"2014-06-24",47.810001
"2014-06-25",47.82
"2014-06-26",47.23
"2014-06-27",47.139999
"2014-06-30",47.099998
"2014-07-01",47.459999
"2014-07-02",48.009998
"2014-07-03",48.240002
"2014-07-07",47.98
"2014-07-08",47.419998
"2014-07-09",47.380001
"2014-07-10",46.900002
"2014-07-11",47
"2014-07-14",48.419998
"2014-07-15",49.290001
"2014-07-16",49.82
"2014-07-17",49.18
"2014-07-18",49.560001
"2014-07-21",49.349998
"2014-07-22",49.599998
"2014-07-23",50.18
"2014-07-24",50.09
"2014-07-25",50.029999
"2014-07-28",49.700001
"2014-07-29",49.419998
"2014-07-30",50
"2014-07-31",48.91
"2014-08-01",48.099998
"2014-08-04",48.34
"2014-08-05",47.889999
"2014-08-06",48.139999
"2014-08-07",48.060001
"2014-08-08",48.450001
"2014-08-11",48.389999
"2014-08-12",48.439999
"2014-08-13",48.75
"2014-08-14",49.130001
"2014-08-15",48.720001
"2014-08-18",49.509998
"2014-08-19",49.700001
"2014-08-20",49.799999
"2014-08-21",51.07
"2014-08-22",50.93
"2014-08-25",51.630001
"2014-08-26",52.130001
"2014-08-27",51.860001
"2014-08-28",51.389999
"2014-08-29",51.650002
"2014-09-02",51.959999
"2014-09-03",52.23
"2014-09-04",52.470001
"2014-09-05",52.299999
"2014-09-08",52.049999
"2014-09-09",51.259998
"2014-09-10",51.830002
"2014-09-11",52.23
"2014-09-12",52.380001
"2014-09-15",52.310001
"2014-09-16",52.360001
"2014-09-17",52.389999
"2014-09-18",53.66
"2014-09-19",53.48
"2014-09-22",53.040001
"2014-09-23",52.84
"2014-09-24",53.259998
"2014-09-25",51.959999
"2014-09-26",52.490002
"2014-09-29",52.049999
"2014-09-30",51.82
"2014-10-01",51.099998
"2014-10-02",51.25
"2014-10-03",52.32
"2014-10-06",52.279999
"2014-10-07",51.27
"2014-10-08",52.540001
"2014-10-09",51.139999
"2014-10-10",50.110001
"2014-10-13",49.900002
"2014-10-14",51.470001
"2014-10-15",49.68
"2014-10-16",49.75
"2014-10-17",50.07
"2014-10-20",50.529999
"2014-10-21",51.27
"2014-10-22",50.700001
"2014-10-23",51.41
"2014-10-24",51.799999
"2014-10-27",51.59
"2014-10-28",52.439999
"2014-10-29",52.650002
"2014-10-30",53.150002
"2014-10-31",53.529999
"2014-11-03",53.470001
"2014-11-04",53.189999
"2014-11-05",54.02
"2014-11-06",53.990002
"2014-11-07",53.75
"2014-11-10",53.889999
"2014-11-11",53.810001
"2014-11-12",53.419998
"2014-11-13",53.439999
"2014-11-14",53.380001
"2014-11-17",53.57
"2014-11-18",53.810001
"2014-11-19",53.66
"2014-11-20",53.52
"2014-11-21",53.66
"2014-11-24",54.400002
"2014-11-25",54.330002
"2014-11-26",54.130001
"2014-11-28",53.970001
"2014-12-01",53.349998
"2014-12-02",54.360001
"2014-12-03",55.209999
"2014-12-04",55.18
"2014-12-05",56.080002
"2014-12-08",56.369999
"2014-12-09",55.849998
"2014-12-10",54.470001
"2014-12-11",54.509998
"2014-12-12",53.400002
"2014-12-15",52.790001
"2014-12-16",51.169998
"2014-12-17",52.450001
"2014-12-18",54.099998
"2014-12-19",54.009998
"2014-12-22",53.959999
"2014-12-23",54.419998
"2014-12-24",54.540001
"2014-12-26",54.43
"2014-12-29",54.73
"2014-12-30",54.84
"2014-12-31",54.110001
"2015-01-02",54.259998
"2015-01-05",52.549999
"2015-01-06",50.700001
"2015-01-07",51.169998
"2015-01-08",51.939999
"2015-01-09",50.779999
"2015-01-12",50.380001
"2015-01-13",50.02
"2015-01-14",49.049999
"2015-01-15",47.23
"2015-01-16",47.610001
"2015-01-20",47.259998
"2015-01-21",47.740002
"2015-01-22",49.57
"2015-01-23",48.619999
"2015-01-26",48.889999
"2015-01-27",48.310001
"2015-01-28",47.110001
"2015-01-29",47.619999
"2015-01-30",46.950001
"2015-02-02",47.720001
"2015-02-03",48.880001
"2015-02-04",48.400002
"2015-02-05",48.540001
"2015-02-06",49.139999
"2015-02-09",49.209999
"2015-02-10",49.389999
"2015-02-11",49.68
"2015-02-12",50.889999
"2015-02-13",51.200001
"2015-02-17",51.689999
"2015-02-18",51.419998
"2015-02-19",51.119999
"2015-02-20",51.779999
"2015-02-23",51.32
"2015-02-24",51.900002
"2015-02-25",52.09
"2015-02-26",52.41
"2015-02-27",52.419998
"2015-03-02",53.490002
"2015-03-03",53.73
"2015-03-04",53.669998
"2015-03-05",53.560001
"2015-03-06",53.060001
"2015-03-09",52.950001
"2015-03-10",51.23
"2015-03-11",52.330002
"2015-03-12",54.080002
"2015-03-13",53.540001
"2015-03-16",53.689999
"2015-03-17",53.84
"2015-03-18",53.720001
"2015-03-19",52.380001
"2015-03-20",52.98
"2015-03-23",52.48
"2015-03-24",51.939999
"2015-03-25",51.380001
"2015-03-26",51.189999
"2015-03-27",51
"2015-03-30",51.639999
"2015-03-31",51.52
"2015-04-01",51.619999
"2015-04-02",51.860001
"2015-04-06",51.619999
"2015-04-07",51.52
"2015-04-08",51.889999
"2015-04-09",52.130001
"2015-04-10",52.43
"2015-04-13",52.66
"2015-04-14",52.73
"2015-04-15",53.209999
"2015-04-16",54.02
"2015-04-17",53.07
"2015-04-20",53.200001
"2015-04-21",52.48
"2015-04-22",53.099998
"2015-04-23",53.220001
"2015-04-24",52.900002
"2015-04-27",52.799999
"2015-04-28",53.02
"2015-04-29",53.759998
"2015-04-30",53.32
"2015-05-01",53.759998
"2015-05-04",54.169998
"2015-05-05",53.349998
"2015-05-06",52.82
"2015-05-07",53.310001
"2015-05-08",54.02
"2015-05-11",53.970001
"2015-05-12",53.740002
"2015-05-13",54.200001
"2015-05-14",54.599998
"2015-05-15",54.240002
"2015-05-18",54.669998
"2015-05-19",55.330002
"2015-05-20",54.889999
"2015-05-21",54.84
"2015-05-22",54.970001
"2015-05-26",54.240002
"2015-05-27",54.869999
"2015-05-28",54.549999
"2015-05-29",54.080002
"2015-06-01",54.450001
"2015-06-02",54.720001
"2015-06-03",55.630001
"2015-06-04",55.330002
"2015-06-05",56.240002
"2015-06-08",55.650002
"2015-06-09",56
"2015-06-10",57.02
"2015-06-11",57.209999
"2015-06-12",57.110001
"2015-06-15",56.650002
"2015-06-16",57.07
"2015-06-17",56.540001
"2015-06-18",56.759998
"2015-06-19",56.23
"2015-06-22",56.950001
"2015-06-23",57.389999
"2015-06-24",56.66
"2015-06-25",56.189999
"2015-06-26",56.34
"2015-06-29",54.880001
"2015-06-30",55.240002
"2015-07-01",55.68
"2015-07-02",55.369999
"2015-07-06",55.080002
"2015-07-07",54.5
"2015-07-08",52.799999
"2015-07-09",53.709999
"2015-07-10",54.560001
"2015-07-13",55.540001
"2015-07-14",55.91
"2015-07-15",56.459999
"2015-07-16",58.59
"2015-07-17",58.75
"2015-07-20",58.849998
"2015-07-21",59.099998
"2015-07-22",60.34
"2015-07-23",59.869999
"2015-07-24",58.700001
"2015-07-27",57.959999
"2015-07-28",58.369999
"2015-07-29",58.919998
"2015-07-30",58.880001
"2015-07-31",58.459999
"2015-08-03",58.439999
"2015-08-04",58.470001
"2015-08-05",58.740002
"2015-08-06",58.099998
"2015-08-07",57.91
"2015-08-10",58.740002
"2015-08-11",57.639999
"2015-08-12",56.91
"2015-08-13",57.330002
"2015-08-14",57.59
"2015-08-17",57.77
"2015-08-18",57.549999
"2015-08-19",57
"2015-08-20",55.330002
"2015-08-21",53.599998
"2015-08-24",50.34
"2015-08-25",49.880001
"2015-08-26",52.279999
"2015-08-27",53.439999
"2015-08-28",53.279999
"2015-08-31",53.48
"2015-09-01",50.939999
"2015-09-02",51.75
"2015-09-03",51.790001
"2015-09-04",50.59
"2015-09-08",51.650002
"2015-09-09",50.880001
"2015-09-10",51.07
"2015-09-11",51.099998
"2015-09-14",50.98
"2015-09-15",52
"2015-09-16",52.59
"2015-09-17",51.650002
"2015-09-18",50.290001
"2015-09-21",50.709999
"2015-09-22",50.380001
"2015-09-23",50.119999
"2015-09-24",49.130001
"2015-09-25",50.549999
"2015-09-28",49.029999
"2015-09-29",49
"2015-09-30",49.610001
"2015-10-01",49.889999
"2015-10-02",49.880001
"2015-10-05",51.16
"2015-10-06",51.060001
"2015-10-07",51.32
"2015-10-08",51.650002
"2015-10-09",51.380001
"2015-10-12",51.279999
"2015-10-13",51.209999
"2015-10-14",50.720001
"2015-10-15",52.970001
"2015-10-16",52.689999
"2015-10-19",52.860001
"2015-10-20",52.84
"2015-10-21",51.810001
"2015-10-22",52.509998
"2015-10-23",53.639999
"2015-10-26",53.110001
"2015-10-27",52.610001
"2015-10-28",54.73
"2015-10-29",53.66
"2015-10-30",53.169998
"2015-11-02",53.830002
"2015-11-03",54.16
"2015-11-04",53.830002
"2015-11-05",54.150002
"2015-11-06",55.869999
"2015-11-09",55.709999
"2015-11-10",55.799999
"2015-11-11",54.900002
"2015-11-12",53.459999
"2015-11-13",53.169998
"2015-11-16",53.689999
"2015-11-17",53.490002
"2015-11-18",54.98
"2015-11-19",55.060001
"2015-11-20",54.75
"2015-11-23",54.279999
"2015-11-24",54.18
"2015-11-25",54.080002
"2015-11-27",54.209999
"2015-11-30",54.09
"2015-12-01",54.880001
"2015-12-02",54.139999
"2015-12-03",53.509998
"2015-12-04",55.09
"2015-12-07",54.400002
"2015-12-08",53.389999
"2015-12-09",52.810001
"2015-12-10",52.650002
"2015-12-11",51.110001
"2015-12-14",51.099998
"2015-12-15",52.52
"2015-12-16",53.900002
"2015-12-17",52.84
"2015-12-18",51.209999
"2015-12-21",51.790001
"2015-12-22",52.009998
"2015-12-23",52.630001
"2015-12-24",52.709999
"2015-12-28",52.380001
"2015-12-29",52.98
"2015-12-30",52.299999
"2015-12-31",51.75
"2016-01-04",51.130001
"2016-01-05",50.860001
"2016-01-06",50.119999
"2016-01-07",47.560001
"2016-01-08",46.130001
"2016-01-11",46.849998
"2016-01-12",46.880001
"2016-01-13",45.189999
"2016-01-14",45.380001
"2016-01-15",42.470001
"2016-01-19",41.939999
"2016-01-20",40.490002
"2016-01-21",40.150002
"2016-01-22",41.060001
"2016-01-25",39.549999
"2016-01-26",40.5
"2016-01-27",40.560001
"2016-01-28",40.389999
"2016-01-29",42.580002
"2016-02-01",42.48
"2016-02-02",40.419998
"2016-02-03",40.360001
"2016-02-04",40.790001
"2016-02-05",39.860001
"2016-02-08",37.810001
"2016-02-09",37.509998
"2016-02-10",37.41
"2016-02-11",34.98
"2016-02-12",37.540001
"2016-02-16",38.889999
"2016-02-17",39.779999
"2016-02-18",38.919998
"2016-02-19",38.990002
"2016-02-22",39.52
"2016-02-23",38.220001
"2016-02-24",38.09
"2016-02-25",38.619999
"2016-02-26",39.5
"2016-02-29",38.849998
"2016-03-01",41.27
"2016-03-02",42.220001
"2016-03-03",42.830002
"2016-03-04",42.830002
"2016-03-07",42.610001
"2016-03-08",41.049999
"2016-03-09",41.150002
"2016-03-10",41.369999
"2016-03-11",42.990002
"2016-03-14",42.669998
"2016-03-15",42.59
"2016-03-16",42.23
"2016-03-17",42.849998
"2016-03-18",43.540001
"2016-03-21",43.599998
"2016-03-22",43.380001
"2016-03-23",42.369999
"2016-03-24",41.939999
"2016-03-28",41.919998
"2016-03-29",41.720001
"2016-03-30",41.880001
"2016-03-31",41.75
"2016-04-01",42.470001
"2016-04-04",42.060001
"2016-04-05",41.509998
"2016-04-06",41.860001
"2016-04-07",40.27
"2016-04-08",40.470001
"2016-04-11",41.119999
"2016-04-12",41.900002
"2016-04-13",44.25
"2016-04-14",44.98
"2016-04-15",44.919998
"2016-04-18",45.110001
"2016-04-19",45.630001
"2016-04-20",46.740002
"2016-04-21",46.599998
"2016-04-22",46.970001
"2016-04-25",46.689999
"2016-04-26",47.099998
"2016-04-27",47.330002
"2016-04-28",46.73
"2016-04-29",46.279999
"2016-05-02",46.68
"2016-05-03",45.57
"2016-05-04",44.66
"2016-05-05",44.23
"2016-05-06",44.41
"2016-05-09",43.889999
"2016-05-10",44.84
"2016-05-11",44.470001
"2016-05-12",44
"2016-05-13",43.110001
"2016-05-16",43.150002
"2016-05-17",43.700001
"2016-05-18",45.869999
"2016-05-19",45.060001
"2016-05-20",44.900002
"2016-05-23",45.110001
"2016-05-24",45.860001
"2016-05-25",46.939999
"2016-05-26",46.110001
"2016-05-27",46.580002
"2016-05-31",46.57
"2016-06-01",46.939999
"2016-06-02",46.970001
"2016-06-03",45.389999
"2016-06-06",45.740002
"2016-06-07",45.540001
"2016-06-08",45.560001
"2016-06-09",45.009998
"2016-06-10",43.900002
"2016-06-13",43.16
"2016-06-14",41.959999
"2016-06-15",42.009998
"2016-06-16",42.119999
"2016-06-17",42.48
"2016-06-20",42.799999
"2016-06-21",42.919998
"2016-06-22",42.68
"2016-06-23",44.459999
"2016-06-24",40.299999
"2016-06-27",38.48
"2016-06-28",40.439999
"2016-06-29",42.119999
"2016-06-30",42.389999
"2016-07-01",42.169998
"2016-07-05",40.779999
"2016-07-06",41.060001
"2016-07-07",41.290001
"2016-07-08",41.98
"2016-07-11",42.290001
"2016-07-12",43.439999
"2016-07-13",43.330002
"2016-07-14",44.450001
"2016-07-15",44.330002
"2016-07-18",44.57
"2016-07-19",44.349998
"2016-07-20",44.470001
"2016-07-21",44.130001
"2016-07-22",44.299999
"2016-07-25",44.040001
"2016-07-26",44.150002
"2016-07-27",44.290001
"2016-07-28",44.080002
"2016-07-29",43.810001
"2016-08-01",43.419998
"2016-08-02",42.990002
"2016-08-03",43.889999
"2016-08-04",43.84
"2016-08-05",45.720001
"2016-08-08",45.959999
"2016-08-09",45.900002
"2016-08-10",45.450001
"2016-08-11",45.73
"2016-08-12",45.580002
"2016-08-15",46.389999
"2016-08-16",46.619999
"2016-08-17",46.630001
"2016-08-18",46.5
"2016-08-19",46.529999
"2016-08-22",46.66
"2016-08-23",46.59
"2016-08-24",46.66
"2016-08-25",46.720001
"2016-08-26",47.110001
"2016-08-29",47.259998
"2016-08-30",47.900002
"2016-08-31",47.740002
"2016-09-01",47.360001
"2016-09-02",47.509998
"2016-09-06",47.290001
"2016-09-07",47.48
"2016-09-08",47.790001
"2016-09-09",47.169998
"2016-09-12",47.790001
"2016-09-13",46.919998
"2016-09-14",46.75
"2016-09-15",47.080002
"2016-09-16",46.41
"2016-09-19",46.59
"2016-09-20",46.540001
"2016-09-21",46.900002
"2016-09-22",47.110001
"2016-09-23",47.150002
"2016-09-26",45.889999
"2016-09-27",46.369999
"2016-09-28",46.869999
"2016-09-29",45.799999
"2016-09-30",47.23
"2016-10-03",47.029999
"2016-10-04",47.75
"2016-10-05",48.650002
"2016-10-06",49.07
"2016-10-07",49.279999
"2016-10-10",49.549999
"2016-10-11",48.990002
"2016-10-12",48.700001
"2016-10-13",48.470001
"2016-10-14",48.610001
"2016-10-17",48.599998
"2016-10-18",48.990002
"2016-10-19",49.48
"2016-10-20",49.580002
"2016-10-21",49.57
"2016-10-24",49.580002
"2016-10-25",49.59
"2016-10-26",50.009998
"2016-10-27",49.93
"2016-10-28",49.560001
"2016-10-31",49.150002
"2016-11-01",48.939999
"2016-11-02",48.540001
"2016-11-03",48.189999
"2016-11-04",48.169998
"2016-11-07",49.82
"2016-11-08",49.91
"2016-11-09",51.59
"2016-11-10",53.610001
"2016-11-11",52.830002
"2016-11-14",54.68
"2016-11-15",55.450001
"2016-11-16",54.630001
"2016-11-17",55.450001
"2016-11-18",55.459999
"2016-11-21",55.540001
"2016-11-22",56.099998
"2016-11-23",56.689999
"2016-11-25",56.779999
"2016-11-28",55.470001
"2016-11-29",55.52
"2016-11-30",56.389999
"2016-12-01",57.27
"2016-12-02",56.02
"2016-12-05",57.279999
"2016-12-06",57.919998
"2016-12-07",59.060001
"2016-12-08",60.150002
"2016-12-09",60.040001
"2016-12-12",59.549999
"2016-12-13",59.790001
"2016-12-14",59.450001
"2016-12-15",60.23
"2016-12-16",59.75
"2016-12-19",59.66
"2016-12-20",60.799999
"2016-12-21",60.75
"2016-12-22",60.490002
"2016-12-23",60.990002
"2016-12-27",61.09
"2016-12-28",60.040001
"2016-12-29",59.380001
"2016-12-30",59.43
"2017-01-03",60.59
"2017-01-04",61.41
"2017-01-05",60.34
"2017-01-06",60.549999
"2017-01-09",60.220001
"2017-01-10",60.23
"2017-01-11",59.959999
"2017-01-12",59.23
"2017-01-13",59.630001
"2017-01-17",58.380001
"2017-01-18",57.389999
"2017-01-19",56.66
"2017-01-20",56.110001
"2017-01-23",55.68
"2017-01-24",56.740002
"2017-01-25",57.689999
"2017-01-26",57.360001
"2017-01-27",57.110001
"2017-01-30",56.610001
"2017-01-31",55.830002
"2017-02-01",56.049999
"2017-02-02",55.98
"2017-02-03",57.759998
"2017-02-06",57.639999
"2017-02-07",57.189999
"2017-02-08",56.32
"2017-02-09",57.259998
"2017-02-10",57.630001
"2017-02-13",58.950001
"2017-02-14",59.830002
"2017-02-15",60.5
"2017-02-16",60.380001
"2017-02-17",60.169998
"2017-02-21",60.549999
"2017-02-22",60.619999
"2017-02-23",60.619999
"2017-02-24",59.560001
"2017-02-27",60.02
"2017-02-28",59.810001
"2017-03-01",61.540001
"2017-03-02",60.630001
"2017-03-03",61
"2017-03-06",60.279999
"2017-03-07",60.5
"2017-03-08",61.110001
"2017-03-09",61.549999
"2017-03-10",61.490002
"2017-03-13",61.529999
"2017-03-14",61.439999
"2017-03-15",60.84
"2017-03-16",61.150002
"2017-03-17",60.369999
"2017-03-20",59.59
"2017-03-21",58.040001
"2017-03-22",57.77
"2017-03-23",58.049999
"2017-03-24",58.07
"2017-03-27",58.330002
"2017-03-28",59.419998
"2017-03-29",59.389999
"2017-03-30",60.509998
"2017-03-31",59.82
"2017-04-03",59.68
"2017-04-04",59.68
"2017-04-05",59.59
"2017-04-06",59.889999
"2017-04-07",59.43
"2017-04-10",59.279999
"2017-04-11",59.029999
"2017-04-12",58.509998
"2017-04-13",58.040001
"2017-04-17",58.990002
"2017-04-18",58.419998
"2017-04-19",57.73
"2017-04-20",58.41
"2017-04-21",57.720001
"2017-04-24",59.439999
"2017-04-25",60.209999
"2017-04-26",60.099998
"2017-04-27",59.389999
"2017-04-28",59.119999
"2017-05-01",59.459999
"2017-05-02",59.709999
"2017-05-03",60.240002
"2017-05-04",60.209999
"2017-05-05",60.240002
"2017-05-08",60.5
"2017-05-09",60.23
"2017-05-10",60.369999
"2017-05-11",60.700001
"2017-05-12",61.07
"2017-05-15",61.419998
"2017-05-16",62.490002
"2017-05-17",59.98
"2017-05-18",60.080002
"2017-05-19",61.099998
"2017-05-22",61.060001
"2017-05-23",61.709999
"2017-05-24",62.27
"2017-05-25",61.950001
"2017-05-26",62.07
"2017-05-30",61.639999
"2017-05-31",60.540001
"2017-06-01",61.080002
"2017-06-02",61.110001
"2017-06-05",61.25
"2017-06-06",61.009998
"2017-06-07",61.880001
"2017-06-08",63.209999
"2017-06-09",64.449997
"2017-06-12",64.32
"2017-06-13",64.690002
"2017-06-14",64.720001
"2017-06-15",64.099998
"2017-06-16",63.889999
"2017-06-19",64.480003
"2017-06-20",63.91
"2017-06-21",63.830002
"2017-06-22",63.619999
"2017-06-23",63.41
"2017-06-26",63.779999
"2017-06-27",64.230003
"2017-06-28",65.18
"2017-06-29",66.980003
"2017-06-30",66.879997
"2017-07-03",68.260002
"2017-07-05",68.449997
"2017-07-06",67.629997
"2017-07-07",67.910004
"2017-07-10",67.650002
"2017-07-11",66.82
"2017-07-12",66.919998
"2017-07-13",67.019997
"2017-07-14",66.720001
"2017-07-17",66.830002
"2017-07-18",66.889999
"2017-07-19",66.699997
"2017-07-20",66.360001
"2017-07-21",66
"2017-07-24",66.099998
"2017-07-25",68.029999
"2017-07-26",67.980003
"2017-07-27",67.599998
"2017-07-28",67.43
"2017-07-31",68.449997
"2017-08-01",69.599998
"2017-08-02",69.419998
"2017-08-03",68.129997
"2017-08-04",68.980003
"2017-08-07",69.040001
"2017-08-08",68.879997
"2017-08-09",68.43
"2017-08-10",67.220001
"2017-08-11",66.800003
"2017-08-14",67.889999
"2017-08-15",67.970001
"2017-08-16",67.709999
"2017-08-17",66.599998
"2017-08-18",66.580002
"2017-08-21",65.949997
"2017-08-22",66.849998
"2017-08-23",67.230003
"2017-08-24",67.690002
"2017-08-25",67.849998
"2017-08-28",67.809998
"2017-08-29",67.480003
"2017-08-30",68.010002
"2017-08-31",68.029999
"2017-09-01",68.580002
"2017-09-05",67.160004
"2017-09-06",67.32
"2017-09-07",66.059998
"2017-09-08",66.169998
"2017-09-11",67.709999
"2017-09-12",68.790001
"2017-09-13",69.389999
"2017-09-14",69.239998
"2017-09-15",69.040001
"2017-09-18",70.599998
"2017-09-19",71.150002
"2017-09-20",71.459999
"2017-09-21",71.760002
"2017-09-22",71.400002
"2017-09-25",70.839996
"2017-09-26",70.940002
"2017-09-27",72.279999
"2017-09-28",72.650002
"2017-09-29",72.739998
"2017-10-02",73.800003
"2017-10-03",74.129997
"2017-10-04",74.059998
"2017-10-05",75.720001
"2017-10-06",75.639999
"2017-10-09",75.389999
"2017-10-10",75.18
"2017-10-11",74.940002
"2017-10-12",72.370003
"2017-10-13",72.110001
"2017-10-16",71.769997
"2017-10-17",72.190002
"2017-10-18",73.120003
"2017-10-19",72.879997
"2017-10-20",73.529999
"2017-10-23",73.529999
"2017-10-24",74.239998
"2017-10-25",73.620003
"2017-10-26",73.790001
"2017-10-27",73.870003
"2017-10-30",73.779999
"2017-10-31",73.5
"2017-11-01",74.029999
"2017-11-02",74.739998
"2017-11-03",74.050003
"2017-11-06",73.800003
"2017-11-07",72.709999
"2017-11-08",72.339996
"2017-11-09",72.43
"2017-11-10",72.25
"2017-11-13",71.989998
"2017-11-14",71.529999
"2017-11-15",71.730003
"2017-11-16",71.669998
"2017-11-17",71.330002
"2017-11-20",72.050003
"2017-11-21",72.379997
"2017-11-22",72.260002
"2017-11-24",72.019997
"2017-11-27",71.389999
"2017-11-28",73.699997
"2017-11-29",75.040001
"2017-11-30",75.5
"2017-12-01",75.510002
"2017-12-04",77.099998
"2017-12-05",76.540001
"2017-12-06",75.440002
"2017-12-07",74.980003
"2017-12-08",75.709999
"2017-12-11",75.849998
"2017-12-12",76.150002
"2017-12-13",75.139999
"2017-12-14",73.919998
"2017-12-15",74.769997
"2017-12-18",75.669998
"2017-12-19",74.699997
"2017-12-20",74.660004
"2017-12-21",75.82
"2017-12-22",75.489998
"2017-12-26",74.779999
"2017-12-27",74.889999
"2017-12-28",75.080002
"2017-12-29",74.410004
"2018-01-02",74.360001
"2018-01-03",74.589996
"2018-01-04",75.510002
"2018-01-05",75.410004
"2018-01-08",74.529999
"2018-01-09",75.309998
"2018-01-10",75.650002
"2018-01-11",75.559998
"2018-01-12",76.839996
"2018-01-16",77.110001
"2018-01-17",77.470001
"2018-01-18",77.389999
"2018-01-19",78.300003
"2018-01-22",78.589996
"2018-01-23",78.550003
"2018-01-24",79.449997
"2018-01-25",79.440002
"2018-01-26",80.080002
"2018-01-29",79.959999
"2018-01-30",78.620003
"2018-01-31",78.480003
"2018-02-01",79.199997
"2018-02-02",77.019997
"2018-02-05",73.269997
"2018-02-06",74.82
"2018-02-07",74.989998
"2018-02-08",71.870003
"2018-02-09",73.68
"2018-02-12",74.760002
"2018-02-13",75.18
"2018-02-14",76.709999
"2018-02-15",77.080002
"2018-02-16",76.82
"2018-02-20",76.459999
"2018-02-21",77
"2018-02-22",76.269997
"2018-02-23",77.080002
"2018-02-26",77.650002
"2018-02-27",76.379997
"2018-02-28",75.489998
"2018-03-01",73.660004
"2018-03-02",73.68
"2018-03-05",74.419998
"2018-03-06",74.059998
"2018-03-07",73.919998
"2018-03-08",74.110001
"2018-03-09",76.110001
"2018-03-12",76.019997
"2018-03-13",74.910004
"2018-03-14",73.470001
"2018-03-15",73.339996
"2018-03-16",73.470001
"2018-03-19",72.699997
"2018-03-20",72.919998
"2018-03-21",73.32
"2018-03-22",70.309998
"2018-03-23",67.900002
"2018-03-26",69.779999
"2018-03-27",68.279999
"2018-03-28",68.260002
"2018-03-29",67.5
"2018-04-02",67.709999
"2018-04-03",68.480003
"2018-04-04",69.309998
"2018-04-05",70.220001
"2018-04-06",68.599998
"2018-04-09",69.440002
"2018-04-10",70.510002
"2018-04-11",69.889999
"2018-04-12",72.129997
"2018-04-13",71.010002
"2018-04-16",70.07
"2018-04-17",69.739998
"2018-04-18",68.980003
"2018-04-19",70.279999
"2018-04-20",70
"2018-04-23",69.480003
"2018-04-24",69.120003
"2018-04-25",69.360001
"2018-04-26",69.18
"2018-04-27",68.989998
"2018-04-30",68.269997
"2018-05-01",68.25
"2018-05-02",67.989998
"2018-05-03",67.940002
"2018-05-04",67.940002
"2018-05-07",68.5
"2018-05-08",71
"2018-05-09",71.949997
"2018-05-10",72.57
"2018-05-11",72.860001
"2018-05-14",72.620003
"2018-05-15",72.68
"2018-05-16",71.949997
"2018-05-17",71.559998
"2018-05-18",69.959999
"2018-05-21",70.43
"2018-05-22",71.080002
"2018-05-23",70.239998
"2018-05-24",69.309998
"2018-05-25",68.440002
"2018-05-29",65.709999
"2018-05-30",66.68
"2018-05-31",66.690002
"2018-06-01",67.279999
"2018-06-04",67.339996
"2018-06-05",66.760002
"2018-06-06",68.230003
"2018-06-07",68.449997
"2018-06-08",68.470001
"2018-06-11",68.110001
"2018-06-12",67.610001
"2018-06-13",67.290001
"2018-06-14",66.160004
"2018-06-15",66.339996
"2018-06-18",66.75
"2018-06-19",66.779999
"2018-06-20",67.379997
"2018-06-21",67.629997
"2018-06-22",67.199997
"2018-06-25",65.75
"2018-06-26",66.309998
"2018-06-27",65.459999
"2018-06-28",66.879997
"2018-06-29",66.919998
"2018-07-02",67.160004
"2018-07-03",66.059998
"2018-07-05",66.559998
"2018-07-06",67.139999
"2018-07-09",68.940002
"2018-07-10",68.230003
"2018-07-11",67.910004
"2018-07-12",68.510002
"2018-07-13",67
"2018-07-16",69.459999
"2018-07-17",69.349998
"2018-07-18",69.849998
"2018-07-19",68.989998
"2018-07-20",69.220001
"2018-07-23",70.209999
"2018-07-24",71.07
"2018-07-25",71.720001
"2018-07-26",71.339996
"2018-07-27",71.690002
"2018-07-30",72.290001
"2018-07-31",71.889999
"2018-08-01",71.93
"2018-08-02",71.839996
"2018-08-03",72.389999
"2018-08-06",72.400002
"2018-08-07",72.410004
"2018-08-08",72.889999
"2018-08-09",71.980003
"2018-08-10",70.260002
"2018-08-13",69.160004
"2018-08-14",70.010002
"2018-08-15",68.650002
"2018-08-16",69.559998
"2018-08-17",69.669998
"2018-08-20",70.529999
"2018-08-21",71.239998
"2018-08-22",71.120003
"2018-08-23",70.809998
"2018-08-24",70.669998
"2018-08-27",72.389999
"2018-08-28",72.379997
"2018-08-29",72.529999
"2018-08-30",71.459999
"2018-08-31",71.239998
"2018-09-04",71.400002
"2018-09-05",71.169998
"2018-09-06",70.110001
"2018-09-07",69.639999
"2018-09-10",69.629997
"2018-09-11",69.43
"2018-09-12",70.510002
"2018-09-13",70.150002
"2018-09-14",70.540001
"2018-09-17",70.879997
"2018-09-18",71.360001
"2018-09-19",73.720001
"2018-09-20",74.790001
"2018-09-21",74.150002
"2018-09-24",73.839996
"2018-09-25",73.510002
"2018-09-26",72.449997
"2018-09-27",72.949997
"2018-09-28",71.739998
"2018-10-01",71.93
"2018-10-02",71.800003
"2018-10-03",72.360001
"2018-10-04",72.620003
"2018-10-05",72.419998
"2018-10-08",72.589996
"2018-10-09",71.889999
"2018-10-10",69.949997
"2018-10-11",68.379997
"2018-10-12",69.839996
"2018-10-15",69.209999
"2018-10-16",69.709999
"2018-10-17",69.839996
"2018-10-18",68.620003
"2018-10-19",68.860001
"2018-10-22",66.589996
"2018-10-23",65.730003
"2018-10-24",63.799999
"2018-10-25",64.970001
"2018-10-26",64.209999
"2018-10-29",64.349998
"2018-10-30",64.529999
"2018-10-31",65.459999
"2018-11-01",65.830002
"2018-11-02",65.919998
"2018-11-05",67.300003
"2018-11-06",66.68
"2018-11-07",68.260002
"2018-11-08",67.779999
"2018-11-09",65.760002
"2018-11-12",64.209999
"2018-11-13",64.779999
"2018-11-14",63.5
"2018-11-15",64.599998
"2018-11-16",64.949997
"2018-11-19",64.620003
"2018-11-20",62.529999
"2018-11-21",62.869999
"2018-11-23",61.75
"2018-11-26",63.73
"2018-11-27",63.459999
"2018-11-28",65.580002
"2018-11-29",64.900002
"2018-11-30",64.790001
"2018-12-03",65.160004
"2018-12-04",62.259998
"2018-12-06",60.060001
"2018-12-07",58.349998
"2018-12-10",57.07
"2018-12-11",56.220001
"2018-12-12",55.98
"2018-12-13",55.77
"2018-12-14",55.02
"2018-12-17",54.25
"2018-12-18",53.93
"2018-12-19",52.82
"2018-12-20",52.27
"2018-12-21",50.240002
"2018-12-24",49.259998
"2018-12-26",51.439999
"2018-12-27",51.77
"2018-12-28",51.830002
"2018-12-31",52.060001
"2019-01-02",53.529999
"2019-01-03",52.560001
"2019-01-04",55.130001
"2019-01-07",55.610001
"2019-01-08",55.459999
"2019-01-09",56.380001
"2019-01-10",56.439999
"2019-01-11",56.689999
"2019-01-14",58.93
"2019-01-15",61.380001
"2019-01-16",62.189999
"2019-01-17",62.470001
"2019-01-18",63.119999
"2019-01-22",61.849998
"2019-01-23",62.130001
"2019-01-24",62.709999
"2019-01-25",64.019997
"2019-01-28",63.849998
"2019-01-29",63.209999
"2019-01-30",64.220001
"2019-01-31",64.459999
"2019-02-01",63.669998
"2019-02-04",64.059998
"2019-02-05",63.810001
"2019-02-06",63.889999
"2019-02-07",62.810001
"2019-02-08",62.009998
"2019-02-11",61.610001
"2019-02-12",62.669998
"2019-02-13",63.040001
"2019-02-14",62.419998
"2019-02-15",64.269997
"2019-02-19",64.379997
"2019-02-20",64.639999
"2019-02-21",64.32
"2019-02-22",64.139999
"2019-02-25",64.529999
"2019-02-26",64.120003
"2019-02-27",64.400002
"2019-02-28",63.98
"2019-03-01",64.470001
"2019-03-04",63.75
"2019-03-05",62.93
"2019-03-06",62.509998
"2019-03-07",61.900002
"2019-03-08",62.060001
"2019-03-11",62.310001
"2019-03-12",62.810001
"2019-03-13",63.650002
"2019-03-14",64.110001
"2019-03-15",65.190002
"2019-03-18",65.93
"2019-03-19",65.629997
"2019-03-20",64.300003
"2019-03-21",63.91
"2019-03-22",60.98
"2019-03-25",60.330002
"2019-03-26",61.220001
"2019-03-27",60.73
"2019-03-28",61.98
"2019-03-29",62.220001
"2019-04-01",64.360001
"2019-04-02",64.419998
"2019-04-03",65.059998
"2019-04-04",65.82
"2019-04-05",65.550003
"2019-04-08",66.07
"2019-04-09",65.199997
"2019-04-10",65.519997
"2019-04-11",65.910004
"2019-04-12",67.419998
"2019-04-15",67.379997
"2019-04-16",69.309998
"2019-04-17",70.349998
"2019-04-18",69.669998
"2019-04-22",69.089996
"2019-04-23",69.199997
"2019-04-24",68.830002
"2019-04-25",68.730003
"2019-04-26",69.510002
"2019-04-29",71.029999
"2019-04-30",70.699997
"2019-05-01",69.959999
"2019-05-02",70.360001
"2019-05-03",70.669998
"2019-05-06",70.410004
"2019-05-07",68.160004
"2019-05-08",68.220001
"2019-05-09",67.629997
"2019-05-10",67.900002
"2019-05-13",64.379997
"2019-05-14",65.260002
"2019-05-15",64.870003
"2019-05-16",65.980003
"2019-05-17",65.07
"2019-05-20",64.959999
"2019-05-21",66.080002
"2019-05-22",64.660004
"2019-05-23",63.900002
"2019-05-24",64.389999
"2019-05-28",63.790001
"2019-05-29",63.709999
"2019-05-30",63.610001
"2019-05-31",62.150002
"2019-06-03",62.610001
"2019-06-04",65.879997
"2019-06-05",65.779999
"2019-06-06",66.470001
"2019-06-07",65.690002
"2019-06-10",67.120003
"2019-06-11",67.879997
"2019-06-12",66.809998
"2019-06-13",67.080002
"2019-06-14",67.480003
"2019-06-17",66.540001
"2019-06-18",67.980003
"2019-06-19",67.589996
"2019-06-20",68.099998
"2019-06-21",67.970001
"2019-06-24",67.410004
"2019-06-25",66.540001
"2019-06-26",67.220001
"2019-06-27",68.150002
"2019-06-28",70.029999
"2019-07-01",70.739998
"2019-07-02",70.440002
"2019-07-03",70.849998
"2019-07-05",71.400002
"2019-07-08",71.129997
"2019-07-09",71.559998
"2019-07-10",71.129997
"2019-07-11",71.610001
"2019-07-12",71.769997
"2019-07-15",71.709999
"2019-07-16",71.32
"2019-07-17",70.82
"2019-07-18",71.790001
"2019-07-19",70.919998
"2019-07-22",71.110001
"2019-07-23",71.989998
"2019-07-24",73.010002
"2019-07-25",71.389999
"2019-07-26",72.160004
"2019-07-29",71.760002
"2019-07-30",71.709999
"2019-07-31",71.160004
"2019-08-01",68.349998
"2019-08-02",67.610001
"2019-08-05",65.18
"2019-08-06",66.25
"2019-08-07",65.139999
"2019-08-08",66.739998
"2019-08-09",66.050003
"2019-08-12",64.239998
"2019-08-13",64.830002
"2019-08-14",61.41
"2019-08-15",61.32
"2019-08-16",63.48
"2019-08-19",64.309998
"2019-08-20",63.419998
"2019-08-21",63.25
"2019-08-22",63.91
"2019-08-23",61.950001
"2019-08-26",62.720001
"2019-08-27",61.66
"2019-08-28",62.360001
"2019-08-29",63.900002
"2019-08-30",64.349998
"2019-09-03",63.419998
"2019-09-04",64.279999
"2019-09-05",66.339996
"2019-09-06",65.970001
"2019-09-09",68.790001
"2019-09-10",68.980003
"2019-09-11",68.900002
"2019-09-12",69.300003
"2019-09-13",70.389999
"2019-09-16",69.830002
"2019-09-17",69.480003
"2019-09-18",70.089996
"2019-09-19",69.730003
"2019-09-20",69.349998
"2019-09-23",69.550003
"2019-09-24",67.900002
"2019-09-25",69.379997
"2019-09-26",69.110001
"2019-09-27",69.459999
"2019-09-30",69.080002
"2019-10-01",68.150002
"2019-10-02",66.260002
"2019-10-03",66.699997
"2019-10-04",68.18
"2019-10-07",68.150002
"2019-10-08",66.400002
"2019-10-09",67.43
"2019-10-10",68.620003
"2019-10-11",70.099998
"2019-10-14",70.239998
"2019-10-15",71.220001
"2019-10-16",69.5
"2019-10-17",69.599998
"2019-10-18",69.739998
"2019-10-21",71.809998
"2019-10-22",72.059998
"2019-10-23",72.449997
"2019-10-24",72.300003
"2019-10-25",73.169998
"2019-10-28",73.589996
"2019-10-29",73.089996
"2019-10-30",72.970001
"2019-10-31",71.860001
"2019-11-01",73.839996
"2019-11-04",75.150002
"2019-11-05",74.830002
"2019-11-06",74.419998
"2019-11-07",75.809998
"2019-11-08",76.120003
"2019-11-11",75.599998
"2019-11-12",75.07
"2019-11-13",73.910004
"2019-11-14",73.839996
"2019-11-15",74.400002
"2019-11-18",74.400002
"2019-11-19",74.82
"2019-11-20",73.910004
"2019-11-21",73.900002
"2019-11-22",74.870003
"2019-11-25",75.68
"2019-11-26",75.459999
"2019-11-27",75.720001
"2019-11-29",75.120003
"2019-12-02",74.519997
"2019-12-03",73.330002
"2019-12-04",74.230003
"2019-12-05",74.709999
"2019-12-06",75.809998
"2019-12-09",75.330002
"2019-12-10",75.779999
"2019-12-11",75.550003
"2019-12-12",77.050003
"2019-12-13",76.389999
"2019-12-16",76.910004
"2019-12-17",77.739998
"2019-12-18",77.919998
"2019-12-19",78.199997
"2019-12-20",78.510002
"2019-12-23",78.760002
"2019-12-24",78.589996
"2019-12-26",79.830002
"2019-12-27",79.669998
"2019-12-30",79.510002
"2019-12-31",79.889999
"2020-01-02",81.230003
"2020-01-03",79.699997
"2020-01-06",79.449997
"2020-01-07",78.760002
"2020-01-08",79.360001
"2020-01-09",80.080002
"2020-01-10",79.25
"2020-01-13",80.650002
"2020-01-14",81.910004
"2020-01-15",81.239998
"2020-01-16",81
"2020-01-17",81.120003
"2020-01-21",79.900002
"2020-01-22",80.099998
"2020-01-23",79.800003
"2020-01-24",78.419998
"2020-01-27",76.709999
"2020-01-28",77.239998
"2020-01-29",76.480003
"2020-01-30",77.43
"2020-01-31",74.410004
"2020-02-03",75.129997
"2020-02-04",76.5
"2020-02-05",78.849998
"2020-02-06",78.970001
"2020-02-07",78.690002
"2020-02-10",78.480003
"2020-02-11",79.089996
"2020-02-12",79.330002
"2020-02-13",79
"2020-02-14",78.790001
"2020-02-18",77.580002
"2020-02-19",78.050003
"2020-02-20",78.220001
"2020-02-21",76.440002
"2020-02-24",72.529999
"2020-02-25",69.43
"2020-02-26",68.18
"2020-02-27",64.449997
"2020-02-28",63.459999
"2020-03-02",67.589996
"2020-03-03",65.050003
"2020-03-04",67.389999
"2020-03-05",63.490002
"2020-03-06",61.279999
"2020-03-09",51.369999
"2020-03-10",55.580002
"2020-03-11",50.790001
"2020-03-12",43.259998
"2020-03-13",51.040001
"2020-03-16",41.189999
"2020-03-17",40.25
"2020-03-18",36.43
"2020-03-19",39.639999
"2020-03-20",38.060001
"2020-03-23",35.389999
"2020-03-24",40.66
"2020-03-25",41.860001
"2020-03-26",46.02
"2020-03-27",43.799999
"2020-03-30",44.080002
"2020-03-31",42.119999
"2020-04-01",38.509998
"2020-04-02",39.23
"2020-04-03",37.490002
"2020-04-06",41.119999
"2020-04-07",41.25
"2020-04-08",44.259998
"2020-04-09",47.41
"2020-04-13",46.68
"2020-04-14",45.419998
"2020-04-15",42.860001
"2020-04-16",40.52
"2020-04-17",45.450001
"2020-04-20",44.009998
"2020-04-21",41.57
"2020-04-22",42.240002
"2020-04-23",42.459999
"2020-04-24",43.099998
"2020-04-27",46.560001
"2020-04-28",47.209999
"2020-04-29",50.259998
"2020-04-30",48.560001
"2020-05-01",45.52
"2020-05-04",45.119999
"2020-05-05",43.950001
"2020-05-06",42.950001
"2020-05-07",44.639999
"2020-05-08",46.32
"2020-05-11",44.07
"2020-05-12",42.349998
"2020-05-13",40.599998
"2020-05-14",42.060001
"2020-05-15",41.919998
"2020-05-18",45.669998
"2020-05-19",44.43
"2020-05-20",45.470001
"2020-05-21",45
"2020-05-22",44.099998
"2020-05-26",48.169998
"2020-05-27",52.259998
"2020-05-28",49.16
"2020-05-29",47.91
"2020-06-01",49.450001
"2020-06-02",50.84
"2020-06-03",53.34
"2020-06-04",55.650002
"2020-06-05",58.860001
"2020-06-08",61.240002
"2020-06-09",59.5
"2020-06-10",55.860001
"2020-06-11",48.389999
"2020-06-12",52.25
"2020-06-15",52.98
"2020-06-16",54.450001
"2020-06-17",53
"2020-06-18",53.040001
"2020-06-19",52.919998
"2020-06-22",52.060001
"2020-06-23",52.950001
"2020-06-24",50.810001
"2020-06-25",52.68
"2020-06-26",49.580002
"2020-06-29",50.290001
"2020-06-30",51.099998
"2020-07-01",50.349998
"2020-07-02",50.549999
"2020-07-06",51.970001
"2020-07-07",50.32
"2020-07-08",50.880001
"2020-07-09",49.450001
"2020-07-10",52.650002
"2020-07-13",52.200001
"2020-07-14",50.150002
"2020-07-15",51.84
"2020-07-16",51.459999
"2020-07-17",50.220001
"2020-07-20",50.139999
"2020-07-21",51.73
"2020-07-22",51.66
"2020-07-23",52.080002
"2020-07-24",51.669998
"2020-07-27",51.290001
"2020-07-28",51.27
"2020-07-29",52.52
"2020-07-30",50.869999
"2020-07-31",50.009998
"2020-08-03",50.389999
"2020-08-04",50.139999
"2020-08-05",51.040001
"2020-08-06",50.889999
"2020-08-07",52.119999
"2020-08-10",52.860001
"2020-08-11",53.759998
"2020-08-12",53.349998
"2020-08-13",52.889999
"2020-08-14",52.93
"2020-08-17",51.419998
"2020-08-18",50.34
"2020-08-19",50.290001
"2020-08-20",49.580002
"2020-08-21",49.299999
"2020-08-24",51.060001
"2020-08-25",51.650002
"2020-08-26",50.849998
"2020-08-27",51.720001
"2020-08-28",52.279999
"2020-08-31",51.119999
"2020-09-01",51.200001
"2020-09-02",51.950001
"2020-09-03",51.5
"2020-09-04",52.52
"2020-09-08",51.040001
"2020-09-09",51.400002
"2020-09-10",50.950001
"2020-09-11",51
"2020-09-14",48.150002
"2020-09-15",44.810001
"2020-09-16",46.02
"2020-09-17",45.529999
"2020-09-18",44.860001
"2020-09-21",43.93
"2020-09-22",43.290001
"2020-09-23",41.849998
"2020-09-24",42.189999
"2020-09-25",42.02
"2020-09-28",43.34
"2020-09-29",42.419998
"2020-09-30",43.110001
"2020-10-01",43.439999
"2020-10-02",43.66
"2020-10-05",44.91
"2020-10-06",44.41
"2020-10-07",44.84
"2020-10-08",44.720001
"2020-10-09",44.93
"2020-10-12",45.880001
"2020-10-13",43.68
"2020-10-14",43.029999
"2020-10-15",43.610001
"2020-10-16",43.189999
"2020-10-19",42.900002
"2020-10-20",43.52
"2020-10-21",43.009998
"2020-10-22",43.950001
"2020-10-23",43.950001
"2020-10-26",43.259998
"2020-10-27",41.880001
"2020-10-28",41.130001
"2020-10-29",41.66
"2020-10-30",41.419998
"2020-11-02",42.209999
"2020-11-03",43.529999
"2020-11-04",42.080002
"2020-11-05",43.07
"2020-11-06",42.709999
"2020-11-09",47.639999
"2020-11-10",47.650002
"2020-11-11",48.93
"2020-11-12",48.279999
"2020-11-13",48.66
"2020-11-16",50.400002
"2020-11-17",50.73
"2020-11-18",51.049999
"2020-11-19",52.139999
"2020-11-20",51.650002
"2020-11-23",53.299999
"2020-11-24",57.060001
"2020-11-25",57.060001
"2020-11-27",56.669998
"2020-11-30",55.07
"2020-12-01",55.470001
"2020-12-02",57.200001
"2020-12-03",56.580002
"2020-12-04",58.619999
"2020-12-07",58.130001
"2020-12-08",58.360001
"2020-12-09",58.950001
"2020-12-10",60.5
"2020-12-11",58.93
"2020-12-14",58.740002
"2020-12-15",59.669998
"2020-12-16",59.75
"2020-12-17",60.049999
"2020-12-18",59.060001
"2020-12-21",61.23
"2020-12-22",59.259998
"2020-12-23",60.779999
"2020-12-24",60.57
"2020-12-28",61.130001
"2020-12-29",60.91
"2020-12-30",60.860001
"2020-12-31",61.66
"2021-01-04",60.139999
"2021-01-05",61.700001
"2021-01-06",65.25
"2021-01-07",66.019997
"2021-01-08",65.370003
"2021-01-11",66.440002
"2021-01-12",66.669998
"2021-01-13",66.860001
"2021-01-14",69.010002
"2021-01-15",64.230003
"2021-01-19",63.689999
"2021-01-20",63.25
"2021-01-21",61.869999
"2021-01-22",61.330002
"2021-01-25",60.560001
"2021-01-26",60.91
"2021-01-27",59.400002
"2021-01-28",60.34
"2021-01-29",57.990002
"2021-02-01",58.43
"2021-02-02",59.580002
"2021-02-03",61.099998
"2021-02-04",62.41
"2021-02-05",62.580002
"2021-02-08",63.650002
"2021-02-09",63.119999
"2021-02-10",63.619999
"2021-02-11",63.200001
"2021-02-12",63.630001
"2021-02-16",64.120003
"2021-02-17",64.760002
"2021-02-18",63.48
"2021-02-19",65.779999
"2021-02-22",65.519997
"2021-02-23",66.739998
"2021-02-24",68.599998
"2021-02-25",67.410004
"2021-02-26",65.879997
"2021-03-01",69.540001
"2021-03-02",68.910004
"2021-03-03",70.379997
"2021-03-04",69.809998
"2021-03-05",70.230003
"2021-03-08",72.220001
"2021-03-09",70.989998
"2021-03-10",73.75
