"Index","CMCSA.Close"
"2010-01-04",8.485
"2010-01-05",8.37
"2010-01-06",8.31
"2010-01-07",8.485
"2010-01-08",8.46
"2010-01-11",8.405
"2010-01-12",8.255
"2010-01-13",8.385
"2010-01-14",8.335
"2010-01-15",8.315
"2010-01-19",8.405
"2010-01-20",8.26
"2010-01-21",8
"2010-01-22",7.925
"2010-01-25",8.005
"2010-01-26",7.85
"2010-01-27",7.925
"2010-01-28",7.81
"2010-01-29",7.915
"2010-02-01",7.97
"2010-02-02",8.145
"2010-02-03",7.985
"2010-02-04",7.76
"2010-02-05",7.71
"2010-02-08",7.605
"2010-02-09",7.695
"2010-02-10",7.655
"2010-02-11",7.665
"2010-02-12",7.67
"2010-02-16",7.835
"2010-02-17",7.83
"2010-02-18",7.865
"2010-02-19",8
"2010-02-22",8.095
"2010-02-23",8.07
"2010-02-24",8.21
"2010-02-25",8.07
"2010-02-26",8.22
"2010-03-01",8.415
"2010-03-02",8.4
"2010-03-03",8.48
"2010-03-04",8.585
"2010-03-05",8.715
"2010-03-08",8.78
"2010-03-09",8.755
"2010-03-10",8.765
"2010-03-11",8.785
"2010-03-12",8.71
"2010-03-15",8.765
"2010-03-16",8.745
"2010-03-17",8.79
"2010-03-18",8.835
"2010-03-19",8.765
"2010-03-22",8.89
"2010-03-23",9.045
"2010-03-24",9.09
"2010-03-25",9.22
"2010-03-26",9.17
"2010-03-29",9.25
"2010-03-30",9.37
"2010-03-31",9.415
"2010-04-01",9.43
"2010-04-05",9.41
"2010-04-06",9.38
"2010-04-07",9.145
"2010-04-08",9.215
"2010-04-09",9.25
"2010-04-12",9.315
"2010-04-13",9.335
"2010-04-14",9.465
"2010-04-15",9.43
"2010-04-16",9.16
"2010-04-19",9.29
"2010-04-20",9.27
"2010-04-21",9.265
"2010-04-22",9.4
"2010-04-23",9.48
"2010-04-26",9.54
"2010-04-27",9.23
"2010-04-28",9.405
"2010-04-29",10
"2010-04-30",9.885
"2010-05-03",10.195
"2010-05-04",9.935
"2010-05-05",9.87
"2010-05-06",9.255
"2010-05-07",9.18
"2010-05-10",9.015
"2010-05-11",9.04
"2010-05-12",9.09
"2010-05-13",8.88
"2010-05-14",8.8
"2010-05-17",9.05
"2010-05-18",8.845
"2010-05-19",8.79
"2010-05-20",8.395
"2010-05-21",8.515
"2010-05-24",8.385
"2010-05-25",8.835
"2010-05-26",8.86
"2010-05-27",9.165
"2010-05-28",9.045
"2010-06-01",9.01
"2010-06-02",9.19
"2010-06-03",9.2
"2010-06-04",8.895
"2010-06-07",8.68
"2010-06-08",8.715
"2010-06-09",8.71
"2010-06-10",9.035
"2010-06-11",9.095
"2010-06-14",9.075
"2010-06-15",9.325
"2010-06-16",9.195
"2010-06-17",9.29
"2010-06-18",9.255
"2010-06-21",9.175
"2010-06-22",9.12
"2010-06-23",9.09
"2010-06-24",8.91
"2010-06-25",8.835
"2010-06-28",9.055
"2010-06-29",8.84
"2010-06-30",8.685
"2010-07-01",8.87
"2010-07-02",8.73
"2010-07-06",8.9
"2010-07-07",8.92
"2010-07-08",8.92
"2010-07-09",9.035
"2010-07-12",9.255
"2010-07-13",9.51
"2010-07-14",9.49
"2010-07-15",9.655
"2010-07-16",9.27
"2010-07-19",9.505
"2010-07-20",9.43
"2010-07-21",9.175
"2010-07-22",9.41
"2010-07-23",9.66
"2010-07-26",9.735
"2010-07-27",9.665
"2010-07-28",9.78
"2010-07-29",9.565
"2010-07-30",9.735
"2010-08-02",9.74
"2010-08-03",9.605
"2010-08-04",9.615
"2010-08-05",9.47
"2010-08-06",9.32
"2010-08-09",9.365
"2010-08-10",9.305
"2010-08-11",9.005
"2010-08-12",9.085
"2010-08-13",8.935
"2010-08-16",8.875
"2010-08-17",8.88
"2010-08-18",9.055
"2010-08-19",8.92
"2010-08-20",8.905
"2010-08-23",8.725
"2010-08-24",8.505
"2010-08-25",8.665
"2010-08-26",8.515
"2010-08-27",8.625
"2010-08-30",8.5
"2010-08-31",8.55
"2010-09-01",8.97
"2010-09-02",9.04
"2010-09-03",9.105
"2010-09-07",8.9
"2010-09-08",8.96
"2010-09-09",8.99
"2010-09-10",9.2
"2010-09-13",9.21
"2010-09-14",8.895
"2010-09-15",9.02
"2010-09-16",8.785
"2010-09-17",8.82
"2010-09-20",9.05
"2010-09-21",9.065
"2010-09-22",8.975
"2010-09-23",8.96
"2010-09-24",9.285
"2010-09-27",9.155
"2010-09-28",9.17
"2010-09-29",9.075
"2010-09-30",9.04
"2010-10-01",8.91
"2010-10-04",8.83
"2010-10-05",9.035
"2010-10-06",8.88
"2010-10-07",8.945
"2010-10-08",8.995
"2010-10-11",9.01
"2010-10-12",9.01
"2010-10-13",9.07
"2010-10-14",9.19
"2010-10-15",9.475
"2010-10-18",9.505
"2010-10-19",9.555
"2010-10-20",9.69
"2010-10-21",9.755
"2010-10-22",9.73
"2010-10-25",9.885
"2010-10-26",9.82
"2010-10-27",10.135
"2010-10-28",10.43
"2010-10-29",10.315
"2010-11-01",10.25
"2010-11-02",10.34
"2010-11-03",10.335
"2010-11-04",10.53
"2010-11-05",10.52
"2010-11-08",10.455
"2010-11-09",10.385
"2010-11-10",10.365
"2010-11-11",10.34
"2010-11-12",10.215
"2010-11-15",10.295
"2010-11-16",10.13
"2010-11-17",10.195
"2010-11-18",10.285
"2010-11-19",10.28
"2010-11-22",10.2
"2010-11-23",10.075
"2010-11-24",10.19
"2010-11-26",10.11
"2010-11-29",10.105
"2010-11-30",10.02
"2010-12-01",10.415
"2010-12-02",10.36
"2010-12-03",10.355
"2010-12-06",10.3
"2010-12-07",10.395
"2010-12-08",10.395
"2010-12-09",10.425
"2010-12-10",10.655
"2010-12-13",10.66
"2010-12-14",10.995
"2010-12-15",10.805
"2010-12-16",10.825
"2010-12-17",10.71
"2010-12-20",10.965
"2010-12-21",11.125
"2010-12-22",11.1
"2010-12-23",11.09
"2010-12-27",11.05
"2010-12-28",11.04
"2010-12-29",10.975
"2010-12-30",11.04
"2010-12-31",10.985
"2011-01-03",11.185
"2011-01-04",11.22
"2011-01-05",11.37
"2011-01-06",11.38
"2011-01-07",11.35
"2011-01-10",11.36
"2011-01-11",11.3
"2011-01-12",11.265
"2011-01-13",11.27
"2011-01-14",11.36
"2011-01-18",11.39
"2011-01-19",11.55
"2011-01-20",11.63
"2011-01-21",11.765
"2011-01-24",11.8
"2011-01-25",11.67
"2011-01-26",11.66
"2011-01-27",11.655
"2011-01-28",11.42
"2011-01-31",11.375
"2011-02-01",11.7
"2011-02-02",11.535
"2011-02-03",11.605
"2011-02-04",11.635
"2011-02-07",11.77
"2011-02-08",11.83
"2011-02-09",11.765
"2011-02-10",11.89
"2011-02-11",12
"2011-02-14",11.935
"2011-02-15",12.08
"2011-02-16",12.565
"2011-02-17",12.61
"2011-02-18",12.835
"2011-02-22",12.565
"2011-02-23",12.44
"2011-02-24",12.47
"2011-02-25",12.63
"2011-02-28",12.88
"2011-03-01",12.64
"2011-03-02",12.535
"2011-03-03",12.885
"2011-03-04",12.775
"2011-03-07",12.71
"2011-03-08",12.78
"2011-03-09",12.655
"2011-03-10",12.36
"2011-03-11",12.475
"2011-03-14",12.245
"2011-03-15",12.08
"2011-03-16",11.72
"2011-03-17",12.04
"2011-03-18",11.93
"2011-03-21",12.085
"2011-03-22",12.03
"2011-03-23",12.05
"2011-03-24",12.365
"2011-03-25",12.51
"2011-03-28",12.215
"2011-03-29",12.26
"2011-03-30",12.35
"2011-03-31",12.36
"2011-04-01",12.605
"2011-04-04",12.63
"2011-04-05",12.58
"2011-04-06",12.415
"2011-04-07",12.32
"2011-04-08",12.34
"2011-04-11",12.275
"2011-04-12",12.155
"2011-04-13",12.1
"2011-04-14",12.125
"2011-04-15",12.245
"2011-04-18",11.98
"2011-04-19",12.145
"2011-04-20",12.435
"2011-04-21",12.67
"2011-04-25",12.645
"2011-04-26",12.795
"2011-04-27",12.92
"2011-04-28",13.065
"2011-04-29",13.105
"2011-05-02",13.34
"2011-05-03",13.305
"2011-05-04",12.98
"2011-05-05",12.78
"2011-05-06",12.72
"2011-05-09",12.64
"2011-05-10",12.91
"2011-05-11",12.755
"2011-05-12",12.72
"2011-05-13",12.565
"2011-05-16",12.355
"2011-05-17",12.51
"2011-05-18",12.685
"2011-05-19",12.69
"2011-05-20",12.56
"2011-05-23",12.275
"2011-05-24",12.195
"2011-05-25",12.22
"2011-05-26",12.465
"2011-05-27",12.445
"2011-05-31",12.62
"2011-06-01",12.22
"2011-06-02",12.315
"2011-06-03",12.115
"2011-06-06",11.96
"2011-06-07",12.01
"2011-06-08",12.06
"2011-06-09",12.155
"2011-06-10",11.945
"2011-06-13",11.855
"2011-06-14",11.965
"2011-06-15",11.73
"2011-06-16",11.72
"2011-06-17",11.825
"2011-06-20",11.845
"2011-06-21",12.025
"2011-06-22",11.96
"2011-06-23",11.855
"2011-06-24",11.79
"2011-06-27",12.135
"2011-06-28",12.38
"2011-06-29",12.47
"2011-06-30",12.67
"2011-07-01",12.865
"2011-07-05",12.985
"2011-07-06",12.745
"2011-07-07",12.79
"2011-07-08",12.755
"2011-07-11",12.515
"2011-07-12",12.31
"2011-07-13",12.285
"2011-07-14",12.215
"2011-07-15",12.065
"2011-07-18",11.97
"2011-07-19",12.235
"2011-07-20",12.045
"2011-07-21",12.29
"2011-07-22",12.425
"2011-07-25",12.515
"2011-07-26",12.62
"2011-07-27",12.33
"2011-07-28",12.085
"2011-07-29",12.01
"2011-08-01",11.925
"2011-08-02",11.365
"2011-08-03",11.385
"2011-08-04",10.9
"2011-08-05",10.94
"2011-08-08",10.215
"2011-08-09",10.355
"2011-08-10",9.89
"2011-08-11",10.295
"2011-08-12",10.32
"2011-08-15",10.635
"2011-08-16",10.61
"2011-08-17",10.665
"2011-08-18",10.14
"2011-08-19",9.98
"2011-08-22",9.89
"2011-08-23",10.03
"2011-08-24",10.285
"2011-08-25",10.115
"2011-08-26",10.285
"2011-08-29",10.62
"2011-08-30",10.66
"2011-08-31",10.755
"2011-09-01",10.81
"2011-09-02",10.5
"2011-09-06",10.355
"2011-09-07",10.695
"2011-09-08",10.71
"2011-09-09",10.455
"2011-09-12",10.57
"2011-09-13",10.92
"2011-09-14",10.99
"2011-09-15",11.305
"2011-09-16",11.47
"2011-09-19",11.43
"2011-09-20",11.36
"2011-09-21",10.93
"2011-09-22",10.51
"2011-09-23",10.7
"2011-09-26",10.95
"2011-09-27",11.165
"2011-09-28",11
"2011-09-29",10.845
"2011-09-30",10.46
"2011-10-03",10.18
"2011-10-04",10.585
"2011-10-05",10.815
"2011-10-06",11.045
"2011-10-07",11.03
"2011-10-10",11.525
"2011-10-11",11.49
"2011-10-12",11.8
"2011-10-13",11.78
"2011-10-14",11.97
"2011-10-17",11.71
"2011-10-18",11.89
"2011-10-19",11.77
"2011-10-20",11.785
"2011-10-21",12.165
"2011-10-24",12.335
"2011-10-25",12.105
"2011-10-26",12.4
"2011-10-27",12.295
"2011-10-28",11.925
"2011-10-31",11.725
"2011-11-01",11.49
"2011-11-02",11.51
"2011-11-03",11.66
"2011-11-04",11.375
"2011-11-07",11.325
"2011-11-08",11.38
"2011-11-09",10.805
"2011-11-10",11.085
"2011-11-11",11.26
"2011-11-14",11.105
"2011-11-15",11.15
"2011-11-16",10.755
"2011-11-17",10.625
"2011-11-18",10.715
"2011-11-21",10.76
"2011-11-22",10.695
"2011-11-23",10.535
"2011-11-25",10.5
"2011-11-28",10.875
"2011-11-29",10.875
"2011-11-30",11.335
"2011-12-01",11.285
"2011-12-02",11.68
"2011-12-05",11.575
"2011-12-06",11.595
"2011-12-07",11.565
"2011-12-08",11.235
"2011-12-09",11.34
"2011-12-12",11.635
"2011-12-13",11.595
"2011-12-14",11.59
"2011-12-15",11.645
"2011-12-16",11.665
"2011-12-19",11.435
"2011-12-20",11.7
"2011-12-21",11.795
"2011-12-22",11.815
"2011-12-23",11.92
"2011-12-27",11.9
"2011-12-28",11.73
"2011-12-29",11.915
"2011-12-30",11.855
"2012-01-03",12.25
"2012-01-04",12.365
"2012-01-05",12.475
"2012-01-06",12.345
"2012-01-09",12.605
"2012-01-10",12.7
"2012-01-11",12.71
"2012-01-12",12.75
"2012-01-13",12.69
"2012-01-17",12.77
"2012-01-18",12.86
"2012-01-19",12.935
"2012-01-20",13.035
"2012-01-23",12.965
"2012-01-24",12.93
"2012-01-25",13.06
"2012-01-26",13.155
"2012-01-27",13.165
"2012-01-30",13.18
"2012-01-31",13.29
"2012-02-01",13.425
"2012-02-02",13.345
"2012-02-03",13.575
"2012-02-06",13.545
"2012-02-07",13.545
"2012-02-08",13.625
"2012-02-09",13.73
"2012-02-10",13.59
"2012-02-13",13.705
"2012-02-14",13.625
"2012-02-15",14.26
"2012-02-16",14.325
"2012-02-17",14.585
"2012-02-21",14.535
"2012-02-22",14.64
"2012-02-23",14.905
"2012-02-24",14.595
"2012-02-27",14.595
"2012-02-28",14.685
"2012-02-29",14.705
"2012-03-01",14.725
"2012-03-02",14.62
"2012-03-05",14.55
"2012-03-06",14.46
"2012-03-07",14.62
"2012-03-08",14.81
"2012-03-09",14.92
"2012-03-12",14.805
"2012-03-13",15.02
"2012-03-14",14.895
"2012-03-15",14.9
"2012-03-16",14.75
"2012-03-19",14.93
"2012-03-20",14.885
"2012-03-21",14.855
"2012-03-22",14.945
"2012-03-23",14.995
"2012-03-26",15.175
"2012-03-27",15.085
"2012-03-28",14.96
"2012-03-29",14.915
"2012-03-30",15.005
"2012-04-02",15.025
"2012-04-03",14.83
"2012-04-04",14.66
"2012-04-05",14.78
"2012-04-09",14.665
"2012-04-10",14.325
"2012-04-11",14.49
"2012-04-12",14.84
"2012-04-13",14.75
"2012-04-16",14.885
"2012-04-17",15.045
"2012-04-18",14.93
"2012-04-19",14.74
"2012-04-20",14.725
"2012-04-23",14.52
"2012-04-24",14.675
"2012-04-25",14.825
"2012-04-26",15.12
"2012-04-27",15.14
"2012-04-30",15.175
"2012-05-01",15.3
"2012-05-02",15.21
"2012-05-03",15.18
"2012-05-04",14.725
"2012-05-07",14.815
"2012-05-08",14.7
"2012-05-09",14.585
"2012-05-10",14.815
"2012-05-11",14.69
"2012-05-14",14.445
"2012-05-15",14.425
"2012-05-16",14.425
"2012-05-17",14.175
"2012-05-18",14.14
"2012-05-21",14.355
"2012-05-22",14.47
"2012-05-23",14.395
"2012-05-24",14.465
"2012-05-25",14.425
"2012-05-29",14.61
"2012-05-30",14.475
"2012-05-31",14.455
"2012-06-01",14.315
"2012-06-04",14.475
"2012-06-05",14.515
"2012-06-06",14.88
"2012-06-07",15.005
"2012-06-08",15.135
"2012-06-11",14.97
"2012-06-12",15.225
"2012-06-13",14.99
"2012-06-14",15.355
"2012-06-15",15.545
"2012-06-18",15.58
"2012-06-19",15.655
"2012-06-20",15.595
"2012-06-21",15.34
"2012-06-22",15.415
"2012-06-25",15.165
"2012-06-26",15.29
"2012-06-27",15.52
"2012-06-28",15.52
"2012-06-29",15.985
"2012-07-02",16.129999
"2012-07-03",16.014999
"2012-07-05",15.725
"2012-07-06",15.68
"2012-07-09",15.635
"2012-07-10",15.675
"2012-07-11",15.865
"2012-07-12",15.55
"2012-07-13",15.935
"2012-07-16",15.915
"2012-07-17",16.165001
"2012-07-18",16.195
"2012-07-19",16.190001
"2012-07-20",16.09
"2012-07-23",15.685
"2012-07-24",15.7
"2012-07-25",15.68
"2012-07-26",15.805
"2012-07-27",16.145
"2012-07-30",16.105
"2012-07-31",16.275
"2012-08-01",16.775
"2012-08-02",17.059999
"2012-08-03",17.305
"2012-08-06",17.469999
"2012-08-07",17.275
"2012-08-08",17.254999
"2012-08-09",17.275
"2012-08-10",17.365
"2012-08-13",17.275
"2012-08-14",17.18
"2012-08-15",17.094999
"2012-08-16",17.07
"2012-08-17",17.01
"2012-08-20",16.950001
"2012-08-21",17.02
"2012-08-22",16.985001
"2012-08-23",16.975
"2012-08-24",16.975
"2012-08-27",16.985001
"2012-08-28",16.975
"2012-08-29",16.975
"2012-08-30",16.815001
"2012-08-31",16.764999
"2012-09-04",16.764999
"2012-09-05",16.855
"2012-09-06",17.325001
"2012-09-07",17.23
"2012-09-10",17.084999
"2012-09-11",17.135
"2012-09-12",17.295
"2012-09-13",17.625
"2012-09-14",17.65
"2012-09-17",17.530001
"2012-09-18",17.424999
"2012-09-19",17.690001
"2012-09-20",17.975
"2012-09-21",18.110001
"2012-09-24",18.215
"2012-09-25",17.93
"2012-09-26",17.559999
"2012-09-27",17.895
"2012-09-28",17.870001
"2012-10-01",17.690001
"2012-10-02",17.92
"2012-10-03",18.1
"2012-10-04",18.25
"2012-10-05",18.27
"2012-10-08",18.105
"2012-10-09",17.66
"2012-10-10",17.58
"2012-10-11",17.565001
"2012-10-12",17.889999
"2012-10-15",18.215
"2012-10-16",18.334999
"2012-10-17",18.559999
"2012-10-18",18.645
"2012-10-19",18.475
"2012-10-22",18.514999
"2012-10-23",18.215
"2012-10-24",18.209999
"2012-10-25",18.18
"2012-10-26",18.780001
"2012-10-31",18.764999
"2012-11-01",18.775
"2012-11-02",18.805
"2012-11-05",18.715
"2012-11-06",18.584999
"2012-11-07",18.290001
"2012-11-08",18.1
"2012-11-09",18.059999
"2012-11-12",18.084999
"2012-11-13",18.055
"2012-11-14",17.700001
"2012-11-15",17.57
"2012-11-16",17.725
"2012-11-19",18.004999
"2012-11-20",18.280001
"2012-11-21",18.245001
"2012-11-23",18.455
"2012-11-26",18.315001
"2012-11-27",18.145
"2012-11-28",18.33
"2012-11-29",18.43
"2012-11-30",18.6
"2012-12-03",18.540001
"2012-12-04",18.6
"2012-12-05",18.440001
"2012-12-06",18.57
"2012-12-07",18.514999
"2012-12-10",18.625
"2012-12-11",18.700001
"2012-12-12",18.709999
"2012-12-13",18.469999
"2012-12-14",18.27
"2012-12-17",18.77
"2012-12-18",19.025
"2012-12-19",19.004999
"2012-12-20",19.045
"2012-12-21",18.615
"2012-12-24",18.68
"2012-12-26",18.65
"2012-12-27",18.495001
"2012-12-28",18.27
"2012-12-31",18.68
"2013-01-02",19.26
"2013-01-03",19.045
"2013-01-04",19.035
"2013-01-07",18.950001
"2013-01-08",19.08
"2013-01-09",19.209999
"2013-01-10",19.25
"2013-01-11",19.23
"2013-01-14",19.459999
"2013-01-15",19.6
"2013-01-16",19.59
"2013-01-17",19.975
"2013-01-18",20.135
"2013-01-22",19.905001
"2013-01-23",20
"2013-01-24",19.790001
"2013-01-25",19.879999
"2013-01-28",19.785
"2013-01-29",19.555
"2013-01-30",19.514999
"2013-01-31",19.040001
"2013-02-01",19.299999
"2013-02-04",19.094999
"2013-02-05",19.620001
"2013-02-06",19.365
"2013-02-07",19.309999
"2013-02-08",19.375
"2013-02-11",19.32
"2013-02-12",19.485001
"2013-02-13",20.065001
"2013-02-14",20.17
"2013-02-15",20.620001
"2013-02-19",20.725
"2013-02-20",20.475
"2013-02-21",20.040001
"2013-02-22",19.955
"2013-02-25",19.705
"2013-02-26",19.844999
"2013-02-27",20.075001
"2013-02-28",19.895
"2013-03-01",20.014999
"2013-03-04",20.190001
"2013-03-05",20.475
"2013-03-06",20.424999
"2013-03-07",20.309999
"2013-03-08",20.5
"2013-03-11",20.565001
"2013-03-12",20.360001
"2013-03-13",20.295
"2013-03-14",20.58
"2013-03-15",20.355
"2013-03-18",20.184999
"2013-03-19",20.065001
"2013-03-20",20.49
"2013-03-21",20.200001
"2013-03-22",20.610001
"2013-03-25",20.860001
"2013-03-26",20.735001
"2013-03-27",20.875
"2013-03-28",20.99
"2013-04-01",20.690001
"2013-04-02",21.15
"2013-04-03",20.91
"2013-04-04",21.059999
"2013-04-05",20.780001
"2013-04-08",20.815001
"2013-04-09",20.639999
"2013-04-10",20.809999
"2013-04-11",20.905001
"2013-04-12",21
"2013-04-15",20.575001
"2013-04-16",20.705
"2013-04-17",20.309999
"2013-04-18",19.995001
"2013-04-19",20.280001
"2013-04-22",20.235001
"2013-04-23",20.450001
"2013-04-24",20.334999
"2013-04-25",20.375
"2013-04-26",20.684999
"2013-04-29",20.745001
"2013-04-30",20.65
"2013-05-01",20.93
"2013-05-02",21.055
"2013-05-03",21.27
"2013-05-06",21.389999
"2013-05-07",21.525
"2013-05-08",21.639999
"2013-05-09",21.48
"2013-05-10",21.540001
"2013-05-13",21.594999
"2013-05-14",21.665001
"2013-05-15",21.865
"2013-05-16",21.434999
"2013-05-17",21.32
"2013-05-20",20.76
"2013-05-21",21.115
"2013-05-22",20.889999
"2013-05-23",20.91
"2013-05-24",20.975
"2013-05-28",20.91
"2013-05-29",20.395
"2013-05-30",20.475
"2013-05-31",20.084999
"2013-06-03",20.23
"2013-06-04",20.459999
"2013-06-05",20.094999
"2013-06-06",20.120001
"2013-06-07",20.59
"2013-06-10",20.334999
"2013-06-11",20.08
"2013-06-12",19.76
"2013-06-13",19.875
"2013-06-14",19.870001
"2013-06-17",20.040001
"2013-06-18",20.195
"2013-06-19",20.105
"2013-06-20",19.455
"2013-06-21",19.885
"2013-06-24",19.889999
"2013-06-25",20.084999
"2013-06-26",20.094999
"2013-06-27",20.15
"2013-06-28",20.875
"2013-07-01",20.33
"2013-07-02",20.375
"2013-07-03",20.575001
"2013-07-05",20.85
"2013-07-08",21.205
"2013-07-09",21.334999
"2013-07-10",21.455
"2013-07-11",22.23
"2013-07-12",22.34
"2013-07-15",22.075001
"2013-07-16",21.995001
"2013-07-17",21.934999
"2013-07-18",22.17
"2013-07-19",22.285
"2013-07-22",22.465
"2013-07-23",22.57
"2013-07-24",22.48
"2013-07-25",22.084999
"2013-07-26",21.865
"2013-07-29",21.700001
"2013-07-30",21.355
"2013-07-31",22.540001
"2013-08-01",22.92
"2013-08-02",22.860001
"2013-08-05",22.815001
"2013-08-06",22.495001
"2013-08-07",22.59
"2013-08-08",22.469999
"2013-08-09",22.309999
"2013-08-12",22.389999
"2013-08-13",22.424999
"2013-08-14",21.93
"2013-08-15",21.504999
"2013-08-16",21.27
"2013-08-19",21.094999
"2013-08-20",21.344999
"2013-08-21",20.915001
"2013-08-22",21.01
"2013-08-23",20.93
"2013-08-26",20.719999
"2013-08-27",20.9
"2013-08-28",20.959999
"2013-08-29",21.219999
"2013-08-30",21.045
"2013-09-03",21.370001
"2013-09-04",21.530001
"2013-09-05",21.27
"2013-09-06",21.24
"2013-09-09",21.15
"2013-09-10",21.42
"2013-09-11",21.9
"2013-09-12",21.745001
"2013-09-13",21.985001
"2013-09-16",22.209999
"2013-09-17",22.225
"2013-09-18",22.135
"2013-09-19",22.205
"2013-09-20",22.200001
"2013-09-23",21.969999
"2013-09-24",21.844999
"2013-09-25",21.625
"2013-09-26",22.049999
"2013-09-27",22.370001
"2013-09-30",22.559999
"2013-10-01",22.805
"2013-10-02",22.725
"2013-10-03",22.504999
"2013-10-04",22.82
"2013-10-07",22.549999
"2013-10-08",22.309999
"2013-10-09",22.165001
"2013-10-10",22.674999
"2013-10-11",23.030001
"2013-10-14",23.23
"2013-10-15",23.195
"2013-10-16",23.49
"2013-10-17",23.735001
"2013-10-18",23.52
"2013-10-21",23.545
"2013-10-22",23.68
"2013-10-23",23.48
"2013-10-24",23.879999
"2013-10-25",24.084999
"2013-10-28",24.115
"2013-10-29",23.855
"2013-10-30",23.545
"2013-10-31",23.799999
"2013-11-01",24.325001
"2013-11-04",24.09
"2013-11-05",23.92
"2013-11-06",23.905001
"2013-11-07",23.620001
"2013-11-08",24.09
"2013-11-11",23.674999
"2013-11-12",23.49
"2013-11-13",23.695
"2013-11-14",23.844999
"2013-11-15",23.865
"2013-11-18",23.690001
"2013-11-19",23.73
"2013-11-20",23.424999
"2013-11-21",23.725
"2013-11-22",24.76
"2013-11-25",24.955
"2013-11-26",24.889999
"2013-11-27",24.889999
"2013-11-29",24.934999
"2013-12-02",24.559999
"2013-12-03",24.385
"2013-12-04",24.440001
"2013-12-05",24.540001
"2013-12-06",24.635
"2013-12-09",24.57
"2013-12-10",24.695
"2013-12-11",24.33
"2013-12-12",24.334999
"2013-12-13",24.504999
"2013-12-16",24.620001
"2013-12-17",24.525
"2013-12-18",25.135
"2013-12-19",25.389999
"2013-12-20",25.469999
"2013-12-23",25.495001
"2013-12-24",25.639999
"2013-12-26",25.754999
"2013-12-27",25.895
"2013-12-30",25.934999
"2013-12-31",25.985001
"2014-01-02",25.725
"2014-01-03",25.535
"2014-01-06",25.51
"2014-01-07",26.415001
"2014-01-08",26.375
"2014-01-09",26.440001
"2014-01-10",26.77
"2014-01-13",26.08
"2014-01-14",26.405001
"2014-01-15",27.035
"2014-01-16",26.77
"2014-01-17",26.77
"2014-01-21",26.655001
"2014-01-22",26.870001
"2014-01-23",26.540001
"2014-01-24",26.200001
"2014-01-27",26.245001
"2014-01-28",26.674999
"2014-01-29",26.530001
"2014-01-30",27.094999
"2014-01-31",27.225
"2014-02-03",26.385
"2014-02-04",26.76
"2014-02-05",26.690001
"2014-02-06",27.014999
"2014-02-07",27.32
"2014-02-10",27.174999
"2014-02-11",27.5
"2014-02-12",27.620001
"2014-02-13",26.485001
"2014-02-14",26.85
"2014-02-18",26.764999
"2014-02-19",25.785
"2014-02-20",25.879999
"2014-02-21",25.525
"2014-02-24",25.575001
"2014-02-25",25.385
"2014-02-26",25.34
"2014-02-27",25.540001
"2014-02-28",25.844999
"2014-03-03",25.5
"2014-03-04",25.68
"2014-03-05",25.945
"2014-03-06",26.055
"2014-03-07",25.815001
"2014-03-10",25.76
"2014-03-11",25.610001
"2014-03-12",25.49
"2014-03-13",25.23
"2014-03-14",25.32
"2014-03-17",25.389999
"2014-03-18",25.110001
"2014-03-19",24.940001
"2014-03-20",25.305
"2014-03-21",25
"2014-03-24",25.15
"2014-03-25",24.834999
"2014-03-26",24.809999
"2014-03-27",24.549999
"2014-03-28",24.780001
"2014-03-31",25.02
"2014-04-01",24.965
"2014-04-02",25.450001
"2014-04-03",25.559999
"2014-04-04",25.09
"2014-04-07",24.540001
"2014-04-08",24.424999
"2014-04-09",24.895
"2014-04-10",24.209999
"2014-04-11",23.98
"2014-04-14",24.33
"2014-04-15",24.205
"2014-04-16",24.584999
"2014-04-17",24.549999
"2014-04-21",24.940001
"2014-04-22",25.415001
"2014-04-23",25.605
"2014-04-24",25.684999
"2014-04-25",25.485001
"2014-04-28",25.85
"2014-04-29",25.775
"2014-04-30",25.879999
"2014-05-01",26.055
"2014-05-02",26.014999
"2014-05-05",26.23
"2014-05-06",25.905001
"2014-05-07",25.870001
"2014-05-08",25.549999
"2014-05-09",25.5
"2014-05-12",25.325001
"2014-05-13",25.055
"2014-05-14",24.915001
"2014-05-15",25.155001
"2014-05-16",25.094999
"2014-05-19",25.450001
"2014-05-20",25.325001
"2014-05-21",25.674999
"2014-05-22",25.85
"2014-05-23",25.985001
"2014-05-27",26.030001
"2014-05-28",25.924999
"2014-05-29",26.035
"2014-05-30",26.1
"2014-06-02",26.280001
"2014-06-03",26.16
"2014-06-04",26.145
"2014-06-05",26.355
"2014-06-06",26.455
"2014-06-09",26.475
"2014-06-10",26.440001
"2014-06-11",26.355
"2014-06-12",26.334999
"2014-06-13",26.235001
"2014-06-16",26.174999
"2014-06-17",26.1
"2014-06-18",26.33
"2014-06-19",26.469999
"2014-06-20",26.370001
"2014-06-23",26.215
"2014-06-24",26.32
"2014-06-25",26.605
"2014-06-26",26.799999
"2014-06-27",27.065001
"2014-06-30",26.84
"2014-07-01",27.055
"2014-07-02",27.280001
"2014-07-03",27.450001
"2014-07-07",27.09
"2014-07-08",26.655001
"2014-07-09",27.365
"2014-07-10",27.18
"2014-07-11",27.275
"2014-07-14",27.525
"2014-07-15",27.445
"2014-07-16",27.525
"2014-07-17",27.1
"2014-07-18",27.27
"2014-07-21",26.91
"2014-07-22",27.315001
"2014-07-23",27.355
"2014-07-24",27.565001
"2014-07-25",27.195
"2014-07-28",27.365
"2014-07-29",27.495001
"2014-07-30",27.705
"2014-07-31",26.865
"2014-08-01",26.695
"2014-08-04",26.924999
"2014-08-05",26.59
"2014-08-06",26.450001
"2014-08-07",26.34
"2014-08-08",26.75
"2014-08-11",26.875
"2014-08-12",26.9
"2014-08-13",27.055
"2014-08-14",27.184999
"2014-08-15",27.315001
"2014-08-18",27.365
"2014-08-19",27.25
"2014-08-20",27.32
"2014-08-21",27.219999
"2014-08-22",27.09
"2014-08-25",27.325001
"2014-08-26",27.280001
"2014-08-27",27.280001
"2014-08-28",27.26
"2014-08-29",27.360001
"2014-09-02",27.389999
"2014-09-03",27.434999
"2014-09-04",27.440001
"2014-09-05",27.85
"2014-09-08",27.940001
"2014-09-09",28.305
"2014-09-10",28.455
"2014-09-11",28.49
"2014-09-12",28.540001
"2014-09-15",28.51
"2014-09-16",28.615
"2014-09-17",28.545
"2014-09-18",28.424999
"2014-09-19",28.370001
"2014-09-22",27.93
"2014-09-23",27.485001
"2014-09-24",27.43
"2014-09-25",26.969999
"2014-09-26",27.120001
"2014-09-29",27.08
"2014-09-30",26.889999
"2014-10-01",26.465
"2014-10-02",26.42
"2014-10-03",26.825001
"2014-10-06",26.695
"2014-10-07",26.610001
"2014-10-08",27.385
"2014-10-09",26.66
"2014-10-10",26.309999
"2014-10-13",25.82
"2014-10-14",25.735001
"2014-10-15",25.424999
"2014-10-16",24.795
"2014-10-17",25.34
"2014-10-20",25.65
"2014-10-21",26.094999
"2014-10-22",25.745001
"2014-10-23",26.610001
"2014-10-24",27.129999
"2014-10-27",27.025
"2014-10-28",27.365
"2014-10-29",27.450001
"2014-10-30",27.174999
"2014-10-31",27.674999
"2014-11-03",27.799999
"2014-11-04",27.315001
"2014-11-05",27.545
"2014-11-06",27.690001
"2014-11-07",27.575001
"2014-11-10",26.475
"2014-11-11",26.48
"2014-11-12",26.799999
"2014-11-13",27.15
"2014-11-14",27.049999
"2014-11-17",27.075001
"2014-11-18",27.209999
"2014-11-19",27.190001
"2014-11-20",27.190001
"2014-11-21",27.040001
"2014-11-24",27.51
"2014-11-25",28.309999
"2014-11-26",28.43
"2014-11-28",28.52
"2014-12-01",28.299999
"2014-12-02",28.51
"2014-12-03",28.57
"2014-12-04",28.190001
"2014-12-05",28.17
"2014-12-08",28.18
"2014-12-09",28.094999
"2014-12-10",27.785
"2014-12-11",27.950001
"2014-12-12",27.674999
"2014-12-15",27.469999
"2014-12-16",27.405001
"2014-12-17",27.67
"2014-12-18",28.145
"2014-12-19",28.584999
"2014-12-22",28.610001
"2014-12-23",28.950001
"2014-12-24",29.035
"2014-12-26",29.195
"2014-12-29",29.440001
"2014-12-30",29.434999
"2014-12-31",29.004999
"2015-01-02",28.674999
"2015-01-05",27.98
"2015-01-06",27.615
"2015-01-07",27.59
"2015-01-08",28.190001
"2015-01-09",28.145
"2015-01-12",28.084999
"2015-01-13",28.42
"2015-01-14",27.91
"2015-01-15",28
"2015-01-16",28.385
"2015-01-20",27.905001
"2015-01-21",27.885
"2015-01-22",28.285
"2015-01-23",28.155001
"2015-01-26",28.344999
"2015-01-27",28.18
"2015-01-28",27.295
"2015-01-29",26.934999
"2015-01-30",26.575001
"2015-02-02",26.905001
"2015-02-03",27.705
"2015-02-04",28.450001
"2015-02-05",28.485001
"2015-02-06",28.459999
"2015-02-09",28.545
"2015-02-10",28.705
"2015-02-11",28.889999
"2015-02-12",29.190001
"2015-02-13",29.735001
"2015-02-17",29.4
"2015-02-18",29.110001
"2015-02-19",28.924999
"2015-02-20",29.25
"2015-02-23",29.105
"2015-02-24",29.584999
"2015-02-25",29.809999
"2015-02-26",29.575001
"2015-02-27",29.690001
"2015-03-02",29.934999
"2015-03-03",29.98
"2015-03-04",30.215
"2015-03-05",30.165001
"2015-03-06",30.184999
"2015-03-09",30.285
"2015-03-10",29.35
"2015-03-11",29.030001
"2015-03-12",29.665001
"2015-03-13",29.525
"2015-03-16",29.875
"2015-03-17",29.565001
"2015-03-18",29.495001
"2015-03-19",29.375
"2015-03-20",29.725
"2015-03-23",29.559999
"2015-03-24",28.785
"2015-03-25",28.264999
"2015-03-26",27.955
"2015-03-27",27.969999
"2015-03-30",28.305
"2015-03-31",28.235001
"2015-04-01",28.530001
"2015-04-02",28.969999
"2015-04-06",29.105
"2015-04-07",29.16
"2015-04-08",29.59
"2015-04-09",29.795
"2015-04-10",29.905001
"2015-04-13",29.389999
"2015-04-14",29.49
"2015-04-15",29.955
"2015-04-16",29.834999
"2015-04-17",29.209999
"2015-04-20",29.235001
"2015-04-21",29.42
"2015-04-22",29.379999
"2015-04-23",29.615
"2015-04-24",29.82
"2015-04-27",29.440001
"2015-04-28",29.5
"2015-04-29",29.17
"2015-04-30",28.879999
"2015-05-01",29.205
"2015-05-04",29.389999
"2015-05-05",28.99
"2015-05-06",28.83
"2015-05-07",28.959999
"2015-05-08",29.205
"2015-05-11",28.885
"2015-05-12",28.665001
"2015-05-13",28.139999
"2015-05-14",28.27
"2015-05-15",28.32
"2015-05-18",28.485001
"2015-05-19",28.615
"2015-05-20",28.785
"2015-05-21",28.77
"2015-05-22",28.934999
"2015-05-26",29.295
"2015-05-27",29.67
"2015-05-28",29.514999
"2015-05-29",29.23
"2015-06-01",29.389999
"2015-06-02",29.41
"2015-06-03",29.66
"2015-06-04",29.475
"2015-06-05",29.344999
"2015-06-08",28.934999
"2015-06-09",28.924999
"2015-06-10",29.115
"2015-06-11",29.379999
"2015-06-12",29.129999
"2015-06-15",29.17
"2015-06-16",29.440001
"2015-06-17",29.809999
"2015-06-18",30.24
"2015-06-19",30.254999
"2015-06-22",30.485001
"2015-06-23",30.379999
"2015-06-24",30.18
"2015-06-25",30.440001
"2015-06-26",30.635
"2015-06-29",29.99
"2015-06-30",30.07
"2015-07-01",31.125
"2015-07-02",31.17
"2015-07-06",31.055
"2015-07-07",31.254999
"2015-07-08",30.844999
"2015-07-09",31.004999
"2015-07-10",31.594999
"2015-07-13",31.860001
"2015-07-14",31.620001
"2015-07-15",31.875
"2015-07-16",32.16
"2015-07-17",32.134998
"2015-07-20",32.16
"2015-07-21",32.134998
"2015-07-22",32.25
"2015-07-23",31.235001
"2015-07-24",31.084999
"2015-07-27",30.555
"2015-07-28",31.205
"2015-07-29",31.24
"2015-07-30",31.18
"2015-07-31",31.205
"2015-08-03",31.605
"2015-08-04",31.370001
"2015-08-05",29.905001
"2015-08-06",29.379999
"2015-08-07",29.41
"2015-08-10",29.725
"2015-08-11",29.395
"2015-08-12",29.705
"2015-08-13",29.82
"2015-08-14",29.440001
"2015-08-17",30.205
"2015-08-18",29.844999
"2015-08-19",29.959999
"2015-08-20",29.184999
"2015-08-21",28.389999
"2015-08-24",27.205
"2015-08-25",26.924999
"2015-08-26",27.700001
"2015-08-27",28.385
"2015-08-28",28.389999
"2015-08-31",28.165001
"2015-09-01",27.51
"2015-09-02",27.940001
"2015-09-03",28.105
"2015-09-04",27.889999
"2015-09-08",28.555
"2015-09-09",28.334999
"2015-09-10",28.27
"2015-09-11",28.205
"2015-09-14",28.125
"2015-09-15",28.57
"2015-09-16",28.870001
"2015-09-17",29.23
"2015-09-18",28.709999
"2015-09-21",28.945
"2015-09-22",28.855
"2015-09-23",28.684999
"2015-09-24",28.41
"2015-09-25",28.27
"2015-09-28",27.405001
"2015-09-29",27.57
"2015-09-30",28.440001
"2015-10-01",28.705
"2015-10-02",29.360001
"2015-10-05",29.809999
"2015-10-06",29.485001
"2015-10-07",29.85
"2015-10-08",30.49
"2015-10-09",30.245001
"2015-10-12",30.135
"2015-10-13",30.08
"2015-10-14",29.969999
"2015-10-15",30.504999
"2015-10-16",30.66
"2015-10-19",30.780001
"2015-10-20",30.775
"2015-10-21",30.555
"2015-10-22",30.85
"2015-10-23",30.99
"2015-10-26",31.09
"2015-10-27",30.77
"2015-10-28",30.969999
"2015-10-29",31.530001
"2015-10-30",31.309999
"2015-11-02",31.370001
"2015-11-03",31.280001
"2015-11-04",30.73
"2015-11-05",30.905001
"2015-11-06",30.805
"2015-11-09",30.674999
"2015-11-10",30.785
"2015-11-11",30.775
"2015-11-12",30.745001
"2015-11-13",30.115
"2015-11-16",30.674999
"2015-11-17",30.565001
"2015-11-18",31.280001
"2015-11-19",31.309999
"2015-11-20",31.450001
"2015-11-23",31.065001
"2015-11-24",30.83
"2015-11-25",30.700001
"2015-11-27",30.795
"2015-11-30",30.43
"2015-12-01",30.875
"2015-12-02",30.24
"2015-12-03",29.809999
"2015-12-04",30.375
"2015-12-07",30.184999
"2015-12-08",29.77
"2015-12-09",29.295
"2015-12-10",29.834999
"2015-12-11",28.985001
"2015-12-14",28.684999
"2015-12-15",28.875
"2015-12-16",29.35
"2015-12-17",28.705
"2015-12-18",28.200001
"2015-12-21",28.23
"2015-12-22",28.445
"2015-12-23",28.584999
"2015-12-24",28.65
"2015-12-28",28.594999
"2015-12-29",28.780001
"2015-12-30",28.355
"2015-12-31",28.215
"2016-01-04",27.82
"2016-01-05",27.825001
"2016-01-06",27.610001
"2016-01-07",27.305
"2016-01-08",27.334999
"2016-01-11",27.360001
"2016-01-12",27.434999
"2016-01-13",26.775
"2016-01-14",27.525
"2016-01-15",26.945
"2016-01-19",27.125
"2016-01-20",26.805
"2016-01-21",27.16
"2016-01-22",27.665001
"2016-01-25",27.105
"2016-01-26",27.42
"2016-01-27",27.059999
"2016-01-28",27.055
"2016-01-29",27.855
"2016-02-01",27.905001
"2016-02-02",27.295
"2016-02-03",28.92
"2016-02-04",29.105
"2016-02-05",29.705
"2016-02-08",29.700001
"2016-02-09",29.105
"2016-02-10",27.905001
"2016-02-11",28.02
"2016-02-12",28.389999
"2016-02-16",28.74
"2016-02-17",28.85
"2016-02-18",28.66
"2016-02-19",28.879999
"2016-02-22",29.075001
"2016-02-23",28.77
"2016-02-24",29.200001
"2016-02-25",29.264999
"2016-02-26",28.955
"2016-02-29",28.865
"2016-03-01",29.610001
"2016-03-02",29.684999
"2016-03-03",29.959999
"2016-03-04",29.870001
"2016-03-07",29.48
"2016-03-08",29.145
"2016-03-09",29.389999
"2016-03-10",29.184999
"2016-03-11",29.58
"2016-03-14",29.615
"2016-03-15",29.700001
"2016-03-16",29.955
"2016-03-17",30.375
"2016-03-18",29.879999
"2016-03-21",29.92
"2016-03-22",29.934999
"2016-03-23",29.625
"2016-03-24",30.004999
"2016-03-28",30.045
"2016-03-29",30.375
"2016-03-30",30.4
"2016-03-31",30.540001
"2016-04-01",30.934999
"2016-04-04",30.715
"2016-04-05",30.565001
"2016-04-06",31.1
"2016-04-07",30.700001
"2016-04-08",30.799999
"2016-04-11",30.719999
"2016-04-12",30.860001
"2016-04-13",30.975
"2016-04-14",30.92
"2016-04-15",30.985001
"2016-04-18",31.24
"2016-04-19",31.139999
"2016-04-20",30.73
"2016-04-21",30.469999
"2016-04-22",30.549999
"2016-04-25",30.5
"2016-04-26",30.525
"2016-04-27",30.65
"2016-04-28",30.575001
"2016-04-29",30.379999
"2016-05-02",30.615
"2016-05-03",30.475
"2016-05-04",30.445
"2016-05-05",30.525
"2016-05-06",30.709999
"2016-05-09",30.709999
"2016-05-10",31.32
"2016-05-11",31.035
"2016-05-12",31.129999
"2016-05-13",30.92
"2016-05-16",31
"2016-05-17",30.215
"2016-05-18",30.190001
"2016-05-19",30.125
"2016-05-20",30.879999
"2016-05-23",30.905001
"2016-05-24",31.219999
"2016-05-25",31.299999
"2016-05-26",31.145
"2016-05-27",31.440001
"2016-05-31",31.65
"2016-06-01",31.865
"2016-06-02",31.83
"2016-06-03",31.780001
"2016-06-06",31.700001
"2016-06-07",31.625
"2016-06-08",31.610001
"2016-06-09",31.465
"2016-06-10",31.4
"2016-06-13",31.195
"2016-06-14",31.32
"2016-06-15",31.174999
"2016-06-16",31.549999
"2016-06-17",31.184999
"2016-06-20",31.23
"2016-06-21",31.27
"2016-06-22",31.32
"2016-06-23",31.475
"2016-06-24",30.825001
"2016-06-27",31.23
"2016-06-28",31.535
"2016-06-29",31.969999
"2016-06-30",32.595001
"2016-07-01",32.639999
"2016-07-05",32.505001
"2016-07-06",32.549999
"2016-07-07",33.130001
"2016-07-08",33.555
"2016-07-11",33.705002
"2016-07-12",33.575001
"2016-07-13",33.415001
"2016-07-14",33.509998
"2016-07-15",33.439999
"2016-07-18",33.43
"2016-07-19",33.544998
"2016-07-20",33.560001
"2016-07-21",33.509998
"2016-07-22",33.73
"2016-07-25",33.735001
"2016-07-26",33.59
"2016-07-27",33.959999
"2016-07-28",33.93
"2016-07-29",33.625
"2016-08-01",33.77
"2016-08-02",33.450001
"2016-08-03",33.419998
"2016-08-04",33.59
"2016-08-05",33.695
"2016-08-08",33.535
"2016-08-09",33.450001
"2016-08-10",33.610001
"2016-08-11",33.84
"2016-08-12",33.755001
"2016-08-15",33.759998
"2016-08-16",33.654999
"2016-08-17",33.884998
"2016-08-18",33.705002
"2016-08-19",33.145
"2016-08-22",33.220001
"2016-08-23",32.830002
"2016-08-24",32.845001
"2016-08-25",32.779999
"2016-08-26",32.755001
"2016-08-29",32.830002
"2016-08-30",32.775002
"2016-08-31",32.630001
"2016-09-01",32.945
"2016-09-02",33.080002
"2016-09-06",33.169998
"2016-09-07",33.174999
"2016-09-08",33.080002
"2016-09-09",32.555
"2016-09-12",32.880001
"2016-09-13",32.384998
"2016-09-14",32.584999
"2016-09-15",33.119999
"2016-09-16",32.959999
"2016-09-19",32.924999
"2016-09-20",33.115002
"2016-09-21",33.580002
"2016-09-22",33.650002
"2016-09-23",33.575001
"2016-09-26",32.904999
"2016-09-27",33.084999
"2016-09-28",33.34
"2016-09-29",33.125
"2016-09-30",33.169998
"2016-10-03",33.095001
"2016-10-04",32.915001
"2016-10-05",32.900002
"2016-10-06",32.705002
"2016-10-07",32.68
"2016-10-10",32.889999
"2016-10-11",32.48
"2016-10-12",32.619999
"2016-10-13",32.560001
"2016-10-14",32.599998
"2016-10-17",32.509998
"2016-10-18",32.439999
"2016-10-19",32.455002
"2016-10-20",32.174999
"2016-10-21",32.029999
"2016-10-24",32.48
"2016-10-25",32.259998
"2016-10-26",31.280001
"2016-10-27",30.74
"2016-10-28",30.940001
"2016-10-31",30.91
"2016-11-01",30.725
"2016-11-02",30.735001
"2016-11-03",30.475
"2016-11-04",30.33
"2016-11-07",30.754999
"2016-11-08",31.26
"2016-11-09",31.725
"2016-11-10",32.549999
"2016-11-11",33.23
"2016-11-14",33.630001
"2016-11-15",33.490002
"2016-11-16",33.735001
"2016-11-17",34.244999
"2016-11-18",34.169998
"2016-11-21",34.099998
"2016-11-22",34.509998
"2016-11-23",34.48
"2016-11-25",34.580002
"2016-11-28",34.154999
"2016-11-29",35.07
"2016-11-30",34.755001
"2016-12-01",34.93
"2016-12-02",34.389999
"2016-12-05",34.34
"2016-12-06",34.349998
"2016-12-07",34.665001
"2016-12-08",34.615002
"2016-12-09",34.724998
"2016-12-12",34.5
"2016-12-13",34.990002
"2016-12-14",35.009998
"2016-12-15",34.939999
"2016-12-16",34.93
"2016-12-19",35.075001
"2016-12-20",35.505001
"2016-12-21",35.415001
"2016-12-22",35.509998
"2016-12-23",35.325001
"2016-12-27",35.435001
"2016-12-28",35.224998
"2016-12-29",35.044998
"2016-12-30",34.525002
"2017-01-03",34.525002
"2017-01-04",34.935001
"2017-01-05",35.075001
"2017-01-06",35.134998
"2017-01-09",35.415001
"2017-01-10",35.459999
"2017-01-11",35.855
"2017-01-12",35.709999
"2017-01-13",36.384998
"2017-01-17",36.279999
"2017-01-18",36.145
"2017-01-19",36.305
"2017-01-20",36.785
"2017-01-23",36.630001
"2017-01-24",36.799999
"2017-01-25",36.720001
"2017-01-26",37.75
"2017-01-27",37.974998
"2017-01-30",37.669998
"2017-01-31",37.709999
"2017-02-01",37.805
"2017-02-02",37.544998
"2017-02-03",37.630001
"2017-02-06",37.27
"2017-02-07",37.43
"2017-02-08",37.345001
"2017-02-09",37.514999
"2017-02-10",37.575001
"2017-02-13",37.855
"2017-02-14",38.044998
"2017-02-15",38.299999
"2017-02-16",37.994999
"2017-02-17",37.66
"2017-02-21",37.889999
"2017-02-22",37.939999
"2017-02-23",37.650002
"2017-02-24",37.889999
"2017-02-27",37.529999
"2017-02-28",37.419998
"2017-03-01",37.59
"2017-03-02",37.450001
"2017-03-03",37.220001
"2017-03-06",37.439999
"2017-03-07",37.419998
"2017-03-08",37.110001
"2017-03-09",37.380001
"2017-03-10",37.32
"2017-03-13",37.299999
"2017-03-14",37.41
"2017-03-15",37.75
"2017-03-16",37.68
"2017-03-17",37.459999
"2017-03-20",37.48
"2017-03-21",37.07
"2017-03-22",37.040001
"2017-03-23",37.220001
"2017-03-24",37.380001
"2017-03-27",37.110001
"2017-03-28",37.09
"2017-03-29",37.220001
"2017-03-30",37.509998
"2017-03-31",37.59
"2017-04-03",37.560001
"2017-04-04",37.790001
"2017-04-05",37.34
"2017-04-06",38.130001
"2017-04-07",38.029999
"2017-04-10",37.669998
"2017-04-11",37.23
"2017-04-12",37.290001
"2017-04-13",37.139999
"2017-04-17",37.200001
"2017-04-18",37.59
"2017-04-19",37.529999
"2017-04-20",38
"2017-04-21",38.16
"2017-04-24",38.009998
"2017-04-25",38.490002
"2017-04-26",38.790001
"2017-04-27",39.59
"2017-04-28",39.189999
"2017-05-01",39.189999
"2017-05-02",39.34
"2017-05-03",38.540001
"2017-05-04",38.290001
"2017-05-05",39.009998
"2017-05-08",39.200001
"2017-05-09",39.080002
"2017-05-10",39.099998
"2017-05-11",39.259998
"2017-05-12",38.98
"2017-05-15",38.970001
"2017-05-16",38.82
"2017-05-17",38.099998
"2017-05-18",38.669998
"2017-05-19",38.849998
"2017-05-22",39.490002
"2017-05-23",39.779999
"2017-05-24",40.330002
"2017-05-25",40.34
"2017-05-26",40.91
"2017-05-30",41.099998
"2017-05-31",41.689999
"2017-06-01",41.66
"2017-06-02",41.990002
"2017-06-05",41.790001
"2017-06-06",41.720001
"2017-06-07",41.889999
"2017-06-08",40.939999
"2017-06-09",40.689999
"2017-06-12",40.970001
"2017-06-13",41.220001
"2017-06-14",41.09
"2017-06-15",41.439999
"2017-06-16",41.279999
"2017-06-19",41.799999
"2017-06-20",40.389999
"2017-06-21",40.279999
"2017-06-22",39.939999
"2017-06-23",39.5
"2017-06-26",39.59
"2017-06-27",39.25
"2017-06-28",39.860001
"2017-06-29",38.869999
"2017-06-30",38.919998
"2017-07-03",38.360001
"2017-07-05",38.709999
"2017-07-06",38.25
"2017-07-07",38.57
"2017-07-10",38.759998
"2017-07-11",38.77
"2017-07-12",39.02
"2017-07-13",39.310001
"2017-07-14",39.200001
"2017-07-17",39.200001
"2017-07-18",39.18
"2017-07-19",39.34
"2017-07-20",39.490002
"2017-07-21",39.630001
"2017-07-24",39.470001
"2017-07-25",39.75
"2017-07-26",39.349998
"2017-07-27",39.43
"2017-07-28",39.52
"2017-07-31",40.450001
"2017-08-01",40.34
"2017-08-02",40.009998
"2017-08-03",39.700001
"2017-08-04",39.599998
"2017-08-07",39.610001
"2017-08-08",39.919998
"2017-08-09",40.630001
"2017-08-10",40.73
"2017-08-11",41.110001
"2017-08-14",41.900002
"2017-08-15",41.5
"2017-08-16",41.240002
"2017-08-17",40.27
"2017-08-18",40.52
"2017-08-21",40.799999
"2017-08-22",41.349998
"2017-08-23",40.650002
"2017-08-24",40.139999
"2017-08-25",40.200001
"2017-08-28",40.34
"2017-08-29",40.16
"2017-08-30",40.82
"2017-08-31",40.610001
"2017-09-01",41.060001
"2017-09-05",40.669998
"2017-09-06",41.169998
"2017-09-07",38.599998
"2017-09-08",38.209999
"2017-09-11",37.830002
"2017-09-12",37.900002
"2017-09-13",37.959999
"2017-09-14",37.599998
"2017-09-15",36.93
"2017-09-18",37.110001
"2017-09-19",37.299999
"2017-09-20",37.459999
"2017-09-21",37.470001
"2017-09-22",38.099998
"2017-09-25",37.91
"2017-09-26",37.810001
"2017-09-27",38.529999
"2017-09-28",37.82
"2017-09-29",38.48
"2017-10-02",37.970001
"2017-10-03",38.299999
"2017-10-04",38.59
"2017-10-05",38.349998
"2017-10-06",38.009998
"2017-10-09",37.799999
"2017-10-10",37.689999
"2017-10-11",37.419998
"2017-10-12",35.950001
"2017-10-13",36.009998
"2017-10-16",36.610001
"2017-10-17",36.470001
"2017-10-18",36.200001
"2017-10-19",36.900002
"2017-10-20",37.220001
"2017-10-23",36.549999
"2017-10-24",36.5
"2017-10-25",36.830002
"2017-10-26",36.27
"2017-10-27",36.790001
"2017-10-30",36.5
"2017-10-31",36.029999
"2017-11-01",36.080002
"2017-11-02",35.150002
"2017-11-03",35.68
"2017-11-06",35.540001
"2017-11-07",36.389999
"2017-11-08",36.209999
"2017-11-09",36.560001
"2017-11-10",36.849998
"2017-11-13",37.25
"2017-11-14",36.860001
"2017-11-15",37.18
"2017-11-16",37.07
"2017-11-17",36.16
"2017-11-20",35.830002
"2017-11-21",36.419998
"2017-11-22",36.41
"2017-11-24",35.869999
"2017-11-27",35.549999
"2017-11-28",36.25
"2017-11-29",37.189999
"2017-11-30",37.540001
"2017-12-01",38.43
"2017-12-04",40.32
"2017-12-05",39.52
"2017-12-06",38.630001
"2017-12-07",37.889999
"2017-12-08",37.950001
"2017-12-11",38.439999
"2017-12-12",39.509998
"2017-12-13",38.580002
"2017-12-14",39.119999
"2017-12-15",39.709999
"2017-12-18",39.540001
"2017-12-19",39.139999
"2017-12-20",39.380001
"2017-12-21",40.810001
"2017-12-22",40.779999
"2017-12-26",40.82
"2017-12-27",40.41
"2017-12-28",40.290001
"2017-12-29",40.049999
"2018-01-02",41.07
"2018-01-03",40.41
"2018-01-04",40.669998
"2018-01-05",41.040001
"2018-01-08",40.48
"2018-01-09",40.610001
"2018-01-10",41.09
"2018-01-11",42.599998
"2018-01-12",42.439999
"2018-01-16",41.82
"2018-01-17",41.68
"2018-01-18",41.849998
"2018-01-19",42.5
"2018-01-22",42.889999
"2018-01-23",42.439999
"2018-01-24",42.990002
"2018-01-25",42.139999
"2018-01-26",42.799999
"2018-01-29",41.98
"2018-01-30",42.34
"2018-01-31",42.529999
"2018-02-01",41.889999
"2018-02-02",41.110001
"2018-02-05",39.200001
"2018-02-06",39.669998
"2018-02-07",40.150002
"2018-02-08",38.189999
"2018-02-09",38.57
"2018-02-12",38.540001
"2018-02-13",38.959999
"2018-02-14",39.43
"2018-02-15",40.080002
"2018-02-16",39.790001
"2018-02-20",39.470001
"2018-02-21",39.009998
"2018-02-22",38.799999
"2018-02-23",39.5
"2018-02-26",39.580002
"2018-02-27",36.66
"2018-02-28",36.209999
"2018-03-01",36.540001
"2018-03-02",36.490002
"2018-03-05",36.779999
"2018-03-06",36.869999
"2018-03-07",36.119999
"2018-03-08",36.880001
"2018-03-09",37.130001
"2018-03-12",36.959999
"2018-03-13",36.43
"2018-03-14",36.02
"2018-03-15",36.150002
"2018-03-16",35.830002
"2018-03-19",35.299999
"2018-03-20",34.57
"2018-03-21",34.490002
"2018-03-22",33.23
"2018-03-23",33.169998
"2018-03-26",33.540001
"2018-03-27",32.990002
"2018-03-28",33.279999
"2018-03-29",34.169998
"2018-04-02",33.52
"2018-04-03",33.470001
"2018-04-04",34.310001
"2018-04-05",34.599998
"2018-04-06",34.119999
"2018-04-09",33.950001
"2018-04-10",33.860001
"2018-04-11",33.560001
"2018-04-12",33.130001
"2018-04-13",33.02
"2018-04-16",33.529999
"2018-04-17",33.27
"2018-04-18",33.27
"2018-04-19",33.48
"2018-04-20",33.209999
"2018-04-23",33.869999
"2018-04-24",33.349998
"2018-04-25",34.259998
"2018-04-26",33.330002
"2018-04-27",31.809999
"2018-04-30",31.389999
"2018-05-01",32.060001
"2018-05-02",31.299999
"2018-05-03",31.01
"2018-05-04",31.959999
"2018-05-07",32.389999
"2018-05-08",30.59
"2018-05-09",30.73
"2018-05-10",31.559999
"2018-05-11",31.9
"2018-05-14",32.139999
"2018-05-15",32.009998
"2018-05-16",32.549999
"2018-05-17",32.41
"2018-05-18",32.720001
"2018-05-21",32.34
"2018-05-22",32.509998
"2018-05-23",31.879999
"2018-05-24",31.629999
"2018-05-25",31.75
"2018-05-29",31.51
"2018-05-30",31.48
"2018-05-31",31.18
"2018-06-01",31.26
"2018-06-04",31.290001
"2018-06-05",31.08
"2018-06-06",32.27
"2018-06-07",32
"2018-06-08",32.080002
"2018-06-11",32
"2018-06-12",32.380001
"2018-06-13",32.32
"2018-06-14",33.82
"2018-06-15",33.880001
"2018-06-18",32.580002
"2018-06-19",32.810001
"2018-06-20",33.389999
"2018-06-21",32.790001
"2018-06-22",33.810001
"2018-06-25",33.119999
"2018-06-26",32.779999
"2018-06-27",32.290001
"2018-06-28",32.630001
"2018-06-29",32.810001
"2018-07-02",33.169998
"2018-07-03",33.09
"2018-07-05",33.119999
"2018-07-06",33.580002
"2018-07-09",33.560001
"2018-07-10",33.34
"2018-07-11",33.77
"2018-07-12",34.549999
"2018-07-13",34.700001
"2018-07-16",34.970001
"2018-07-17",34.27
"2018-07-18",34.040001
"2018-07-19",34.91
"2018-07-20",34.299999
"2018-07-23",34.169998
"2018-07-24",33.389999
"2018-07-25",33.419998
"2018-07-26",34.75
"2018-07-27",35.080002
"2018-07-30",35.459999
"2018-07-31",35.779999
"2018-08-01",35.400002
"2018-08-02",34.639999
"2018-08-03",35.41
"2018-08-06",35.32
"2018-08-07",35.400002
"2018-08-08",35.049999
"2018-08-09",35.490002
"2018-08-10",35.080002
"2018-08-13",35.040001
"2018-08-14",35.389999
"2018-08-15",34.970001
"2018-08-16",35.66
"2018-08-17",35.599998
"2018-08-20",35.43
"2018-08-21",35.740002
"2018-08-22",35.48
"2018-08-23",35.310001
"2018-08-24",36.5
"2018-08-27",36.43
"2018-08-28",36.349998
"2018-08-29",36.75
"2018-08-30",36.68
"2018-08-31",36.990002
"2018-09-04",36.380001
"2018-09-05",36.279999
"2018-09-06",35.919998
"2018-09-07",36.169998
"2018-09-10",36.360001
"2018-09-11",36.299999
"2018-09-12",36.09
"2018-09-13",37.040001
"2018-09-14",36.959999
"2018-09-17",36.959999
"2018-09-18",37.740002
"2018-09-19",37.32
"2018-09-20",37.810001
"2018-09-21",37.900002
"2018-09-24",35.630001
"2018-09-25",35.400002
"2018-09-26",35.369999
"2018-09-27",35.220001
"2018-09-28",35.41
"2018-10-01",35.52
"2018-10-02",35.700001
"2018-10-03",35.189999
"2018-10-04",35.209999
"2018-10-05",34.560001
"2018-10-08",35.18
"2018-10-09",35.439999
"2018-10-10",34.279999
"2018-10-11",33.669998
"2018-10-12",34.619999
"2018-10-15",35.09
"2018-10-16",36
"2018-10-17",36.400002
"2018-10-18",35.939999
"2018-10-19",35.98
"2018-10-22",35.75
"2018-10-23",35.650002
"2018-10-24",34.119999
"2018-10-25",35.84
"2018-10-26",35.240002
"2018-10-29",35.990002
"2018-10-30",37.709999
"2018-10-31",38.139999
"2018-11-01",37.950001
"2018-11-02",37.66
"2018-11-05",38.02
"2018-11-06",37.73
"2018-11-07",38.299999
"2018-11-08",38.299999
"2018-11-09",38.34
"2018-11-12",38
"2018-11-13",37.720001
"2018-11-14",38.290001
"2018-11-15",38.490002
"2018-11-16",38.59
"2018-11-19",38.18
"2018-11-20",36.759998
"2018-11-21",37.509998
"2018-11-23",37.389999
"2018-11-26",37.77
"2018-11-27",38.360001
"2018-11-28",39.060001
"2018-11-29",39.419998
"2018-11-30",39.009998
"2018-12-03",39.150002
"2018-12-04",37.689999
"2018-12-06",37.880001
"2018-12-07",37.41
"2018-12-10",37.349998
"2018-12-11",36.84
"2018-12-12",36.98
"2018-12-13",36.759998
"2018-12-14",36.34
"2018-12-17",36.209999
"2018-12-18",35.650002
"2018-12-19",35.189999
"2018-12-20",34.619999
"2018-12-21",33.75
"2018-12-24",33.07
"2018-12-26",34.139999
"2018-12-27",34.470001
"2018-12-28",34.349998
"2018-12-31",34.049999
"2019-01-02",34.369999
"2019-01-03",34.639999
"2019-01-04",35.810001
"2019-01-07",35.43
"2019-01-08",35.720001
"2019-01-09",36.060001
"2019-01-10",35.82
"2019-01-11",35.630001
"2019-01-14",35.77
"2019-01-15",35.830002
"2019-01-16",35.900002
"2019-01-17",35.91
"2019-01-18",36.209999
"2019-01-22",34.970001
"2019-01-23",36.889999
"2019-01-24",36.240002
"2019-01-25",35.779999
"2019-01-28",35.369999
"2019-01-29",36.080002
"2019-01-30",35.43
"2019-01-31",36.57
"2019-02-01",36.790001
"2019-02-04",36.77
"2019-02-05",37.150002
"2019-02-06",37.169998
"2019-02-07",37.68
"2019-02-08",37.599998
"2019-02-11",37
"2019-02-12",37.240002
"2019-02-13",37.029999
"2019-02-14",37.259998
"2019-02-15",37.77
"2019-02-19",37.549999
"2019-02-20",37.790001
"2019-02-21",38.470001
"2019-02-22",38.610001
"2019-02-25",38.57
"2019-02-26",38.799999
"2019-02-27",38.529999
"2019-02-28",38.669998
"2019-03-01",39.099998
"2019-03-04",38.73
"2019-03-05",38.720001
"2019-03-06",38.610001
"2019-03-07",38.380001
"2019-03-08",38.189999
"2019-03-11",39.169998
"2019-03-12",39.490002
"2019-03-13",39.560001
"2019-03-14",39.869999
"2019-03-15",40.470001
"2019-03-18",39.919998
"2019-03-19",39.779999
"2019-03-20",39.470001
"2019-03-21",40.049999
"2019-03-22",39.459999
"2019-03-25",39.18
"2019-03-26",39.630001
"2019-03-27",40.209999
"2019-03-28",40.419998
"2019-03-29",39.98
"2019-04-01",40.310001
"2019-04-02",40.02
"2019-04-03",40.27
"2019-04-04",40.41
"2019-04-05",40.419998
"2019-04-08",40.709999
"2019-04-09",41.040001
"2019-04-10",41.080002
"2019-04-11",41.040001
"2019-04-12",41.299999
"2019-04-15",41.779999
"2019-04-16",41.970001
"2019-04-17",42.57
"2019-04-18",42.43
"2019-04-22",42
"2019-04-23",41.990002
"2019-04-24",41.849998
"2019-04-25",42.93
"2019-04-26",43.080002
"2019-04-29",43.450001
"2019-04-30",43.529999
"2019-05-01",43.419998
"2019-05-02",42.650002
"2019-05-03",43.290001
"2019-05-06",43.299999
"2019-05-07",42.759998
"2019-05-08",42.549999
"2019-05-09",42.919998
"2019-05-10",43.150002
"2019-05-13",42.279999
"2019-05-14",42.91
"2019-05-15",42.490002
"2019-05-16",43.189999
"2019-05-17",43.540001
"2019-05-20",42.779999
"2019-05-21",43.290001
"2019-05-22",43.299999
"2019-05-23",42.73
"2019-05-24",42.669998
"2019-05-28",42.470001
"2019-05-29",41.919998
"2019-05-30",41.740002
"2019-05-31",41
"2019-06-03",40.959999
"2019-06-04",41.400002
"2019-06-05",41.299999
"2019-06-06",41.150002
"2019-06-07",41.48
"2019-06-10",41.290001
"2019-06-11",41.220001
"2019-06-12",41.450001
"2019-06-13",41.689999
"2019-06-14",42.310001
"2019-06-17",42.560001
"2019-06-18",43.25
"2019-06-19",43.139999
"2019-06-20",43.68
"2019-06-21",43.560001
"2019-06-24",43.599998
"2019-06-25",42.75
"2019-06-26",42.110001
"2019-06-27",42
"2019-06-28",42.279999
"2019-07-01",42.709999
"2019-07-02",42.889999
"2019-07-03",43.32
"2019-07-05",43.279999
"2019-07-08",42.630001
"2019-07-09",42.98
"2019-07-10",43.790001
"2019-07-11",44.080002
"2019-07-12",44.639999
"2019-07-15",44.720001
"2019-07-16",45.09
"2019-07-17",44.43
"2019-07-18",44.560001
"2019-07-19",44.060001
"2019-07-22",43.849998
"2019-07-23",44.32
"2019-07-24",44.869999
"2019-07-25",44.610001
"2019-07-26",44.630001
"2019-07-29",44.23
"2019-07-30",44.080002
"2019-07-31",43.169998
"2019-08-01",42.880001
"2019-08-02",42.650002
"2019-08-05",41.610001
"2019-08-06",42.07
"2019-08-07",41.73
"2019-08-08",42.66
"2019-08-09",42.93
"2019-08-12",42.459999
"2019-08-13",43.459999
"2019-08-14",42.369999
"2019-08-15",42.349998
"2019-08-16",43.18
"2019-08-19",44
"2019-08-20",43.939999
"2019-08-21",44.110001
"2019-08-22",43.77
"2019-08-23",42.43
"2019-08-26",43.349998
"2019-08-27",43.599998
"2019-08-28",43.77
"2019-08-29",44.169998
"2019-08-30",44.259998
"2019-09-03",43.880001
"2019-09-04",45.52
"2019-09-05",46.41
"2019-09-06",46.349998
"2019-09-09",46.419998
"2019-09-10",46.450001
"2019-09-11",46.400002
"2019-09-12",46.970001
"2019-09-13",46.880001
"2019-09-16",46.27
"2019-09-17",46.669998
"2019-09-18",46.939999
"2019-09-19",46.68
"2019-09-20",46.360001
"2019-09-23",46.220001
"2019-09-24",45.709999
"2019-09-25",45.830002
"2019-09-26",44.900002
"2019-09-27",44.810001
"2019-09-30",45.080002
"2019-10-01",44.52
"2019-10-02",44.049999
"2019-10-03",44.060001
"2019-10-04",44.709999
"2019-10-07",44.59
"2019-10-08",44.110001
"2019-10-09",44.380001
"2019-10-10",44.5
"2019-10-11",45.549999
"2019-10-14",45.23
"2019-10-15",45.669998
"2019-10-16",45.599998
"2019-10-17",45.93
"2019-10-18",45.57
"2019-10-21",46.080002
"2019-10-22",45.77
"2019-10-23",45.720001
"2019-10-24",44.84
"2019-10-25",45.650002
"2019-10-28",45.439999
"2019-10-29",45.349998
"2019-10-30",44.689999
"2019-10-31",44.82
"2019-11-01",44.75
"2019-11-04",43.889999
"2019-11-05",44.279999
"2019-11-06",44.220001
"2019-11-07",44.700001
"2019-11-08",45.189999
"2019-11-11",45.25
"2019-11-12",45.23
"2019-11-13",45.200001
"2019-11-14",45.450001
"2019-11-15",44.560001
"2019-11-18",44.610001
"2019-11-19",44.810001
"2019-11-20",44.220001
"2019-11-21",44.360001
"2019-11-22",44.799999
"2019-11-25",43.349998
"2019-11-26",43.549999
"2019-11-27",44.419998
"2019-11-29",44.150002
"2019-12-02",43.630001
"2019-12-03",43.650002
"2019-12-04",43.509998
"2019-12-05",44.040001
"2019-12-06",44.240002
"2019-12-09",43.889999
"2019-12-10",42.77
"2019-12-11",42.07
"2019-12-12",43.009998
"2019-12-13",43.580002
"2019-12-16",43.529999
"2019-12-17",43.389999
"2019-12-18",43.189999
"2019-12-19",43.639999
"2019-12-20",44.09
"2019-12-23",44.099998
"2019-12-24",44.529999
"2019-12-26",44.970001
"2019-12-27",45.099998
"2019-12-30",45.18
"2019-12-31",44.970001
"2020-01-02",45.369999
"2020-01-03",45.009998
"2020-01-06",44.669998
"2020-01-07",44.93
"2020-01-08",45.389999
"2020-01-09",45.509998
"2020-01-10",44.98
"2020-01-13",45.799999
"2020-01-14",46.029999
"2020-01-15",46.279999
"2020-01-16",46.869999
"2020-01-17",47.5
"2020-01-21",47.299999
"2020-01-22",47.439999
"2020-01-23",45.650002
"2020-01-24",44.59
"2020-01-27",44
"2020-01-28",44.040001
"2020-01-29",43.32
"2020-01-30",44.139999
"2020-01-31",43.189999
"2020-02-03",42.66
"2020-02-04",44.279999
"2020-02-05",44.59
"2020-02-06",44.599998
"2020-02-07",44.740002
"2020-02-10",44.66
"2020-02-11",44.790001
"2020-02-12",46.02
"2020-02-13",46.07
"2020-02-14",46.09
"2020-02-18",46.150002
"2020-02-19",45.970001
"2020-02-20",46.02
"2020-02-21",45.82
"2020-02-24",44.599998
"2020-02-25",43.169998
"2020-02-26",42.220001
"2020-02-27",41.049999
"2020-02-28",40.43
"2020-03-02",42.52
"2020-03-03",41.439999
"2020-03-04",42.5
"2020-03-05",40.77
"2020-03-06",40.369999
"2020-03-09",37.880001
"2020-03-10",39.099998
"2020-03-11",37.91
"2020-03-12",34.939999
"2020-03-13",39.330002
"2020-03-16",36.040001
"2020-03-17",38.220001
"2020-03-18",35.68
"2020-03-19",35.939999
"2020-03-20",33.369999
"2020-03-23",34.169998
"2020-03-24",34.639999
"2020-03-25",33.57
"2020-03-26",36.740002
"2020-03-27",34.57
"2020-03-30",35.490002
"2020-03-31",34.380001
"2020-04-01",32.419998
"2020-04-02",34.369999
"2020-04-03",33.950001
"2020-04-06",36.23
"2020-04-07",36.939999
"2020-04-08",37.68
"2020-04-09",38
"2020-04-13",37.189999
"2020-04-14",38.52
"2020-04-15",37.16
"2020-04-16",37.830002
"2020-04-17",38.080002
"2020-04-20",37.209999
"2020-04-21",35.709999
"2020-04-22",35.73
"2020-04-23",36.09
"2020-04-24",37.16
"2020-04-27",38.209999
"2020-04-28",38.080002
"2020-04-29",39
"2020-04-30",37.630001
"2020-05-01",36.98
"2020-05-04",36.220001
"2020-05-05",36.049999
"2020-05-06",35.139999
"2020-05-07",35.580002
"2020-05-08",36.529999
"2020-05-11",36.16
"2020-05-12",35.349998
"2020-05-13",34.970001
"2020-05-14",35.759998
"2020-05-15",35.919998
"2020-05-18",38.09
"2020-05-19",38.209999
"2020-05-20",39.169998
"2020-05-21",38.950001
"2020-05-22",38.740002
"2020-05-26",39.52
"2020-05-27",39.93
"2020-05-28",39.549999
"2020-05-29",39.599998
"2020-06-01",40.18
"2020-06-02",40.779999
"2020-06-03",41.299999
"2020-06-04",41.290001
"2020-06-05",42.09
"2020-06-08",43.119999
"2020-06-09",42.150002
"2020-06-10",41.360001
"2020-06-11",39.25
"2020-06-12",39.459999
"2020-06-15",39.830002
"2020-06-16",39.75
"2020-06-17",39.220001
"2020-06-18",39.439999
"2020-06-19",39.099998
"2020-06-22",38.439999
"2020-06-23",39.200001
"2020-06-24",38.560001
"2020-06-25",38.57
"2020-06-26",38.650002
"2020-06-29",38.939999
"2020-06-30",38.98
"2020-07-01",39.700001
"2020-07-02",39.25
"2020-07-06",40.330002
"2020-07-07",40.07
"2020-07-08",39.740002
"2020-07-09",39.290001
"2020-07-10",40.509998
"2020-07-13",40.540001
"2020-07-14",41.18
"2020-07-15",41.959999
"2020-07-16",42.139999
"2020-07-17",42.18
"2020-07-20",41.950001
"2020-07-21",42.57
"2020-07-22",42.57
"2020-07-23",42.490002
"2020-07-24",43.349998
"2020-07-27",43.560001
"2020-07-28",43.209999
"2020-07-29",43.900002
"2020-07-30",43.669998
"2020-07-31",42.799999
"2020-08-03",42.880001
"2020-08-04",43.209999
"2020-08-05",42.290001
"2020-08-06",42.869999
"2020-08-07",42.810001
"2020-08-10",43.02
"2020-08-11",42.990002
"2020-08-12",43.34
"2020-08-13",43.389999
"2020-08-14",43.77
"2020-08-17",43.529999
"2020-08-18",43.540001
"2020-08-19",43.32
"2020-08-20",43.27
"2020-08-21",43.07
"2020-08-24",43.799999
"2020-08-25",43.41
"2020-08-26",44.200001
"2020-08-27",44.540001
"2020-08-28",44.560001
"2020-08-31",44.810001
"2020-09-01",45.049999
"2020-09-02",45.169998
"2020-09-03",44.439999
"2020-09-04",44.43
"2020-09-08",43.810001
"2020-09-09",44.599998
"2020-09-10",44.02
"2020-09-11",44.669998
"2020-09-14",45.27
"2020-09-15",46.459999
"2020-09-16",46.810001
"2020-09-17",45.580002
"2020-09-18",45.259998
"2020-09-21",44.68
"2020-09-22",46.189999
"2020-09-23",45.360001
"2020-09-24",45.700001
"2020-09-25",46.150002
"2020-09-28",46.759998
"2020-09-29",46.200001
"2020-09-30",46.259998
"2020-10-01",46.439999
"2020-10-02",45.150002
"2020-10-05",45.810001
"2020-10-06",44.509998
"2020-10-07",44.959999
"2020-10-08",45.299999
"2020-10-09",44.849998
"2020-10-12",45.990002
"2020-10-13",45.889999
"2020-10-14",45.279999
"2020-10-15",45.110001
"2020-10-16",45.560001
"2020-10-19",44.330002
"2020-10-20",44.27
"2020-10-21",44.52
"2020-10-22",45.110001
"2020-10-23",45.060001
"2020-10-26",43.77
"2020-10-27",43.439999
"2020-10-28",41.98
"2020-10-29",43.060001
"2020-10-30",42.240002
"2020-11-02",41.400002
"2020-11-03",42.619999
"2020-11-04",43.700001
"2020-11-05",44.349998
"2020-11-06",44.529999
"2020-11-09",47.18
"2020-11-10",47.77
"2020-11-11",47.669998
"2020-11-12",47.98
"2020-11-13",49
"2020-11-16",49.540001
"2020-11-17",49.779999
"2020-11-18",49.139999
"2020-11-19",49.48
"2020-11-20",49.169998
"2020-11-23",49.810001
"2020-11-24",52.34
"2020-11-25",51.799999
"2020-11-27",51.75
"2020-11-30",50.240002
"2020-12-01",51.02
"2020-12-02",51.049999
"2020-12-03",51.59
"2020-12-04",51.689999
"2020-12-07",51.93
"2020-12-08",51.41
"2020-12-09",51.259998
"2020-12-10",50.48
"2020-12-11",50.93
"2020-12-14",50.990002
"2020-12-15",51.509998
"2020-12-16",51.43
"2020-12-17",51.360001
"2020-12-18",50.900002
"2020-12-21",50.369999
"2020-12-22",50.02
"2020-12-23",50.040001
"2020-12-24",50.380001
"2020-12-28",51.110001
"2020-12-29",51.549999
"2020-12-30",51.209999
"2020-12-31",52.400002
"2021-01-04",50.509998
"2021-01-05",49.98
"2021-01-06",50.560001
"2021-01-07",50.66
"2021-01-08",51.540001
"2021-01-11",51.52
"2021-01-12",50.009998
"2021-01-13",50.16
"2021-01-14",49.580002
"2021-01-15",48.689999
"2021-01-19",48.849998
"2021-01-20",48.880001
"2021-01-21",49.130001
"2021-01-22",48.68
"2021-01-25",48.970001
"2021-01-26",50.09
"2021-01-27",48.419998
"2021-01-28",51.599998
"2021-01-29",49.57
"2021-02-01",50.150002
"2021-02-02",51.18
"2021-02-03",50.470001
"2021-02-04",51.450001
"2021-02-05",51.110001
"2021-02-08",51.849998
"2021-02-09",52.720001
"2021-02-10",52.75
"2021-02-11",53.23
"2021-02-12",53.23
"2021-02-16",52.84
"2021-02-17",52.990002
"2021-02-18",52.560001
"2021-02-19",52.099998
"2021-02-22",52.5
"2021-02-23",53.34
"2021-02-24",53.400002
"2021-02-25",52.240002
"2021-02-26",52.720001
"2021-03-01",54.450001
"2021-03-02",54.25
"2021-03-03",53.73
"2021-03-04",53.93
"2021-03-05",55.09
"2021-03-08",55.48
"2021-03-09",55.57
"2021-03-10",57.209999
