"Index","CVX.Close"
"2010-01-04",79.059998
"2010-01-05",79.620003
"2010-01-06",79.629997
"2010-01-07",79.330002
"2010-01-08",79.470001
"2010-01-11",80.879997
"2010-01-12",80.410004
"2010-01-13",79.800003
"2010-01-14",79.550003
"2010-01-15",79.230003
"2010-01-19",79.68
"2010-01-20",78.150002
"2010-01-21",76.239998
"2010-01-22",74.589996
"2010-01-25",74.550003
"2010-01-26",74.150002
"2010-01-27",73.699997
"2010-01-28",73.239998
"2010-01-29",72.120003
"2010-02-01",73.580002
"2010-02-02",74.449997
"2010-02-03",73.209999
"2010-02-04",71.370003
"2010-02-05",71.18
"2010-02-08",70.129997
"2010-02-09",71.309998
"2010-02-10",70.75
"2010-02-11",71.730003
"2010-02-12",71.010002
"2010-02-16",72.989998
"2010-02-17",72.839996
"2010-02-18",73.620003
"2010-02-19",74.050003
"2010-02-22",72.959999
"2010-02-23",72.040001
"2010-02-24",72.339996
"2010-02-25",72.110001
"2010-02-26",72.300003
"2010-03-01",72.809998
"2010-03-02",73.32
"2010-03-03",73.129997
"2010-03-04",73.080002
"2010-03-05",74.300003
"2010-03-08",74.639999
"2010-03-09",74.300003
"2010-03-10",73.959999
"2010-03-11",73.989998
"2010-03-12",73.720001
"2010-03-15",73.57
"2010-03-16",73.980003
"2010-03-17",74.669998
"2010-03-18",74.760002
"2010-03-19",74.980003
"2010-03-22",74.459999
"2010-03-23",74.769997
"2010-03-24",73.93
"2010-03-25",73.800003
"2010-03-26",74.43
"2010-03-29",75.230003
"2010-03-30",75.300003
"2010-03-31",75.830002
"2010-04-01",76.690002
"2010-04-05",77.660004
"2010-04-06",77.879997
"2010-04-07",77.370003
"2010-04-08",77.660004
"2010-04-09",79.5
"2010-04-12",80.43
"2010-04-13",80.209999
"2010-04-14",80.580002
"2010-04-15",81.589996
"2010-04-16",80.75
"2010-04-19",81.32
"2010-04-20",82.050003
"2010-04-21",81.919998
"2010-04-22",81.199997
"2010-04-23",82.669998
"2010-04-26",82.589996
"2010-04-27",80.230003
"2010-04-28",80.620003
"2010-04-29",82.290001
"2010-04-30",81.440002
"2010-05-03",82.830002
"2010-05-04",80.760002
"2010-05-05",80.190002
"2010-05-06",77.199997
"2010-05-07",77.099998
"2010-05-10",79.889999
"2010-05-11",79.699997
"2010-05-12",80.059998
"2010-05-13",78.919998
"2010-05-14",77.830002
"2010-05-17",77.730003
"2010-05-18",76.849998
"2010-05-19",76.599998
"2010-05-20",73.599998
"2010-05-21",74.480003
"2010-05-24",73.440002
"2010-05-25",72.57
"2010-05-26",71.550003
"2010-05-27",74.360001
"2010-05-28",73.870003
"2010-06-01",72.290001
"2010-06-02",74.129997
"2010-06-03",73.910004
"2010-06-04",71.279999
"2010-06-07",71.349998
"2010-06-08",71.019997
"2010-06-09",70.790001
"2010-06-10",74.169998
"2010-06-11",74.059998
"2010-06-14",74.18
"2010-06-15",75.230003
"2010-06-16",74.949997
"2010-06-17",75.32
"2010-06-18",75.519997
"2010-06-21",75.720001
"2010-06-22",74
"2010-06-23",72.260002
"2010-06-24",70.830002
"2010-06-25",70.059998
"2010-06-28",69.959999
"2010-06-29",68.360001
"2010-06-30",67.860001
"2010-07-01",67.480003
"2010-07-02",67.309998
"2010-07-06",67.559998
"2010-07-07",69.449997
"2010-07-08",70.410004
"2010-07-09",71.839996
"2010-07-12",71.849998
"2010-07-13",73.230003
"2010-07-14",73.050003
"2010-07-15",73.040001
"2010-07-16",71.5
"2010-07-19",72
"2010-07-20",73.099998
"2010-07-21",72.169998
"2010-07-22",73.440002
"2010-07-23",73.519997
"2010-07-26",74.620003
"2010-07-27",75.300003
"2010-07-28",75.559998
"2010-07-29",76.019997
"2010-07-30",76.209999
"2010-08-02",77.800003
"2010-08-03",78.660004
"2010-08-04",79.019997
"2010-08-05",79.07
"2010-08-06",78.730003
"2010-08-09",79.290001
"2010-08-10",79.040001
"2010-08-11",77.129997
"2010-08-12",77.07
"2010-08-13",77.400002
"2010-08-16",77.709999
"2010-08-17",77.769997
"2010-08-18",77.040001
"2010-08-19",75.839996
"2010-08-20",75.050003
"2010-08-23",75.050003
"2010-08-24",73.779999
"2010-08-25",74.07
"2010-08-26",73.330002
"2010-08-27",74.93
"2010-08-30",73.779999
"2010-08-31",74.080002
"2010-09-01",76.769997
"2010-09-02",77.449997
"2010-09-03",78
"2010-09-07",77.050003
"2010-09-08",77.25
"2010-09-09",77.360001
"2010-09-10",78.82
"2010-09-13",79.25
"2010-09-14",79.510002
"2010-09-15",79.209999
"2010-09-16",79.050003
"2010-09-17",78.459999
"2010-09-20",79.900002
"2010-09-21",79.75
"2010-09-22",79.25
"2010-09-23",78.540001
"2010-09-24",80.120003
"2010-09-27",80.080002
"2010-09-28",80.879997
"2010-09-29",81.279999
"2010-09-30",81.050003
"2010-10-01",81.949997
"2010-10-04",81.309998
"2010-10-05",83.389999
"2010-10-06",83.889999
"2010-10-07",83.519997
"2010-10-08",83.940002
"2010-10-11",83.709999
"2010-10-12",83.839996
"2010-10-13",83.669998
"2010-10-14",83.900002
"2010-10-15",83.610001
"2010-10-18",84.480003
"2010-10-19",82.790001
"2010-10-20",84.019997
"2010-10-21",84.25
"2010-10-22",84.550003
"2010-10-25",84.870003
"2010-10-26",85.150002
"2010-10-27",84.309998
"2010-10-28",84.440002
"2010-10-29",82.599998
"2010-11-01",81.449997
"2010-11-02",82.150002
"2010-11-03",82.699997
"2010-11-04",85.139999
"2010-11-05",84.980003
"2010-11-08",84.800003
"2010-11-09",83.559998
"2010-11-10",85.169998
"2010-11-11",86.089996
"2010-11-12",85.440002
"2010-11-15",84.860001
"2010-11-16",82.480003
"2010-11-17",82.459999
"2010-11-18",83.82
"2010-11-19",83.940002
"2010-11-22",83.449997
"2010-11-23",81.75
"2010-11-24",82.93
"2010-11-26",82.050003
"2010-11-29",81.690002
"2010-11-30",80.970001
"2010-12-01",82.699997
"2010-12-02",84.5
"2010-12-03",84.889999
"2010-12-06",84.949997
"2010-12-07",86.300003
"2010-12-08",86.139999
"2010-12-09",86.650002
"2010-12-10",87.029999
"2010-12-13",88.370003
"2010-12-14",88.379997
"2010-12-15",88.010002
"2010-12-16",89.059998
"2010-12-17",88.489998
"2010-12-20",88.800003
"2010-12-21",89.230003
"2010-12-22",89.919998
"2010-12-23",90.68
"2010-12-27",90.120003
"2010-12-28",91.190002
"2010-12-29",91.370003
"2010-12-30",91.599998
"2010-12-31",91.25
"2011-01-03",91.940002
"2011-01-04",91.599998
"2011-01-05",91.440002
"2011-01-06",90.690002
"2011-01-07",91.190002
"2011-01-10",90.410004
"2011-01-11",91.830002
"2011-01-12",92.449997
"2011-01-13",92.18
"2011-01-14",92.830002
"2011-01-18",93.349998
"2011-01-19",92.970001
"2011-01-20",92.709999
"2011-01-21",93.779999
"2011-01-24",94.099998
"2011-01-25",94.080002
"2011-01-26",94.639999
"2011-01-27",94.75
"2011-01-28",93.370003
"2011-01-31",94.93
"2011-02-01",96.220001
"2011-02-02",96.480003
"2011-02-03",97.309998
"2011-02-04",97.110001
"2011-02-07",97.660004
"2011-02-08",97.739998
"2011-02-09",96.239998
"2011-02-10",96.699997
"2011-02-11",96.449997
"2011-02-14",96.949997
"2011-02-15",96.339996
"2011-02-16",96.660004
"2011-02-17",97.169998
"2011-02-18",98.720001
"2011-02-22",100.32
"2011-02-23",102.269997
"2011-02-24",102.029999
"2011-02-25",102.099998
"2011-02-28",103.75
"2011-03-01",102.900002
"2011-03-02",103.470001
"2011-03-03",104.190002
"2011-03-04",103.75
"2011-03-07",103.010002
"2011-03-08",103.769997
"2011-03-09",102.139999
"2011-03-10",99.080002
"2011-03-11",99.93
"2011-03-14",100.800003
"2011-03-15",101.230003
"2011-03-16",99.510002
"2011-03-17",102.239998
"2011-03-18",102.800003
"2011-03-21",105.190002
"2011-03-22",105.230003
"2011-03-23",105.480003
"2011-03-24",105.379997
"2011-03-25",106.779999
"2011-03-28",106.040001
"2011-03-29",107.370003
"2011-03-30",108.010002
"2011-03-31",107.489998
"2011-04-01",108.32
"2011-04-04",108.230003
"2011-04-05",109.330002
"2011-04-06",108.660004
"2011-04-07",108.940002
"2011-04-08",109.660004
"2011-04-11",107.779999
"2011-04-12",104.18
"2011-04-13",103.809998
"2011-04-14",104.879997
"2011-04-15",106.239998
"2011-04-18",104.5
"2011-04-19",105.400002
"2011-04-20",107.809998
"2011-04-21",108.129997
"2011-04-25",107.419998
"2011-04-26",108.75
"2011-04-27",108.970001
"2011-04-28",108.809998
"2011-04-29",109.440002
"2011-05-02",108.18
"2011-05-03",106.169998
"2011-05-04",104.68
"2011-05-05",102.620003
"2011-05-06",102.879997
"2011-05-09",104.089996
"2011-05-10",104.360001
"2011-05-11",102.260002
"2011-05-12",102.760002
"2011-05-13",102.389999
"2011-05-16",101.650002
"2011-05-17",100.410004
"2011-05-18",102.860001
"2011-05-19",103.870003
"2011-05-20",102.57
"2011-05-23",101.370003
"2011-05-24",102.269997
"2011-05-25",103.25
"2011-05-26",103.360001
"2011-05-27",103.209999
"2011-05-31",104.910004
"2011-06-01",102.489998
"2011-06-02",101.120003
"2011-06-03",101
"2011-06-06",99.68
"2011-06-07",99.470001
"2011-06-08",99.949997
"2011-06-09",101.230003
"2011-06-10",99.669998
"2011-06-13",98.93
"2011-06-14",100.599998
"2011-06-15",98.410004
"2011-06-16",99.43
"2011-06-17",99.169998
"2011-06-20",99.910004
"2011-06-21",101.589996
"2011-06-22",101.07
"2011-06-23",99.360001
"2011-06-24",97.900002
"2011-06-27",98.900002
"2011-06-28",100.349998
"2011-06-29",101.279999
"2011-06-30",102.839996
"2011-07-01",104.089996
"2011-07-05",105.120003
"2011-07-06",105.080002
"2011-07-07",106.589996
"2011-07-08",105.889999
"2011-07-11",104.410004
"2011-07-12",104.389999
"2011-07-13",105.089996
"2011-07-14",104.669998
"2011-07-15",106.190002
"2011-07-18",106.230003
"2011-07-19",107.480003
"2011-07-20",107.099998
"2011-07-21",109.43
"2011-07-22",108.970001
"2011-07-25",108.099998
"2011-07-26",107.57
"2011-07-27",105.629997
"2011-07-28",105.029999
"2011-07-29",104.019997
"2011-08-01",105.379997
"2011-08-02",103.449997
"2011-08-03",102.760002
"2011-08-04",96.839996
"2011-08-05",97.610001
"2011-08-08",90.25
"2011-08-09",93.400002
"2011-08-10",90.57
"2011-08-11",94.07
"2011-08-12",95.860001
"2011-08-15",99.099998
"2011-08-16",98.139999
"2011-08-17",97.68
"2011-08-18",93.239998
"2011-08-19",93.290001
"2011-08-22",93.300003
"2011-08-23",97.330002
"2011-08-24",97.589996
"2011-08-25",95.959999
"2011-08-26",96.849998
"2011-08-29",98.739998
"2011-08-30",98.400002
"2011-08-31",98.839996
"2011-09-01",98.519997
"2011-09-02",96.410004
"2011-09-06",95.610001
"2011-09-07",99.290001
"2011-09-08",98.410004
"2011-09-09",95.190002
"2011-09-12",95.910004
"2011-09-13",95.93
"2011-09-14",97.309998
"2011-09-15",99.260002
"2011-09-16",99.629997
"2011-09-19",98.709999
"2011-09-20",97.790001
"2011-09-21",94.269997
"2011-09-22",90.169998
"2011-09-23",90.010002
"2011-09-26",91.489998
"2011-09-27",93.540001
"2011-09-28",91.739998
"2011-09-29",94.389999
"2011-09-30",92.589996
"2011-10-03",89.879997
"2011-10-04",91.480003
"2011-10-05",94.660004
"2011-10-06",94.610001
"2011-10-07",94.400002
"2011-10-10",98.199997
"2011-10-11",97.599998
"2011-10-12",97.779999
"2011-10-13",97.790001
"2011-10-14",100.470001
"2011-10-17",98.610001
"2011-10-18",102.949997
"2011-10-19",102.239998
"2011-10-20",103.389999
"2011-10-21",105.529999
"2011-10-24",106.269997
"2011-10-25",104.5
"2011-10-26",106.769997
"2011-10-27",108.970001
"2011-10-28",109.639999
"2011-10-31",105.050003
"2011-11-01",102.080002
"2011-11-02",104.540001
"2011-11-03",106.129997
"2011-11-04",106.43
"2011-11-07",107.720001
"2011-11-08",108.860001
"2011-11-09",104.279999
"2011-11-10",105.5
"2011-11-11",107.050003
"2011-11-14",106.169998
"2011-11-15",103.269997
"2011-11-16",101.050003
"2011-11-17",100.080002
"2011-11-18",97.879997
"2011-11-21",95.660004
"2011-11-22",96.419998
"2011-11-23",93.75
"2011-11-25",92.290001
"2011-11-28",95.769997
"2011-11-29",97.389999
"2011-11-30",102.82
"2011-12-01",101.830002
"2011-12-02",101.690002
"2011-12-05",102.82
"2011-12-06",104.360001
"2011-12-07",104.519997
"2011-12-08",102.25
"2011-12-09",104.25
"2011-12-12",103.07
"2011-12-13",103.620003
"2011-12-14",100.529999
"2011-12-15",99.669998
"2011-12-16",100.860001
"2011-12-19",99.720001
"2011-12-20",103.669998
"2011-12-21",105.43
"2011-12-22",106.309998
"2011-12-23",107.5
"2011-12-27",107.980003
"2011-12-28",105.959999
"2011-12-29",107.470001
"2011-12-30",106.400002
"2012-01-03",110.370003
"2012-01-04",110.18
"2012-01-05",109.099998
"2012-01-06",108.309998
"2012-01-09",109.489998
"2012-01-10",109.059998
"2012-01-11",107.769997
"2012-01-12",104.970001
"2012-01-13",106.089996
"2012-01-17",106.720001
"2012-01-18",106.830002
"2012-01-19",106.93
"2012-01-20",106.889999
"2012-01-23",107.010002
"2012-01-24",106.720001
"2012-01-25",107.730003
"2012-01-26",106.589996
"2012-01-27",103.959999
"2012-01-30",103.410004
"2012-01-31",103.120003
"2012-02-01",102.790001
"2012-02-02",103.690002
"2012-02-03",105.5
"2012-02-06",106.669998
"2012-02-07",106.830002
"2012-02-08",106.760002
"2012-02-09",106.370003
"2012-02-10",105.279999
"2012-02-13",106.379997
"2012-02-14",106.489998
"2012-02-15",105
"2012-02-16",106.519997
"2012-02-17",106.660004
"2012-02-21",108.410004
"2012-02-22",107.5
"2012-02-23",108.349998
"2012-02-24",109.080002
"2012-02-27",109.629997
"2012-02-28",109.610001
"2012-02-29",109.120003
"2012-03-01",109.760002
"2012-03-02",109.610001
"2012-03-05",109.32
"2012-03-06",108.849998
"2012-03-07",109.459999
"2012-03-08",110.029999
"2012-03-09",109.57
"2012-03-12",110
"2012-03-13",111.190002
"2012-03-14",110.690002
"2012-03-15",110.029999
"2012-03-16",110.279999
"2012-03-19",110.699997
"2012-03-20",109.080002
"2012-03-21",107.910004
"2012-03-22",105.349998
"2012-03-23",106.360001
"2012-03-26",107.839996
"2012-03-27",107.040001
"2012-03-28",105.889999
"2012-03-29",106.849998
"2012-03-30",107.209999
"2012-04-02",108.300003
"2012-04-03",107.139999
"2012-04-04",105.599998
"2012-04-05",104.75
"2012-04-09",103.489998
"2012-04-10",101.449997
"2012-04-11",100.949997
"2012-04-12",102.589996
"2012-04-13",100.779999
"2012-04-16",101.510002
"2012-04-17",103.620003
"2012-04-18",103.389999
"2012-04-19",102.510002
"2012-04-20",102.519997
"2012-04-23",102.440002
"2012-04-24",103.029999
"2012-04-25",103.849998
"2012-04-26",106.220001
"2012-04-27",106.199997
"2012-04-30",106.559998
"2012-05-01",108.269997
"2012-05-02",107.029999
"2012-05-03",105.989998
"2012-05-04",103.720001
"2012-05-07",103.309998
"2012-05-08",102.839996
"2012-05-09",101.779999
"2012-05-10",103.360001
"2012-05-11",102.690002
"2012-05-14",101.940002
"2012-05-15",100.900002
"2012-05-16",100.099998
"2012-05-17",100.139999
"2012-05-18",98.459999
"2012-05-21",99.690002
"2012-05-22",99.32
"2012-05-23",99
"2012-05-24",100.059998
"2012-05-25",98.860001
"2012-05-29",100.239998
"2012-05-30",97.629997
"2012-05-31",98.309998
"2012-06-01",96.410004
"2012-06-04",96.580002
"2012-06-05",96.489998
"2012-06-06",99.800003
"2012-06-07",100.389999
"2012-06-08",100.839996
"2012-06-11",99.910004
"2012-06-12",100.739998
"2012-06-13",100.129997
"2012-06-14",101.919998
"2012-06-15",104.330002
"2012-06-18",103.459999
"2012-06-19",104.059998
"2012-06-20",103.629997
"2012-06-21",100.019997
"2012-06-22",100.440002
"2012-06-25",99.080002
"2012-06-26",100.949997
"2012-06-27",102.57
"2012-06-28",103.459999
"2012-06-29",105.5
"2012-07-02",105.860001
"2012-07-03",107.370003
"2012-07-05",106.029999
"2012-07-06",105.07
"2012-07-09",104.459999
"2012-07-10",103.879997
"2012-07-11",104.849998
"2012-07-12",105.029999
"2012-07-13",106.010002
"2012-07-16",106.779999
"2012-07-17",107.43
"2012-07-18",107.879997
"2012-07-19",108.839996
"2012-07-20",109.190002
"2012-07-23",107.949997
"2012-07-24",106.300003
"2012-07-25",106.059998
"2012-07-26",108.269997
"2012-07-27",109.260002
"2012-07-30",109.82
"2012-07-31",109.580002
"2012-08-01",110.5
"2012-08-02",109.25
"2012-08-03",111.120003
"2012-08-06",111.309998
"2012-08-07",111.949997
"2012-08-08",112.139999
"2012-08-09",112.629997
"2012-08-10",113.550003
"2012-08-13",113.279999
"2012-08-14",113.32
"2012-08-15",112.57
"2012-08-16",113.32
"2012-08-17",112.660004
"2012-08-20",112.519997
"2012-08-21",111.980003
"2012-08-22",112.150002
"2012-08-23",111.290001
"2012-08-24",112.010002
"2012-08-27",111.730003
"2012-08-28",112.349998
"2012-08-29",111.800003
"2012-08-30",110.93
"2012-08-31",112.160004
"2012-09-04",111.220001
"2012-09-05",110.769997
"2012-09-06",113.029999
"2012-09-07",114
"2012-09-10",113.959999
"2012-09-11",114.18
"2012-09-12",114.480003
"2012-09-13",116.559998
"2012-09-14",117.25
"2012-09-17",117.139999
"2012-09-18",116.970001
"2012-09-19",116.599998
"2012-09-20",117.849998
"2012-09-21",117.800003
"2012-09-24",117.779999
"2012-09-25",116.93
"2012-09-26",116.300003
"2012-09-27",117.199997
"2012-09-28",116.559998
"2012-10-01",117.25
"2012-10-02",117.959999
"2012-10-03",116.139999
"2012-10-04",117.150002
"2012-10-05",117.5
"2012-10-08",117.620003
"2012-10-09",117.360001
"2012-10-10",112.449997
"2012-10-11",113.059998
"2012-10-12",112.07
"2012-10-15",112.82
"2012-10-16",114.089996
"2012-10-17",115.18
"2012-10-18",114.650002
"2012-10-19",113.379997
"2012-10-22",112.739998
"2012-10-23",109.379997
"2012-10-24",109.709999
"2012-10-25",110.959999
"2012-10-26",111.18
"2012-10-31",110.239998
"2012-11-01",111.459999
"2012-11-02",108.370003
"2012-11-05",109.190002
"2012-11-06",110.360001
"2012-11-07",107.510002
"2012-11-08",105.870003
"2012-11-09",105.839996
"2012-11-12",105.93
"2012-11-13",105.279999
"2012-11-14",102.5
"2012-11-15",101.620003
"2012-11-16",102.400002
"2012-11-19",104.349998
"2012-11-20",103.559998
"2012-11-21",104.099998
"2012-11-23",105.470001
"2012-11-26",104.989998
"2012-11-27",103.379997
"2012-11-28",105.580002
"2012-11-29",105.790001
"2012-11-30",105.690002
"2012-12-03",104.660004
"2012-12-04",103.959999
"2012-12-05",105.169998
"2012-12-06",106.449997
"2012-12-07",106.989998
"2012-12-10",106.959999
"2012-12-11",107.739998
"2012-12-12",108.080002
"2012-12-13",107.910004
"2012-12-14",107.82
"2012-12-17",108.68
"2012-12-18",110.099998
"2012-12-19",109.910004
"2012-12-20",110.379997
"2012-12-21",109.709999
"2012-12-24",108.629997
"2012-12-26",108.459999
"2012-12-27",108.519997
"2012-12-28",106.449997
"2012-12-31",108.139999
"2013-01-02",110.389999
"2013-01-03",109.919998
"2013-01-04",110.5
"2013-01-07",109.75
"2013-01-08",109.260002
"2013-01-09",109.540001
"2013-01-10",110.470001
"2013-01-11",111.730003
"2013-01-14",112.849998
"2013-01-15",113.440002
"2013-01-16",113.970001
"2013-01-17",114.739998
"2013-01-18",115.239998
"2013-01-22",115.910004
"2013-01-23",115.010002
"2013-01-24",115.5
"2013-01-25",116.199997
"2013-01-28",116.040001
"2013-01-29",117.209999
"2013-01-30",116.449997
"2013-01-31",115.150002
"2013-02-01",116.5
"2013-02-04",115.199997
"2013-02-05",115.809998
"2013-02-06",115.910004
"2013-02-07",115.019997
"2013-02-08",115.639999
"2013-02-11",115.639999
"2013-02-12",116.5
"2013-02-13",115.529999
"2013-02-14",115.709999
"2013-02-15",114.959999
"2013-02-19",115.919998
"2013-02-20",114.989998
"2013-02-21",114.989998
"2013-02-22",115.959999
"2013-02-25",113.540001
"2013-02-26",114.959999
"2013-02-27",116.650002
"2013-02-28",117.150002
"2013-03-01",116.900002
"2013-03-04",117.489998
"2013-03-05",117.93
"2013-03-06",118.470001
"2013-03-07",118.559998
"2013-03-08",118.57
"2013-03-11",118.730003
"2013-03-12",118.25
"2013-03-13",118.360001
"2013-03-14",120
"2013-03-15",119.68
"2013-03-18",119.129997
"2013-03-19",119.459999
"2013-03-20",120.349998
"2013-03-21",120.339996
"2013-03-22",121.18
"2013-03-25",120.18
"2013-03-26",120.980003
"2013-03-27",120.190002
"2013-03-28",118.82
"2013-04-01",119.610001
"2013-04-02",119
"2013-04-03",117.779999
"2013-04-04",118.07
"2013-04-05",117.519997
"2013-04-08",117.809998
"2013-04-09",118.639999
"2013-04-10",119.639999
"2013-04-11",120.949997
"2013-04-12",119.940002
"2013-04-15",116.57
"2013-04-16",117.010002
"2013-04-17",114.809998
"2013-04-18",115.589996
"2013-04-19",115.900002
"2013-04-22",116.57
"2013-04-23",117.480003
"2013-04-24",118.279999
"2013-04-25",118.510002
"2013-04-26",120.040001
"2013-04-29",121.32
"2013-04-30",122.010002
"2013-05-01",120.269997
"2013-05-02",122.040001
"2013-05-03",123.489998
"2013-05-06",123.25
"2013-05-07",123.040001
"2013-05-08",123.360001
"2013-05-09",123.639999
"2013-05-10",123.230003
"2013-05-13",122.849998
"2013-05-14",125
"2013-05-15",123.010002
"2013-05-16",122.760002
"2013-05-17",123.419998
"2013-05-20",124.779999
"2013-05-21",125.940002
"2013-05-22",124.93
"2013-05-23",125.400002
"2013-05-24",125.449997
"2013-05-28",126.43
"2013-05-29",125.489998
"2013-05-30",125.110001
"2013-05-31",122.75
"2013-06-03",124.089996
"2013-06-04",122.959999
"2013-06-05",121.57
"2013-06-06",120.589996
"2013-06-07",121.699997
"2013-06-10",122.690002
"2013-06-11",121.449997
"2013-06-12",119.970001
"2013-06-13",121.660004
"2013-06-14",120.279999
"2013-06-17",121.220001
"2013-06-18",121.519997
"2013-06-19",120.5
"2013-06-20",117.949997
"2013-06-21",118.93
"2013-06-24",116.82
"2013-06-25",117.449997
"2013-06-26",118.150002
"2013-06-27",118.709999
"2013-06-28",118.339996
"2013-07-01",119.080002
"2013-07-02",119.150002
"2013-07-03",119.080002
"2013-07-05",120.510002
"2013-07-08",121.239998
"2013-07-09",123.269997
"2013-07-10",122.900002
"2013-07-11",123.769997
"2013-07-12",124.059998
"2013-07-15",124.68
"2013-07-16",124.120003
"2013-07-17",124.349998
"2013-07-18",125.470001
"2013-07-19",126.910004
"2013-07-22",127.029999
"2013-07-23",127.260002
"2013-07-24",126.370003
"2013-07-25",127.760002
"2013-07-26",127.559998
"2013-07-29",126.169998
"2013-07-30",125.779999
"2013-07-31",125.889999
"2013-08-01",126.440002
"2013-08-02",124.949997
"2013-08-05",123.989998
"2013-08-06",123.139999
"2013-08-07",123.330002
"2013-08-08",123.07
"2013-08-09",122.5
"2013-08-12",121.800003
"2013-08-13",122.5
"2013-08-14",122.050003
"2013-08-15",120.25
"2013-08-16",119.879997
"2013-08-19",118.660004
"2013-08-20",118.290001
"2013-08-21",117.699997
"2013-08-22",118.290001
"2013-08-23",119.529999
"2013-08-26",118.839996
"2013-08-27",118.809998
"2013-08-28",121.809998
"2013-08-29",120.370003
"2013-08-30",120.43
"2013-09-03",120.550003
"2013-09-04",120.860001
"2013-09-05",121.370003
"2013-09-06",121.209999
"2013-09-09",122.220001
"2013-09-10",123.010002
"2013-09-11",123.919998
"2013-09-12",123.889999
"2013-09-13",124.139999
"2013-09-16",124.080002
"2013-09-17",124.339996
"2013-09-18",125.82
"2013-09-19",125.440002
"2013-09-20",124.919998
"2013-09-23",125.519997
"2013-09-24",124.489998
"2013-09-25",124.07
"2013-09-26",123.489998
"2013-09-27",122.639999
"2013-09-30",121.5
"2013-10-01",121.32
"2013-10-02",120.830002
"2013-10-03",118.25
"2013-10-04",118.129997
"2013-10-07",117.870003
"2013-10-08",116.730003
"2013-10-09",116.129997
"2013-10-10",116.379997
"2013-10-11",117.669998
"2013-10-14",118.580002
"2013-10-15",118.150002
"2013-10-16",119.160004
"2013-10-17",119.519997
"2013-10-18",119.650002
"2013-10-21",119.82
"2013-10-22",120.639999
"2013-10-23",120.129997
"2013-10-24",120.559998
"2013-10-25",120.589996
"2013-10-28",120.910004
"2013-10-29",121.5
"2013-10-30",120.300003
"2013-10-31",119.959999
"2013-11-01",118.010002
"2013-11-04",118.099998
"2013-11-05",118.449997
"2013-11-06",121.139999
"2013-11-07",119.910004
"2013-11-08",121.190002
"2013-11-11",121.080002
"2013-11-12",120
"2013-11-13",120.089996
"2013-11-14",119.559998
"2013-11-15",120.059998
"2013-11-18",120.559998
"2013-11-19",122.059998
"2013-11-20",122
"2013-11-21",123.459999
"2013-11-22",124.029999
"2013-11-25",123.739998
"2013-11-26",122.779999
"2013-11-27",122.419998
"2013-11-29",122.440002
"2013-12-02",122.339996
"2013-12-03",122.519997
"2013-12-04",121.769997
"2013-12-05",121.099998
"2013-12-06",122.290001
"2013-12-09",123.339996
"2013-12-10",123.660004
"2013-12-11",122.099998
"2013-12-12",120.989998
"2013-12-13",119.900002
"2013-12-16",120.220001
"2013-12-17",118.739998
"2013-12-18",121.599998
"2013-12-19",123.220001
"2013-12-20",122.779999
"2013-12-23",122.800003
"2013-12-24",123.510002
"2013-12-26",124.809998
"2013-12-27",125.230003
"2013-12-30",124.230003
"2013-12-31",124.910004
"2014-01-02",124.139999
"2014-01-03",124.349998
"2014-01-06",124.019997
"2014-01-07",125.07
"2014-01-08",123.290001
"2014-01-09",123.290001
"2014-01-10",121.010002
"2014-01-13",119.25
"2014-01-14",119.57
"2014-01-15",119.18
"2014-01-16",118.830002
"2014-01-17",119.290001
"2014-01-21",120.360001
"2014-01-22",120.43
"2014-01-23",118.389999
"2014-01-24",116.290001
"2014-01-27",116.43
"2014-01-28",116.839996
"2014-01-29",116
"2014-01-30",116.449997
"2014-01-31",111.629997
"2014-02-03",111.139999
"2014-02-04",110.830002
"2014-02-05",109.519997
"2014-02-06",111.269997
"2014-02-07",112.050003
"2014-02-10",111.690002
"2014-02-11",113.580002
"2014-02-12",112.029999
"2014-02-13",112.510002
"2014-02-14",113.480003
"2014-02-18",112.709999
"2014-02-19",113.599998
"2014-02-20",114.599998
"2014-02-21",112.68
"2014-02-24",114.150002
"2014-02-25",114.970001
"2014-02-26",115.510002
"2014-02-27",115.690002
"2014-02-28",115.330002
"2014-03-03",114.839996
"2014-03-04",115.32
"2014-03-05",114.43
"2014-03-06",114.849998
"2014-03-07",115.080002
"2014-03-10",115.839996
"2014-03-11",114.510002
"2014-03-12",115.650002
"2014-03-13",114.449997
"2014-03-14",114.099998
"2014-03-17",115.07
"2014-03-18",116.239998
"2014-03-19",115.199997
"2014-03-20",115.510002
"2014-03-21",115.629997
"2014-03-24",115.849998
"2014-03-25",117.089996
"2014-03-26",117.709999
"2014-03-27",117.669998
"2014-03-28",118.5
"2014-03-31",118.910004
"2014-04-01",119
"2014-04-02",119.349998
"2014-04-03",119.040001
"2014-04-04",118.800003
"2014-04-07",117.339996
"2014-04-08",117.800003
"2014-04-09",119.099998
"2014-04-10",116.690002
"2014-04-11",117.029999
"2014-04-14",118.699997
"2014-04-15",120.300003
"2014-04-16",121.830002
"2014-04-17",123.68
"2014-04-21",124.239998
"2014-04-22",124
"2014-04-23",124.690002
"2014-04-24",124.300003
"2014-04-25",123.989998
"2014-04-28",125.730003
"2014-04-29",125.970001
"2014-04-30",125.519997
"2014-05-01",124.940002
"2014-05-02",124.720001
"2014-05-05",125.360001
"2014-05-06",124.970001
"2014-05-07",126.230003
"2014-05-08",125.089996
"2014-05-09",125.029999
"2014-05-12",125.239998
"2014-05-13",125.849998
"2014-05-14",126.419998
"2014-05-15",123.809998
"2014-05-16",123.18
"2014-05-19",122.949997
"2014-05-20",122.5
"2014-05-21",124.160004
"2014-05-22",123.629997
"2014-05-23",123.370003
"2014-05-27",122.839996
"2014-05-28",122.519997
"2014-05-29",122.32
"2014-05-30",122.790001
"2014-06-02",122.209999
"2014-06-03",122.550003
"2014-06-04",122.349998
"2014-06-05",123.519997
"2014-06-06",124.190002
"2014-06-09",124.370003
"2014-06-10",125.339996
"2014-06-11",125.18
"2014-06-12",126.110001
"2014-06-13",127.260002
"2014-06-16",128.539993
"2014-06-17",128.830002
"2014-06-18",130.279999
"2014-06-19",131.990005
"2014-06-20",132.339996
"2014-06-23",132.979996
"2014-06-24",131.770004
"2014-06-25",131.229996
"2014-06-26",130.919998
"2014-06-27",130.360001
"2014-06-30",130.550003
"2014-07-01",130.539993
"2014-07-02",130.229996
"2014-07-03",131.190002
"2014-07-07",130.470001
"2014-07-08",129.899994
"2014-07-09",131.389999
"2014-07-10",130.25
"2014-07-11",128.470001
"2014-07-14",129.259995
"2014-07-15",129.259995
"2014-07-16",130.889999
"2014-07-17",130.080002
"2014-07-18",130.389999
"2014-07-21",131.289993
"2014-07-22",132.580002
"2014-07-23",133.880005
"2014-07-24",134.850006
"2014-07-25",133.570007
"2014-07-28",133.240005
"2014-07-29",132.419998
"2014-07-30",132.529999
"2014-07-31",129.240005
"2014-08-01",127.900002
"2014-08-04",128.169998
"2014-08-05",124.959999
"2014-08-06",125.730003
"2014-08-07",125.650002
"2014-08-08",127.860001
"2014-08-11",127.709999
"2014-08-12",127.089996
"2014-08-13",127.599998
"2014-08-14",126.959999
"2014-08-15",126.099998
"2014-08-18",126.300003
"2014-08-19",127.629997
"2014-08-20",127.489998
"2014-08-21",127.93
"2014-08-22",127.110001
"2014-08-25",127.839996
"2014-08-26",128.25
"2014-08-27",128.639999
"2014-08-28",128.75
"2014-08-29",129.449997
"2014-09-02",127.540001
"2014-09-03",127.860001
"2014-09-04",126.800003
"2014-09-05",127.400002
"2014-09-08",126.209999
"2014-09-09",125.18
"2014-09-10",124.279999
"2014-09-11",123.830002
"2014-09-12",122.660004
"2014-09-15",124.239998
"2014-09-16",124.959999
"2014-09-17",124.720001
"2014-09-18",124.139999
"2014-09-19",124.800003
"2014-09-22",123.489998
"2014-09-23",123.059998
"2014-09-24",122.400002
"2014-09-25",120.68
"2014-09-26",121.470001
"2014-09-29",120.550003
"2014-09-30",119.32
"2014-10-01",117.650002
"2014-10-02",117.110001
"2014-10-03",117.709999
"2014-10-06",118.089996
"2014-10-07",116.019997
"2014-10-08",117.949997
"2014-10-09",114.510002
"2014-10-10",113.889999
"2014-10-13",112.029999
"2014-10-14",109.779999
"2014-10-15",109.269997
"2014-10-16",111.059998
"2014-10-17",111.800003
"2014-10-20",111.489998
"2014-10-21",115.089996
"2014-10-22",114
"2014-10-23",116.190002
"2014-10-24",115.910004
"2014-10-27",115.019997
"2014-10-28",117.129997
"2014-10-29",117.139999
"2014-10-30",117.199997
"2014-10-31",119.949997
"2014-11-03",116.779999
"2014-11-04",115.370003
"2014-11-05",117.050003
"2014-11-06",118.529999
"2014-11-07",118.800003
"2014-11-10",117.919998
"2014-11-11",118.440002
"2014-11-12",117.650002
"2014-11-13",116.449997
"2014-11-14",116.32
"2014-11-17",115.75
"2014-11-18",115.470001
"2014-11-19",116.470001
"2014-11-20",117.309998
"2014-11-21",118.580002
"2014-11-24",117.589996
"2014-11-25",116.150002
"2014-11-26",115.110001
"2014-11-28",108.870003
"2014-12-01",111.730003
"2014-12-02",114.019997
"2014-12-03",113.709999
"2014-12-04",112.279999
"2014-12-05",110.870003
"2014-12-08",106.800003
"2014-12-09",107.010002
"2014-12-10",104.860001
"2014-12-11",104.910004
"2014-12-12",102.379997
"2014-12-15",100.860001
"2014-12-16",101.699997
"2014-12-17",106.019997
"2014-12-18",109.029999
"2014-12-19",112.93
"2014-12-22",112.029999
"2014-12-23",113.949997
"2014-12-24",113.470001
"2014-12-26",113.25
"2014-12-29",113.32
"2014-12-30",113.110001
"2014-12-31",112.18
"2015-01-02",112.580002
"2015-01-05",108.080002
"2015-01-06",108.029999
"2015-01-07",107.940002
"2015-01-08",110.410004
"2015-01-09",108.209999
"2015-01-12",105.879997
"2015-01-13",104.199997
"2015-01-14",103.900002
"2015-01-15",102.669998
"2015-01-16",105.120003
"2015-01-20",106.470001
"2015-01-21",108.160004
"2015-01-22",108.919998
"2015-01-23",106.849998
"2015-01-26",108.879997
"2015-01-27",108.260002
"2015-01-28",103.709999
"2015-01-29",103
"2015-01-30",102.529999
"2015-02-02",106.059998
"2015-02-03",109.529999
"2015-02-04",108.349998
"2015-02-05",109.309998
"2015-02-06",109.610001
"2015-02-09",110.43
"2015-02-10",110.18
"2015-02-11",109.980003
"2015-02-12",110.860001
"2015-02-13",112.779999
"2015-02-17",112.400002
"2015-02-18",110.440002
"2015-02-19",108.349998
"2015-02-20",108.599998
"2015-02-23",107.860001
"2015-02-24",107.959999
"2015-02-25",108.580002
"2015-02-26",107.059998
"2015-02-27",106.68
"2015-03-02",105.900002
"2015-03-03",105.160004
"2015-03-04",105.160004
"2015-03-05",104.730003
"2015-03-06",103.550003
"2015-03-09",103.949997
"2015-03-10",102.910004
"2015-03-11",103.540001
"2015-03-12",102.419998
"2015-03-13",101.620003
"2015-03-16",103.129997
"2015-03-17",103.169998
"2015-03-18",106.699997
"2015-03-19",104.75
"2015-03-20",107.029999
"2015-03-23",105.919998
"2015-03-24",104.199997
"2015-03-25",105.669998
"2015-03-26",105.25
"2015-03-27",104.279999
"2015-03-30",106.900002
"2015-03-31",104.980003
"2015-04-01",104.790001
"2015-04-02",105.279999
"2015-04-06",106.919998
"2015-04-07",108.540001
"2015-04-08",106.660004
"2015-04-09",106.949997
"2015-04-10",106.910004
"2015-04-13",106.5
"2015-04-14",108.839996
"2015-04-15",110.410004
"2015-04-16",110.160004
"2015-04-17",109.110001
"2015-04-20",110.290001
"2015-04-21",109.730003
"2015-04-22",109.5
"2015-04-23",109.970001
"2015-04-24",109.870003
"2015-04-27",109.699997
"2015-04-28",111.120003
"2015-04-29",111.730003
"2015-04-30",111.059998
"2015-05-01",109.040001
"2015-05-04",108.32
"2015-05-05",108
"2015-05-06",107.949997
"2015-05-07",107.57
"2015-05-08",108.650002
"2015-05-11",107.360001
"2015-05-12",107.559998
"2015-05-13",107.699997
"2015-05-14",108.449997
"2015-05-15",108.029999
"2015-05-18",106.650002
"2015-05-19",105.019997
"2015-05-20",105.25
"2015-05-21",105.489998
"2015-05-22",104.889999
"2015-05-26",103.290001
"2015-05-27",103.110001
"2015-05-28",103.239998
"2015-05-29",103
"2015-06-01",102.629997
"2015-06-02",102.580002
"2015-06-03",102.169998
"2015-06-04",101.389999
"2015-06-05",101.589996
"2015-06-08",100.419998
"2015-06-09",100.419998
"2015-06-10",101.830002
"2015-06-11",101.120003
"2015-06-12",99.870003
"2015-06-15",99.290001
"2015-06-16",100.040001
"2015-06-17",99.760002
"2015-06-18",100.25
"2015-06-19",99.470001
"2015-06-22",100.290001
"2015-06-23",100.089996
"2015-06-24",99.269997
"2015-06-25",98.339996
"2015-06-26",98.599998
"2015-06-29",96.690002
"2015-06-30",96.470001
"2015-07-01",96.089996
"2015-07-02",95.870003
"2015-07-06",94.769997
"2015-07-07",95.269997
"2015-07-08",93.559998
"2015-07-09",93.779999
"2015-07-10",94.410004
"2015-07-13",94.599998
"2015-07-14",95.550003
"2015-07-15",94.239998
"2015-07-16",94.480003
"2015-07-17",93.150002
"2015-07-20",92.940002
"2015-07-21",93.900002
"2015-07-22",93.510002
"2015-07-23",92.940002
"2015-07-24",90.599998
"2015-07-27",89.139999
"2015-07-28",92.400002
"2015-07-29",93.25
"2015-07-30",93.029999
"2015-07-31",88.480003
"2015-08-03",85.599998
"2015-08-04",85.209999
"2015-08-05",84.029999
"2015-08-06",85.190002
"2015-08-07",83.75
"2015-08-10",85.889999
"2015-08-11",85.779999
"2015-08-12",86.790001
"2015-08-13",85.849998
"2015-08-14",85.989998
"2015-08-17",83.230003
"2015-08-18",83.440002
"2015-08-19",80.910004
"2015-08-20",79.239998
"2015-08-21",75.760002
"2015-08-24",72.120003
"2015-08-25",70.019997
"2015-08-26",73.089996
"2015-08-27",77.639999
"2015-08-28",80.43
"2015-08-31",80.989998
"2015-09-01",78.190002
"2015-09-02",78.059998
"2015-09-03",78.260002
"2015-09-04",76.669998
"2015-09-08",76.839996
"2015-09-09",74.919998
"2015-09-10",75.660004
"2015-09-11",75.790001
"2015-09-14",75.769997
"2015-09-15",77.169998
"2015-09-16",79.019997
"2015-09-17",79.410004
"2015-09-18",77.739998
"2015-09-21",78.089996
"2015-09-22",77.25
"2015-09-23",76.120003
"2015-09-24",76.889999
"2015-09-25",77.699997
"2015-09-28",75.769997
"2015-09-29",76.25
"2015-09-30",78.879997
"2015-10-01",78.339996
"2015-10-02",81.550003
"2015-10-05",84.029999
"2015-10-06",86.989998
"2015-10-07",88.120003
"2015-10-08",89.910004
"2015-10-09",89.57
"2015-10-12",88.739998
"2015-10-13",88.379997
"2015-10-14",89.760002
"2015-10-15",90.720001
"2015-10-16",91.290001
"2015-10-19",90.029999
"2015-10-20",89.989998
"2015-10-21",89.330002
"2015-10-22",91.620003
"2015-10-23",91.239998
"2015-10-26",88.769997
"2015-10-27",87.699997
"2015-10-28",89.790001
"2015-10-29",89.889999
"2015-10-30",90.879997
"2015-11-02",94.959999
"2015-11-03",98.139999
"2015-11-04",96.769997
"2015-11-05",94.550003
"2015-11-06",94.029999
"2015-11-09",92.32
"2015-11-10",93.230003
"2015-11-11",92.190002
"2015-11-12",89.860001
"2015-11-13",88.68
"2015-11-16",91.449997
"2015-11-17",91.029999
"2015-11-18",92.209999
"2015-11-19",90.830002
"2015-11-20",89.010002
"2015-11-23",90.010002
"2015-11-24",91.349998
"2015-11-25",90.870003
"2015-11-27",90.370003
"2015-11-30",91.32
"2015-12-01",92.480003
"2015-12-02",90.25
"2015-12-03",88.849998
"2015-12-04",89.709999
"2015-12-07",87.279999
"2015-12-08",86.440002
"2015-12-09",87.599998
"2015-12-10",89.300003
"2015-12-11",86.440002
"2015-12-14",89.330002
"2015-12-15",92.760002
"2015-12-16",93.440002
"2015-12-17",90.540001
"2015-12-18",89.809998
"2015-12-21",89.239998
"2015-12-22",90.269997
"2015-12-23",93.809998
"2015-12-24",92.050003
"2015-12-28",90.360001
"2015-12-29",91.25
"2015-12-30",90.089996
"2015-12-31",89.959999
"2016-01-04",88.849998
"2016-01-05",89.610001
"2016-01-06",86.07
"2016-01-07",83.019997
"2016-01-08",82.129997
"2016-01-11",80.769997
"2016-01-12",82.150002
"2016-01-13",81.330002
"2016-01-14",85.470001
"2016-01-15",83.669998
"2016-01-19",81.510002
"2016-01-20",78.980003
"2016-01-21",81.050003
"2016-01-22",83.540001
"2016-01-25",80.889999
"2016-01-26",84.120003
"2016-01-27",83.290001
"2016-01-28",85.919998
"2016-01-29",86.470001
"2016-02-01",85.290001
"2016-02-02",81.239998
"2016-02-03",84.620003
"2016-02-04",84.790001
"2016-02-05",82.879997
"2016-02-08",85.989998
"2016-02-09",82.919998
"2016-02-10",83.040001
"2016-02-11",82.989998
"2016-02-12",85.43
"2016-02-16",84.809998
"2016-02-17",88.309998
"2016-02-18",86.730003
"2016-02-19",86.5
"2016-02-22",88.82
"2016-02-23",84.910004
"2016-02-24",85.269997
"2016-02-25",85.300003
"2016-02-26",84.349998
"2016-02-29",83.440002
"2016-03-01",86.129997
"2016-03-02",87.139999
"2016-03-03",87.529999
"2016-03-04",87.93
"2016-03-07",90.669998
"2016-03-08",88.739998
"2016-03-09",92.82
"2016-03-10",93.940002
"2016-03-11",94.580002
"2016-03-14",94.260002
"2016-03-15",94.269997
"2016-03-16",95.400002
"2016-03-17",96.889999
"2016-03-18",97.690002
"2016-03-21",96.440002
"2016-03-22",95.5
"2016-03-23",93.589996
"2016-03-24",94.849998
"2016-03-28",94.68
"2016-03-29",95.32
"2016-03-30",95.25
"2016-03-31",95.400002
"2016-04-01",94.260002
"2016-04-04",93.43
"2016-04-05",92.669998
"2016-04-06",94.839996
"2016-04-07",94.790001
"2016-04-08",96.330002
"2016-04-11",95.239998
"2016-04-12",97.510002
"2016-04-13",97.599998
"2016-04-14",97.980003
"2016-04-15",97.230003
"2016-04-18",98.699997
"2016-04-19",100.5
"2016-04-20",101.690002
"2016-04-21",101.400002
"2016-04-22",102.010002
"2016-04-25",101.510002
"2016-04-26",102.290001
"2016-04-27",103.849998
"2016-04-28",102.400002
"2016-04-29",102.18
"2016-05-02",103.309998
"2016-05-03",101.32
"2016-05-04",100.589996
"2016-05-05",101.419998
"2016-05-06",101.860001
"2016-05-09",100.349998
"2016-05-10",101.269997
"2016-05-11",101.139999
"2016-05-12",102.120003
"2016-05-13",100.739998
"2016-05-16",102.290001
"2016-05-17",100.75
"2016-05-18",100.059998
"2016-05-19",99.849998
"2016-05-20",99.790001
"2016-05-23",99.379997
"2016-05-24",100.190002
"2016-05-25",101.769997
"2016-05-26",101.5
"2016-05-27",102.019997
"2016-05-31",101
"2016-06-01",101.129997
"2016-06-02",100.529999
"2016-06-03",100.660004
"2016-06-06",101.169998
"2016-06-07",103.32
"2016-06-08",103.089996
"2016-06-09",102.809998
"2016-06-10",101.980003
"2016-06-13",102.099998
"2016-06-14",101.279999
"2016-06-15",100.629997
"2016-06-16",101.07
"2016-06-17",101.57
"2016-06-20",102.610001
"2016-06-21",103.239998
"2016-06-22",102.290001
"2016-06-23",104.440002
"2016-06-24",101.900002
"2016-06-27",100.360001
"2016-06-28",101.629997
"2016-06-29",103.419998
"2016-06-30",104.830002
"2016-07-01",104.150002
"2016-07-05",103.57
"2016-07-06",104.580002
"2016-07-07",103.050003
"2016-07-08",104.769997
"2016-07-11",105.389999
"2016-07-12",106.779999
"2016-07-13",106.650002
"2016-07-14",106.699997
"2016-07-15",107.029999
"2016-07-18",106.089996
"2016-07-19",106.040001
"2016-07-20",105.589996
"2016-07-21",105.389999
"2016-07-22",105.660004
"2016-07-25",103.07
"2016-07-26",102.68
"2016-07-27",102.260002
"2016-07-28",101.790001
"2016-07-29",102.480003
"2016-08-01",99.110001
"2016-08-02",99.589996
"2016-08-03",100.610001
"2016-08-04",100.389999
"2016-08-05",100.510002
"2016-08-08",101.199997
"2016-08-09",101.32
"2016-08-10",100.139999
"2016-08-11",101.400002
"2016-08-12",102.160004
"2016-08-15",102.769997
"2016-08-16",102.620003
"2016-08-17",102.220001
"2016-08-18",103.550003
"2016-08-19",102.32
"2016-08-22",101.940002
"2016-08-23",101.68
"2016-08-24",102.199997
"2016-08-25",101.889999
"2016-08-26",101.32
"2016-08-29",102.050003
"2016-08-30",101.699997
"2016-08-31",100.580002
"2016-09-01",100.209999
"2016-09-02",100.93
"2016-09-06",102.43
"2016-09-07",102.879997
"2016-09-08",104.120003
"2016-09-09",101.269997
"2016-09-12",102.25
"2016-09-13",99.43
"2016-09-14",98.419998
"2016-09-15",99.5
"2016-09-16",97.839996
"2016-09-19",98.040001
"2016-09-20",97.699997
"2016-09-21",99.629997
"2016-09-22",99.980003
"2016-09-23",99.220001
"2016-09-26",98.779999
"2016-09-27",98.980003
"2016-09-28",102.150002
"2016-09-29",101.269997
"2016-09-30",102.919998
"2016-10-03",102.449997
"2016-10-04",101.269997
"2016-10-05",102.230003
"2016-10-06",102.18
"2016-10-07",102.269997
"2016-10-10",103.980003
"2016-10-11",103.040001
"2016-10-12",102.150002
"2016-10-13",100.790001
"2016-10-14",101.080002
"2016-10-17",101.360001
"2016-10-18",101.790001
"2016-10-19",102.269997
"2016-10-20",101.870003
"2016-10-21",101.300003
"2016-10-24",100.660004
"2016-10-25",100.769997
"2016-10-26",101.190002
"2016-10-27",99.919998
"2016-10-28",103.82
"2016-10-31",104.75
"2016-11-01",106.480003
"2016-11-02",105.389999
"2016-11-03",105.389999
"2016-11-04",104.779999
"2016-11-07",106.849998
"2016-11-08",107.290001
"2016-11-09",107.639999
"2016-11-10",107.790001
"2016-11-11",106.639999
"2016-11-14",106.589996
"2016-11-15",108.959999
"2016-11-16",108.349998
"2016-11-17",108.120003
"2016-11-18",109.199997
"2016-11-21",110.18
"2016-11-22",110.620003
"2016-11-23",111
"2016-11-25",111
"2016-11-28",110.5
"2016-11-29",109.339996
"2016-11-30",111.559998
"2016-12-01",113.290001
"2016-12-02",113
"2016-12-05",113.25
"2016-12-06",112.760002
"2016-12-07",114.440002
"2016-12-08",115.169998
"2016-12-09",115.809998
"2016-12-12",117.150002
"2016-12-13",117.419998
"2016-12-14",115.959999
"2016-12-15",117.050003
"2016-12-16",118.080002
"2016-12-19",117.650002
"2016-12-20",117.949997
"2016-12-21",117.910004
"2016-12-22",118.769997
"2016-12-23",118.419998
"2016-12-27",118.220001
"2016-12-28",117.910004
"2016-12-29",117.82
"2016-12-30",117.699997
"2017-01-03",117.849998
"2017-01-04",117.82
"2017-01-05",117.309998
"2017-01-06",116.839996
"2017-01-09",115.839996
"2017-01-10",114.959999
"2017-01-11",115.93
"2017-01-12",116.160004
"2017-01-13",116.379997
"2017-01-17",116.279999
"2017-01-18",115.940002
"2017-01-19",115.580002
"2017-01-20",115.599998
"2017-01-23",115.389999
"2017-01-24",116.370003
"2017-01-25",117.239998
"2017-01-26",116.550003
"2017-01-27",113.790001
"2017-01-30",111.82
"2017-01-31",111.349998
"2017-02-01",111
"2017-02-02",112.209999
"2017-02-03",113.57
"2017-02-06",112.980003
"2017-02-07",111.389999
"2017-02-08",111.580002
"2017-02-09",112.260002
"2017-02-10",113.050003
"2017-02-13",113.910004
"2017-02-14",112.519997
"2017-02-15",112.57
"2017-02-16",110.68
"2017-02-17",110.330002
"2017-02-21",111.720001
"2017-02-22",110.379997
"2017-02-23",111.019997
"2017-02-24",110.120003
"2017-02-27",111.75
"2017-02-28",112.5
"2017-03-01",113.879997
"2017-03-02",113.360001
"2017-03-03",113.550003
"2017-03-06",113.169998
"2017-03-07",111.809998
"2017-03-08",109.610001
"2017-03-09",110.040001
"2017-03-10",110.610001
"2017-03-13",109.349998
"2017-03-14",107.360001
"2017-03-15",108.879997
"2017-03-16",107.860001
"2017-03-17",107.68
"2017-03-20",107.660004
"2017-03-21",108.040001
"2017-03-22",108.389999
"2017-03-23",107.870003
"2017-03-24",107.989998
"2017-03-27",106.279999
"2017-03-28",107.169998
"2017-03-29",108.07
"2017-03-30",107.779999
"2017-03-31",107.370003
"2017-04-03",107.800003
"2017-04-04",108.660004
"2017-04-05",108.639999
"2017-04-06",109.290001
"2017-04-07",108.860001
"2017-04-10",109.43
"2017-04-11",108.970001
"2017-04-12",108.970001
"2017-04-13",106.099998
"2017-04-17",106.169998
"2017-04-18",105.68
"2017-04-19",104.230003
"2017-04-20",104.879997
"2017-04-21",104.889999
"2017-04-24",105.93
"2017-04-25",106.730003
"2017-04-26",106.080002
"2017-04-27",105.470001
"2017-04-28",106.699997
"2017-05-01",105.919998
"2017-05-02",105.360001
"2017-05-03",106.720001
"2017-05-04",104.809998
"2017-05-05",105.790001
"2017-05-08",106.68
"2017-05-09",105.080002
"2017-05-10",106.5
"2017-05-11",106.209999
"2017-05-12",105.959999
"2017-05-15",106.849998
"2017-05-16",107.25
"2017-05-17",104.699997
"2017-05-18",105.169998
"2017-05-19",106.519997
"2017-05-22",106.120003
"2017-05-23",106.269997
"2017-05-24",106.220001
"2017-05-25",105.110001
"2017-05-26",104.720001
"2017-05-30",104.059998
"2017-05-31",103.480003
"2017-06-01",104.269997
"2017-06-02",103.110001
"2017-06-05",103.190002
"2017-06-06",104.169998
"2017-06-07",103.769997
"2017-06-08",104
"2017-06-09",106.400002
"2017-06-12",108.040001
"2017-06-13",108.129997
"2017-06-14",106.599998
"2017-06-15",106.330002
"2017-06-16",108.349998
"2017-06-19",107.459999
"2017-06-20",106.480003
"2017-06-21",104.489998
"2017-06-22",104.449997
"2017-06-23",105
"2017-06-26",104.139999
"2017-06-27",104.07
"2017-06-28",104.279999
"2017-06-29",104.120003
"2017-06-30",104.330002
"2017-07-03",106.300003
"2017-07-05",104.620003
"2017-07-06",103.82
"2017-07-07",103.489998
"2017-07-10",103.040001
"2017-07-11",103.120003
"2017-07-12",103.889999
"2017-07-13",104.129997
"2017-07-14",104.440002
"2017-07-17",104.209999
"2017-07-18",103.720001
"2017-07-19",104.459999
"2017-07-20",104.629997
"2017-07-21",103.25
"2017-07-24",103.199997
"2017-07-25",104.389999
"2017-07-26",105.120003
"2017-07-27",106.110001
"2017-07-28",108.120003
"2017-07-31",109.190002
"2017-08-01",110.779999
"2017-08-02",110.459999
"2017-08-03",109.43
"2017-08-04",110.110001
"2017-08-07",109.779999
"2017-08-08",110.349998
"2017-08-09",110.889999
"2017-08-10",110.110001
"2017-08-11",109.230003
"2017-08-14",108.709999
"2017-08-15",108.57
"2017-08-16",106.839996
"2017-08-17",105.919998
"2017-08-18",106.480003
"2017-08-21",105.779999
"2017-08-22",106.360001
"2017-08-23",106.610001
"2017-08-24",107.440002
"2017-08-25",108.230003
"2017-08-28",107.760002
"2017-08-29",107.860001
"2017-08-30",107.730003
"2017-08-31",107.620003
"2017-09-01",108.760002
"2017-09-05",109.440002
"2017-09-06",111.790001
"2017-09-07",111.800003
"2017-09-08",110.779999
"2017-09-11",112.519997
"2017-09-12",112.489998
"2017-09-13",114.18
"2017-09-14",114.449997
"2017-09-15",114.629997
"2017-09-18",115.190002
"2017-09-19",116.339996
"2017-09-20",116.370003
"2017-09-21",116.470001
"2017-09-22",117.290001
"2017-09-25",117.989998
"2017-09-26",117.519997
"2017-09-27",117.449997
"2017-09-28",117.620003
"2017-09-29",117.5
"2017-10-02",117.43
"2017-10-03",117.82
"2017-10-04",117.580002
"2017-10-05",118.580002
"2017-10-06",117.029999
"2017-10-09",117.709999
"2017-10-10",118.800003
"2017-10-11",119.330002
"2017-10-12",119.139999
"2017-10-13",119.160004
"2017-10-16",120.129997
"2017-10-17",120.220001
"2017-10-18",118.150002
"2017-10-19",118.199997
"2017-10-20",118.639999
"2017-10-23",118.93
"2017-10-24",119.230003
"2017-10-25",118.440002
"2017-10-26",118.440002
"2017-10-27",113.540001
"2017-10-30",114.389999
"2017-10-31",115.889999
"2017-11-01",115.900002
"2017-11-02",115.330002
"2017-11-03",114.989998
"2017-11-06",117.040001
"2017-11-07",117.239998
"2017-11-08",116.669998
"2017-11-09",117.239998
"2017-11-10",117.18
"2017-11-13",117.230003
"2017-11-14",116.919998
"2017-11-15",116.449997
"2017-11-16",114.57
"2017-11-17",114.709999
"2017-11-20",114.720001
"2017-11-21",115.169998
"2017-11-22",115.910004
"2017-11-24",116.510002
"2017-11-27",115.589996
"2017-11-28",116.449997
"2017-11-29",117.18
"2017-11-30",118.989998
"2017-12-01",119.510002
"2017-12-04",120.839996
"2017-12-05",120.389999
"2017-12-06",119.610001
"2017-12-07",119.629997
"2017-12-08",119.919998
"2017-12-11",120.419998
"2017-12-12",119.68
"2017-12-13",119.93
"2017-12-14",119.529999
"2017-12-15",119.730003
"2017-12-18",119.699997
"2017-12-19",119.839996
"2017-12-20",120.889999
"2017-12-21",124.82
"2017-12-22",124.980003
"2017-12-26",125.980003
"2017-12-27",125.550003
"2017-12-28",125.580002
"2017-12-29",125.190002
"2018-01-02",127.580002
"2018-01-03",128.509995
"2018-01-04",128.110001
"2018-01-05",127.900002
"2018-01-08",128.529999
"2018-01-09",127.839996
"2018-01-10",128.660004
"2018-01-11",132.570007
"2018-01-12",133.600006
"2018-01-16",132.009995
"2018-01-17",132.360001
"2018-01-18",131.589996
"2018-01-19",131.300003
"2018-01-22",132.559998
"2018-01-23",131.020004
"2018-01-24",131.389999
"2018-01-25",130.649994
"2018-01-26",131.190002
"2018-01-29",128.479996
"2018-01-30",125.230003
"2018-01-31",125.349998
"2018-02-01",125.57
"2018-02-02",118.580002
"2018-02-05",112.620003
"2018-02-06",117.18
"2018-02-07",115.290001
"2018-02-08",112.300003
"2018-02-09",113.5
"2018-02-12",113.980003
"2018-02-13",113.290001
"2018-02-14",113.629997
"2018-02-15",112.529999
"2018-02-16",112.139999
"2018-02-20",110.980003
"2018-02-21",109.059998
"2018-02-22",109.889999
"2018-02-23",112.589996
"2018-02-26",114.599998
"2018-02-27",113.610001
"2018-02-28",111.919998
"2018-03-01",112.040001
"2018-03-02",111.639999
"2018-03-05",113.150002
"2018-03-06",113.650002
"2018-03-07",113.839996
"2018-03-08",113.349998
"2018-03-09",117.220001
"2018-03-12",116.790001
"2018-03-13",116.459999
"2018-03-14",115.129997
"2018-03-15",115.580002
"2018-03-16",115.400002
"2018-03-19",113.889999
"2018-03-20",114.5
"2018-03-21",117.040001
"2018-03-22",113.699997
"2018-03-23",112.980003
"2018-03-26",115.349998
"2018-03-27",114.660004
"2018-03-28",112.099998
"2018-03-29",114.040001
"2018-04-02",112.239998
"2018-04-03",114.830002
"2018-04-04",114.480003
"2018-04-05",117.290001
"2018-04-06",114.760002
"2018-04-09",115.980003
"2018-04-10",118.849998
"2018-04-11",119.25
"2018-04-12",119.230003
"2018-04-13",119.919998
"2018-04-16",120.699997
"2018-04-17",121.459999
"2018-04-18",123.82
"2018-04-19",123.709999
"2018-04-20",122.309998
"2018-04-23",123.580002
"2018-04-24",122.540001
"2018-04-25",122.720001
"2018-04-26",124.220001
"2018-04-27",126.620003
"2018-04-30",125.110001
"2018-05-01",124.860001
"2018-05-02",125.489998
"2018-05-03",126.010002
"2018-05-04",125.529999
"2018-05-07",124.940002
"2018-05-08",126.57
"2018-05-09",128.720001
"2018-05-10",128.820007
"2018-05-11",129.839996
"2018-05-14",130.389999
"2018-05-15",129.740005
"2018-05-16",129.559998
"2018-05-17",129.460007
"2018-05-18",127.860001
"2018-05-21",129.369995
"2018-05-22",128.229996
"2018-05-23",128.699997
"2018-05-24",126.610001
"2018-05-25",122.190002
"2018-05-29",121.389999
"2018-05-30",125.160004
"2018-05-31",124.300003
"2018-06-01",123.849998
"2018-06-04",122.260002
"2018-06-05",122.730003
"2018-06-06",123.379997
"2018-06-07",126.959999
"2018-06-08",126.440002
"2018-06-11",127.559998
"2018-06-12",127.080002
"2018-06-13",127.07
"2018-06-14",126.510002
"2018-06-15",124.040001
"2018-06-18",125.970001
"2018-06-19",125.540001
"2018-06-20",125.290001
"2018-06-21",122.589996
"2018-06-22",125.099998
"2018-06-25",122.610001
"2018-06-26",124.160004
"2018-06-27",126
"2018-06-28",125.660004
"2018-06-29",126.43
"2018-07-02",124.25
"2018-07-03",124.730003
"2018-07-05",123.980003
"2018-07-06",124.139999
"2018-07-09",125.989998
"2018-07-10",127.589996
"2018-07-11",123.519997
"2018-07-12",124.260002
"2018-07-13",124.040001
"2018-07-16",122.980003
"2018-07-17",121.910004
"2018-07-18",121.529999
"2018-07-19",121.669998
"2018-07-20",122.269997
"2018-07-23",121.330002
"2018-07-24",123.849998
"2018-07-25",124.900002
"2018-07-26",123.949997
"2018-07-27",125.970001
"2018-07-30",127.830002
"2018-07-31",126.269997
"2018-08-01",125.389999
"2018-08-02",123.760002
"2018-08-03",124.050003
"2018-08-06",124.300003
"2018-08-07",125.18
"2018-08-08",123.879997
"2018-08-09",122.529999
"2018-08-10",123.339996
"2018-08-13",122.440002
"2018-08-14",122.580002
"2018-08-15",117.940002
"2018-08-16",117.660004
"2018-08-17",117.800003
"2018-08-20",117.75
"2018-08-21",117.940002
"2018-08-22",118.919998
"2018-08-23",118.099998
"2018-08-24",119.010002
"2018-08-27",120.349998
"2018-08-28",119.860001
"2018-08-29",120.220001
"2018-08-30",119.809998
"2018-08-31",118.459999
"2018-09-04",118.870003
"2018-09-05",118.919998
"2018-09-06",115.230003
"2018-09-07",114.599998
"2018-09-10",114.480003
"2018-09-11",115.019997
"2018-09-12",115.790001
"2018-09-13",116.300003
"2018-09-14",117.379997
"2018-09-17",117.510002
"2018-09-18",118.129997
"2018-09-19",119.510002
"2018-09-20",119.419998
"2018-09-21",121.129997
"2018-09-24",122.620003
"2018-09-25",123.370003
"2018-09-26",121.949997
"2018-09-27",122.470001
"2018-09-28",122.279999
"2018-10-01",124.389999
"2018-10-02",124.739998
"2018-10-03",125.309998
"2018-10-04",124.949997
"2018-10-05",125.330002
"2018-10-08",124.839996
"2018-10-09",126.82
"2018-10-10",122.599998
"2018-10-11",118.43
"2018-10-12",117.769997
"2018-10-15",116.940002
"2018-10-16",117.510002
"2018-10-17",117.290001
"2018-10-18",117.470001
"2018-10-19",118.139999
"2018-10-22",117.209999
"2018-10-23",113.400002
"2018-10-24",110.209999
"2018-10-25",111.580002
"2018-10-26",111.529999
"2018-10-29",108.93
"2018-10-30",110.849998
"2018-10-31",111.650002
"2018-11-01",111.169998
"2018-11-02",114.730003
"2018-11-05",118.940002
"2018-11-06",118.900002
"2018-11-07",120.870003
"2018-11-08",119.360001
"2018-11-09",119.510002
"2018-11-12",117.389999
"2018-11-13",115.349998
"2018-11-14",115.720001
"2018-11-15",116.949997
"2018-11-16",119.059998
"2018-11-19",119.419998
"2018-11-20",116.099998
"2018-11-21",117.57
"2018-11-23",113.599998
"2018-11-26",114.980003
"2018-11-27",115.209999
"2018-11-28",118.139999
"2018-11-29",118.849998
"2018-11-30",118.940002
"2018-12-03",120.669998
"2018-12-04",117.239998
"2018-12-06",115.910004
"2018-12-07",115.489998
"2018-12-10",114.940002
"2018-12-11",115.470001
"2018-12-12",115.620003
"2018-12-13",115.940002
"2018-12-14",113.830002
"2018-12-17",112.449997
"2018-12-18",109.739998
"2018-12-19",107.830002
"2018-12-20",104.980003
"2018-12-21",104.209999
"2018-12-24",100.989998
"2018-12-26",107.389999
"2018-12-27",109.32
"2018-12-28",108.650002
"2018-12-31",108.790001
"2019-01-02",110.690002
"2019-01-03",108.57
"2019-01-04",110.82
"2019-01-07",112.260002
"2019-01-08",111.769997
"2019-01-09",113.269997
"2019-01-10",113.449997
"2019-01-11",112.540001
"2019-01-14",111.720001
"2019-01-15",112.120003
"2019-01-16",111.400002
"2019-01-17",111.959999
"2019-01-18",114.370003
"2019-01-22",112.339996
"2019-01-23",111.389999
"2019-01-24",113.510002
"2019-01-25",113.220001
"2019-01-28",112.169998
"2019-01-29",111.830002
"2019-01-30",113.010002
"2019-01-31",114.650002
"2019-02-01",118.370003
"2019-02-04",119.739998
"2019-02-05",119.480003
"2019-02-06",118.879997
"2019-02-07",118.230003
"2019-02-08",117.580002
"2019-02-11",116.949997
"2019-02-12",118.720001
"2019-02-13",119.57
"2019-02-14",118.160004
"2019-02-15",119.349998
"2019-02-19",119.309998
"2019-02-20",120.279999
"2019-02-21",119.139999
"2019-02-22",119.389999
"2019-02-25",119.620003
"2019-02-26",119.940002
"2019-02-27",120.080002
"2019-02-28",119.580002
"2019-03-01",122.029999
"2019-03-04",122.120003
"2019-03-05",123.290001
"2019-03-06",123.529999
"2019-03-07",121.940002
"2019-03-08",121.620003
"2019-03-11",123.620003
"2019-03-12",123.900002
"2019-03-13",124.669998
"2019-03-14",124.599998
"2019-03-15",125.309998
"2019-03-18",125.879997
"2019-03-19",125.279999
"2019-03-20",124.690002
"2019-03-21",125.860001
"2019-03-22",123.089996
"2019-03-25",122.889999
"2019-03-26",124.129997
"2019-03-27",122.790001
"2019-03-28",123.019997
"2019-03-29",123.18
"2019-04-01",124.940002
"2019-04-02",124.93
"2019-04-03",123.889999
"2019-04-04",124.800003
"2019-04-05",126.419998
"2019-04-08",126.68
"2019-04-09",125.540001
"2019-04-10",125.489998
"2019-04-11",125.989998
"2019-04-12",119.760002
"2019-04-15",120.139999
"2019-04-16",121.169998
"2019-04-17",120.269997
"2019-04-18",119.860001
"2019-04-22",121.900002
"2019-04-23",122.019997
"2019-04-24",118.279999
"2019-04-25",117.900002
"2019-04-26",117.099998
"2019-04-29",117.720001
"2019-04-30",120.059998
"2019-05-01",117.809998
"2019-05-02",116.379997
"2019-05-03",117.269997
"2019-05-06",118.400002
"2019-05-07",118.269997
"2019-05-08",117.5
"2019-05-09",121.190002
"2019-05-10",121.989998
"2019-05-13",120.440002
"2019-05-14",121.639999
"2019-05-15",122.139999
"2019-05-16",120.800003
"2019-05-17",120.519997
"2019-05-20",120.839996
"2019-05-21",121.339996
"2019-05-22",120.57
"2019-05-23",117.870003
"2019-05-24",118.709999
"2019-05-28",118.309998
"2019-05-29",116.769997
"2019-05-30",115.379997
"2019-05-31",113.849998
"2019-06-03",115.989998
"2019-06-04",117.300003
"2019-06-05",117.650002
"2019-06-06",120.68
"2019-06-07",121.480003
"2019-06-10",122.290001
"2019-06-11",121.169998
"2019-06-12",120.190002
"2019-06-13",120.910004
"2019-06-14",120.809998
"2019-06-17",121.389999
"2019-06-18",122.93
"2019-06-19",122.889999
"2019-06-20",124.279999
"2019-06-21",124.93
"2019-06-24",124.910004
"2019-06-25",123.639999
"2019-06-26",123.93
"2019-06-27",123.110001
"2019-06-28",124.440002
"2019-07-01",124.839996
"2019-07-02",122.93
"2019-07-03",123.349998
"2019-07-05",123.540001
"2019-07-08",123.599998
"2019-07-09",123.349998
"2019-07-10",125.440002
"2019-07-11",125.43
"2019-07-12",125.980003
"2019-07-15",125.720001
"2019-07-16",124.760002
"2019-07-17",124.139999
"2019-07-18",124.68
"2019-07-19",125.040001
"2019-07-22",125.309998
"2019-07-23",125.82
"2019-07-24",126.540001
"2019-07-25",125.629997
"2019-07-26",123.720001
"2019-07-29",124.230003
"2019-07-30",124.339996
"2019-07-31",123.110001
"2019-08-01",120.739998
"2019-08-02",120.730003
"2019-08-05",118.739998
"2019-08-06",119.379997
"2019-08-07",119.099998
"2019-08-08",123.230003
"2019-08-09",122.419998
"2019-08-12",121.550003
"2019-08-13",122.389999
"2019-08-14",117.739998
"2019-08-15",116.949997
"2019-08-16",115.809998
"2019-08-19",117.309998
"2019-08-20",116.129997
"2019-08-21",117.879997
"2019-08-22",117.730003
"2019-08-23",115.18
"2019-08-26",115.739998
"2019-08-27",115.830002
"2019-08-28",116.830002
"2019-08-29",117.519997
"2019-08-30",117.720001
"2019-09-03",116.269997
"2019-09-04",117.25
"2019-09-05",117.639999
"2019-09-06",118.260002
"2019-09-09",119.389999
"2019-09-10",121.849998
"2019-09-11",121.279999
"2019-09-12",121.419998
"2019-09-13",121.5
"2019-09-16",124.120003
"2019-09-17",123.889999
"2019-09-18",124.18
"2019-09-19",123.660004
"2019-09-20",124.32
"2019-09-23",124.900002
"2019-09-24",123.739998
"2019-09-25",123.510002
"2019-09-26",120.160004
"2019-09-27",118.599998
"2019-09-30",118.599998
"2019-10-01",116.010002
"2019-10-02",112.290001
"2019-10-03",113.150002
"2019-10-04",113.849998
"2019-10-07",113.260002
"2019-10-08",111.709999
"2019-10-09",113.139999
"2019-10-10",114.589996
"2019-10-11",116.150002
"2019-10-14",116.18
"2019-10-15",116.309998
"2019-10-16",115.110001
"2019-10-17",115.349998
"2019-10-18",114.739998
"2019-10-21",116.610001
"2019-10-22",117.800003
"2019-10-23",117.980003
"2019-10-24",117.580002
"2019-10-25",118.669998
"2019-10-28",118.480003
"2019-10-29",118.129997
"2019-10-30",116.360001
"2019-10-31",116.139999
"2019-11-01",116.209999
"2019-11-04",121.57
"2019-11-05",121.940002
"2019-11-06",119.900002
"2019-11-07",121.889999
"2019-11-08",120.93
"2019-11-11",120.809998
"2019-11-12",120.959999
"2019-11-13",122.279999
"2019-11-14",121.959999
"2019-11-15",120.639999
"2019-11-18",118.550003
"2019-11-19",116.449997
"2019-11-20",117.339996
"2019-11-21",118.769997
"2019-11-22",118.629997
"2019-11-25",118.379997
"2019-11-26",117.790001
"2019-11-27",118.07
"2019-11-29",117.129997
"2019-12-02",116.800003
"2019-12-03",115.889999
"2019-12-04",116.940002
"2019-12-05",116.330002
"2019-12-06",118.010002
"2019-12-09",117.300003
"2019-12-10",117.889999
"2019-12-11",116.230003
"2019-12-12",118.809998
"2019-12-13",117.959999
"2019-12-16",119.360001
"2019-12-17",118.599998
"2019-12-18",118.550003
"2019-12-19",118.129997
"2019-12-20",119.68
"2019-12-23",120.330002
"2019-12-24",120.339996
"2019-12-26",120.599998
"2019-12-27",120.300003
"2019-12-30",119.849998
"2019-12-31",120.510002
"2020-01-02",121.43
"2020-01-03",121.010002
"2020-01-06",120.599998
"2020-01-07",119.059998
"2020-01-08",117.699997
"2020-01-09",117.510002
"2020-01-10",116.440002
"2020-01-13",116.660004
"2020-01-14",116.300003
"2020-01-15",116.129997
"2020-01-16",116.889999
"2020-01-17",115.580002
"2020-01-21",113.309998
"2020-01-22",112.900002
"2020-01-23",113.099998
"2020-01-24",111.849998
"2020-01-27",110.389999
"2020-01-28",111.120003
"2020-01-29",110.370003
"2020-01-30",111.400002
"2020-01-31",107.139999
"2020-02-03",106.279999
"2020-02-04",106.849998
"2020-02-05",110.279999
"2020-02-06",109.489998
"2020-02-07",108.940002
"2020-02-10",109.790001
"2020-02-11",111.209999
"2020-02-12",112.040001
"2020-02-13",111.660004
"2020-02-14",110.080002
"2020-02-18",110.239998
"2020-02-19",110.739998
"2020-02-20",109.809998
"2020-02-21",109.010002
"2020-02-24",104.709999
"2020-02-25",100.709999
"2020-02-26",98.040001
"2020-02-27",94.129997
"2020-02-28",93.339996
"2020-03-02",96.589996
"2020-03-03",94.389999
"2020-03-04",98.529999
"2020-03-05",97.190002
"2020-03-06",95.32
"2020-03-09",80.669998
"2020-03-10",84.980003
"2020-03-11",83.029999
"2020-03-12",76.260002
"2020-03-13",83.419998
"2020-03-16",69.699997
"2020-03-17",70.690002
"2020-03-18",55.049999
"2020-03-19",57.389999
"2020-03-20",59.389999
"2020-03-23",54.220001
"2020-03-24",66.550003
"2020-03-25",69.269997
"2020-03-26",76.379997
"2020-03-27",68.779999
"2020-03-30",71.949997
"2020-03-31",72.459999
"2020-04-01",68.559998
"2020-04-02",76.120003
"2020-04-03",75.110001
"2020-04-06",80.389999
"2020-04-07",80.919998
"2020-04-08",85.980003
"2020-04-09",84.309998
"2020-04-13",84.910004
"2020-04-14",84.610001
"2020-04-15",82.489998
"2020-04-16",79.989998
"2020-04-17",87.169998
"2020-04-20",83.57
"2020-04-21",81.639999
"2020-04-22",84.440002
"2020-04-23",86.800003
"2020-04-24",87.010002
"2020-04-27",89.709999
"2020-04-28",89.910004
"2020-04-29",94.620003
"2020-04-30",92
"2020-05-01",89.440002
"2020-05-04",91.440002
"2020-05-05",92.889999
"2020-05-06",90.050003
"2020-05-07",92.639999
"2020-05-08",95.470001
"2020-05-11",93.370003
"2020-05-12",91.099998
"2020-05-13",88.699997
"2020-05-14",90.050003
"2020-05-15",89.160004
"2020-05-18",92.550003
"2020-05-19",89.620003
"2020-05-20",93
"2020-05-21",92.040001
"2020-05-22",90.279999
"2020-05-26",93.300003
"2020-05-27",93.900002
"2020-05-28",90.870003
"2020-05-29",91.699997
"2020-06-01",92.790001
"2020-06-02",94.690002
"2020-06-03",97.18
"2020-06-04",96.279999
"2020-06-05",100.809998
"2020-06-08",103.239998
"2020-06-09",101.529999
"2020-06-10",97.580002
"2020-06-11",89.370003
"2020-06-12",92.389999
"2020-06-15",91.230003
"2020-06-16",94.029999
"2020-06-17",91.540001
"2020-06-18",91.940002
"2020-06-19",90.629997
"2020-06-22",91.589996
"2020-06-23",91.440002
"2020-06-24",87.639999
"2020-06-25",89.209999
"2020-06-26",86.459999
"2020-06-29",87.669998
"2020-06-30",89.230003
"2020-07-01",87.620003
"2020-07-02",88.309998
"2020-07-06",88.57
"2020-07-07",86.309998
"2020-07-08",86.349998
"2020-07-09",82.739998
"2020-07-10",85.230003
"2020-07-13",85.400002
"2020-07-14",88.349998
"2020-07-15",88.889999
"2020-07-16",88.360001
"2020-07-17",87.190002
"2020-07-20",85.269997
"2020-07-21",91.389999
"2020-07-22",91.040001
"2020-07-23",91.010002
"2020-07-24",90.129997
"2020-07-27",91.040001
"2020-07-28",89.110001
"2020-07-29",90.07
"2020-07-30",86.269997
"2020-07-31",83.940002
"2020-08-03",84.809998
"2020-08-04",86.489998
"2020-08-05",87.199997
"2020-08-06",87.470001
"2020-08-07",86.800003
"2020-08-10",89.730003
"2020-08-11",89.620003
"2020-08-12",90.720001
"2020-08-13",89.82
"2020-08-14",90.349998
"2020-08-17",90.769997
"2020-08-18",87.629997
"2020-08-19",86.389999
"2020-08-20",84.809998
"2020-08-21",85.080002
"2020-08-24",87.199997
"2020-08-25",86.129997
"2020-08-26",84.779999
"2020-08-27",84.910004
"2020-08-28",85.629997
"2020-08-31",83.93
"2020-09-01",83.080002
"2020-09-02",83.190002
"2020-09-03",82.279999
"2020-09-04",81.93
"2020-09-08",78.970001
"2020-09-09",80.029999
"2020-09-10",78.150002
"2020-09-11",77.690002
"2020-09-14",77.290001
"2020-09-15",76.349998
"2020-09-16",78.559998
"2020-09-17",78.790001
"2020-09-18",78.209999
"2020-09-21",76.300003
"2020-09-22",75.529999
"2020-09-23",71.949997
"2020-09-24",71.800003
"2020-09-25",71.830002
"2020-09-28",73.93
"2020-09-29",71.900002
"2020-09-30",72
"2020-10-01",70.419998
"2020-10-02",71.190002
"2020-10-05",72.699997
"2020-10-06",72.300003
"2020-10-07",73.779999
"2020-10-08",75.220001
"2020-10-09",74
"2020-10-12",74.510002
"2020-10-13",73.400002
"2020-10-14",72.949997
"2020-10-15",73.510002
"2020-10-16",72.889999
"2020-10-19",71.279999
"2020-10-20",71.68
"2020-10-21",70.870003
"2020-10-22",73.400002
"2020-10-23",72.57
"2020-10-26",70.940002
"2020-10-27",69.510002
"2020-10-28",66.879997
"2020-10-29",68.800003
"2020-10-30",69.5
"2020-11-02",72.150002
"2020-11-03",71.739998
"2020-11-04",71.769997
"2020-11-05",72.139999
"2020-11-06",71.150002
"2020-11-09",79.400002
"2020-11-10",83.07
"2020-11-11",82.459999
"2020-11-12",80.669998
"2020-11-13",83.029999
"2020-11-16",88.959999
"2020-11-17",87.040001
"2020-11-18",84.279999
"2020-11-19",85.730003
"2020-11-20",85.790001
"2020-11-23",91.029999
"2020-11-24",95.620003
"2020-11-25",92.139999
"2020-11-27",91.309998
"2020-11-30",87.18
"2020-12-01",87.449997
"2020-12-02",89.870003
"2020-12-03",89.800003
"2020-12-04",93.279999
"2020-12-07",90.760002
"2020-12-08",91.540001
"2020-12-09",90.440002
"2020-12-10",93.349998
"2020-12-11",92.449997
"2020-12-14",89.440002
"2020-12-15",89.370003
"2020-12-16",88.690002
"2020-12-17",88.410004
"2020-12-18",87.190002
"2020-12-21",86.089996
"2020-12-22",84.360001
"2020-12-23",85.690002
"2020-12-24",85.330002
"2020-12-28",84.900002
"2020-12-29",84.610001
"2020-12-30",85.330002
"2020-12-31",84.449997
"2021-01-04",84.709999
"2021-01-05",87
"2021-01-06",89.800003
"2021-01-07",90.220001
"2021-01-08",91.080002
"2021-01-11",91.599998
"2021-01-12",93.339996
"2021-01-13",93.25
"2021-01-14",95.489998
"2021-01-15",92.089996
"2021-01-19",94.510002
"2021-01-20",95.379997
"2021-01-21",92.010002
"2021-01-22",91.730003
"2021-01-25",90.900002
"2021-01-26",89.360001
"2021-01-27",88.199997
"2021-01-28",89.019997
"2021-01-29",85.199997
"2021-02-01",86.410004
"2021-02-02",87.059998
"2021-02-03",88.959999
"2021-02-04",89
"2021-02-05",89.260002
"2021-02-08",91.480003
"2021-02-09",90.959999
"2021-02-10",92.519997
"2021-02-11",92.019997
"2021-02-12",92.550003
"2021-02-16",93.129997
"2021-02-17",95.919998
"2021-02-18",95
"2021-02-19",95.800003
"2021-02-22",98.389999
"2021-02-23",99.629997
"2021-02-24",103.309998
"2021-02-25",102.349998
"2021-02-26",100
"2021-03-01",102.050003
"2021-03-02",102.440002
"2021-03-03",103.589996
"2021-03-04",104.5
"2021-03-05",109
"2021-03-08",109.75
"2021-03-09",109.5
"2021-03-10",111.370003
