"Index","JNJ.Close"
"2010-01-04",64.68
"2010-01-05",63.93
"2010-01-06",64.449997
"2010-01-07",63.990002
"2010-01-08",64.209999
"2010-01-11",64.220001
"2010-01-12",64.559998
"2010-01-13",64.970001
"2010-01-14",65.099998
"2010-01-15",64.559998
"2010-01-19",65.349998
"2010-01-20",65.150002
"2010-01-21",63.970001
"2010-01-22",63.200001
"2010-01-25",63.220001
"2010-01-26",62.790001
"2010-01-27",63.439999
"2010-01-28",63.799999
"2010-01-29",62.860001
"2010-02-01",63.09
"2010-02-02",63.990002
"2010-02-03",63.630001
"2010-02-04",62.639999
"2010-02-05",62.639999
"2010-02-08",62.369999
"2010-02-09",62.759998
"2010-02-10",62.73
"2010-02-11",62.91
"2010-02-12",62.720001
"2010-02-16",63.610001
"2010-02-17",63.98
"2010-02-18",64.529999
"2010-02-19",63.810001
"2010-02-22",63.490002
"2010-02-23",63.310001
"2010-02-24",63.450001
"2010-02-25",63.279999
"2010-02-26",63
"2010-03-01",63.389999
"2010-03-02",63.439999
"2010-03-03",63.400002
"2010-03-04",63.57
"2010-03-05",64.040001
"2010-03-08",64.199997
"2010-03-09",64.269997
"2010-03-10",64.290001
"2010-03-11",64.220001
"2010-03-12",64.18
"2010-03-15",64.57
"2010-03-16",64.529999
"2010-03-17",64.650002
"2010-03-18",65.059998
"2010-03-19",65.110001
"2010-03-22",65.099998
"2010-03-23",65.360001
"2010-03-24",64.75
"2010-03-25",64.57
"2010-03-26",64.379997
"2010-03-29",64.82
"2010-03-30",64.900002
"2010-03-31",65.199997
"2010-04-01",65.769997
"2010-04-05",65.400002
"2010-04-06",65.309998
"2010-04-07",65.220001
"2010-04-08",64.93
"2010-04-09",65.139999
"2010-04-12",65.110001
"2010-04-13",65.68
"2010-04-14",65.489998
"2010-04-15",65.510002
"2010-04-16",65.019997
"2010-04-19",66.029999
"2010-04-20",65.989998
"2010-04-21",65.389999
"2010-04-22",64.779999
"2010-04-23",65.040001
"2010-04-26",64.760002
"2010-04-27",64.279999
"2010-04-28",64.620003
"2010-04-29",65.010002
"2010-04-30",64.300003
"2010-05-03",65.330002
"2010-05-04",64.699997
"2010-05-05",65.139999
"2010-05-06",63.400002
"2010-05-07",63.310001
"2010-05-10",64.75
"2010-05-11",64.669998
"2010-05-12",64.900002
"2010-05-13",64.669998
"2010-05-14",63.970001
"2010-05-17",63.880001
"2010-05-18",62.970001
"2010-05-19",62.220001
"2010-05-20",60.549999
"2010-05-21",60.880001
"2010-05-24",60.57
"2010-05-25",60.349998
"2010-05-26",59.66
"2010-05-27",59.029999
"2010-05-28",58.299999
"2010-06-01",58.759998
"2010-06-02",59.73
"2010-06-03",59.77
"2010-06-04",58.009998
"2010-06-07",58
"2010-06-08",58.639999
"2010-06-09",58.169998
"2010-06-10",58.5
"2010-06-11",58.459999
"2010-06-14",58.419998
"2010-06-15",59.139999
"2010-06-16",59.240002
"2010-06-17",59.18
"2010-06-18",59.18
"2010-06-21",59.130001
"2010-06-22",59.16
"2010-06-23",59.240002
"2010-06-24",59.599998
"2010-06-25",58.700001
"2010-06-28",59.450001
"2010-06-29",59.240002
"2010-06-30",59.060001
"2010-07-01",59.07
"2010-07-02",59.080002
"2010-07-06",59.080002
"2010-07-07",60.610001
"2010-07-08",61.380001
"2010-07-09",60.540001
"2010-07-12",60.209999
"2010-07-13",60.5
"2010-07-14",60.619999
"2010-07-15",60.259998
"2010-07-16",59.439999
"2010-07-19",59.57
"2010-07-20",58.580002
"2010-07-21",57.119999
"2010-07-22",57.02
"2010-07-23",57.630001
"2010-07-26",57.740002
"2010-07-27",58.099998
"2010-07-28",57.830002
"2010-07-29",57.830002
"2010-07-30",58.09
"2010-08-02",58.720001
"2010-08-03",59.349998
"2010-08-04",59.740002
"2010-08-05",59.759998
"2010-08-06",59.959999
"2010-08-09",60.049999
"2010-08-10",59.43
"2010-08-11",58.5
"2010-08-12",58.52
"2010-08-13",58.150002
"2010-08-16",58.009998
"2010-08-17",59.220001
"2010-08-18",59.349998
"2010-08-19",58.720001
"2010-08-20",58.740002
"2010-08-23",58.869999
"2010-08-24",58.009998
"2010-08-25",57.98
"2010-08-26",57.799999
"2010-08-27",57.599998
"2010-08-30",57.299999
"2010-08-31",57.02
"2010-09-01",58.290001
"2010-09-02",58.610001
"2010-09-03",58.93
"2010-09-07",58.700001
"2010-09-08",58.849998
"2010-09-09",59.82
"2010-09-10",59.98
"2010-09-13",60.32
"2010-09-14",60.580002
"2010-09-15",61.049999
"2010-09-16",61.290001
"2010-09-17",61.57
"2010-09-20",62.09
"2010-09-21",61.939999
"2010-09-22",61.970001
"2010-09-23",61.810001
"2010-09-24",62.139999
"2010-09-27",62.029999
"2010-09-28",62.43
"2010-09-29",62.310001
"2010-09-30",61.959999
"2010-10-01",61.75
"2010-10-04",61.669998
"2010-10-05",62.799999
"2010-10-06",63.209999
"2010-10-07",63.220001
"2010-10-08",63.23
"2010-10-11",63.299999
"2010-10-12",63.290001
"2010-10-13",63.580002
"2010-10-14",63.740002
"2010-10-15",63.57
"2010-10-18",63.860001
"2010-10-19",63.290001
"2010-10-20",63.599998
"2010-10-21",63.990002
"2010-10-22",63.810001
"2010-10-25",63.98
"2010-10-26",63.84
"2010-10-27",63.57
"2010-10-28",63.560001
"2010-10-29",63.740002
"2010-11-01",63.689999
"2010-11-02",63.880001
"2010-11-03",64.190002
"2010-11-04",64.760002
"2010-11-05",64.650002
"2010-11-08",64.330002
"2010-11-09",64.309998
"2010-11-10",63.950001
"2010-11-11",63.919998
"2010-11-12",63.669998
"2010-11-15",64.139999
"2010-11-16",63.139999
"2010-11-17",63.060001
"2010-11-18",63.830002
"2010-11-19",63.830002
"2010-11-22",63.619999
"2010-11-23",62.869999
"2010-11-24",63.290001
"2010-11-26",62.299999
"2010-11-29",61.91
"2010-11-30",61.549999
"2010-12-01",62.419998
"2010-12-02",62.599998
"2010-12-03",62.560001
"2010-12-06",62.200001
"2010-12-07",62.310001
"2010-12-08",62.450001
"2010-12-09",62.060001
"2010-12-10",61.91
"2010-12-13",61.860001
"2010-12-14",62.77
"2010-12-15",62.57
"2010-12-16",62.400002
"2010-12-17",62.540001
"2010-12-20",62.490002
"2010-12-21",62.34
"2010-12-22",62.02
"2010-12-23",62.25
"2010-12-27",61.93
"2010-12-28",62.049999
"2010-12-29",62.130001
"2010-12-30",61.939999
"2010-12-31",61.849998
"2011-01-03",62.82
"2011-01-04",63.349998
"2011-01-05",63.310001
"2011-01-06",63.209999
"2011-01-07",62.599998
"2011-01-10",62.16
"2011-01-11",62.27
"2011-01-12",62.5
"2011-01-13",62.91
"2011-01-14",62.549999
"2011-01-18",62.099998
"2011-01-19",62.560001
"2011-01-20",62.860001
"2011-01-21",62.66
"2011-01-24",62.220001
"2011-01-25",61.080002
"2011-01-26",60.599998
"2011-01-27",60.68
"2011-01-28",60.009998
"2011-01-31",59.77
"2011-02-01",60.630001
"2011-02-02",60.619999
"2011-02-03",60.799999
"2011-02-04",60.84
"2011-02-07",60.869999
"2011-02-08",60.939999
"2011-02-09",60.880001
"2011-02-10",60.93
"2011-02-11",60.700001
"2011-02-14",60.700001
"2011-02-15",60.619999
"2011-02-16",60.52
"2011-02-17",60.790001
"2011-02-18",61.110001
"2011-02-22",60.650002
"2011-02-23",60.389999
"2011-02-24",60.25
"2011-02-25",59.639999
"2011-02-28",61.439999
"2011-03-01",60.700001
"2011-03-02",60.810001
"2011-03-03",61.049999
"2011-03-04",61.060001
"2011-03-07",60.400002
"2011-03-08",60.709999
"2011-03-09",60.400002
"2011-03-10",59.610001
"2011-03-11",59.689999
"2011-03-14",59.130001
"2011-03-15",58.48
"2011-03-16",57.66
"2011-03-17",58.130001
"2011-03-18",58.57
"2011-03-21",58.830002
"2011-03-22",58.790001
"2011-03-23",58.720001
"2011-03-24",59.029999
"2011-03-25",58.98
"2011-03-28",59.240002
"2011-03-29",59.220001
"2011-03-30",59.380001
"2011-03-31",59.25
"2011-04-01",59.490002
"2011-04-04",60.150002
"2011-04-05",59.799999
"2011-04-06",59.66
"2011-04-07",59.48
"2011-04-08",59.459999
"2011-04-11",59.860001
"2011-04-12",59.939999
"2011-04-13",59.599998
"2011-04-14",60.02
"2011-04-15",60.560001
"2011-04-18",60.459999
"2011-04-19",62.689999
"2011-04-20",64.389999
"2011-04-21",64.07
"2011-04-25",64.110001
"2011-04-26",64.949997
"2011-04-27",65.57
"2011-04-28",65.379997
"2011-04-29",65.720001
"2011-05-02",66.209999
"2011-05-03",66.260002
"2011-05-04",65.669998
"2011-05-05",65.010002
"2011-05-06",65.269997
"2011-05-09",65.629997
"2011-05-10",65.760002
"2011-05-11",66.57
"2011-05-12",67.190002
"2011-05-13",66.620003
"2011-05-16",66.370003
"2011-05-17",66.400002
"2011-05-18",66.5
"2011-05-19",66.389999
"2011-05-20",65.690002
"2011-05-23",65.559998
"2011-05-24",65.779999
"2011-05-25",66.290001
"2011-05-26",65.510002
"2011-05-27",66.769997
"2011-05-31",67.290001
"2011-06-01",66.480003
"2011-06-02",66.480003
"2011-06-03",66.089996
"2011-06-06",66.050003
"2011-06-07",65.5
"2011-06-08",66.139999
"2011-06-09",66.779999
"2011-06-10",66.089996
"2011-06-13",66.589996
"2011-06-14",67.099998
"2011-06-15",66.160004
"2011-06-16",66.32
"2011-06-17",66.290001
"2011-06-20",66.510002
"2011-06-21",66.489998
"2011-06-22",66.07
"2011-06-23",65.669998
"2011-06-24",65.059998
"2011-06-27",65.25
"2011-06-28",65.910004
"2011-06-29",66.309998
"2011-06-30",66.519997
"2011-07-01",67.300003
"2011-07-05",67.620003
"2011-07-06",67.550003
"2011-07-07",67.919998
"2011-07-08",67.57
"2011-07-11",67.269997
"2011-07-12",67.029999
"2011-07-13",67.629997
"2011-07-14",67.660004
"2011-07-15",67.449997
"2011-07-18",67.089996
"2011-07-19",66.720001
"2011-07-20",66.239998
"2011-07-21",66.470001
"2011-07-22",66.720001
"2011-07-25",66.25
"2011-07-26",65.919998
"2011-07-27",65.230003
"2011-07-28",65.080002
"2011-07-29",64.790001
"2011-08-01",64.410004
"2011-08-02",63.43
"2011-08-03",63.41
"2011-08-04",61.84
"2011-08-05",62.709999
"2011-08-08",61.119999
"2011-08-09",62.200001
"2011-08-10",60.200001
"2011-08-11",63.439999
"2011-08-12",63.360001
"2011-08-15",64.589996
"2011-08-16",64.360001
"2011-08-17",64.260002
"2011-08-18",63.16
"2011-08-19",63.139999
"2011-08-22",63.290001
"2011-08-23",64.970001
"2011-08-24",65.529999
"2011-08-25",64.550003
"2011-08-26",64.279999
"2011-08-29",65.860001
"2011-08-30",65.769997
"2011-08-31",65.800003
"2011-09-01",65.330002
"2011-09-02",64.07
"2011-09-06",64.639999
"2011-09-07",65.43
"2011-09-08",64.949997
"2011-09-09",63.639999
"2011-09-12",63.59
"2011-09-13",63.610001
"2011-09-14",63.73
"2011-09-15",64.400002
"2011-09-16",64.589996
"2011-09-19",64.139999
"2011-09-20",64.220001
"2011-09-21",63.130001
"2011-09-22",61.919998
"2011-09-23",61.59
"2011-09-26",62.689999
"2011-09-27",63.82
"2011-09-28",63.25
"2011-09-29",63.900002
"2011-09-30",63.689999
"2011-10-03",62.080002
"2011-10-04",62.169998
"2011-10-05",62.349998
"2011-10-06",62.810001
"2011-10-07",63.130001
"2011-10-10",64.43
"2011-10-11",63.959999
"2011-10-12",64.330002
"2011-10-13",64.230003
"2011-10-14",64.720001
"2011-10-17",63.790001
"2011-10-18",64.419998
"2011-10-19",62.639999
"2011-10-20",62.529999
"2011-10-21",63.779999
"2011-10-24",64.730003
"2011-10-25",63.689999
"2011-10-26",64.489998
"2011-10-27",65.5
"2011-10-28",65.599998
"2011-10-31",64.389999
"2011-11-01",63.380001
"2011-11-02",63.639999
"2011-11-03",64.339996
"2011-11-04",64.120003
"2011-11-07",64
"2011-11-08",64.860001
"2011-11-09",63.529999
"2011-11-10",64.120003
"2011-11-11",65.25
"2011-11-14",64.910004
"2011-11-15",64.989998
"2011-11-16",64.400002
"2011-11-17",63.939999
"2011-11-18",63.849998
"2011-11-21",62.939999
"2011-11-22",62.900002
"2011-11-23",61.990002
"2011-11-25",61.27
"2011-11-28",62.369999
"2011-11-29",62.779999
"2011-11-30",64.720001
"2011-12-01",64.449997
"2011-12-02",63.470001
"2011-12-05",63.360001
"2011-12-06",63.490002
"2011-12-07",64.449997
"2011-12-08",63.779999
"2011-12-09",64.529999
"2011-12-12",63.509998
"2011-12-13",63.360001
"2011-12-14",63.18
"2011-12-15",64
"2011-12-16",64.300003
"2011-12-19",63.529999
"2011-12-20",64.519997
"2011-12-21",64.959999
"2011-12-22",65.18
"2011-12-23",65.980003
"2011-12-27",66.019997
"2011-12-28",65.449997
"2011-12-29",65.879997
"2011-12-30",65.580002
"2012-01-03",65.879997
"2012-01-04",65.480003
"2012-01-05",65.400002
"2012-01-06",64.830002
"2012-01-09",64.93
"2012-01-10",65.199997
"2012-01-11",65.129997
"2012-01-12",65.230003
"2012-01-13",65.260002
"2012-01-17",65.120003
"2012-01-18",65.279999
"2012-01-19",65.190002
"2012-01-20",65.269997
"2012-01-23",65
"2012-01-24",65
"2012-01-25",65.220001
"2012-01-26",65.699997
"2012-01-27",65.559998
"2012-01-30",65.709999
"2012-01-31",65.910004
"2012-02-01",65.690002
"2012-02-02",65.589996
"2012-02-03",65.639999
"2012-02-06",65.190002
"2012-02-07",65.260002
"2012-02-08",65.239998
"2012-02-09",64.889999
"2012-02-10",64.599998
"2012-02-13",64.68
"2012-02-14",64.610001
"2012-02-15",64.650002
"2012-02-16",64.919998
"2012-02-17",64.989998
"2012-02-21",65.040001
"2012-02-22",65
"2012-02-23",65.099998
"2012-02-24",64.459999
"2012-02-27",64.449997
"2012-02-28",65.18
"2012-02-29",65.080002
"2012-03-01",64.830002
"2012-03-02",64.769997
"2012-03-05",64.910004
"2012-03-06",64.349998
"2012-03-07",64.300003
"2012-03-08",64.849998
"2012-03-09",64.739998
"2012-03-12",65.099998
"2012-03-13",65.330002
"2012-03-14",65.080002
"2012-03-15",65.07
"2012-03-16",65.120003
"2012-03-19",65.209999
"2012-03-20",64.959999
"2012-03-21",64.760002
"2012-03-22",64.459999
"2012-03-23",64.550003
"2012-03-26",65.169998
"2012-03-27",65.400002
"2012-03-28",65.620003
"2012-03-29",65.540001
"2012-03-30",65.959999
"2012-04-02",66.209999
"2012-04-03",65.879997
"2012-04-04",65.389999
"2012-04-05",65.339996
"2012-04-09",64.919998
"2012-04-10",64.199997
"2012-04-11",64.129997
"2012-04-12",64.150002
"2012-04-13",63.540001
"2012-04-16",63.98
"2012-04-17",64.220001
"2012-04-18",63.259998
"2012-04-19",63.029999
"2012-04-20",63.709999
"2012-04-23",63.369999
"2012-04-24",63.77
"2012-04-25",64.43
"2012-04-26",64.75
"2012-04-27",64.839996
"2012-04-30",65.099998
"2012-05-01",65.220001
"2012-05-02",65.330002
"2012-05-03",65.339996
"2012-05-04",64.739998
"2012-05-07",64.800003
"2012-05-08",64.980003
"2012-05-09",64.279999
"2012-05-10",64.57
"2012-05-11",64.339996
"2012-05-14",63.93
"2012-05-15",63.610001
"2012-05-16",63.709999
"2012-05-17",63.549999
"2012-05-18",63.349998
"2012-05-21",63.470001
"2012-05-22",63.52
"2012-05-23",63.27
"2012-05-24",63.099998
"2012-05-25",62.509998
"2012-05-29",62.59
"2012-05-30",62.209999
"2012-05-31",62.43
"2012-06-01",61.779999
"2012-06-04",62.34
"2012-06-05",62.209999
"2012-06-06",62.799999
"2012-06-07",62.799999
"2012-06-08",62.98
"2012-06-11",62.119999
"2012-06-12",63.080002
"2012-06-13",64.449997
"2012-06-14",65.449997
"2012-06-15",66.010002
"2012-06-18",66.300003
"2012-06-19",66.720001
"2012-06-20",67
"2012-06-21",66.389999
"2012-06-22",66.629997
"2012-06-25",66.5
"2012-06-26",66.419998
"2012-06-27",66.839996
"2012-06-28",66.940002
"2012-06-29",67.559998
"2012-07-02",68
"2012-07-03",68.040001
"2012-07-05",67.779999
"2012-07-06",67.639999
"2012-07-09",67.779999
"2012-07-10",67.879997
"2012-07-11",67.900002
"2012-07-12",67.709999
"2012-07-13",68.610001
"2012-07-16",68.449997
"2012-07-17",69
"2012-07-18",69.370003
"2012-07-19",69.529999
"2012-07-20",68.629997
"2012-07-23",68.110001
"2012-07-24",67.349998
"2012-07-25",67.529999
"2012-07-26",68.739998
"2012-07-27",69.519997
"2012-07-30",69.449997
"2012-07-31",69.220001
"2012-08-01",69.379997
"2012-08-02",68.449997
"2012-08-03",69.120003
"2012-08-06",68.839996
"2012-08-07",68.290001
"2012-08-08",68.349998
"2012-08-09",68.32
"2012-08-10",68.639999
"2012-08-13",68.459999
"2012-08-14",68.639999
"2012-08-15",68.349998
"2012-08-16",68.199997
"2012-08-17",67.800003
"2012-08-20",67.699997
"2012-08-21",67.779999
"2012-08-22",67.75
"2012-08-23",67.739998
"2012-08-24",67.599998
"2012-08-27",67.489998
"2012-08-28",67.510002
"2012-08-29",67.370003
"2012-08-30",67.209999
"2012-08-31",67.43
"2012-09-04",67.260002
"2012-09-05",67.269997
"2012-09-06",67.839996
"2012-09-07",67.879997
"2012-09-10",68.18
"2012-09-11",68.199997
"2012-09-12",68.150002
"2012-09-13",68.989998
"2012-09-14",68.470001
"2012-09-17",68.25
"2012-09-18",68.550003
"2012-09-19",68.599998
"2012-09-20",68.900002
"2012-09-21",69.059998
"2012-09-24",69
"2012-09-25",69.32
"2012-09-26",69
"2012-09-27",69.010002
"2012-09-28",68.910004
"2012-10-01",69.129997
"2012-10-02",68.959999
"2012-10-03",69
"2012-10-04",69.269997
"2012-10-05",69.650002
"2012-10-08",69.440002
"2012-10-09",68.410004
"2012-10-10",68.220001
"2012-10-11",67.970001
"2012-10-12",67.970001
"2012-10-15",68.599998
"2012-10-16",69.550003
"2012-10-17",71
"2012-10-18",72.519997
"2012-10-19",71.860001
"2012-10-22",71.779999
"2012-10-23",70.889999
"2012-10-24",70.739998
"2012-10-25",71.139999
"2012-10-26",70.900002
"2012-10-31",70.82
"2012-11-01",71.5
"2012-11-02",70.900002
"2012-11-05",70.790001
"2012-11-06",71.010002
"2012-11-07",70.339996
"2012-11-08",69.650002
"2012-11-09",69.870003
"2012-11-12",69.68
"2012-11-13",69.510002
"2012-11-14",69.269997
"2012-11-15",69.07
"2012-11-16",69.190002
"2012-11-19",69.25
"2012-11-20",69.669998
"2012-11-21",69.589996
"2012-11-23",69.559998
"2012-11-26",69.089996
"2012-11-27",68.809998
"2012-11-28",69.290001
"2012-11-29",69.220001
"2012-11-30",69.730003
"2012-12-03",69.650002
"2012-12-04",69.860001
"2012-12-05",69.970001
"2012-12-06",70.050003
"2012-12-07",70.449997
"2012-12-10",70.599998
"2012-12-11",71.099998
"2012-12-12",70.959999
"2012-12-13",70.75
"2012-12-14",70.690002
"2012-12-17",70.940002
"2012-12-18",70.949997
"2012-12-19",70.629997
"2012-12-20",70.75
"2012-12-21",70.269997
"2012-12-24",70.019997
"2012-12-26",70.169998
"2012-12-27",70.089996
"2012-12-28",69.480003
"2012-12-31",70.099998
"2013-01-02",70.839996
"2013-01-03",70.739998
"2013-01-04",71.550003
"2013-01-07",71.400002
"2013-01-08",71.410004
"2013-01-09",71.730003
"2013-01-10",72.190002
"2013-01-11",72.349998
"2013-01-14",72.559998
"2013-01-15",72.370003
"2013-01-16",72.580002
"2013-01-17",72.900002
"2013-01-18",73.230003
"2013-01-22",72.690002
"2013-01-23",72.849998
"2013-01-24",73.099998
"2013-01-25",73.919998
"2013-01-28",73.620003
"2013-01-29",74.410004
"2013-01-30",74.089996
"2013-01-31",73.919998
"2013-02-01",74.18
"2013-02-04",74.110001
"2013-02-05",74.660004
"2013-02-06",75.389999
"2013-02-07",75.059998
"2013-02-08",75.480003
"2013-02-11",75.410004
"2013-02-12",75.800003
"2013-02-13",75.660004
"2013-02-14",75.809998
"2013-02-15",76.160004
"2013-02-19",76.959999
"2013-02-20",76.650002
"2013-02-21",76.870003
"2013-02-22",76.25
"2013-02-25",75.57
"2013-02-26",75.75
"2013-02-27",76.32
"2013-02-28",76.110001
"2013-03-01",76.699997
"2013-03-04",77.199997
"2013-03-05",77.660004
"2013-03-06",77.389999
"2013-03-07",77.75
"2013-03-08",78.190002
"2013-03-11",78.440002
"2013-03-12",78.559998
"2013-03-13",78.550003
"2013-03-14",79.099998
"2013-03-15",79.190002
"2013-03-18",78.809998
"2013-03-19",78.860001
"2013-03-20",79.449997
"2013-03-21",79.010002
"2013-03-22",79.739998
"2013-03-25",79.68
"2013-03-26",80.849998
"2013-03-27",81.269997
"2013-03-28",81.529999
"2013-04-01",81.93
"2013-04-02",82.690002
"2013-04-03",82.07
"2013-04-04",82.410004
"2013-04-05",82.040001
"2013-04-08",81.110001
"2013-04-09",81.519997
"2013-04-10",82.019997
"2013-04-11",82.32
"2013-04-12",82.739998
"2013-04-15",81.709999
"2013-04-16",83.440002
"2013-04-17",83.900002
"2013-04-18",83.18
"2013-04-19",84.489998
"2013-04-22",84.830002
"2013-04-23",85.449997
"2013-04-24",84.389999
"2013-04-25",85.220001
"2013-04-26",85.120003
"2013-04-29",85.580002
"2013-04-30",85.230003
"2013-05-01",84.230003
"2013-05-02",85.160004
"2013-05-03",85.75
"2013-05-06",84.68
"2013-05-07",85.529999
"2013-05-08",85.459999
"2013-05-09",85.150002
"2013-05-10",85.760002
"2013-05-13",85.849998
"2013-05-14",86.970001
"2013-05-15",87.639999
"2013-05-16",87.449997
"2013-05-17",88.089996
"2013-05-20",88.010002
"2013-05-21",88.589996
"2013-05-22",88.459999
"2013-05-23",87.209999
"2013-05-24",86.82
"2013-05-28",87.610001
"2013-05-29",85.650002
"2013-05-30",85.989998
"2013-05-31",84.18
"2013-06-03",84.709999
"2013-06-04",84.099998
"2013-06-05",83.68
"2013-06-06",84.459999
"2013-06-07",84.910004
"2013-06-10",85.139999
"2013-06-11",84.690002
"2013-06-12",83.739998
"2013-06-13",84.910004
"2013-06-14",84.910004
"2013-06-17",85.629997
"2013-06-18",86.360001
"2013-06-19",84.860001
"2013-06-20",82.620003
"2013-06-21",83.199997
"2013-06-24",84.610001
"2013-06-25",85.349998
"2013-06-26",86.989998
"2013-06-27",86.709999
"2013-06-28",85.860001
"2013-07-01",86.629997
"2013-07-02",86.57
"2013-07-03",86.779999
"2013-07-05",87.870003
"2013-07-08",88.589996
"2013-07-09",88.879997
"2013-07-10",89.239998
"2013-07-11",89.669998
"2013-07-12",89.989998
"2013-07-15",90.400002
"2013-07-16",90.400002
"2013-07-17",90.129997
"2013-07-18",90.169998
"2013-07-19",92.230003
"2013-07-22",92.279999
"2013-07-23",92.419998
"2013-07-24",92.360001
"2013-07-25",92.57
"2013-07-26",92.830002
"2013-07-29",93.209999
"2013-07-30",93.169998
"2013-07-31",93.5
"2013-08-01",93.769997
"2013-08-02",94.389999
"2013-08-05",93.800003
"2013-08-06",93.809998
"2013-08-07",93.660004
"2013-08-08",93.339996
"2013-08-09",92.360001
"2013-08-12",92
"2013-08-13",93.010002
"2013-08-14",90.699997
"2013-08-15",89.550003
"2013-08-16",89.370003
"2013-08-19",90.449997
"2013-08-20",89.730003
"2013-08-21",88.800003
"2013-08-22",88.260002
"2013-08-23",88.410004
"2013-08-26",87.529999
"2013-08-27",86.169998
"2013-08-28",86.529999
"2013-08-29",86.57
"2013-08-30",86.410004
"2013-09-03",86.419998
"2013-09-04",86.900002
"2013-09-05",87.040001
"2013-09-06",87.160004
"2013-09-09",87.559998
"2013-09-10",88.529999
"2013-09-11",89.230003
"2013-09-12",89.010002
"2013-09-13",88.57
"2013-09-16",89.029999
"2013-09-17",89.059998
"2013-09-18",89.910004
"2013-09-19",90.07
"2013-09-20",89.68
"2013-09-23",89.089996
"2013-09-24",88.220001
"2013-09-25",87.080002
"2013-09-26",87.07
"2013-09-27",86.730003
"2013-09-30",86.690002
"2013-10-01",87.470001
"2013-10-02",87.290001
"2013-10-03",86.580002
"2013-10-04",87.309998
"2013-10-07",86.589996
"2013-10-08",85.610001
"2013-10-09",85.959999
"2013-10-10",87.779999
"2013-10-11",89.449997
"2013-10-14",89.800003
"2013-10-15",89.93
"2013-10-16",91.110001
"2013-10-17",91.970001
"2013-10-18",91.629997
"2013-10-21",91.199997
"2013-10-22",92.360001
"2013-10-23",92.099998
"2013-10-24",92.349998
"2013-10-25",92.089996
"2013-10-28",92.389999
"2013-10-29",93.139999
"2013-10-30",92.790001
"2013-10-31",92.610001
"2013-11-01",93.370003
"2013-11-04",93.029999
"2013-11-05",92.809998
"2013-11-06",93.040001
"2013-11-07",92.690002
"2013-11-08",94.050003
"2013-11-11",94.290001
"2013-11-12",93.559998
"2013-11-13",93.339996
"2013-11-14",93.919998
"2013-11-15",94.389999
"2013-11-18",94.300003
"2013-11-19",94.860001
"2013-11-20",95.150002
"2013-11-21",95.199997
"2013-11-22",95.25
"2013-11-25",95.629997
"2013-11-26",95.059998
"2013-11-27",94.980003
"2013-11-29",94.660004
"2013-12-02",94.279999
"2013-12-03",93.970001
"2013-12-04",93.629997
"2013-12-05",92.970001
"2013-12-06",94.440002
"2013-12-09",94.440002
"2013-12-10",94.139999
"2013-12-11",93.110001
"2013-12-12",91.160004
"2013-12-13",91.349998
"2013-12-16",91.370003
"2013-12-17",90.660004
"2013-12-18",92.639999
"2013-12-19",91.980003
"2013-12-20",92.089996
"2013-12-23",92.029999
"2013-12-24",92.059998
"2013-12-26",92.540001
"2013-12-27",92.349998
"2013-12-30",92.300003
"2013-12-31",91.589996
"2014-01-02",91.029999
"2014-01-03",91.849998
"2014-01-06",92.330002
"2014-01-07",94.290001
"2014-01-08",94.160004
"2014-01-09",94.730003
"2014-01-10",94.739998
"2014-01-13",94.5
"2014-01-14",94.720001
"2014-01-15",94.800003
"2014-01-16",94.639999
"2014-01-17",95.059998
"2014-01-21",94.029999
"2014-01-22",94.32
"2014-01-23",92.739998
"2014-01-24",90.610001
"2014-01-27",89.940002
"2014-01-28",90.099998
"2014-01-29",88.900002
"2014-01-30",89.5
"2014-01-31",88.470001
"2014-02-03",86.779999
"2014-02-04",86.620003
"2014-02-05",87.279999
"2014-02-06",88.75
"2014-02-07",90.040001
"2014-02-10",91.07
"2014-02-11",92.970001
"2014-02-12",92.419998
"2014-02-13",92.559998
"2014-02-14",92.760002
"2014-02-18",92.169998
"2014-02-19",91.639999
"2014-02-20",92.379997
"2014-02-21",91.519997
"2014-02-24",91.110001
"2014-02-25",91.110001
"2014-02-26",91.110001
"2014-02-27",91.360001
"2014-02-28",92.120003
"2014-03-03",91.559998
"2014-03-04",93.339996
"2014-03-05",92.589996
"2014-03-06",92.889999
"2014-03-07",93.32
"2014-03-10",93.449997
"2014-03-11",93.489998
"2014-03-12",93.599998
"2014-03-13",93
"2014-03-14",92.809998
"2014-03-17",93.93
"2014-03-18",93.940002
"2014-03-19",93.589996
"2014-03-20",94.120003
"2014-03-21",95.93
"2014-03-24",95.199997
"2014-03-25",97.379997
"2014-03-26",97.050003
"2014-03-27",97.279999
"2014-03-28",97.440002
"2014-03-31",98.230003
"2014-04-01",97.940002
"2014-04-02",98.230003
"2014-04-03",98.260002
"2014-04-04",98.419998
"2014-04-07",97.889999
"2014-04-08",98.059998
"2014-04-09",98.949997
"2014-04-10",96.540001
"2014-04-11",96.870003
"2014-04-14",97.139999
"2014-04-15",99.199997
"2014-04-16",98.75
"2014-04-17",98.959999
"2014-04-21",100
"2014-04-22",100.18
"2014-04-23",100.220001
"2014-04-24",99.959999
"2014-04-25",99.790001
"2014-04-28",101.339996
"2014-04-29",101.029999
"2014-04-30",101.290001
"2014-05-01",100.529999
"2014-05-02",99.309998
"2014-05-05",100
"2014-05-06",99.510002
"2014-05-07",100.910004
"2014-05-08",100.5
"2014-05-09",100.910004
"2014-05-12",100.519997
"2014-05-13",101.019997
"2014-05-14",100.870003
"2014-05-15",100.690002
"2014-05-16",100.580002
"2014-05-19",100.639999
"2014-05-20",100.25
"2014-05-21",101.139999
"2014-05-22",100.959999
"2014-05-23",100.980003
"2014-05-27",100.809998
"2014-05-28",100.300003
"2014-05-29",100.760002
"2014-05-30",101.459999
"2014-06-02",102.169998
"2014-06-03",102.459999
"2014-06-04",102.68
"2014-06-05",103.220001
"2014-06-06",103.18
"2014-06-09",103.220001
"2014-06-10",104.099998
"2014-06-11",103.32
"2014-06-12",102.529999
"2014-06-13",102.529999
"2014-06-16",102.449997
"2014-06-17",101.93
"2014-06-18",102.809998
"2014-06-19",103.809998
"2014-06-20",105.269997
"2014-06-23",104.75
"2014-06-24",104.589996
"2014-06-25",105.760002
"2014-06-26",105.650002
"2014-06-27",104.989998
"2014-06-30",104.620003
"2014-07-01",105.870003
"2014-07-02",105.860001
"2014-07-03",105.419998
"2014-07-07",106.470001
"2014-07-08",105.720001
"2014-07-09",106.040001
"2014-07-10",105.800003
"2014-07-11",105.099998
"2014-07-14",105.379997
"2014-07-15",103.279999
"2014-07-16",102.220001
"2014-07-17",100.370003
"2014-07-18",101.800003
"2014-07-21",101.269997
"2014-07-22",102.470001
"2014-07-23",102.190002
"2014-07-24",102.199997
"2014-07-25",102.110001
"2014-07-28",102.110001
"2014-07-29",101.959999
"2014-07-30",102.300003
"2014-07-31",100.089996
"2014-08-01",99.900002
"2014-08-04",100.160004
"2014-08-05",99.82
"2014-08-06",100.709999
"2014-08-07",99.93
"2014-08-08",101.080002
"2014-08-11",101.160004
"2014-08-12",100.629997
"2014-08-13",101.739998
"2014-08-14",102.019997
"2014-08-15",101.169998
"2014-08-18",102.699997
"2014-08-19",102.959999
"2014-08-20",103.209999
"2014-08-21",104.190002
"2014-08-22",103.099998
"2014-08-25",103.230003
"2014-08-26",103.440002
"2014-08-27",103.220001
"2014-08-28",102.949997
"2014-08-29",103.730003
"2014-09-02",103.360001
"2014-09-03",103.760002
"2014-09-04",103.839996
"2014-09-05",104.419998
"2014-09-08",104.050003
"2014-09-09",103.800003
"2014-09-10",104.989998
"2014-09-11",104.550003
"2014-09-12",104.580002
"2014-09-15",104.720001
"2014-09-16",105.879997
"2014-09-17",106.190002
"2014-09-18",107.349998
"2014-09-19",107.989998
"2014-09-22",107.879997
"2014-09-23",107.459999
"2014-09-24",108.639999
"2014-09-25",107.099998
"2014-09-26",107.099998
"2014-09-29",106.540001
"2014-09-30",106.589996
"2014-10-01",104.300003
"2014-10-02",103.849998
"2014-10-03",105.129997
"2014-10-06",104.860001
"2014-10-07",102.389999
"2014-10-08",104.910004
"2014-10-09",102.080002
"2014-10-10",101.230003
"2014-10-13",99.120003
"2014-10-14",97.010002
"2014-10-15",98.209999
"2014-10-16",96.779999
"2014-10-17",98.699997
"2014-10-20",99.199997
"2014-10-21",100.360001
"2014-10-22",101.220001
"2014-10-23",102.629997
"2014-10-24",103.129997
"2014-10-27",104.07
"2014-10-28",104.790001
"2014-10-29",105.559998
"2014-10-30",107.040001
"2014-10-31",107.779999
"2014-11-03",107.459999
"2014-11-04",108.620003
"2014-11-05",108.82
"2014-11-06",109.010002
"2014-11-07",108.199997
"2014-11-10",108.82
"2014-11-11",108.910004
"2014-11-12",108.75
"2014-11-13",109.07
"2014-11-14",108.160004
"2014-11-17",108.300003
"2014-11-18",108.830002
"2014-11-19",108.760002
"2014-11-20",108.18
"2014-11-21",107.860001
"2014-11-24",106.879997
"2014-11-25",106.699997
"2014-11-26",107.209999
"2014-11-28",108.25
"2014-12-01",108.029999
"2014-12-02",108.510002
"2014-12-03",107.720001
"2014-12-04",107.559998
"2014-12-05",108.510002
"2014-12-08",108.519997
"2014-12-09",108.050003
"2014-12-10",106.239998
"2014-12-11",106.720001
"2014-12-12",104.43
"2014-12-15",103.959999
"2014-12-16",102.760002
"2014-12-17",104.07
"2014-12-18",106.809998
"2014-12-19",105.550003
"2014-12-22",106.739998
"2014-12-23",104.279999
"2014-12-24",104.589996
"2014-12-26",105.059998
"2014-12-29",105.330002
"2014-12-30",105.360001
"2014-12-31",104.57
"2015-01-02",104.519997
"2015-01-05",103.790001
"2015-01-06",103.279999
"2015-01-07",105.559998
"2015-01-08",106.389999
"2015-01-09",104.940002
"2015-01-12",104.580002
"2015-01-13",104.760002
"2015-01-14",104
"2015-01-15",102.489998
"2015-01-16",104.040001
"2015-01-20",101.290001
"2015-01-21",101.900002
"2015-01-22",103.760002
"2015-01-23",102.199997
"2015-01-26",102.260002
"2015-01-27",102.089996
"2015-01-28",101.480003
"2015-01-29",102.379997
"2015-01-30",100.139999
"2015-02-02",100.830002
"2015-02-03",102.459999
"2015-02-04",101.360001
"2015-02-05",102.459999
"2015-02-06",101.099998
"2015-02-09",99.779999
"2015-02-10",100.349998
"2015-02-11",100.379997
"2015-02-12",98.440002
"2015-02-13",99.620003
"2015-02-17",100.440002
"2015-02-18",99.959999
"2015-02-19",100.699997
"2015-02-20",100.260002
"2015-02-23",100.18
"2015-02-24",100.699997
"2015-02-25",101.209999
"2015-02-26",102.800003
"2015-02-27",102.510002
"2015-03-02",103.220001
"2015-03-03",102.339996
"2015-03-04",101.650002
"2015-03-05",102.519997
"2015-03-06",100.110001
"2015-03-09",100.660004
"2015-03-10",99.529999
"2015-03-11",98.32
"2015-03-12",99.830002
"2015-03-13",99.209999
"2015-03-16",101.059998
"2015-03-17",99.889999
"2015-03-18",101.459999
"2015-03-19",101.690002
"2015-03-20",102.400002
"2015-03-23",102.980003
"2015-03-24",101.959999
"2015-03-25",100.339996
"2015-03-26",100.139999
"2015-03-27",100.339996
"2015-03-30",101.550003
"2015-03-31",100.599998
"2015-04-01",99.150002
"2015-04-02",99.639999
"2015-04-06",99.160004
"2015-04-07",100.099998
"2015-04-08",100.160004
"2015-04-09",101.330002
"2015-04-10",102.059998
"2015-04-13",100.550003
"2015-04-14",100.519997
"2015-04-15",100.599998
"2015-04-16",99.790001
"2015-04-17",99.580002
"2015-04-20",100.209999
"2015-04-21",100.300003
"2015-04-22",100.43
"2015-04-23",100.459999
"2015-04-24",101.080002
"2015-04-27",100.580002
"2015-04-28",100.739998
"2015-04-29",100.389999
"2015-04-30",99.199997
"2015-05-01",100.129997
"2015-05-04",100.349998
"2015-05-05",99.5
"2015-05-06",99.169998
"2015-05-07",99.660004
"2015-05-08",101.470001
"2015-05-11",101.029999
"2015-05-12",100.470001
"2015-05-13",100.550003
"2015-05-14",101.830002
"2015-05-15",102.300003
"2015-05-18",103.419998
"2015-05-19",103.959999
"2015-05-20",103.599998
"2015-05-21",102.419998
"2015-05-22",101.349998
"2015-05-26",100.82
"2015-05-27",101.129997
"2015-05-28",101.150002
"2015-05-29",100.139999
"2015-06-01",100.040001
"2015-06-02",99.980003
"2015-06-03",100.089996
"2015-06-04",99.230003
"2015-06-05",98.589996
"2015-06-08",97.959999
"2015-06-09",98.209999
"2015-06-10",98.879997
"2015-06-11",99.239998
"2015-06-12",98.349998
"2015-06-15",97.489998
"2015-06-16",98.360001
"2015-06-17",98.730003
"2015-06-18",100.360001
"2015-06-19",99.860001
"2015-06-22",100.089996
"2015-06-23",99.779999
"2015-06-24",99.330002
"2015-06-25",99.120003
"2015-06-26",99.639999
"2015-06-29",97.68
"2015-06-30",97.459999
"2015-07-01",98.470001
"2015-07-02",98.440002
"2015-07-06",98.199997
"2015-07-07",98.919998
"2015-07-08",97.769997
"2015-07-09",98.400002
"2015-07-10",99.529999
"2015-07-13",100.269997
"2015-07-14",99.779999
"2015-07-15",100.419998
"2015-07-16",101.110001
"2015-07-17",100.080002
"2015-07-20",100.370003
"2015-07-21",100.339996
"2015-07-22",100.18
"2015-07-23",100.199997
"2015-07-24",99.150002
"2015-07-27",98.279999
"2015-07-28",99.019997
"2015-07-29",99.730003
"2015-07-30",99.839996
"2015-07-31",100.209999
"2015-08-03",100.019997
"2015-08-04",99.800003
"2015-08-05",100.519997
"2015-08-06",99.07
"2015-08-07",98.849998
"2015-08-10",99.790001
"2015-08-11",99.010002
"2015-08-12",98.709999
"2015-08-13",98.480003
"2015-08-14",98.809998
"2015-08-17",99.870003
"2015-08-18",99.370003
"2015-08-19",99.309998
"2015-08-20",98.790001
"2015-08-21",95.559998
"2015-08-24",92.82
"2015-08-25",90.730003
"2015-08-26",95.110001
"2015-08-27",96.220001
"2015-08-28",95.169998
"2015-08-31",93.980003
"2015-09-01",92.089996
"2015-09-02",93.349998
"2015-09-03",92.639999
"2015-09-04",91.309998
"2015-09-08",93.940002
"2015-09-09",92.220001
"2015-09-10",92.720001
"2015-09-11",92.93
"2015-09-14",93.32
"2015-09-15",94.400002
"2015-09-16",94.610001
"2015-09-17",94.839996
"2015-09-18",93.389999
"2015-09-21",93.129997
"2015-09-22",93.239998
"2015-09-23",92.989998
"2015-09-24",92.480003
"2015-09-25",91
"2015-09-28",91.370003
"2015-09-29",93.040001
"2015-09-30",93.349998
"2015-10-01",93.169998
"2015-10-02",93.93
"2015-10-05",94.760002
"2015-10-06",93.419998
"2015-10-07",94.980003
"2015-10-08",95.080002
"2015-10-09",95.370003
"2015-10-12",95.989998
"2015-10-13",95.449997
"2015-10-14",94.529999
"2015-10-15",97.150002
"2015-10-16",98.239998
"2015-10-19",97.940002
"2015-10-20",97.589996
"2015-10-21",97.629997
"2015-10-22",99.529999
"2015-10-23",100.309998
"2015-10-26",99.940002
"2015-10-27",100.190002
"2015-10-28",100.480003
"2015-10-29",101.370003
"2015-10-30",101.029999
"2015-11-02",102.169998
"2015-11-03",101.959999
"2015-11-04",101.940002
"2015-11-05",102.330002
"2015-11-06",101.919998
"2015-11-09",100.839996
"2015-11-10",101.449997
"2015-11-11",101.860001
"2015-11-12",100.269997
"2015-11-13",99.879997
"2015-11-16",101.220001
"2015-11-17",101.5
"2015-11-18",102.669998
"2015-11-19",102.489998
"2015-11-20",102.480003
"2015-11-23",102.769997
"2015-11-24",102.040001
"2015-11-25",101.959999
"2015-11-27",102.370003
"2015-11-30",101.239998
"2015-12-01",102.360001
"2015-12-02",102.050003
"2015-12-03",100.790001
"2015-12-04",102.949997
"2015-12-07",103.32
"2015-12-08",102.419998
"2015-12-09",102.150002
"2015-12-10",102.639999
"2015-12-11",101.68
"2015-12-14",102.150002
"2015-12-15",104.129997
"2015-12-16",105.25
"2015-12-17",103.639999
"2015-12-18",101.949997
"2015-12-21",101.580002
"2015-12-22",102.709999
"2015-12-23",103.489998
"2015-12-24",103.720001
"2015-12-28",103.220001
"2015-12-29",104.029999
"2015-12-30",103.779999
"2015-12-31",102.720001
"2016-01-04",100.480003
"2016-01-05",100.900002
"2016-01-06",100.389999
"2016-01-07",99.220001
"2016-01-08",98.160004
"2016-01-11",97.57
"2016-01-12",98.239998
"2016-01-13",97.019997
"2016-01-14",98.889999
"2016-01-15",97
"2016-01-19",97.5
"2016-01-20",95.75
"2016-01-21",95.940002
"2016-01-22",96.75
"2016-01-25",96.400002
"2016-01-26",101.18
"2016-01-27",102.160004
"2016-01-28",102.269997
"2016-01-29",104.440002
"2016-02-01",104.370003
"2016-02-02",103.410004
"2016-02-03",104.139999
"2016-02-04",103.900002
"2016-02-05",100.540001
"2016-02-08",102
"2016-02-09",101.970001
"2016-02-10",101.730003
"2016-02-11",101.699997
"2016-02-12",101.82
"2016-02-16",102.32
"2016-02-17",102.5
"2016-02-18",104.239998
"2016-02-19",104.160004
"2016-02-22",104.75
"2016-02-23",104.080002
"2016-02-24",104.959999
"2016-02-25",106.379997
"2016-02-26",105.779999
"2016-02-29",105.209999
"2016-03-01",107.220001
"2016-03-02",107.040001
"2016-03-03",106.650002
"2016-03-04",106.5
"2016-03-07",106.739998
"2016-03-08",106.220001
"2016-03-09",106.839996
"2016-03-10",107.139999
"2016-03-11",107.709999
"2016-03-14",107.660004
"2016-03-15",107.760002
"2016-03-16",107.410004
"2016-03-17",106.739998
"2016-03-18",107.5
"2016-03-21",107.279999
"2016-03-22",107.379997
"2016-03-23",108.5
"2016-03-24",108.309998
"2016-03-28",108.230003
"2016-03-29",109.139999
"2016-03-30",108.980003
"2016-03-31",108.199997
"2016-04-01",109.190002
"2016-04-04",108.589996
"2016-04-05",108.949997
"2016-04-06",109.419998
"2016-04-07",109.269997
"2016-04-08",109.099998
"2016-04-11",108.970001
"2016-04-12",109.599998
"2016-04-13",109.870003
"2016-04-14",109.839996
"2016-04-15",110.18
"2016-04-18",110.93
"2016-04-19",112.68
"2016-04-20",113.580002
"2016-04-21",113.57
"2016-04-22",113.32
"2016-04-25",113.510002
"2016-04-26",112.910004
"2016-04-27",112.769997
"2016-04-28",112.480003
"2016-04-29",112.080002
"2016-05-02",112.75
"2016-05-03",112.690002
"2016-05-04",112.220001
"2016-05-05",112.879997
"2016-05-06",112.739998
"2016-05-09",113.720001
"2016-05-10",114.669998
"2016-05-11",114.370003
"2016-05-12",114.230003
"2016-05-13",113.559998
"2016-05-16",114.440002
"2016-05-17",113.830002
"2016-05-18",113.589996
"2016-05-19",112.849998
"2016-05-20",112.639999
"2016-05-23",112.160004
"2016-05-24",112.690002
"2016-05-25",113.349998
"2016-05-26",112.900002
"2016-05-27",113.059998
"2016-05-31",112.690002
"2016-06-01",112.779999
"2016-06-02",114.489998
"2016-06-03",114.760002
"2016-06-06",115.769997
"2016-06-07",115.730003
"2016-06-08",115.800003
"2016-06-09",117
"2016-06-10",117.010002
"2016-06-13",116.790001
"2016-06-14",117.120003
"2016-06-15",116.410004
"2016-06-16",116.639999
"2016-06-17",115.480003
"2016-06-20",116.540001
"2016-06-21",116.18
"2016-06-22",116.459999
"2016-06-23",117.379997
"2016-06-24",115.629997
"2016-06-27",116.550003
"2016-06-28",118.230003
"2016-06-29",119.330002
"2016-06-30",121.300003
"2016-07-01",121.290001
"2016-07-05",122.269997
"2016-07-06",122.639999
"2016-07-07",122.510002
"2016-07-08",122.849998
"2016-07-11",122.93
"2016-07-12",122.919998
"2016-07-13",123
"2016-07-14",123.18
"2016-07-15",123
"2016-07-18",123.139999
"2016-07-19",125.25
"2016-07-20",125.139999
"2016-07-21",125.150002
"2016-07-22",125.029999
"2016-07-25",124.889999
"2016-07-26",125.150002
"2016-07-27",124.769997
"2016-07-28",124.459999
"2016-07-29",125.230003
"2016-08-01",125.400002
"2016-08-02",124.849998
"2016-08-03",123.900002
"2016-08-04",123.860001
"2016-08-05",124.239998
"2016-08-08",123.650002
"2016-08-09",123.43
"2016-08-10",123.360001
"2016-08-11",123.769997
"2016-08-12",123.220001
"2016-08-15",122.309998
"2016-08-16",120.330002
"2016-08-17",121.309998
"2016-08-18",120.720001
"2016-08-19",119.919998
"2016-08-22",119.129997
"2016-08-23",119.440002
"2016-08-24",118.709999
"2016-08-25",118.57
"2016-08-26",119.040001
"2016-08-29",119.919998
"2016-08-30",119.470001
"2016-08-31",119.339996
"2016-09-01",119.080002
"2016-09-02",119.32
"2016-09-06",119.75
"2016-09-07",119.610001
"2016-09-08",119.470001
"2016-09-09",118.230003
"2016-09-12",119.160004
"2016-09-13",117.610001
"2016-09-14",117.860001
"2016-09-15",118.629997
"2016-09-16",118.25
"2016-09-19",117.660004
"2016-09-20",117.949997
"2016-09-21",118.910004
"2016-09-22",119.459999
"2016-09-23",118.809998
"2016-09-26",117.779999
"2016-09-27",119.220001
"2016-09-28",119.389999
"2016-09-29",117.269997
"2016-09-30",118.129997
"2016-10-03",118.809998
"2016-10-04",118.82
"2016-10-05",119.18
"2016-10-06",118.75
"2016-10-07",119.239998
"2016-10-10",119.800003
"2016-10-11",117.639999
"2016-10-12",117.970001
"2016-10-13",118.260002
"2016-10-14",117.559998
"2016-10-17",118.489998
"2016-10-18",115.410004
"2016-10-19",114.589996
"2016-10-20",114.870003
"2016-10-21",113.440002
"2016-10-24",113.610001
"2016-10-25",113.959999
"2016-10-26",114.559998
"2016-10-27",115.699997
"2016-10-28",115.330002
"2016-10-31",115.989998
"2016-11-01",115.339996
"2016-11-02",114.860001
"2016-11-03",115.029999
"2016-11-04",115.110001
"2016-11-07",116.660004
"2016-11-08",117.050003
"2016-11-09",120.309998
"2016-11-10",119.540001
"2016-11-11",118.470001
"2016-11-14",116.599998
"2016-11-15",116.32
"2016-11-16",116.360001
"2016-11-17",116.57
"2016-11-18",115.360001
"2016-11-21",115
"2016-11-22",112.739998
"2016-11-23",113.07
"2016-11-25",114.129997
"2016-11-28",113.129997
"2016-11-29",112.480003
"2016-11-30",111.300003
"2016-12-01",111.379997
"2016-12-02",111.959999
"2016-12-05",111.940002
"2016-12-06",112.059998
"2016-12-07",111.099998
"2016-12-08",110.989998
"2016-12-09",112.260002
"2016-12-12",115.360001
"2016-12-13",115.889999
"2016-12-14",114.989998
"2016-12-15",115.889999
"2016-12-16",115.879997
"2016-12-19",116.019997
"2016-12-20",115.660004
"2016-12-21",115.309998
"2016-12-22",115.440002
"2016-12-23",115.959999
"2016-12-27",115.910004
"2016-12-28",115.099998
"2016-12-29",115.489998
"2016-12-30",115.209999
"2017-01-03",115.839996
"2017-01-04",115.650002
"2017-01-05",116.860001
"2017-01-06",116.300003
"2017-01-09",116.279999
"2017-01-10",116.160004
"2017-01-11",114.730003
"2017-01-12",114.620003
"2017-01-13",114.599998
"2017-01-17",114.870003
"2017-01-18",114.699997
"2017-01-19",114.199997
"2017-01-20",114.150002
"2017-01-23",113.910004
"2017-01-24",111.760002
"2017-01-25",112.800003
"2017-01-26",111.839996
"2017-01-27",113.379997
"2017-01-30",113.129997
"2017-01-31",113.25
"2017-02-01",113.230003
"2017-02-02",113.57
"2017-02-03",113.639999
"2017-02-06",113.400002
"2017-02-07",113.480003
"2017-02-08",113.400002
"2017-02-09",114.080002
"2017-02-10",115.239998
"2017-02-13",115.879997
"2017-02-14",116.360001
"2017-02-15",117.199997
"2017-02-16",118.080002
"2017-02-17",118.860001
"2017-02-21",119.660004
"2017-02-22",119.519997
"2017-02-23",121.699997
"2017-02-24",122.730003
"2017-02-27",122.400002
"2017-02-28",122.209999
"2017-03-01",123.860001
"2017-03-02",123.629997
"2017-03-03",123.790001
"2017-03-06",123.709999
"2017-03-07",123.830002
"2017-03-08",124.099998
"2017-03-09",125.949997
"2017-03-10",126.209999
"2017-03-13",126.68
"2017-03-14",127.050003
"2017-03-15",128.960007
"2017-03-16",128.460007
"2017-03-17",128.059998
"2017-03-20",128.070007
"2017-03-21",127.25
"2017-03-22",126.260002
"2017-03-23",125.900002
"2017-03-24",125.480003
"2017-03-27",125.800003
"2017-03-28",125.660004
"2017-03-29",124.919998
"2017-03-30",124.660004
"2017-03-31",124.550003
"2017-04-03",124.690002
"2017-04-04",124.68
"2017-04-05",124.800003
"2017-04-06",125.050003
"2017-04-07",124.919998
"2017-04-10",124.339996
"2017-04-11",124.220001
"2017-04-12",125.400002
"2017-04-13",124.989998
"2017-04-17",125.720001
"2017-04-18",121.82
"2017-04-19",121.370003
"2017-04-20",121.870003
"2017-04-21",121.760002
"2017-04-24",122.889999
"2017-04-25",123.43
"2017-04-26",123.510002
"2017-04-27",123.739998
"2017-04-28",123.470001
"2017-05-01",123.339996
"2017-05-02",123.699997
"2017-05-03",123.330002
"2017-05-04",123.949997
"2017-05-05",123.510002
"2017-05-08",123.25
"2017-05-09",123.209999
"2017-05-10",122.809998
"2017-05-11",123.199997
"2017-05-12",123.639999
"2017-05-15",126.989998
"2017-05-16",127.769997
"2017-05-17",126.669998
"2017-05-18",126.970001
"2017-05-19",127
"2017-05-22",127.260002
"2017-05-23",127.519997
"2017-05-24",127.510002
"2017-05-25",127.529999
"2017-05-26",126.919998
"2017-05-30",127.110001
"2017-05-31",128.25
"2017-06-01",128.779999
"2017-06-02",130.080002
"2017-06-05",130.360001
"2017-06-06",130.830002
"2017-06-07",130.75
"2017-06-08",130.550003
"2017-06-09",131.529999
"2017-06-12",131.820007
"2017-06-13",132.020004
"2017-06-14",132.770004
"2017-06-15",133.039993
"2017-06-16",134.350006
"2017-06-19",134.070007
"2017-06-20",134.220001
"2017-06-21",134.910004
"2017-06-22",136.050003
"2017-06-23",136.429993
"2017-06-26",136.339996
"2017-06-27",135.009995
"2017-06-28",133.820007
"2017-06-29",132.639999
"2017-06-30",132.289993
"2017-07-03",132.899994
"2017-07-05",133.639999
"2017-07-06",132.520004
"2017-07-07",132.539993
"2017-07-10",131.550003
"2017-07-11",131.229996
"2017-07-12",132.229996
"2017-07-13",131.860001
"2017-07-14",132.600006
"2017-07-17",132.149994
"2017-07-18",134.460007
"2017-07-19",135.210007
"2017-07-20",136.570007
"2017-07-21",135.309998
"2017-07-24",133.009995
"2017-07-25",131.880005
"2017-07-26",130.949997
"2017-07-27",130.830002
"2017-07-28",131.850006
"2017-07-31",132.720001
"2017-08-01",132.509995
"2017-08-02",132.160004
"2017-08-03",133.350006
"2017-08-04",133.179993
"2017-08-07",132.860001
"2017-08-08",132.270004
"2017-08-09",133.229996
"2017-08-10",133.089996
"2017-08-11",133.100006
"2017-08-14",133.479996
"2017-08-15",133.380005
"2017-08-16",134.169998
"2017-08-17",133.039993
"2017-08-18",132.630005
"2017-08-21",133.449997
"2017-08-22",134.699997
"2017-08-23",132.800003
"2017-08-24",132.889999
"2017-08-25",131.679993
"2017-08-28",131.740005
"2017-08-29",132.210007
"2017-08-30",131.070007
"2017-08-31",132.369995
"2017-09-01",131.029999
"2017-09-05",129.899994
"2017-09-06",130.669998
"2017-09-07",132.190002
"2017-09-08",130.979996
"2017-09-11",133.210007
"2017-09-12",132.630005
"2017-09-13",132.449997
"2017-09-14",134.179993
"2017-09-15",134.449997
"2017-09-18",135.380005
"2017-09-19",135.220001
"2017-09-20",133.220001
"2017-09-21",131.75
"2017-09-22",131.389999
"2017-09-25",131.169998
"2017-09-26",130.940002
"2017-09-27",129.75
"2017-09-28",129.470001
"2017-09-29",130.009995
"2017-10-02",131.220001
"2017-10-03",132.100006
"2017-10-04",132.889999
"2017-10-05",133.190002
"2017-10-06",133.220001
"2017-10-09",133.449997
"2017-10-10",133.899994
"2017-10-11",136.649994
"2017-10-12",136.830002
"2017-10-13",136.429993
"2017-10-16",136.119995
"2017-10-17",140.789993
"2017-10-18",140.679993
"2017-10-19",142.039993
"2017-10-20",142.399994
"2017-10-23",143.619995
"2017-10-24",141.639999
"2017-10-25",142.360001
"2017-10-26",141.809998
"2017-10-27",141.779999
"2017-10-30",140
"2017-10-31",139.410004
"2017-11-01",139.979996
"2017-11-02",139.929993
"2017-11-03",140.080002
"2017-11-06",139.759995
"2017-11-07",139.770004
"2017-11-08",141.320007
"2017-11-09",140.350006
"2017-11-10",139.559998
"2017-11-13",139.759995
"2017-11-14",139.490005
"2017-11-15",139.100006
"2017-11-16",138.869995
"2017-11-17",138
"2017-11-20",137.929993
"2017-11-21",138.339996
"2017-11-22",137.289993
"2017-11-24",138.009995
"2017-11-27",138.100006
"2017-11-28",140.020004
"2017-11-29",139.809998
"2017-11-30",139.330002
"2017-12-01",139.979996
"2017-12-04",139.009995
"2017-12-05",139.669998
"2017-12-06",141.059998
"2017-12-07",140.009995
"2017-12-08",140.589996
"2017-12-11",141.139999
"2017-12-12",142.600006
"2017-12-13",142.889999
"2017-12-14",141.649994
"2017-12-15",142.460007
"2017-12-18",141.800003
"2017-12-19",141.779999
"2017-12-20",141.160004
"2017-12-21",141.059998
"2017-12-22",140.119995
"2017-12-26",140.089996
"2017-12-27",140.570007
"2017-12-28",140.559998
"2017-12-29",139.720001
"2018-01-02",139.229996
"2018-01-03",140.559998
"2018-01-04",140.550003
"2018-01-05",141.710007
"2018-01-08",141.889999
"2018-01-09",144.139999
"2018-01-10",143.970001
"2018-01-11",144.789993
"2018-01-12",145.759995
"2018-01-16",146.860001
"2018-01-17",146.979996
"2018-01-18",146.919998
"2018-01-19",147.360001
"2018-01-22",148.139999
"2018-01-23",141.830002
"2018-01-24",142.070007
"2018-01-25",144.399994
"2018-01-26",145.330002
"2018-01-29",143.679993
"2018-01-30",142.429993
"2018-01-31",138.190002
"2018-02-01",140.020004
"2018-02-02",137.679993
"2018-02-05",130.389999
"2018-02-06",131.830002
"2018-02-07",131.419998
"2018-02-08",126.360001
"2018-02-09",129.529999
"2018-02-12",130.270004
"2018-02-13",129.960007
"2018-02-14",129.669998
"2018-02-15",131.229996
"2018-02-16",133.149994
"2018-02-20",130.869995
"2018-02-21",129.910004
"2018-02-22",129.910004
"2018-02-23",132.020004
"2018-02-26",132.070007
"2018-02-27",131.669998
"2018-02-28",129.880005
"2018-03-01",127.279999
"2018-03-02",128.820007
"2018-03-05",129.789993
"2018-03-06",128.220001
"2018-03-07",129.039993
"2018-03-08",132.059998
"2018-03-09",133.800003
"2018-03-12",132.630005
"2018-03-13",134.350006
"2018-03-14",132.320007
"2018-03-15",133.059998
"2018-03-16",133.679993
"2018-03-19",130.240005
"2018-03-20",131.210007
"2018-03-21",131.190002
"2018-03-22",127.379997
"2018-03-23",125.099998
"2018-03-26",127.389999
"2018-03-27",127.209999
"2018-03-28",127.449997
"2018-03-29",128.149994
"2018-04-02",124.559998
"2018-04-03",128.350006
"2018-04-04",130.410004
"2018-04-05",130.710007
"2018-04-06",128.100006
"2018-04-09",129.479996
"2018-04-10",130.25
"2018-04-11",129.630005
"2018-04-12",130.429993
"2018-04-13",130.619995
"2018-04-16",131.759995
"2018-04-17",130.539993
"2018-04-18",127.720001
"2018-04-19",127.550003
"2018-04-20",126.660004
"2018-04-23",126.830002
"2018-04-24",126.190002
"2018-04-25",126.760002
"2018-04-26",128.009995
"2018-04-27",128.270004
"2018-04-30",126.489998
"2018-05-01",126.010002
"2018-05-02",123.5
"2018-05-03",123.029999
"2018-05-04",124.190002
"2018-05-07",123.589996
"2018-05-08",122.610001
"2018-05-09",123.510002
"2018-05-10",125.349998
"2018-05-11",127.239998
"2018-05-14",126.059998
"2018-05-15",125.129997
"2018-05-16",125.349998
"2018-05-17",123.849998
"2018-05-18",124.239998
"2018-05-21",123.720001
"2018-05-22",122.910004
"2018-05-23",123.449997
"2018-05-24",122.25
"2018-05-25",121.470001
"2018-05-29",119.400002
"2018-05-30",120.970001
"2018-05-31",119.620003
"2018-06-01",121.260002
"2018-06-04",121.949997
"2018-06-05",121.480003
"2018-06-06",122.790001
"2018-06-07",123.330002
"2018-06-08",124.059998
"2018-06-11",122.660004
"2018-06-12",122.540001
"2018-06-13",122.629997
"2018-06-14",122.410004
"2018-06-15",122.610001
"2018-06-18",121.32
"2018-06-19",122.57
"2018-06-20",122.040001
"2018-06-21",121.449997
"2018-06-22",122.839996
"2018-06-25",122.589996
"2018-06-26",122.349998
"2018-06-27",121.610001
"2018-06-28",122
"2018-06-29",121.339996
"2018-07-02",121.580002
"2018-07-03",122.709999
"2018-07-05",125
"2018-07-06",125.75
"2018-07-09",126.050003
"2018-07-10",127.379997
"2018-07-11",126.239998
"2018-07-12",127.760002
"2018-07-13",125.93
"2018-07-16",124.690002
"2018-07-17",129.110001
"2018-07-18",127.800003
"2018-07-19",125.940002
"2018-07-20",125.849998
"2018-07-23",126.629997
"2018-07-24",129.360001
"2018-07-25",128.619995
"2018-07-26",130.279999
"2018-07-27",131.550003
"2018-07-30",132.169998
"2018-07-31",132.520004
"2018-08-01",132.639999
"2018-08-02",131.25
"2018-08-03",131.949997
"2018-08-06",132.020004
"2018-08-07",131.460007
"2018-08-08",131.169998
"2018-08-09",131.199997
"2018-08-10",130.75
"2018-08-13",130.220001
"2018-08-14",129.5
"2018-08-15",130.429993
"2018-08-16",132.479996
"2018-08-17",134.470001
"2018-08-20",136.880005
"2018-08-21",135.350006
"2018-08-22",134.610001
"2018-08-23",135.110001
"2018-08-24",135.949997
"2018-08-27",134.919998
"2018-08-28",134.320007
"2018-08-29",134.860001
"2018-08-30",134.949997
"2018-08-31",134.690002
"2018-09-04",133.720001
"2018-09-05",135.860001
"2018-09-06",136.869995
"2018-09-07",137.320007
"2018-09-10",137.210007
"2018-09-11",138.509995
"2018-09-12",139.360001
"2018-09-13",139.889999
"2018-09-14",139.490005
"2018-09-17",139.960007
"2018-09-18",140.539993
"2018-09-19",140.460007
"2018-09-20",141.979996
"2018-09-21",142.880005
"2018-09-24",140.470001
"2018-09-25",138.639999
"2018-09-26",138.160004
"2018-09-27",138.220001
"2018-09-28",138.169998
"2018-10-01",139.690002
"2018-10-02",140.479996
"2018-10-03",139.029999
"2018-10-04",139.350006
"2018-10-05",139.100006
"2018-10-08",139.389999
"2018-10-09",139.199997
"2018-10-10",137.729996
"2018-10-11",133.839996
"2018-10-12",133.869995
"2018-10-15",133.949997
"2018-10-16",136.559998
"2018-10-17",139.460007
"2018-10-18",139.5
"2018-10-19",139.050003
"2018-10-22",138.679993
"2018-10-23",138.929993
"2018-10-24",137.470001
"2018-10-25",138.470001
"2018-10-26",136.970001
"2018-10-29",137.550003
"2018-10-30",140.75
"2018-10-31",139.990005
"2018-11-01",140.820007
"2018-11-02",140.679993
"2018-11-05",142.199997
"2018-11-06",142.570007
"2018-11-07",144.75
"2018-11-08",145.300003
"2018-11-09",145.339996
"2018-11-12",145.619995
"2018-11-13",144.679993
"2018-11-14",144.25
"2018-11-15",144.5
"2018-11-16",145.990005
"2018-11-19",147.729996
"2018-11-20",146.449997
"2018-11-21",141.990005
"2018-11-23",142.229996
"2018-11-26",141.369995
"2018-11-27",143.220001
"2018-11-28",146.440002
"2018-11-29",145.850006
"2018-11-30",146.899994
"2018-12-03",146.210007
"2018-12-04",146.029999
"2018-12-06",145.910004
"2018-12-07",145.429993
"2018-12-10",145.259995
"2018-12-11",146.5
"2018-12-12",147.100006
"2018-12-13",147.839996
"2018-12-14",133
"2018-12-17",129.139999
"2018-12-18",130.419998
"2018-12-19",127.610001
"2018-12-20",128.270004
"2018-12-21",128.089996
"2018-12-24",122.839996
"2018-12-26",126.709999
"2018-12-27",127.410004
"2018-12-28",127.269997
"2018-12-31",129.050003
"2019-01-02",127.75
"2019-01-03",125.720001
"2019-01-04",127.830002
"2019-01-07",127.010002
"2019-01-08",129.960007
"2019-01-09",128.929993
"2019-01-10",129.710007
"2019-01-11",129.75
"2019-01-14",128.279999
"2019-01-15",129.360001
"2019-01-16",128.039993
"2019-01-17",129.089996
"2019-01-18",130.690002
"2019-01-22",128.800003
"2019-01-23",128.800003
"2019-01-24",127.029999
"2019-01-25",128.229996
"2019-01-28",128.990005
"2019-01-29",130.330002
"2019-01-30",131.639999
"2019-01-31",133.080002
"2019-02-01",134.199997
"2019-02-04",132.880005
"2019-02-05",132.880005
"2019-02-06",133
"2019-02-07",132.050003
"2019-02-08",132.399994
"2019-02-11",132
"2019-02-12",134.160004
"2019-02-13",134.449997
"2019-02-14",134.309998
"2019-02-15",136.380005
"2019-02-19",135.690002
"2019-02-20",136.350006
"2019-02-21",135.419998
"2019-02-22",136.600006
"2019-02-25",136.199997
"2019-02-26",136.110001
"2019-02-27",135.869995
"2019-02-28",136.639999
"2019-03-01",138.350006
"2019-03-04",138.479996
"2019-03-05",138.770004
"2019-03-06",139.089996
"2019-03-07",138.240005
"2019-03-08",138.059998
"2019-03-11",138.559998
"2019-03-12",139.179993
"2019-03-13",139.410004
"2019-03-14",138.020004
"2019-03-15",137.600006
"2019-03-18",137.169998
"2019-03-19",138.440002
"2019-03-20",137.289993
"2019-03-21",138.100006
"2019-03-22",136.910004
"2019-03-25",136.610001
"2019-03-26",138.570007
"2019-03-27",138.699997
"2019-03-28",138.880005
"2019-03-29",139.789993
"2019-04-01",138.979996
"2019-04-02",137.710007
"2019-04-03",137.169998
"2019-04-04",135.570007
"2019-04-05",136.179993
"2019-04-08",136.139999
"2019-04-09",135.570007
"2019-04-10",135.580002
"2019-04-11",135.210007
"2019-04-12",135.979996
"2019-04-15",136.520004
"2019-04-16",138.020004
"2019-04-17",138.520004
"2019-04-18",137.520004
"2019-04-22",137.830002
"2019-04-23",139.899994
"2019-04-24",139.199997
"2019-04-25",139.649994
"2019-04-26",140.389999
"2019-04-29",139.839996
"2019-04-30",141.199997
"2019-05-01",141.949997
"2019-05-02",141.279999
"2019-05-03",142.009995
"2019-05-06",142.089996
"2019-05-07",139.970001
"2019-05-08",139.789993
"2019-05-09",138.729996
"2019-05-10",139.050003
"2019-05-13",137.199997
"2019-05-14",136.820007
"2019-05-15",136.910004
"2019-05-16",138.210007
"2019-05-17",138.610001
"2019-05-20",138.419998
"2019-05-21",138.119995
"2019-05-22",138.759995
"2019-05-23",139.789993
"2019-05-24",138.850006
"2019-05-28",137.070007
"2019-05-29",131.330002
"2019-05-30",132.110001
"2019-05-31",131.149994
"2019-06-03",131.440002
"2019-06-04",133.729996
"2019-06-05",134.380005
"2019-06-06",136.679993
"2019-06-07",138.550003
"2019-06-10",139.020004
"2019-06-11",139.779999
"2019-06-12",141.679993
"2019-06-13",140.710007
"2019-06-14",140.089996
"2019-06-17",139.440002
"2019-06-18",140.229996
"2019-06-19",140.449997
"2019-06-20",142.210007
"2019-06-21",142.089996
"2019-06-24",143.059998
"2019-06-25",144.240005
"2019-06-26",141.850006
"2019-06-27",140.690002
"2019-06-28",139.279999
"2019-07-01",139.360001
"2019-07-02",140.029999
"2019-07-03",142.139999
"2019-07-05",140.570007
"2019-07-08",140.970001
"2019-07-09",141.410004
"2019-07-10",141.210007
"2019-07-11",140.110001
"2019-07-12",134.300003
"2019-07-15",134.710007
"2019-07-16",132.5
"2019-07-17",131.860001
"2019-07-18",132.070007
"2019-07-19",130.309998
"2019-07-22",128.639999
"2019-07-23",128.839996
"2019-07-24",129.779999
"2019-07-25",131.119995
"2019-07-26",130.729996
"2019-07-29",133.020004
"2019-07-30",132.080002
"2019-07-31",130.220001
"2019-08-01",130.289993
"2019-08-02",131.070007
"2019-08-05",130.160004
"2019-08-06",130.770004
"2019-08-07",130.210007
"2019-08-08",131.679993
"2019-08-09",132.039993
"2019-08-12",131.929993
"2019-08-13",133.419998
"2019-08-14",130.259995
"2019-08-15",130.539993
"2019-08-16",131.360001
"2019-08-19",132.25
"2019-08-20",130.600006
"2019-08-21",131.529999
"2019-08-22",131.270004
"2019-08-23",127.730003
"2019-08-26",127.800003
"2019-08-27",129.639999
"2019-08-28",128.679993
"2019-08-29",128.240005
"2019-08-30",128.360001
"2019-09-03",128.740005
"2019-09-04",128.860001
"2019-09-05",128.580002
"2019-09-06",128.210007
"2019-09-09",126.949997
"2019-09-10",129.550003
"2019-09-11",131.169998
"2019-09-12",130.429993
"2019-09-13",130.779999
"2019-09-16",129.539993
"2019-09-17",129.669998
"2019-09-18",130.410004
"2019-09-19",130.110001
"2019-09-20",131.649994
"2019-09-23",131.740005
"2019-09-24",131.550003
"2019-09-25",130.990005
"2019-09-26",128.850006
"2019-09-27",128.600006
"2019-09-30",129.380005
"2019-10-01",129.990005
"2019-10-02",132
"2019-10-03",131.190002
"2019-10-04",133.660004
"2019-10-07",133.160004
"2019-10-08",131.839996
"2019-10-09",129.220001
"2019-10-10",129.059998
"2019-10-11",131.330002
"2019-10-14",130.720001
"2019-10-15",132.839996
"2019-10-16",135.169998
"2019-10-17",136.169998
"2019-10-18",127.699997
"2019-10-21",128.020004
"2019-10-22",129.199997
"2019-10-23",129.899994
"2019-10-24",127.5
"2019-10-25",128.350006
"2019-10-28",129.179993
"2019-10-29",129.119995
"2019-10-30",132.839996
"2019-10-31",132.039993
"2019-11-01",131.199997
"2019-11-04",130.229996
"2019-11-05",130.419998
"2019-11-06",130.960007
"2019-11-07",131.429993
"2019-11-08",133
"2019-11-11",131.979996
"2019-11-12",131.350006
"2019-11-13",131.270004
"2019-11-14",130.960007
"2019-11-15",134.940002
"2019-11-18",134.830002
"2019-11-19",134.820007
"2019-11-20",135.940002
"2019-11-21",136.440002
"2019-11-22",138.070007
"2019-11-25",137.179993
"2019-11-26",137.169998
"2019-11-27",137.75
"2019-11-29",137.490005
"2019-12-02",137.360001
"2019-12-03",137.160004
"2019-12-04",139.380005
"2019-12-05",139.559998
"2019-12-06",140.380005
"2019-12-09",140.5
"2019-12-10",139.990005
"2019-12-11",140.979996
"2019-12-12",141.339996
"2019-12-13",141.380005
"2019-12-16",141.789993
"2019-12-17",143.559998
"2019-12-18",143.190002
"2019-12-19",145.350006
"2019-12-20",146.059998
"2019-12-23",146.440002
"2019-12-24",145.929993
"2019-12-26",145.830002
"2019-12-27",145.75
"2019-12-30",145.300003
"2019-12-31",145.869995
"2020-01-02",145.970001
"2020-01-03",144.279999
"2020-01-06",144.100006
"2020-01-07",144.979996
"2020-01-08",144.960007
"2020-01-09",145.389999
"2020-01-10",145.059998
"2020-01-13",145.699997
"2020-01-14",146.520004
"2020-01-15",147.009995
"2020-01-16",148.199997
"2020-01-17",149.169998
"2020-01-21",149.270004
"2020-01-22",148.25
"2020-01-23",148.529999
"2020-01-24",148.320007
"2020-01-27",148.75
"2020-01-28",149.5
"2020-01-29",150.539993
"2020-01-30",150.360001
"2020-01-31",148.869995
"2020-02-03",150.169998
"2020-02-04",151.600006
"2020-02-05",153.990005
"2020-02-06",153.529999
"2020-02-07",151.889999
"2020-02-10",151.860001
"2020-02-11",151.990005
"2020-02-12",151.089996
"2020-02-13",150.089996
"2020-02-14",150.130005
"2020-02-18",149.139999
"2020-02-19",148.940002
"2020-02-20",148.369995
"2020-02-21",149.929993
"2020-02-24",145.910004
"2020-02-25",144.649994
"2020-02-26",143.679993
"2020-02-27",139.119995
"2020-02-28",134.479996
"2020-03-02",140.020004
"2020-03-03",135.589996
"2020-03-04",143.479996
"2020-03-05",142.009995
"2020-03-06",142.029999
"2020-03-09",136.440002
"2020-03-10",141.639999
"2020-03-11",131.800003
"2020-03-12",125.410004
"2020-03-13",134.289993
"2020-03-16",127.129997
"2020-03-17",136.589996
"2020-03-18",134.960007
"2020-03-19",127.050003
"2020-03-20",119.889999
"2020-03-23",111.139999
"2020-03-24",119.18
"2020-03-25",119.400002
"2020-03-26",126.57
"2020-03-27",123.160004
"2020-03-30",133.009995
"2020-03-31",131.130005
"2020-04-01",128.809998
"2020-04-02",133.149994
"2020-04-03",134.169998
"2020-04-06",139.759995
"2020-04-07",137.479996
"2020-04-08",143.259995
"2020-04-09",141.229996
"2020-04-13",139.770004
"2020-04-14",146.029999
"2020-04-15",147.660004
"2020-04-16",149.669998
"2020-04-17",152.020004
"2020-04-20",151.669998
"2020-04-21",149.679993
"2020-04-22",152.990005
"2020-04-23",155.509995
"2020-04-24",154.860001
"2020-04-27",154.289993
"2020-04-28",151.389999
"2020-04-29",150.240005
"2020-04-30",150.039993
"2020-05-01",148.289993
"2020-05-04",148.270004
"2020-05-05",149.5
"2020-05-06",148.080002
"2020-05-07",147.589996
"2020-05-08",148.699997
"2020-05-11",149.110001
"2020-05-12",147.139999
"2020-05-13",147.130005
"2020-05-14",147.639999
"2020-05-15",150.440002
"2020-05-18",150.520004
"2020-05-19",149.020004
"2020-05-20",147.679993
"2020-05-21",146.710007
"2020-05-22",144.369995
"2020-05-26",144.559998
"2020-05-27",144.889999
"2020-05-28",146.970001
"2020-05-29",148.75
"2020-06-01",147.190002
"2020-06-02",148.25
"2020-06-03",148.649994
"2020-06-04",146.729996
"2020-06-05",147.300003
"2020-06-08",146.770004
"2020-06-09",145.960007
"2020-06-10",147.800003
"2020-06-11",140.869995
"2020-06-12",142.149994
"2020-06-15",141.25
"2020-06-16",144.460007
"2020-06-17",144.020004
"2020-06-18",143.410004
"2020-06-19",143.830002
"2020-06-22",143.389999
"2020-06-23",142.860001
"2020-06-24",139.820007
"2020-06-25",139.669998
"2020-06-26",137.809998
"2020-06-29",139.039993
"2020-06-30",140.630005
"2020-07-01",140.380005
"2020-07-02",140.970001
"2020-07-06",142.979996
"2020-07-07",142.850006
"2020-07-08",143.270004
"2020-07-09",142.490005
"2020-07-10",142.369995
"2020-07-13",145.210007
"2020-07-14",147.919998
"2020-07-15",148.259995
"2020-07-16",149.25
"2020-07-17",149.350006
"2020-07-20",149.600006
"2020-07-21",149.740005
"2020-07-22",150.009995
"2020-07-23",149.610001
"2020-07-24",148.119995
"2020-07-27",147.179993
"2020-07-28",146.830002
"2020-07-29",146.539993
"2020-07-30",146.839996
"2020-07-31",145.759995
"2020-08-03",147.350006
"2020-08-04",147.220001
"2020-08-05",148.399994
"2020-08-06",147.550003
"2020-08-07",148.600006
"2020-08-10",148.029999
"2020-08-11",146.970001
"2020-08-12",149.660004
"2020-08-13",148
"2020-08-14",148.240005
"2020-08-17",148.990005
"2020-08-18",150.089996
"2020-08-19",150.389999
"2020-08-20",151.419998
"2020-08-21",152.759995
"2020-08-24",152.149994
"2020-08-25",152.059998
"2020-08-26",152.300003
"2020-08-27",152.979996
"2020-08-28",153.639999
"2020-08-31",153.410004
"2020-09-01",151.520004
"2020-09-02",153.830002
"2020-09-03",149.550003
"2020-09-04",148.589996
"2020-09-08",147.259995
"2020-09-09",149.699997
"2020-09-10",146.910004
"2020-09-11",147.779999
"2020-09-14",148.350006
"2020-09-15",148.889999
"2020-09-16",148.399994
"2020-09-17",147.169998
"2020-09-18",149.179993
"2020-09-21",145.100006
"2020-09-22",144.210007
"2020-09-23",144.440002
"2020-09-24",144.669998
"2020-09-25",145.660004
"2020-09-28",147.110001
"2020-09-29",147.059998
"2020-09-30",148.880005
"2020-10-01",147.320007
"2020-10-02",146.240005
"2020-10-05",148.229996
"2020-10-06",146.259995
"2020-10-07",147.880005
"2020-10-08",148.889999
"2020-10-09",150.970001
"2020-10-12",151.839996
"2020-10-13",148.360001
"2020-10-14",148.100006
"2020-10-15",147.190002
"2020-10-16",148.100006
"2020-10-19",144.320007
"2020-10-20",144.550003
"2020-10-21",143.929993
"2020-10-22",145.080002
"2020-10-23",145.240005
"2020-10-26",143.970001
"2020-10-27",143.149994
"2020-10-28",138.360001
"2020-10-29",137.190002
"2020-10-30",137.110001
"2020-11-02",138.690002
"2020-11-03",138.5
"2020-11-04",139.399994
"2020-11-05",139.759995
"2020-11-06",142.25
"2020-11-09",146.080002
"2020-11-10",148.279999
"2020-11-11",147.800003
"2020-11-12",148.300003
"2020-11-13",149.899994
"2020-11-16",150.850006
"2020-11-17",149.350006
"2020-11-18",147.369995
"2020-11-19",147.139999
"2020-11-20",146.360001
"2020-11-23",143.869995
"2020-11-24",143.869995
"2020-11-25",143.679993
"2020-11-27",144
"2020-11-30",144.679993
"2020-12-01",147.449997
"2020-12-02",148.139999
"2020-12-03",149
"2020-12-04",150.270004
"2020-12-07",148.970001
"2020-12-08",151.550003
"2020-12-09",153.100006
"2020-12-10",152.25
"2020-12-11",152.949997
"2020-12-14",149.070007
"2020-12-15",150.570007
"2020-12-16",149.669998
"2020-12-17",153.619995
"2020-12-18",154.509995
"2020-12-21",153.020004
"2020-12-22",152.720001
"2020-12-23",151.940002
"2020-12-24",152.470001
"2020-12-28",153.190002
"2020-12-29",154.139999
"2020-12-30",156.050003
"2020-12-31",157.380005
"2021-01-04",156.5
"2021-01-05",158.339996
"2021-01-06",159.830002
"2021-01-07",160.369995
"2021-01-08",160.039993
"2021-01-11",159.369995
"2021-01-12",158.130005
"2021-01-13",157.889999
"2021-01-14",160.649994
"2021-01-15",160.300003
"2021-01-19",162.779999
"2021-01-20",162.380005
"2021-01-21",161.729996
"2021-01-22",163.550003
"2021-01-25",165.979996
"2021-01-26",170.479996
"2021-01-27",167.880005
"2021-01-28",169.160004
"2021-01-29",163.130005
"2021-02-01",162.710007
"2021-02-02",161.25
"2021-02-03",160.5
"2021-02-04",161.990005
"2021-02-05",164.449997
"2021-02-08",164.919998
"2021-02-09",166.270004
"2021-02-10",166.809998
"2021-02-11",166.059998
"2021-02-12",166.580002
"2021-02-16",165.070007
"2021-02-17",165.660004
"2021-02-18",165.740005
"2021-02-19",162.979996
"2021-02-22",161.869995
"2021-02-23",160.440002
"2021-02-24",162.589996
"2021-02-25",162.759995
"2021-02-26",158.460007
"2021-03-01",159.320007
"2021-03-02",159.020004
"2021-03-03",156.220001
"2021-03-04",153.070007
"2021-03-05",156.100006
"2021-03-08",157.399994
"2021-03-09",157.699997
"2021-03-10",159.149994
