"Index","JPM.Close"
"2010-01-04",42.849998
"2010-01-05",43.68
"2010-01-06",43.919998
"2010-01-07",44.790001
"2010-01-08",44.68
"2010-01-11",44.529999
"2010-01-12",43.490002
"2010-01-13",44.25
"2010-01-14",44.689999
"2010-01-15",43.68
"2010-01-19",43.279999
"2010-01-20",43.400002
"2010-01-21",40.540001
"2010-01-22",39.16
"2010-01-25",39.209999
"2010-01-26",38.439999
"2010-01-27",39.330002
"2010-01-28",39.48
"2010-01-29",38.939999
"2010-02-01",39.630001
"2010-02-02",40.549999
"2010-02-03",40.290001
"2010-02-04",38.349998
"2010-02-05",38.299999
"2010-02-08",37.700001
"2010-02-09",38.389999
"2010-02-10",38.869999
"2010-02-11",39.02
"2010-02-12",38.950001
"2010-02-16",40.07
"2010-02-17",40.040001
"2010-02-18",40.41
"2010-02-19",40.029999
"2010-02-22",40.849998
"2010-02-23",39.880001
"2010-02-24",40.849998
"2010-02-25",40.639999
"2010-02-26",41.970001
"2010-03-01",41.830002
"2010-03-02",41.619999
"2010-03-03",41.529999
"2010-03-04",41.919998
"2010-03-05",42.810001
"2010-03-08",42.59
"2010-03-09",42.419998
"2010-03-10",42.93
"2010-03-11",43.18
"2010-03-12",43.150002
"2010-03-15",43.07
"2010-03-16",43.240002
"2010-03-17",43.790001
"2010-03-18",43.639999
"2010-03-19",43.450001
"2010-03-22",43.740002
"2010-03-23",44.580002
"2010-03-24",44.939999
"2010-03-25",44.939999
"2010-03-26",45.02
"2010-03-29",44.860001
"2010-03-30",44.580002
"2010-03-31",44.75
"2010-04-01",45.18
"2010-04-05",45.34
"2010-04-06",45.84
"2010-04-07",45.32
"2010-04-08",45.759998
"2010-04-09",45.98
"2010-04-12",46.139999
"2010-04-13",45.869999
"2010-04-14",47.73
"2010-04-15",47.810001
"2010-04-16",45.549999
"2010-04-19",45.389999
"2010-04-20",45.880001
"2010-04-21",45.349998
"2010-04-22",44.740002
"2010-04-23",44.939999
"2010-04-26",43.889999
"2010-04-27",42.41
"2010-04-28",43.459999
"2010-04-29",44
"2010-04-30",42.580002
"2010-05-03",43.529999
"2010-05-04",42.470001
"2010-05-05",42.630001
"2010-05-06",40.810001
"2010-05-07",40.759998
"2010-05-10",41.950001
"2010-05-11",41.549999
"2010-05-12",41.689999
"2010-05-13",40.810001
"2010-05-14",39.889999
"2010-05-17",39.84
"2010-05-18",39.02
"2010-05-19",39.380001
"2010-05-20",37.830002
"2010-05-21",40.049999
"2010-05-24",38.619999
"2010-05-25",38.939999
"2010-05-26",38.779999
"2010-05-27",40.419998
"2010-05-28",39.580002
"2010-06-01",38.540001
"2010-06-02",39.549999
"2010-06-03",39.099998
"2010-06-04",37.619999
"2010-06-07",36.720001
"2010-06-08",37.779999
"2010-06-09",37.119999
"2010-06-10",38.290001
"2010-06-11",38.09
"2010-06-14",37.330002
"2010-06-15",38.25
"2010-06-16",38.52
"2010-06-17",38.439999
"2010-06-18",39.18
"2010-06-21",38.869999
"2010-06-22",38.330002
"2010-06-23",38.889999
"2010-06-24",38.029999
"2010-06-25",39.439999
"2010-06-28",38.540001
"2010-06-29",37.060001
"2010-06-30",36.610001
"2010-07-01",36.080002
"2010-07-02",35.830002
"2010-07-06",36.330002
"2010-07-07",38.150002
"2010-07-08",38.16
"2010-07-09",38.849998
"2010-07-12",39.189999
"2010-07-13",40.48
"2010-07-14",40.349998
"2010-07-15",40.459999
"2010-07-16",39
"2010-07-19",39.040001
"2010-07-20",39.630001
"2010-07-21",38.419998
"2010-07-22",39.349998
"2010-07-23",39.830002
"2010-07-26",40.330002
"2010-07-27",40.689999
"2010-07-28",40.32
"2010-07-29",40.209999
"2010-07-30",40.279999
"2010-08-02",41.639999
"2010-08-03",41.080002
"2010-08-04",41.290001
"2010-08-05",41.27
"2010-08-06",40.439999
"2010-08-09",39.82
"2010-08-10",39.169998
"2010-08-11",37.77
"2010-08-12",37.810001
"2010-08-13",37.5
"2010-08-16",37.689999
"2010-08-17",37.48
"2010-08-18",37.889999
"2010-08-19",37.07
"2010-08-20",37.139999
"2010-08-23",36.880001
"2010-08-24",36.209999
"2010-08-25",36.23
"2010-08-26",35.630001
"2010-08-27",36.599998
"2010-08-30",35.849998
"2010-08-31",36.360001
"2010-09-01",37.740002
"2010-09-02",38.16
"2010-09-03",39.169998
"2010-09-07",38.279999
"2010-09-08",39.119999
"2010-09-09",40.099998
"2010-09-10",39.759998
"2010-09-13",41.119999
"2010-09-14",40.720001
"2010-09-15",40.98
"2010-09-16",40.990002
"2010-09-17",40.060001
"2010-09-20",41.189999
"2010-09-21",40.59
"2010-09-22",39.939999
"2010-09-23",39.099998
"2010-09-24",39.75
"2010-09-27",39.080002
"2010-09-28",38.950001
"2010-09-29",38.41
"2010-09-30",38.060001
"2010-10-01",38.810001
"2010-10-04",38.950001
"2010-10-05",39.639999
"2010-10-06",39.900002
"2010-10-07",39.52
"2010-10-08",39.310001
"2010-10-11",39.73
"2010-10-12",40.400002
"2010-10-13",39.84
"2010-10-14",38.720001
"2010-10-15",37.150002
"2010-10-18",38.200001
"2010-10-19",37.689999
"2010-10-20",38.099998
"2010-10-21",37.700001
"2010-10-22",37.700001
"2010-10-25",37.07
"2010-10-26",37.200001
"2010-10-27",37.540001
"2010-10-28",37.509998
"2010-10-29",37.630001
"2010-11-01",37.419998
"2010-11-02",36.959999
"2010-11-03",37.720001
"2010-11-04",39.799999
"2010-11-05",40.939999
"2010-11-08",40.509998
"2010-11-09",39.900002
"2010-11-10",40.619999
"2010-11-11",40.02
"2010-11-12",39.610001
"2010-11-15",40.080002
"2010-11-16",39.610001
"2010-11-17",39.18
"2010-11-18",39.66
"2010-11-19",39.41
"2010-11-22",38.509998
"2010-11-23",37.630001
"2010-11-24",38.16
"2010-11-26",37.5
"2010-11-29",37.91
"2010-11-30",37.400002
"2010-12-01",38.150002
"2010-12-02",39.310001
"2010-12-03",39.610001
"2010-12-06",39.900002
"2010-12-07",39.25
"2010-12-08",40.259998
"2010-12-09",40.810001
"2010-12-10",41.43
"2010-12-13",41.509998
"2010-12-14",40.790001
"2010-12-15",40.209999
"2010-12-16",40.009998
"2010-12-17",39.669998
"2010-12-20",39.950001
"2010-12-21",41
"2010-12-22",42.16
"2010-12-23",42.080002
"2010-12-27",42.669998
"2010-12-28",42.610001
"2010-12-29",42.360001
"2010-12-30",42.23
"2010-12-31",42.419998
"2011-01-03",43.580002
"2011-01-04",44.16
"2011-01-05",44.700001
"2011-01-06",44.48
"2011-01-07",43.639999
"2011-01-10",43.400002
"2011-01-11",43.599998
"2011-01-12",44.709999
"2011-01-13",44.450001
"2011-01-14",44.91
"2011-01-18",44.75
"2011-01-19",43.709999
"2011-01-20",44.75
"2011-01-21",45.290001
"2011-01-24",45.02
"2011-01-25",44.869999
"2011-01-26",44.98
"2011-01-27",45.099998
"2011-01-28",44.540001
"2011-01-31",44.939999
"2011-02-01",45.93
"2011-02-02",45.450001
"2011-02-03",45.459999
"2011-02-04",44.59
"2011-02-07",45.5
"2011-02-08",45.740002
"2011-02-09",45.110001
"2011-02-10",45.529999
"2011-02-11",46.57
"2011-02-14",46.540001
"2011-02-15",46.82
"2011-02-16",47.939999
"2011-02-17",47.82
"2011-02-18",48
"2011-02-22",46.009998
"2011-02-23",45.959999
"2011-02-24",45.91
"2011-02-25",46.68
"2011-02-28",46.689999
"2011-03-01",45.599998
"2011-03-02",45.209999
"2011-03-03",46.080002
"2011-03-04",45.52
"2011-03-07",45.189999
"2011-03-08",46.400002
"2011-03-09",46.560001
"2011-03-10",45.529999
"2011-03-11",45.740002
"2011-03-14",45.299999
"2011-03-15",44.610001
"2011-03-16",43.810001
"2011-03-17",44.560001
"2011-03-18",45.740002
"2011-03-21",45.630001
"2011-03-22",45.470001
"2011-03-23",45.599998
"2011-03-24",45.73
"2011-03-25",45.860001
"2011-03-28",45.959999
"2011-03-29",46.02
"2011-03-30",46.450001
"2011-03-31",46.099998
"2011-04-01",46.349998
"2011-04-04",46.34
"2011-04-05",46.580002
"2011-04-06",47.639999
"2011-04-07",47.400002
"2011-04-08",46.84
"2011-04-11",46.860001
"2011-04-12",46.639999
"2011-04-13",46.25
"2011-04-14",44.970001
"2011-04-15",44.889999
"2011-04-18",43.959999
"2011-04-19",44.650002
"2011-04-20",44.560001
"2011-04-21",44.68
"2011-04-25",44.610001
"2011-04-26",45.119999
"2011-04-27",45.5
"2011-04-28",45.849998
"2011-04-29",45.630001
"2011-05-02",45.18
"2011-05-03",45.919998
"2011-05-04",45.5
"2011-05-05",45.169998
"2011-05-06",45.040001
"2011-05-09",44.959999
"2011-05-10",45.16
"2011-05-11",44.23
"2011-05-12",44.09
"2011-05-13",43.150002
"2011-05-16",42.880001
"2011-05-17",43.810001
"2011-05-18",44.080002
"2011-05-19",44
"2011-05-20",43.130001
"2011-05-23",42.549999
"2011-05-24",42.34
"2011-05-25",42.27
"2011-05-26",42.450001
"2011-05-27",42.790001
"2011-05-31",43.240002
"2011-06-01",41.759998
"2011-06-02",41.610001
"2011-06-03",41.57
"2011-06-06",40.529999
"2011-06-07",40.720001
"2011-06-08",40.389999
"2011-06-09",40.98
"2011-06-10",41.049999
"2011-06-13",41.669998
"2011-06-14",41.610001
"2011-06-15",40.68
"2011-06-16",40.360001
"2011-06-17",40.799999
"2011-06-20",40.48
"2011-06-21",40.91
"2011-06-22",40.689999
"2011-06-23",40.07
"2011-06-24",39.490002
"2011-06-27",39.880001
"2011-06-28",39.540001
"2011-06-29",40.450001
"2011-06-30",40.939999
"2011-07-01",41.580002
"2011-07-05",41.029999
"2011-07-06",40.560001
"2011-07-07",41.32
"2011-07-08",40.740002
"2011-07-11",39.43
"2011-07-12",39.389999
"2011-07-13",39.619999
"2011-07-14",40.349998
"2011-07-15",39.98
"2011-07-18",39.830002
"2011-07-19",40.389999
"2011-07-20",40.959999
"2011-07-21",42.290001
"2011-07-22",42.189999
"2011-07-25",41.689999
"2011-07-26",41.439999
"2011-07-27",40.669998
"2011-07-28",40.68
"2011-07-29",40.450001
"2011-08-01",40.439999
"2011-08-02",39.84
"2011-08-03",39.900002
"2011-08-04",37.919998
"2011-08-05",37.599998
"2011-08-08",34.060001
"2011-08-09",36.400002
"2011-08-10",34.369999
"2011-08-11",36.689999
"2011-08-12",35.91
"2011-08-15",36.880001
"2011-08-16",36.029999
"2011-08-17",36.57
"2011-08-18",35.189999
"2011-08-19",34.349998
"2011-08-22",33.41
"2011-08-23",34.779999
"2011-08-24",35.830002
"2011-08-25",35.720001
"2011-08-26",36.209999
"2011-08-29",37.639999
"2011-08-30",37.060001
"2011-08-31",37.560001
"2011-09-01",36.299999
"2011-09-02",34.630001
"2011-09-06",33.439999
"2011-09-07",34.82
"2011-09-08",33.509998
"2011-09-09",32.080002
"2011-09-12",32.419998
"2011-09-13",32.490002
"2011-09-14",32.799999
"2011-09-15",33.810001
"2011-09-16",33.43
"2011-09-19",32.490002
"2011-09-20",32.25
"2011-09-21",30.34
"2011-09-22",29.27
"2011-09-23",29.59
"2011-09-26",31.65
"2011-09-27",31.57
"2011-09-28",30.469999
"2011-09-29",31.389999
"2011-09-30",30.120001
"2011-10-03",28.65
"2011-10-04",30.26
"2011-10-05",30.84
"2011-10-06",32.380001
"2011-10-07",30.700001
"2011-10-10",32.299999
"2011-10-11",32.299999
"2011-10-12",33.200001
"2011-10-13",31.6
"2011-10-14",31.889999
"2011-10-17",31.040001
"2011-10-18",32.869999
"2011-10-19",32.25
"2011-10-20",33.130001
"2011-10-21",33.419998
"2011-10-24",34.57
"2011-10-25",33.490002
"2011-10-26",34.18
"2011-10-27",37.02
"2011-10-28",36.689999
"2011-10-31",34.759998
"2011-11-01",32.709999
"2011-11-02",33.639999
"2011-11-03",34.380001
"2011-11-04",33.970001
"2011-11-07",34.240002
"2011-11-08",35.02
"2011-11-09",32.540001
"2011-11-10",32.740002
"2011-11-11",33.279999
"2011-11-14",32.549999
"2011-11-15",32.700001
"2011-11-16",31.469999
"2011-11-17",30.49
"2011-11-18",30.620001
"2011-11-21",29.91
"2011-11-22",29.41
"2011-11-23",28.379999
"2011-11-25",28.48
"2011-11-28",29.16
"2011-11-29",28.559999
"2011-11-30",30.969999
"2011-12-01",30.459999
"2011-12-02",32.330002
"2011-12-05",33.509998
"2011-12-06",33.23
"2011-12-07",34
"2011-12-08",32.220001
"2011-12-09",33.18
"2011-12-12",32.040001
"2011-12-13",31.290001
"2011-12-14",31.51
"2011-12-15",31.76
"2011-12-16",31.889999
"2011-12-19",30.700001
"2011-12-20",32.209999
"2011-12-21",32.32
"2011-12-22",33.450001
"2011-12-23",33.57
"2011-12-27",33.029999
"2011-12-28",32.650002
"2011-12-29",33.419998
"2011-12-30",33.25
"2012-01-03",34.98
"2012-01-04",34.950001
"2012-01-05",35.68
"2012-01-06",35.360001
"2012-01-09",35.299999
"2012-01-10",36.049999
"2012-01-11",36.66
"2012-01-12",36.849998
"2012-01-13",35.919998
"2012-01-17",34.91
"2012-01-18",36.540001
"2012-01-19",36.93
"2012-01-20",37.360001
"2012-01-23",37.66
"2012-01-24",37.66
"2012-01-25",37.599998
"2012-01-26",37.490002
"2012-01-27",37.209999
"2012-01-30",37.009998
"2012-01-31",37.299999
"2012-02-01",37.599998
"2012-02-02",37.549999
"2012-02-03",38.279999
"2012-02-06",38.139999
"2012-02-07",37.869999
"2012-02-08",38.299999
"2012-02-09",37.860001
"2012-02-10",37.610001
"2012-02-13",38.299999
"2012-02-14",37.919998
"2012-02-15",37.400002
"2012-02-16",38
"2012-02-17",38.470001
"2012-02-21",38.459999
"2012-02-22",38.07
"2012-02-23",38.490002
"2012-02-24",38.279999
"2012-02-27",39.060001
"2012-02-28",39.209999
"2012-02-29",39.240002
"2012-03-01",40.369999
"2012-03-02",40.630001
"2012-03-05",40.400002
"2012-03-06",39.32
"2012-03-07",39.950001
"2012-03-08",40.439999
"2012-03-09",41.029999
"2012-03-12",40.540001
"2012-03-13",43.389999
"2012-03-14",43.580002
"2012-03-15",44.700001
"2012-03-16",44.57
"2012-03-19",45
"2012-03-20",45.380001
"2012-03-21",45.119999
"2012-03-22",44.650002
"2012-03-23",45.16
"2012-03-26",46.169998
"2012-03-27",45.889999
"2012-03-28",46.27
"2012-03-29",45.669998
"2012-03-30",45.98
"2012-04-02",46.130001
"2012-04-03",45.419998
"2012-04-04",44.41
"2012-04-05",44.34
"2012-04-09",43.889999
"2012-04-10",42.959999
"2012-04-11",44.009998
"2012-04-12",44.84
"2012-04-13",43.209999
"2012-04-16",43.330002
"2012-04-17",43.900002
"2012-04-18",43.290001
"2012-04-19",43.220001
"2012-04-20",42.720001
"2012-04-23",42.849998
"2012-04-24",43.279999
"2012-04-25",43.16
"2012-04-26",43.799999
"2012-04-27",43.34
"2012-04-30",42.98
"2012-05-01",43.790001
"2012-05-02",43.200001
"2012-05-03",43.009998
"2012-05-04",41.75
"2012-05-07",41.779999
"2012-05-08",41.380001
"2012-05-09",40.639999
"2012-05-10",40.740002
"2012-05-11",36.959999
"2012-05-14",35.790001
"2012-05-15",36.240002
"2012-05-16",35.459999
"2012-05-17",33.93
"2012-05-18",33.490002
"2012-05-21",32.509998
"2012-05-22",34.009998
"2012-05-23",34.259998
"2012-05-24",33.970001
"2012-05-25",33.5
"2012-05-29",33.630001
"2012-05-30",32.959999
"2012-05-31",33.150002
"2012-06-01",31.93
"2012-06-04",31
"2012-06-05",31.99
"2012-06-06",33.07
"2012-06-07",32.810001
"2012-06-08",33.68
"2012-06-11",32.82
"2012-06-12",33.77
"2012-06-13",34.299999
"2012-06-14",34.650002
"2012-06-15",35.029999
"2012-06-18",34.619999
"2012-06-19",35.380001
"2012-06-20",36.450001
"2012-06-21",35.509998
"2012-06-22",35.990002
"2012-06-25",35.32
"2012-06-26",35.709999
"2012-06-27",36.779999
"2012-06-28",35.880001
"2012-06-29",35.73
"2012-07-02",36.279999
"2012-07-03",35.880001
"2012-07-05",34.380001
"2012-07-06",33.900002
"2012-07-09",33.959999
"2012-07-10",34.25
"2012-07-11",34.59
"2012-07-12",34.040001
"2012-07-13",36.07
"2012-07-16",35.09
"2012-07-17",34.990002
"2012-07-18",34.959999
"2012-07-19",34.459999
"2012-07-20",33.900002
"2012-07-23",34.439999
"2012-07-24",34.73
"2012-07-25",35.169998
"2012-07-26",35.810001
"2012-07-27",36.889999
"2012-07-30",36.139999
"2012-07-31",36
"2012-08-01",36
"2012-08-02",35.169998
"2012-08-03",36.09
"2012-08-06",36.299999
"2012-08-07",37.009998
"2012-08-08",37.16
"2012-08-09",36.919998
"2012-08-10",36.970001
"2012-08-13",36.990002
"2012-08-14",37.099998
"2012-08-15",37.07
"2012-08-16",37.099998
"2012-08-17",36.98
"2012-08-20",37.369999
"2012-08-21",38.040001
"2012-08-22",37.830002
"2012-08-23",37.23
"2012-08-24",37.169998
"2012-08-27",37.23
"2012-08-28",37.130001
"2012-08-29",37.299999
"2012-08-30",36.900002
"2012-08-31",37.139999
"2012-09-04",37.009998
"2012-09-05",37.110001
"2012-09-06",38.689999
"2012-09-07",39.299999
"2012-09-10",38.759998
"2012-09-11",39.599998
"2012-09-12",39.919998
"2012-09-13",41.400002
"2012-09-14",41.57
"2012-09-17",41.189999
"2012-09-18",41.259998
"2012-09-19",41.34
"2012-09-20",41.25
"2012-09-21",40.880001
"2012-09-24",41.23
"2012-09-25",40.549999
"2012-09-26",40.240002
"2012-09-27",40.68
"2012-09-28",40.48
"2012-10-01",40.970001
"2012-10-02",40.919998
"2012-10-03",40.860001
"2012-10-04",41.82
"2012-10-05",41.709999
"2012-10-08",41.66
"2012-10-09",41.380001
"2012-10-10",41.77
"2012-10-11",42.099998
"2012-10-12",41.619999
"2012-10-15",42.380001
"2012-10-16",42.830002
"2012-10-17",43.32
"2012-10-18",43.009998
"2012-10-19",42.32
"2012-10-22",42.09
"2012-10-23",41.330002
"2012-10-24",41.709999
"2012-10-25",41.669998
"2012-10-26",41.16
"2012-10-31",41.68
"2012-11-01",42.84
"2012-11-02",42.419998
"2012-11-05",42.27
"2012-11-06",42.880001
"2012-11-07",40.48
"2012-11-08",40.400002
"2012-11-09",40.619999
"2012-11-12",40.580002
"2012-11-13",40.040001
"2012-11-14",39.290001
"2012-11-15",39.389999
"2012-11-16",39.529999
"2012-11-19",40.59
"2012-11-20",40.700001
"2012-11-21",40.73
"2012-11-23",41.09
"2012-11-26",40.880001
"2012-11-27",40.75
"2012-11-28",40.830002
"2012-11-29",41.220001
"2012-11-30",41.080002
"2012-12-03",40.810001
"2012-12-04",40.57
"2012-12-05",41.200001
"2012-12-06",41.470001
"2012-12-07",42.560001
"2012-12-10",42.310001
"2012-12-11",42.639999
"2012-12-12",42.77
"2012-12-13",42.779999
"2012-12-14",42.810001
"2012-12-17",43.48
"2012-12-18",43.869999
"2012-12-19",43.529999
"2012-12-20",44.529999
"2012-12-21",44
"2012-12-24",43.919998
"2012-12-26",43.959999
"2012-12-27",43.630001
"2012-12-28",43.240002
"2012-12-31",43.970001
"2013-01-02",44.66
"2013-01-03",44.57
"2013-01-04",45.360001
"2013-01-07",45.41
"2013-01-08",45.5
"2013-01-09",45.470001
"2013-01-10",46.150002
"2013-01-11",46.139999
"2013-01-14",45.880001
"2013-01-15",46.349998
"2013-01-16",46.82
"2013-01-17",46.439999
"2013-01-18",46.459999
"2013-01-22",46.540001
"2013-01-23",46.23
"2013-01-24",46.369999
"2013-01-25",47.16
"2013-01-28",46.639999
"2013-01-29",47.119999
"2013-01-30",47.130001
"2013-01-31",47.049999
"2013-02-01",47.849998
"2013-02-04",47.68
"2013-02-05",48.790001
"2013-02-06",48.610001
"2013-02-07",48.23
"2013-02-08",48.630001
"2013-02-11",48.66
"2013-02-12",49.139999
"2013-02-13",48.68
"2013-02-14",49.220001
"2013-02-15",48.880001
"2013-02-19",49.450001
"2013-02-20",48.610001
"2013-02-21",48.25
"2013-02-22",48.91
"2013-02-25",47.700001
"2013-02-26",47.599998
"2013-02-27",49.279999
"2013-02-28",48.919998
"2013-03-01",48.91
"2013-03-04",49.099998
"2013-03-05",49.490002
"2013-03-06",50.029999
"2013-03-07",50.630001
"2013-03-08",50.200001
"2013-03-11",50.48
"2013-03-12",50.279999
"2013-03-13",50.16
"2013-03-14",51
"2013-03-15",50.02
"2013-03-18",49.509998
"2013-03-19",49.200001
"2013-03-20",49.119999
"2013-03-21",48.349998
"2013-03-22",48.779999
"2013-03-25",48.52
"2013-03-26",48.639999
"2013-03-27",47.77
"2013-03-28",47.459999
"2013-04-01",47.830002
"2013-04-02",48.279999
"2013-04-03",46.849998
"2013-04-04",47.490002
"2013-04-05",47.91
"2013-04-08",48.580002
"2013-04-09",48.68
"2013-04-10",49.25
"2013-04-11",49.310001
"2013-04-12",49.009998
"2013-04-15",47.93
"2013-04-16",48.490002
"2013-04-17",46.790001
"2013-04-18",46.639999
"2013-04-19",47.23
"2013-04-22",47.349998
"2013-04-23",48.169998
"2013-04-24",48.720001
"2013-04-25",49
"2013-04-26",48.880001
"2013-04-29",48.919998
"2013-04-30",49.009998
"2013-05-01",48.009998
"2013-05-02",48.080002
"2013-05-03",47.57
"2013-05-06",48.18
"2013-05-07",49.139999
"2013-05-08",49.759998
"2013-05-09",49.040001
"2013-05-10",48.959999
"2013-05-13",49.669998
"2013-05-14",50.23
"2013-05-15",51.09
"2013-05-16",50.970001
"2013-05-17",52.299999
"2013-05-20",52.290001
"2013-05-21",53.02
"2013-05-22",53.630001
"2013-05-23",53.349998
"2013-05-24",53.66
"2013-05-28",54.599998
"2013-05-29",54.669998
"2013-05-30",55.619999
"2013-05-31",54.59
"2013-06-03",54.490002
"2013-06-04",54.040001
"2013-06-05",53.029999
"2013-06-06",53.5
"2013-06-07",54.27
"2013-06-10",54.360001
"2013-06-11",53.490002
"2013-06-12",53.18
"2013-06-13",54.169998
"2013-06-14",53.130001
"2013-06-17",53.849998
"2013-06-18",54.110001
"2013-06-19",53.549999
"2013-06-20",52.48
"2013-06-21",51.959999
"2013-06-24",50.919998
"2013-06-25",52.080002
"2013-06-26",52.5
"2013-06-27",53.150002
"2013-06-28",52.790001
"2013-07-01",52.490002
"2013-07-02",52.799999
"2013-07-03",52.77
"2013-07-05",53.990002
"2013-07-08",54.700001
"2013-07-09",54.889999
"2013-07-10",54.830002
"2013-07-11",55.139999
"2013-07-12",54.970001
"2013-07-15",54.889999
"2013-07-16",55.009998
"2013-07-17",55.27
"2013-07-18",56.369999
"2013-07-19",56.16
"2013-07-22",56.560001
"2013-07-23",56.669998
"2013-07-24",56.630001
"2013-07-25",56.5
"2013-07-26",56.049999
"2013-07-29",55.689999
"2013-07-30",55.330002
"2013-07-31",55.73
"2013-08-01",56.540001
"2013-08-02",56.490002
"2013-08-05",56.099998
"2013-08-06",55.490002
"2013-08-07",55.299999
"2013-08-08",54.830002
"2013-08-09",54.52
"2013-08-12",54.09
"2013-08-13",54.290001
"2013-08-14",54.150002
"2013-08-15",53.290001
"2013-08-16",53.290001
"2013-08-19",51.830002
"2013-08-20",52.119999
"2013-08-21",51.630001
"2013-08-22",52.209999
"2013-08-23",52.32
"2013-08-26",51.799999
"2013-08-27",50.599998
"2013-08-28",50.580002
"2013-08-29",50.700001
"2013-08-30",50.529999
"2013-09-03",51.130001
"2013-09-04",51.869999
"2013-09-05",52.110001
"2013-09-06",52.560001
"2013-09-09",52.860001
"2013-09-10",53.669998
"2013-09-11",53.259998
"2013-09-12",52.240002
"2013-09-13",52.59
"2013-09-16",53.139999
"2013-09-17",53.09
"2013-09-18",53.41
"2013-09-19",52.75
"2013-09-20",52.799999
"2013-09-23",51.459999
"2013-09-24",50.32
"2013-09-25",51.700001
"2013-09-26",51.889999
"2013-09-27",52.240002
"2013-09-30",51.689999
"2013-10-01",51.959999
"2013-10-02",52.09
"2013-10-03",51.939999
"2013-10-04",52.669998
"2013-10-07",51.830002
"2013-10-08",50.869999
"2013-10-09",50.75
"2013-10-10",52.52
"2013-10-11",52.509998
"2013-10-14",52.709999
"2013-10-15",52.310001
"2013-10-16",54
"2013-10-17",54.209999
"2013-10-18",54.299999
"2013-10-21",54.27
"2013-10-22",53.619999
"2013-10-23",52.75
"2013-10-24",52.48
"2013-10-25",52.77
"2013-10-28",52.68
"2013-10-29",52.73
"2013-10-30",52.599998
"2013-10-31",51.540001
"2013-11-01",52.509998
"2013-11-04",52.040001
"2013-11-05",51.950001
"2013-11-06",52.099998
"2013-11-07",51.650002
"2013-11-08",53.959999
"2013-11-11",54.099998
"2013-11-12",53.970001
"2013-11-13",54.139999
"2013-11-14",54.400002
"2013-11-15",54.869999
"2013-11-18",55.740002
"2013-11-19",56.150002
"2013-11-20",56.099998
"2013-11-21",57.220001
"2013-11-22",57.459999
"2013-11-25",57.650002
"2013-11-26",57.169998
"2013-11-27",57.48
"2013-11-29",57.220001
"2013-12-02",56.98
"2013-12-03",56.860001
"2013-12-04",57.189999
"2013-12-05",55.82
"2013-12-06",56.060001
"2013-12-09",56.509998
"2013-12-10",56.700001
"2013-12-11",56.07
"2013-12-12",56.310001
"2013-12-13",56.169998
"2013-12-16",56.419998
"2013-12-17",55.720001
"2013-12-18",57.240002
"2013-12-19",57.23
"2013-12-20",57.700001
"2013-12-23",58.240002
"2013-12-24",58.25
"2013-12-26",58.200001
"2013-12-27",58.139999
"2013-12-30",57.950001
"2013-12-31",58.48
"2014-01-02",58.209999
"2014-01-03",58.66
"2014-01-06",59
"2014-01-07",58.32
"2014-01-08",58.869999
"2014-01-09",58.759998
"2014-01-10",58.490002
"2014-01-13",57.700001
"2014-01-14",57.740002
"2014-01-15",59.490002
"2014-01-16",58.990002
"2014-01-17",58.110001
"2014-01-21",58.169998
"2014-01-22",57.59
"2014-01-23",56.470001
"2014-01-24",55.09
"2014-01-27",55.09
"2014-01-28",55.740002
"2014-01-29",55.529999
"2014-01-30",56
"2014-01-31",55.360001
"2014-02-03",54.310001
"2014-02-04",54.950001
"2014-02-05",55.209999
"2014-02-06",56.48
"2014-02-07",56.619999
"2014-02-10",56.740002
"2014-02-11",57.43
"2014-02-12",57.52
"2014-02-13",58.029999
"2014-02-14",58.150002
"2014-02-18",58.490002
"2014-02-19",57.259998
"2014-02-20",57.580002
"2014-02-21",57.610001
"2014-02-24",58.029999
"2014-02-25",57.029999
"2014-02-26",56.75
"2014-02-27",56.689999
"2014-02-28",56.82
"2014-03-03",56.209999
"2014-03-04",57.259998
"2014-03-05",58.16
"2014-03-06",58.900002
"2014-03-07",59.400002
"2014-03-10",59.200001
"2014-03-11",58.189999
"2014-03-12",57.919998
"2014-03-13",57.419998
"2014-03-14",56.799999
"2014-03-17",57.580002
"2014-03-18",58.060001
"2014-03-19",58.299999
"2014-03-20",60.110001
"2014-03-21",60.169998
"2014-03-24",61.07
"2014-03-25",60.93
"2014-03-26",59.900002
"2014-03-27",59.919998
"2014-03-28",60.040001
"2014-03-31",60.709999
"2014-04-01",60.669998
"2014-04-02",60.48
"2014-04-03",60.66
"2014-04-04",59.810001
"2014-04-07",59
"2014-04-08",58.849998
"2014-04-09",59.27
"2014-04-10",57.400002
"2014-04-11",55.299999
"2014-04-14",54.959999
"2014-04-15",54.799999
"2014-04-16",55.259998
"2014-04-17",55.220001
"2014-04-21",55.029999
"2014-04-22",55.810001
"2014-04-23",56.049999
"2014-04-24",56.189999
"2014-04-25",55.700001
"2014-04-28",55.490002
"2014-04-29",56.099998
"2014-04-30",55.98
"2014-05-01",55.720001
"2014-05-02",55.580002
"2014-05-05",54.220001
"2014-05-06",53.34
"2014-05-07",54.049999
"2014-05-08",54.360001
"2014-05-09",54.009998
"2014-05-12",54.650002
"2014-05-13",54.619999
"2014-05-14",54.360001
"2014-05-15",53.509998
"2014-05-16",53.310001
"2014-05-19",53.830002
"2014-05-20",53.720001
"2014-05-21",54.119999
"2014-05-22",54.549999
"2014-05-23",54.529999
"2014-05-27",55.139999
"2014-05-28",55.450001
"2014-05-29",55.720001
"2014-05-30",55.57
"2014-06-02",55.349998
"2014-06-03",55.599998
"2014-06-04",55.68
"2014-06-05",56.630001
"2014-06-06",56.970001
"2014-06-09",57.419998
"2014-06-10",57.900002
"2014-06-11",57.27
"2014-06-12",57.040001
"2014-06-13",57.040001
"2014-06-16",56.869999
"2014-06-17",57.419998
"2014-06-18",57.779999
"2014-06-19",57.299999
"2014-06-20",57.549999
"2014-06-23",58.189999
"2014-06-24",57.419998
"2014-06-25",57.529999
"2014-06-26",57.389999
"2014-06-27",57.529999
"2014-06-30",57.619999
"2014-07-01",57.57
"2014-07-02",56.970001
"2014-07-03",57.049999
"2014-07-07",56.669998
"2014-07-08",55.759998
"2014-07-09",56.02
"2014-07-10",55.560001
"2014-07-11",55.799999
"2014-07-14",56.290001
"2014-07-15",58.27
"2014-07-16",58.709999
"2014-07-17",57.860001
"2014-07-18",58.23
"2014-07-21",58.240002
"2014-07-22",58.669998
"2014-07-23",59
"2014-07-24",59.169998
"2014-07-25",59.009998
"2014-07-28",59.189999
"2014-07-29",58.639999
"2014-07-30",58.91
"2014-07-31",57.669998
"2014-08-01",56.48
"2014-08-04",56.650002
"2014-08-05",56.060001
"2014-08-06",56.23
"2014-08-07",55.91
"2014-08-08",56.34
"2014-08-11",56.32
"2014-08-12",56.349998
"2014-08-13",56.720001
"2014-08-14",56.98
"2014-08-15",56.75
"2014-08-18",57.23
"2014-08-19",57.560001
"2014-08-20",57.639999
"2014-08-21",58.5
"2014-08-22",58.490002
"2014-08-25",59.34
"2014-08-26",59.740002
"2014-08-27",59.59
"2014-08-28",59.16
"2014-08-29",59.450001
"2014-09-02",59.669998
"2014-09-03",59.700001
"2014-09-04",59.709999
"2014-09-05",59.91
"2014-09-08",59.889999
"2014-09-09",59.060001
"2014-09-10",59.220001
"2014-09-11",59.759998
"2014-09-12",60.029999
"2014-09-15",59.939999
"2014-09-16",59.990002
"2014-09-17",60.310001
"2014-09-18",61.32
"2014-09-19",61.110001
"2014-09-22",60.91
"2014-09-23",60.939999
"2014-09-24",61.630001
"2014-09-25",60.150002
"2014-09-26",60.560001
"2014-09-29",60.330002
"2014-09-30",60.240002
"2014-10-01",59.77
"2014-10-02",58.84
"2014-10-03",60.299999
"2014-10-06",60.18
"2014-10-07",59.27
"2014-10-08",60.400002
"2014-10-09",59.080002
"2014-10-10",58.52
"2014-10-13",58.16
"2014-10-14",57.990002
"2014-10-15",55.529999
"2014-10-16",55.080002
"2014-10-17",56.200001
"2014-10-20",56.630001
"2014-10-21",57.93
"2014-10-22",57.450001
"2014-10-23",58.060001
"2014-10-24",58.740002
"2014-10-27",58.639999
"2014-10-28",59.630001
"2014-10-29",59.290001
"2014-10-30",59.389999
"2014-10-31",60.48
"2014-11-03",60.880001
"2014-11-04",60.25
"2014-11-05",61.150002
"2014-11-06",61.23
"2014-11-07",61.470001
"2014-11-10",61.93
"2014-11-11",61.369999
"2014-11-12",60.560001
"2014-11-13",60.23
"2014-11-14",60.279999
"2014-11-17",60.380001
"2014-11-18",60.529999
"2014-11-19",60.599998
"2014-11-20",60.119999
"2014-11-21",60.450001
"2014-11-24",60.959999
"2014-11-25",60.299999
"2014-11-26",60.34
"2014-11-28",60.16
"2014-12-01",60
"2014-12-02",61.080002
"2014-12-03",61.540001
"2014-12-04",61.380001
"2014-12-05",62.700001
"2014-12-08",62.669998
"2014-12-09",62.450001
"2014-12-10",60.68
"2014-12-11",61.139999
"2014-12-12",60.040001
"2014-12-15",59.16
"2014-12-16",58.43
"2014-12-17",59.77
"2014-12-18",61.48
"2014-12-19",61.93
"2014-12-22",61.939999
"2014-12-23",62.48
"2014-12-24",62.48
"2014-12-26",62.549999
"2014-12-29",62.959999
"2014-12-30",63.150002
"2014-12-31",62.580002
"2015-01-02",62.490002
"2015-01-05",60.549999
"2015-01-06",58.98
"2015-01-07",59.07
"2015-01-08",60.389999
"2015-01-09",59.34
"2015-01-12",58.830002
"2015-01-13",58.84
"2015-01-14",56.810001
"2015-01-15",54.990002
"2015-01-16",55.93
"2015-01-20",55.709999
"2015-01-21",55.889999
"2015-01-22",57.59
"2015-01-23",56.68
"2015-01-26",56.77
"2015-01-27",56.200001
"2015-01-28",54.75
"2015-01-29",55.669998
"2015-01-30",54.380001
"2015-02-02",55.470001
"2015-02-03",56.720001
"2015-02-04",56.380001
"2015-02-05",56.77
"2015-02-06",57.889999
"2015-02-09",57.82
"2015-02-10",58.459999
"2015-02-11",58.369999
"2015-02-12",59.57
"2015-02-13",59.669998
"2015-02-17",60.099998
"2015-02-18",59.369999
"2015-02-19",59.23
"2015-02-20",59.799999
"2015-02-23",59.349998
"2015-02-24",60.82
"2015-02-25",61.139999
"2015-02-26",61.580002
"2015-02-27",61.279999
"2015-03-02",61.77
"2015-03-03",61.970001
"2015-03-04",62.130001
"2015-03-05",62
"2015-03-06",60.889999
"2015-03-09",61.5
"2015-03-10",59.959999
"2015-03-11",60.240002
"2015-03-12",61.369999
"2015-03-13",61
"2015-03-16",61.849998
"2015-03-17",61.610001
"2015-03-18",61.75
"2015-03-19",61.200001
"2015-03-20",61.75
"2015-03-23",61.139999
"2015-03-24",60.459999
"2015-03-25",59.610001
"2015-03-26",59.540001
"2015-03-27",59.549999
"2015-03-30",60.959999
"2015-03-31",60.580002
"2015-04-01",59.950001
"2015-04-02",60.52
"2015-04-06",60.470001
"2015-04-07",60.849998
"2015-04-08",61.049999
"2015-04-09",61.470001
"2015-04-10",61.700001
"2015-04-13",62.07
"2015-04-14",63.040001
"2015-04-15",64.209999
"2015-04-16",63.810001
"2015-04-17",62.84
"2015-04-20",63.240002
"2015-04-21",62.310001
"2015-04-22",62.939999
"2015-04-23",62.799999
"2015-04-24",62.599998
"2015-04-27",62.34
"2015-04-28",62.759998
"2015-04-29",63.599998
"2015-04-30",63.259998
"2015-05-01",63.610001
"2015-05-04",64.720001
"2015-05-05",64.400002
"2015-05-06",63.919998
"2015-05-07",64.5
"2015-05-08",65.489998
"2015-05-11",65.449997
"2015-05-12",65.360001
"2015-05-13",65.519997
"2015-05-14",66.050003
"2015-05-15",65.879997
"2015-05-18",66.419998
"2015-05-19",67.010002
"2015-05-20",66.480003
"2015-05-21",66.650002
"2015-05-22",66.470001
"2015-05-26",65.730003
"2015-05-27",66.470001
"2015-05-28",66.199997
"2015-05-29",65.779999
"2015-06-01",66.080002
"2015-06-02",66.019997
"2015-06-03",66.699997
"2015-06-04",66.330002
"2015-06-05",67.419998
"2015-06-08",66.889999
"2015-06-09",67.18
"2015-06-10",68.260002
"2015-06-11",68.519997
"2015-06-12",68.25
"2015-06-15",67.989998
"2015-06-16",68.370003
"2015-06-17",68.139999
"2015-06-18",68.779999
"2015-06-19",68.080002
"2015-06-22",68.959999
"2015-06-23",69.75
"2015-06-24",69.019997
"2015-06-25",68.650002
"2015-06-26",68.949997
"2015-06-29",67.199997
"2015-06-30",67.760002
"2015-07-01",68.07
"2015-07-02",67.519997
"2015-07-06",67.330002
"2015-07-07",66.800003
"2015-07-08",65.43
"2015-07-09",66.110001
"2015-07-10",67.050003
"2015-07-13",68.089996
"2015-07-14",69.040001
"2015-07-15",69.190002
"2015-07-16",69.559998
"2015-07-17",69.209999
"2015-07-20",69.260002
"2015-07-21",69.099998
"2015-07-22",70.080002
"2015-07-23",69.639999
"2015-07-24",68.910004
"2015-07-27",68.010002
"2015-07-28",68.050003
"2015-07-29",68.940002
"2015-07-30",69.040001
"2015-07-31",68.529999
"2015-08-03",68.529999
"2015-08-04",68.459999
"2015-08-05",68.730003
"2015-08-06",68.25
"2015-08-07",68.050003
"2015-08-10",68.889999
"2015-08-11",68.230003
"2015-08-12",67.239998
"2015-08-13",67.550003
"2015-08-14",67.889999
"2015-08-17",68.07
"2015-08-18",68.209999
"2015-08-19",67.599998
"2015-08-20",65.940002
"2015-08-21",63.599998
"2015-08-24",60.25
"2015-08-25",59.91
"2015-08-26",62.91
"2015-08-27",64.480003
"2015-08-28",64.129997
"2015-08-31",64.099998
"2015-09-01",61.450001
"2015-09-02",62.57
"2015-09-03",62.68
"2015-09-04",61.5
"2015-09-08",63.16
"2015-09-09",62.18
"2015-09-10",62.66
"2015-09-11",62.560001
"2015-09-14",62.380001
"2015-09-15",63.580002
"2015-09-16",64.139999
"2015-09-17",62.650002
"2015-09-18",60.939999
"2015-09-21",61.450001
"2015-09-22",60.91
"2015-09-23",60.639999
"2015-09-24",60.220001
"2015-09-25",61.470001
"2015-09-28",59.98
"2015-09-29",59.84
"2015-09-30",60.970001
"2015-10-01",61.419998
"2015-10-02",60.810001
"2015-10-05",62.02
"2015-10-06",62.049999
"2015-10-07",62.130001
"2015-10-08",62.130001
"2015-10-09",61.93
"2015-10-12",61.720001
"2015-10-13",61.549999
"2015-10-14",59.990002
"2015-10-15",61.889999
"2015-10-16",62.43
"2015-10-19",62.220001
"2015-10-20",62.52
"2015-10-21",62.060001
"2015-10-22",63.189999
"2015-10-23",63.869999
"2015-10-26",63.900002
"2015-10-27",63.639999
"2015-10-28",65.5
"2015-10-29",65.209999
"2015-10-30",64.25
"2015-11-02",65.540001
"2015-11-03",65.779999
"2015-11-04",65.849998
"2015-11-05",66.440002
"2015-11-06",68.459999
"2015-11-09",67.389999
"2015-11-10",67.68
"2015-11-11",67.349998
"2015-11-12",66
"2015-11-13",65.559998
"2015-11-16",66.510002
"2015-11-17",66.129997
"2015-11-18",67.449997
"2015-11-19",67.660004
"2015-11-20",67.540001
"2015-11-23",66.879997
"2015-11-24",66.779999
"2015-11-25",66.860001
"2015-11-27",67.169998
"2015-11-30",66.68
"2015-12-01",67.610001
"2015-12-02",66.660004
"2015-12-03",65.800003
"2015-12-04",67.889999
"2015-12-07",67
"2015-12-08",65.959999
"2015-12-09",65.459999
"2015-12-10",65.610001
"2015-12-11",64.07
"2015-12-14",64.269997
"2015-12-15",66.099998
"2015-12-16",67.529999
"2015-12-17",66.279999
"2015-12-18",64.400002
"2015-12-21",65.540001
"2015-12-22",65.68
"2015-12-23",66.730003
"2015-12-24",66.599998
"2015-12-28",66.379997
"2015-12-29",67.07
"2015-12-30",66.589996
"2015-12-31",66.029999
"2016-01-04",63.619999
"2016-01-05",63.73
"2016-01-06",62.810001
"2016-01-07",60.27
"2016-01-08",58.919998
"2016-01-11",58.830002
"2016-01-12",58.959999
"2016-01-13",57.34
"2016-01-14",58.200001
"2016-01-15",57.040001
"2016-01-19",57.009998
"2016-01-20",55.509998
"2016-01-21",55.25
"2016-01-22",56.950001
"2016-01-25",55.66
"2016-01-26",57.080002
"2016-01-27",57.040001
"2016-01-28",57.279999
"2016-01-29",59.5
"2016-02-01",58.860001
"2016-02-02",57.029999
"2016-02-03",57.41
"2016-02-04",58.400002
"2016-02-05",57.75
"2016-02-08",56.540001
"2016-02-09",56.200001
"2016-02-10",55.52
"2016-02-11",53.07
"2016-02-12",57.490002
"2016-02-16",58.349998
"2016-02-17",58.77
"2016-02-18",57.810001
"2016-02-19",57.82
"2016-02-22",58.57
"2016-02-23",56.119999
"2016-02-24",56.139999
"2016-02-25",57.009998
"2016-02-26",57.540001
"2016-02-29",56.299999
"2016-03-01",59.200001
"2016-03-02",59.759998
"2016-03-03",59.959999
"2016-03-04",60.049999
"2016-03-07",59.939999
"2016-03-08",58.779999
"2016-03-09",59.119999
"2016-03-10",58.610001
"2016-03-11",59.34
"2016-03-14",59.119999
"2016-03-15",59.200001
"2016-03-16",58.919998
"2016-03-17",58.75
"2016-03-18",60.48
"2016-03-21",60.459999
"2016-03-22",60.240002
"2016-03-23",59.939999
"2016-03-24",59.48
"2016-03-28",59.400002
"2016-03-29",59.029999
"2016-03-30",59.709999
"2016-03-31",59.220001
"2016-04-01",59.869999
"2016-04-04",59.200001
"2016-04-05",58.360001
"2016-04-06",58.810001
"2016-04-07",57.32
"2016-04-08",57.740002
"2016-04-11",58.200001
"2016-04-12",59.279999
"2016-04-13",61.790001
"2016-04-14",62.59
"2016-04-15",61.869999
"2016-04-18",62.27
"2016-04-19",63.32
"2016-04-20",64.239998
"2016-04-21",63.599998
"2016-04-22",63.970001
"2016-04-25",63.599998
"2016-04-26",63.93
"2016-04-27",64.110001
"2016-04-28",63.599998
"2016-04-29",63.200001
"2016-05-02",63.790001
"2016-05-03",62.560001
"2016-05-04",61.57
"2016-05-05",61.240002
"2016-05-06",61.599998
"2016-05-09",61.209999
"2016-05-10",62.040001
"2016-05-11",61.810001
"2016-05-12",61.77
"2016-05-13",61.200001
"2016-05-16",61.66
"2016-05-17",61.66
"2016-05-18",64.040001
"2016-05-19",63.389999
"2016-05-20",63.509998
"2016-05-23",63.459999
"2016-05-24",64.540001
"2016-05-25",65.519997
"2016-05-26",65.029999
"2016-05-27",65.43
"2016-05-31",65.269997
"2016-06-01",65.690002
"2016-06-02",65.809998
"2016-06-03",64.639999
"2016-06-06",65.279999
"2016-06-07",65.059998
"2016-06-08",65.25
"2016-06-09",64.75
"2016-06-10",63.84
"2016-06-13",63.27
"2016-06-14",62.080002
"2016-06-15",61.970001
"2016-06-16",62.220001
"2016-06-17",62.279999
"2016-06-20",62.369999
"2016-06-21",62.950001
"2016-06-22",62.709999
"2016-06-23",64.050003
"2016-06-24",59.599998
"2016-06-27",57.610001
"2016-06-28",59.52
"2016-06-29",61.200001
"2016-06-30",62.139999
"2016-07-01",61.259998
"2016-07-05",59.549999
"2016-07-06",60.189999
"2016-07-07",60.580002
"2016-07-08",61.830002
"2016-07-11",62.27
"2016-07-12",63.200001
"2016-07-13",63.16
"2016-07-14",64.120003
"2016-07-15",64.18
"2016-07-18",63.959999
"2016-07-19",63.860001
"2016-07-20",63.93
"2016-07-21",63.689999
"2016-07-22",64.040001
"2016-07-25",63.869999
"2016-07-26",64.129997
"2016-07-27",64.330002
"2016-07-28",64.099998
"2016-07-29",63.970001
"2016-08-01",63.799999
"2016-08-02",63.650002
"2016-08-03",64.660004
"2016-08-04",64.559998
"2016-08-05",66.300003
"2016-08-08",66.099998
"2016-08-09",65.870003
"2016-08-10",65.279999
"2016-08-11",65.459999
"2016-08-12",65.32
"2016-08-15",65.720001
"2016-08-16",65.709999
"2016-08-17",65.889999
"2016-08-18",65.949997
"2016-08-19",65.860001
"2016-08-22",65.800003
"2016-08-23",65.769997
"2016-08-24",65.949997
"2016-08-25",66.07
"2016-08-26",66.220001
"2016-08-29",66.949997
"2016-08-30",67.5
"2016-08-31",67.5
"2016-09-01",67.209999
"2016-09-02",67.489998
"2016-09-06",67.440002
"2016-09-07",67.160004
"2016-09-08",67.25
"2016-09-09",66.650002
"2016-09-12",67.059998
"2016-09-13",66.529999
"2016-09-14",66.400002
"2016-09-15",66.639999
"2016-09-16",65.82
"2016-09-19",66.190002
"2016-09-20",66.459999
"2016-09-21",66.839996
"2016-09-22",67.389999
"2016-09-23",67.25
"2016-09-26",65.779999
"2016-09-27",66.360001
"2016-09-28",66.709999
"2016-09-29",65.650002
"2016-09-30",66.589996
"2016-10-03",66.510002
"2016-10-04",66.599998
"2016-10-05",67.690002
"2016-10-06",67.870003
"2016-10-07",68.110001
"2016-10-10",68.639999
"2016-10-11",68.309998
"2016-10-12",68.129997
"2016-10-13",67.739998
"2016-10-14",67.519997
"2016-10-17",67.169998
"2016-10-18",67.699997
"2016-10-19",68.349998
"2016-10-20",68.260002
"2016-10-21",68.489998
"2016-10-24",68.870003
"2016-10-25",68.800003
"2016-10-26",69.129997
"2016-10-27",69.230003
"2016-10-28",69.110001
"2016-10-31",69.260002
"2016-11-01",68.970001
"2016-11-02",68.68
"2016-11-03",68.379997
"2016-11-04",67.760002
"2016-11-07",69.879997
"2016-11-08",70.029999
"2016-11-09",73.25
"2016-11-10",76.650002
"2016-11-11",76.690002
"2016-11-14",79.510002
"2016-11-15",79.360001
"2016-11-16",77.400002
"2016-11-17",78.019997
"2016-11-18",77.709999
"2016-11-21",78.050003
"2016-11-22",78.529999
"2016-11-23",78.860001
"2016-11-25",78.830002
"2016-11-28",78.32
"2016-11-29",78.919998
"2016-11-30",80.169998
"2016-12-01",81.790001
"2016-12-02",81.599998
"2016-12-05",83.260002
"2016-12-06",83.690002
"2016-12-07",84.07
"2016-12-08",85.120003
"2016-12-09",85.489998
"2016-12-12",84.730003
"2016-12-13",84.760002
"2016-12-14",84.730003
"2016-12-15",86
"2016-12-16",84.940002
"2016-12-19",85.43
"2016-12-20",86.529999
"2016-12-21",86.75
"2016-12-22",86.889999
"2016-12-23",87.050003
"2016-12-27",87.129997
"2016-12-28",86.5
"2016-12-29",85.889999
"2016-12-30",86.290001
"2017-01-03",87.230003
"2017-01-04",86.910004
"2017-01-05",86.110001
"2017-01-06",86.120003
"2017-01-09",86.18
"2017-01-10",86.43
"2017-01-11",87.080002
"2017-01-12",86.239998
"2017-01-13",86.699997
"2017-01-17",83.550003
"2017-01-18",83.940002
"2017-01-19",83.300003
"2017-01-20",83.669998
"2017-01-23",83.709999
"2017-01-24",84.720001
"2017-01-25",86.029999
"2017-01-26",86.75
"2017-01-27",86.93
"2017-01-30",86.029999
"2017-01-31",84.629997
"2017-02-01",84.949997
"2017-02-02",84.589996
"2017-02-03",87.18
"2017-02-06",86.769997
"2017-02-07",86.720001
"2017-02-08",85.959999
"2017-02-09",87.199997
"2017-02-10",87
"2017-02-13",88.150002
"2017-02-14",89.559998
"2017-02-15",90.589996
"2017-02-16",90.529999
"2017-02-17",90.230003
"2017-02-21",91.010002
"2017-02-22",91.059998
"2017-02-23",91.129997
"2017-02-24",90.330002
"2017-02-27",90.43
"2017-02-28",90.620003
"2017-03-01",93.599998
"2017-03-02",92.139999
"2017-03-03",92.800003
"2017-03-06",91.919998
"2017-03-07",91.410004
"2017-03-08",91.209999
"2017-03-09",91.57
"2017-03-10",91.279999
"2017-03-13",91.360001
"2017-03-14",91.510002
"2017-03-15",91.730003
"2017-03-16",91.639999
"2017-03-17",90.68
"2017-03-20",90.029999
"2017-03-21",87.389999
"2017-03-22",87.529999
"2017-03-23",87.389999
"2017-03-24",87.290001
"2017-03-27",87.239998
"2017-03-28",88.599998
"2017-03-29",88.269997
"2017-03-30",89.029999
"2017-03-31",87.839996
"2017-04-03",87.519997
"2017-04-04",87.309998
"2017-04-05",86.190002
"2017-04-06",86.480003
"2017-04-07",86.18
"2017-04-10",85.879997
"2017-04-11",85.730003
"2017-04-12",85.400002
"2017-04-13",84.400002
"2017-04-17",85.860001
"2017-04-18",85.160004
"2017-04-19",84.459999
"2017-04-20",85.550003
"2017-04-21",84.519997
"2017-04-24",87.5
"2017-04-25",88.260002
"2017-04-26",88.43
"2017-04-27",87.610001
"2017-04-28",87
"2017-05-01",87.059998
"2017-05-02",86.5
"2017-05-03",87
"2017-05-04",87.099998
"2017-05-05",87
"2017-05-08",87.099998
"2017-05-09",86.75
"2017-05-10",87.43
"2017-05-11",87.160004
"2017-05-12",86.919998
"2017-05-15",87.339996
"2017-05-16",87.610001
"2017-05-17",84.269997
"2017-05-18",83.959999
"2017-05-19",84.779999
"2017-05-22",84.699997
"2017-05-23",85.760002
"2017-05-24",85.709999
"2017-05-25",85.349998
"2017-05-26",85.360001
"2017-05-30",83.900002
"2017-05-31",82.150002
"2017-06-01",83.059998
"2017-06-02",82.639999
"2017-06-05",82.790001
"2017-06-06",82.959999
"2017-06-07",83.910004
"2017-06-08",84.949997
"2017-06-09",86.959999
"2017-06-12",86.980003
"2017-06-13",87.269997
"2017-06-14",87.089996
"2017-06-15",86.57
"2017-06-16",86.18
"2017-06-19",88.07
"2017-06-20",87.519997
"2017-06-21",87.120003
"2017-06-22",87.019997
"2017-06-23",86.860001
"2017-06-26",87.239998
"2017-06-27",88.050003
"2017-06-28",89.82
"2017-06-29",91.150002
"2017-06-30",91.400002
"2017-07-03",92.75
"2017-07-05",93.68
"2017-07-06",93.379997
"2017-07-07",93.849998
"2017-07-10",93.190002
"2017-07-11",92.830002
"2017-07-12",92.510002
"2017-07-13",93.099998
"2017-07-14",92.25
"2017-07-17",91.389999
"2017-07-18",91.07
"2017-07-19",91.199997
"2017-07-20",91.199997
"2017-07-21",90.889999
"2017-07-24",91.279999
"2017-07-25",92.800003
"2017-07-26",91.93
"2017-07-27",91.550003
"2017-07-28",91.279999
"2017-07-31",91.800003
"2017-08-01",93.029999
"2017-08-02",93.110001
"2017-08-03",92.5
"2017-08-04",93.660004
"2017-08-07",94.019997
"2017-08-08",93.68
"2017-08-09",93.529999
"2017-08-10",92.190002
"2017-08-11",91.419998
"2017-08-14",92.489998
"2017-08-15",92.730003
"2017-08-16",92.089996
"2017-08-17",90.650002
"2017-08-18",90.739998
"2017-08-21",90.629997
"2017-08-22",91.559998
"2017-08-23",91.669998
"2017-08-24",91.519997
"2017-08-25",91.889999
"2017-08-28",91.599998
"2017-08-29",91.099998
"2017-08-30",91.309998
"2017-08-31",90.889999
"2017-09-01",91.699997
"2017-09-05",89.510002
"2017-09-06",90.110001
"2017-09-07",88.529999
"2017-09-08",88.419998
"2017-09-11",89.790001
"2017-09-12",90.889999
"2017-09-13",91.150002
"2017-09-14",90.970001
"2017-09-15",91.620003
"2017-09-18",92.919998
"2017-09-19",93.940002
"2017-09-20",94.599998
"2017-09-21",95.029999
"2017-09-22",94.830002
"2017-09-25",94.120003
"2017-09-26",93.699997
"2017-09-27",95.18
"2017-09-28",95.379997
"2017-09-29",95.510002
"2017-10-02",96.839996
"2017-10-03",97.349998
"2017-10-04",96.360001
"2017-10-05",97.089996
"2017-10-06",96.919998
"2017-10-09",96.410004
"2017-10-10",97.129997
"2017-10-11",96.839996
"2017-10-12",95.989998
"2017-10-13",95.860001
"2017-10-16",97.839996
"2017-10-17",97.620003
"2017-10-18",97.989998
"2017-10-19",98.110001
"2017-10-20",99.510002
"2017-10-23",99.339996
"2017-10-24",100.919998
"2017-10-25",101.019997
"2017-10-26",101.739998
"2017-10-27",101.769997
"2017-10-30",101.410004
"2017-10-31",100.610001
"2017-11-01",100.919998
"2017-11-02",101.589996
"2017-11-03",101.410004
"2017-11-06",100.779999
"2017-11-07",98.75
"2017-11-08",97.639999
"2017-11-09",97.629997
"2017-11-10",97.510002
"2017-11-13",97.860001
"2017-11-14",97.269997
"2017-11-15",98.190002
"2017-11-16",98.470001
"2017-11-17",98.139999
"2017-11-20",99.010002
"2017-11-21",98.93
"2017-11-22",98.639999
"2017-11-24",98.32
"2017-11-27",97.93
"2017-11-28",101.360001
"2017-11-29",103.730003
"2017-11-30",104.519997
"2017-12-01",104.790001
"2017-12-04",106.949997
"2017-12-05",105.720001
"2017-12-06",104.93
"2017-12-07",104.620003
"2017-12-08",105.93
"2017-12-11",105.620003
"2017-12-12",106.849998
"2017-12-13",105.510002
"2017-12-14",104.660004
"2017-12-15",106.139999
"2017-12-18",106.959999
"2017-12-19",106.510002
"2017-12-20",106.139999
"2017-12-21",107.830002
"2017-12-22",107.449997
"2017-12-26",107.019997
"2017-12-27",107.220001
"2017-12-28",107.790001
"2017-12-29",106.940002
"2018-01-02",107.949997
"2018-01-03",108.059998
"2018-01-04",109.040001
"2018-01-05",108.339996
"2018-01-08",108.5
"2018-01-09",109.050003
"2018-01-10",110.25
"2018-01-11",110.839996
"2018-01-12",112.669998
"2018-01-16",112.269997
"2018-01-17",112.989998
"2018-01-18",113.260002
"2018-01-19",113.010002
"2018-01-22",114.330002
"2018-01-23",114.209999
"2018-01-24",115.669998
"2018-01-25",115.699997
"2018-01-26",116.32
"2018-01-29",116.199997
"2018-01-30",115.110001
"2018-01-31",115.669998
"2018-02-01",116.870003
"2018-02-02",114.279999
"2018-02-05",108.800003
"2018-02-06",112.110001
"2018-02-07",112.870003
"2018-02-08",107.879997
"2018-02-09",110.040001
"2018-02-12",111.739998
"2018-02-13",112.43
"2018-02-14",115.029999
"2018-02-15",115.510002
"2018-02-16",114.68
"2018-02-20",114.709999
"2018-02-21",115.190002
"2018-02-22",114.980003
"2018-02-23",117.309998
"2018-02-26",118.769997
"2018-02-27",117.360001
"2018-02-28",115.5
"2018-03-01",113.43
"2018-03-02",113.32
"2018-03-05",115.059998
"2018-03-06",115.160004
"2018-03-07",114.730003
"2018-03-08",114.739998
"2018-03-09",118.040001
"2018-03-12",117.660004
"2018-03-13",116.25
"2018-03-14",114.949997
"2018-03-15",115.239998
"2018-03-16",115.440002
"2018-03-19",114.529999
"2018-03-20",114.639999
"2018-03-21",114.739998
"2018-03-22",109.949997
"2018-03-23",107.010002
"2018-03-26",110.309998
"2018-03-27",108.169998
"2018-03-28",108
"2018-03-29",109.970001
"2018-04-02",107.849998
"2018-04-03",109.330002
"2018-04-04",110.989998
"2018-04-05",111.879997
"2018-04-06",109.089996
"2018-04-09",110.400002
"2018-04-10",112.510002
"2018-04-11",110.620003
"2018-04-12",113.370003
"2018-04-13",110.300003
"2018-04-16",110.209999
"2018-04-17",110.209999
"2018-04-18",109.32
"2018-04-19",111.720001
"2018-04-20",111.470001
"2018-04-23",110.93
"2018-04-24",110.410004
"2018-04-25",109.989998
"2018-04-26",110.099998
"2018-04-27",109.400002
"2018-04-30",108.779999
"2018-05-01",108.779999
"2018-05-02",107.919998
"2018-05-03",107.239998
"2018-05-04",108.43
"2018-05-07",109.370003
"2018-05-08",110.989998
"2018-05-09",113.410004
"2018-05-10",114.290001
"2018-05-11",113.860001
"2018-05-14",113.900002
"2018-05-15",113.029999
"2018-05-16",113.339996
"2018-05-17",112.959999
"2018-05-18",111.129997
"2018-05-21",112.150002
"2018-05-22",113.010002
"2018-05-23",112.489998
"2018-05-24",111.230003
"2018-05-25",110.660004
"2018-05-29",105.93
"2018-05-30",108.349998
"2018-05-31",107.010002
"2018-06-01",108.400002
"2018-06-04",108.449997
"2018-06-05",107.839996
"2018-06-06",110.360001
"2018-06-07",110.800003
"2018-06-08",111.110001
"2018-06-11",110.830002
"2018-06-12",110.190002
"2018-06-13",109.970001
"2018-06-14",108.029999
"2018-06-15",107.900002
"2018-06-18",108.18
"2018-06-19",107.550003
"2018-06-20",107.540001
"2018-06-21",107.510002
"2018-06-22",105.75
"2018-06-25",104.790001
"2018-06-26",104.860001
"2018-06-27",103.239998
"2018-06-28",104.93
"2018-06-29",104.199997
"2018-07-02",105.080002
"2018-07-03",103.610001
"2018-07-05",103.720001
"2018-07-06",104.059998
"2018-07-09",107.279999
"2018-07-10",106.620003
"2018-07-11",106.389999
"2018-07-12",106.849998
"2018-07-13",106.360001
"2018-07-16",110.580002
"2018-07-17",110.5
"2018-07-18",111.529999
"2018-07-19",109.889999
"2018-07-20",111.279999
"2018-07-23",113.349998
"2018-07-24",114.150002
"2018-07-25",115.18
"2018-07-26",114.849998
"2018-07-27",116.029999
"2018-07-30",116.730003
"2018-07-31",114.949997
"2018-08-01",115.660004
"2018-08-02",116.150002
"2018-08-03",117.089996
"2018-08-06",117.120003
"2018-08-07",117.550003
"2018-08-08",117.790001
"2018-08-09",116.879997
"2018-08-10",115.730003
"2018-08-13",113.889999
"2018-08-14",114.650002
"2018-08-15",113.699997
"2018-08-16",114.769997
"2018-08-17",114.769997
"2018-08-20",114.620003
"2018-08-21",115.32
"2018-08-22",114.970001
"2018-08-23",114.730003
"2018-08-24",114.68
"2018-08-27",116.709999
"2018-08-28",116.139999
"2018-08-29",115.760002
"2018-08-30",115.190002
"2018-08-31",114.580002
"2018-09-04",115.150002
"2018-09-05",114.589996
"2018-09-06",114.099998
"2018-09-07",114.32
"2018-09-10",113.709999
"2018-09-11",114.43
"2018-09-12",113.080002
"2018-09-13",113.519997
"2018-09-14",113.5
"2018-09-17",113.839996
"2018-09-18",114.300003
"2018-09-19",117.620003
"2018-09-20",118.629997
"2018-09-21",117.849998
"2018-09-24",116.720001
"2018-09-25",116.389999
"2018-09-26",115.019997
"2018-09-27",114.519997
"2018-09-28",112.839996
"2018-10-01",113.5
"2018-10-02",113.970001
"2018-10-03",115.040001
"2018-10-04",115.269997
"2018-10-05",114.620003
"2018-10-08",115.32
"2018-10-09",114.519997
"2018-10-10",111.470001
"2018-10-11",108.129997
"2018-10-12",106.949997
"2018-10-15",106.339996
"2018-10-16",108.620003
"2018-10-17",109.830002
"2018-10-18",108.089996
"2018-10-19",107.910004
"2018-10-22",106.360001
"2018-10-23",105.25
"2018-10-24",103.290001
"2018-10-25",104.860001
"2018-10-26",103.419998
"2018-10-29",104.849998
"2018-10-30",106.699997
"2018-10-31",109.019997
"2018-11-01",108.980003
"2018-11-02",108.379997
"2018-11-05",109.089996
"2018-11-06",109.599998
"2018-11-07",111.480003
"2018-11-08",112.379997
"2018-11-09",111.290001
"2018-11-12",108.949997
"2018-11-13",109.589996
"2018-11-14",107.330002
"2018-11-15",110.07
"2018-11-16",109.989998
"2018-11-19",110.830002
"2018-11-20",108.449997
"2018-11-21",107.639999
"2018-11-23",106.650002
"2018-11-26",109.260002
"2018-11-27",109.720001
"2018-11-28",110.940002
"2018-11-29",110.059998
"2018-11-30",111.190002
"2018-12-03",112.239998
"2018-12-04",107.230003
"2018-12-06",105.190002
"2018-12-07",103.290001
"2018-12-10",101.360001
"2018-12-11",100.370003
"2018-12-12",101.019997
"2018-12-13",101.120003
"2018-12-14",100.290001
"2018-12-17",99.010002
"2018-12-18",98.540001
"2018-12-19",97.290001
"2018-12-20",96.449997
"2018-12-21",94.169998
"2018-12-24",92.139999
"2018-12-26",95.959999
"2018-12-27",97.040001
"2018-12-28",96.830002
"2018-12-31",97.620003
"2019-01-02",99.309998
"2019-01-03",97.110001
"2019-01-04",100.690002
"2019-01-07",100.760002
"2019-01-08",100.57
"2019-01-09",100.400002
"2019-01-10",100.389999
"2019-01-11",99.910004
"2019-01-14",100.940002
"2019-01-15",101.68
"2019-01-16",102.5
"2019-01-17",102.919998
"2019-01-18",104.589996
"2019-01-22",102.940002
"2019-01-23",102.68
"2019-01-24",102.739998
"2019-01-25",103.389999
"2019-01-28",103.879997
"2019-01-29",104.169998
"2019-01-30",104.410004
"2019-01-31",103.5
"2019-02-01",103.879997
"2019-02-04",104.25
"2019-02-05",103.790001
"2019-02-06",103.739998
"2019-02-07",102.379997
"2019-02-08",101.360001
"2019-02-11",100.879997
"2019-02-12",102.599998
"2019-02-13",103.089996
"2019-02-14",102.419998
"2019-02-15",105.550003
"2019-02-19",105.18
"2019-02-20",105.690002
"2019-02-21",105.470001
"2019-02-22",105
"2019-02-25",106.099998
"2019-02-26",105.290001
"2019-02-27",105.160004
"2019-02-28",104.360001
"2019-03-01",104.43
"2019-03-04",104.190002
"2019-03-05",104.110001
"2019-03-06",103.720001
"2019-03-07",102.970001
"2019-03-08",103.010002
"2019-03-11",104.349998
"2019-03-12",104.040001
"2019-03-13",104.389999
"2019-03-14",105.339996
"2019-03-15",106.550003
"2019-03-18",107.190002
"2019-03-19",106.800003
"2019-03-20",104.519997
"2019-03-21",102.870003
"2019-03-22",99.760002
"2019-03-25",98.93
"2019-03-26",99.919998
"2019-03-27",99.580002
"2019-03-28",100.709999
"2019-03-29",101.230003
"2019-04-01",104.639999
"2019-04-02",105.139999
"2019-04-03",105.349998
"2019-04-04",105.559998
"2019-04-05",105.309998
"2019-04-08",105.650002
"2019-04-09",104.870003
"2019-04-10",105.339996
"2019-04-11",106.230003
"2019-04-12",111.209999
"2019-04-15",109.940002
"2019-04-16",111.099998
"2019-04-17",114.300003
"2019-04-18",113.459999
"2019-04-22",113.599998
"2019-04-23",113.739998
"2019-04-24",113.550003
"2019-04-25",113.610001
"2019-04-26",114.470001
"2019-04-29",116.120003
"2019-04-30",116.050003
"2019-05-01",115.160004
"2019-05-02",115.410004
"2019-05-03",116.120003
"2019-05-06",115.089996
"2019-05-07",113.209999
"2019-05-08",112.610001
"2019-05-09",112.519997
"2019-05-10",112.510002
"2019-05-13",109.449997
"2019-05-14",110.32
"2019-05-15",109.900002
"2019-05-16",111.309998
"2019-05-17",110.769997
"2019-05-20",111.349998
"2019-05-21",111.730003
"2019-05-22",110.82
"2019-05-23",108.639999
"2019-05-24",109.709999
"2019-05-28",108.519997
"2019-05-29",108.220001
"2019-05-30",107.059998
"2019-05-31",105.959999
"2019-06-03",106.459999
"2019-06-04",109.739998
"2019-06-05",110.129997
"2019-06-06",110.370003
"2019-06-07",109.160004
"2019-06-10",110.339996
"2019-06-11",110.68
"2019-06-12",109.269997
"2019-06-13",109.540001
"2019-06-14",109.82
"2019-06-17",109.220001
"2019-06-18",110.709999
"2019-06-19",109.910004
"2019-06-20",110.190002
"2019-06-21",109.440002
"2019-06-24",108.660004
"2019-06-25",107.760002
"2019-06-26",108.480003
"2019-06-27",108.839996
"2019-06-28",111.800003
"2019-07-01",113.68
"2019-07-02",113.800003
"2019-07-03",112.82
"2019-07-05",113.489998
"2019-07-08",112.870003
"2019-07-09",113.349998
"2019-07-10",113.019997
"2019-07-11",114.099998
"2019-07-12",115.300003
"2019-07-15",113.900002
"2019-07-16",115.120003
"2019-07-17",113.989998
"2019-07-18",114.669998
"2019-07-19",113.540001
"2019-07-22",114.269997
"2019-07-23",116.360001
"2019-07-24",116.830002
"2019-07-25",115.709999
"2019-07-26",116.220001
"2019-07-29",115.849998
"2019-07-30",115.589996
"2019-07-31",116
"2019-08-01",112.940002
"2019-08-02",112.93
"2019-08-05",109.57
"2019-08-06",110.43
"2019-08-07",108.029999
"2019-08-08",109.860001
"2019-08-09",109.739998
"2019-08-12",107.68
"2019-08-13",109.339996
"2019-08-14",104.800003
"2019-08-15",105.199997
"2019-08-16",107.720001
"2019-08-19",108.690002
"2019-08-20",107.309998
"2019-08-21",107.610001
"2019-08-22",108.720001
"2019-08-23",106.019997
"2019-08-26",106.870003
"2019-08-27",105.739998
"2019-08-28",106.800003
"2019-08-29",109.220001
"2019-08-30",109.860001
"2019-09-03",108.559998
"2019-09-04",109.870003
"2019-09-05",112.370003
"2019-09-06",112.610001
"2019-09-09",115.400002
"2019-09-10",116.870003
"2019-09-11",117.190002
"2019-09-12",117.910004
"2019-09-13",120.230003
"2019-09-16",119.160004
"2019-09-17",118.57
"2019-09-18",119.760002
"2019-09-19",119.379997
"2019-09-20",118.900002
"2019-09-23",118.879997
"2019-09-24",117.330002
"2019-09-25",118
"2019-09-26",117.029999
"2019-09-27",117.720001
"2019-09-30",117.690002
"2019-10-01",115.550003
"2019-10-02",113.25
"2019-10-03",112.190002
"2019-10-04",114.620003
"2019-10-07",114.370003
"2019-10-08",111.82
"2019-10-09",112.629997
"2019-10-10",114.209999
"2019-10-11",116.139999
"2019-10-14",116.449997
"2019-10-15",119.959999
"2019-10-16",119.68
"2019-10-17",120.349998
"2019-10-18",120.559998
"2019-10-21",123.550003
"2019-10-22",124.790001
"2019-10-23",125.120003
"2019-10-24",125.029999
"2019-10-25",126.029999
"2019-10-28",126.510002
"2019-10-29",126.43
"2019-10-30",125.730003
"2019-10-31",124.919998
"2019-11-01",127.800003
"2019-11-04",128.820007
"2019-11-05",129.100006
"2019-11-06",129.300003
"2019-11-07",130
"2019-11-08",130.380005
"2019-11-11",129.919998
"2019-11-12",129.160004
"2019-11-13",128.479996
"2019-11-14",128.600006
"2019-11-15",129.529999
"2019-11-18",130.619995
"2019-11-19",130.580002
"2019-11-20",129.630005
"2019-11-21",129.929993
"2019-11-22",130.789993
"2019-11-25",131.490005
"2019-11-26",131.669998
"2019-11-27",132.059998
"2019-11-29",131.759995
"2019-12-02",131.470001
"2019-12-03",129.779999
"2019-12-04",132.339996
"2019-12-05",133.059998
"2019-12-06",135.039993
"2019-12-09",134.410004
"2019-12-10",134.5
"2019-12-11",134.179993
"2019-12-12",138.020004
"2019-12-13",136.809998
"2019-12-16",137.339996
"2019-12-17",138.179993
"2019-12-18",138.039993
"2019-12-19",137.350006
"2019-12-20",137.240005
"2019-12-23",137.199997
"2019-12-24",137.580002
"2019-12-26",139.039993
"2019-12-27",139.139999
"2019-12-30",138.630005
"2019-12-31",139.399994
"2020-01-02",141.089996
"2020-01-03",138.339996
"2020-01-06",138.229996
"2020-01-07",135.880005
"2020-01-08",136.940002
"2020-01-09",137.440002
"2020-01-10",136.070007
"2020-01-13",137.199997
"2020-01-14",138.800003
"2020-01-15",136.720001
"2020-01-16",137.25
"2020-01-17",138.199997
"2020-01-21",136.839996
"2020-01-22",136.679993
"2020-01-23",136.539993
"2020-01-24",133.149994
"2020-01-27",132.029999
"2020-01-28",134.429993
"2020-01-29",134.229996
"2020-01-30",135.889999
"2020-01-31",132.360001
"2020-02-03",133.369995
"2020-02-04",135.289993
"2020-02-05",137.589996
"2020-02-06",137.610001
"2020-02-07",137.169998
"2020-02-10",137.740005
"2020-02-11",138
"2020-02-12",138
"2020-02-13",137.880005
"2020-02-14",137.460007
"2020-02-18",135.639999
"2020-02-19",137.490005
"2020-02-20",137.490005
"2020-02-21",135.809998
"2020-02-24",132.160004
"2020-02-25",126.260002
"2020-02-26",126.639999
"2020-02-27",121.370003
"2020-02-28",116.110001
"2020-03-02",121.519997
"2020-03-03",116.959999
"2020-03-04",119.849998
"2020-03-05",113.970001
"2020-03-06",108.080002
"2020-03-09",93.440002
"2020-03-10",100.699997
"2020-03-11",95.959999
"2020-03-12",88.050003
"2020-03-13",103.910004
"2020-03-16",88.360001
"2020-03-17",93.760002
"2020-03-18",83.889999
"2020-03-19",85.300003
"2020-03-20",83.5
"2020-03-23",79.029999
"2020-03-24",88.43
"2020-03-25",91.730003
"2020-03-26",98.120003
"2020-03-27",91.129997
"2020-03-30",93.5
"2020-03-31",90.029999
"2020-04-01",84.360001
"2020-04-02",87.510002
"2020-04-03",84.050003
"2020-04-06",89.459999
"2020-04-07",90.639999
"2020-04-08",94.300003
"2020-04-09",102.760002
"2020-04-13",98.190002
"2020-04-14",95.5
"2020-04-15",90.790001
"2020-04-16",87.330002
"2020-04-17",95.18
"2020-04-20",91.709999
"2020-04-21",89.050003
"2020-04-22",89.339996
"2020-04-23",89.389999
"2020-04-24",90.709999
"2020-04-27",94.620003
"2020-04-28",95.290001
"2020-04-29",97.860001
"2020-04-30",95.760002
"2020-05-01",93.25
"2020-05-04",92.139999
"2020-05-05",92
"2020-05-06",90.269997
"2020-05-07",91.209999
"2020-05-08",92.699997
"2020-05-11",89.970001
"2020-05-12",87.029999
"2020-05-13",84.029999
"2020-05-14",87.519997
"2020-05-15",85.900002
"2020-05-18",90.449997
"2020-05-19",88.669998
"2020-05-20",91.330002
"2020-05-21",90.169998
"2020-05-22",89.470001
"2020-05-26",95.82
"2020-05-27",101.370003
"2020-05-28",99.860001
"2020-05-29",97.309998
"2020-06-01",98.599998
"2020-06-02",98.93
"2020-06-03",104.269997
"2020-06-04",106.440002
"2020-06-05",111.230003
"2020-06-08",113.449997
"2020-06-09",110.540001
"2020-06-10",106.059998
"2020-06-11",97.209999
"2020-06-12",99.870003
"2020-06-15",101.25
"2020-06-16",102.059998
"2020-06-17",99.480003
"2020-06-18",98.940002
"2020-06-19",97.809998
"2020-06-22",96.75
"2020-06-23",97.93
"2020-06-24",94.660004
"2020-06-25",97.959999
"2020-06-26",92.589996
"2020-06-29",93
"2020-06-30",94.059998
"2020-07-01",93.260002
"2020-07-02",92.660004
"2020-07-06",95
"2020-07-07",92.32
"2020-07-08",93.300003
"2020-07-09",91.279999
"2020-07-10",96.269997
"2020-07-13",97.650002
"2020-07-14",98.209999
"2020-07-15",99.730003
"2020-07-16",100.010002
"2020-07-17",98.160004
"2020-07-20",97.300003
"2020-07-21",99.410004
"2020-07-22",98.690002
"2020-07-23",98.980003
"2020-07-24",98.279999
"2020-07-27",96.900002
"2020-07-28",97.32
"2020-07-29",99.68
"2020-07-30",97.019997
"2020-07-31",96.639999
"2020-08-03",96.099998
"2020-08-04",95.550003
"2020-08-05",97.209999
"2020-08-06",97.239998
"2020-08-07",99.379997
"2020-08-10",100.639999
"2020-08-11",103.82
"2020-08-12",102.940002
"2020-08-13",102.370003
"2020-08-14",102.410004
"2020-08-17",99.709999
"2020-08-18",98.32
"2020-08-19",98.550003
"2020-08-20",97.370003
"2020-08-21",97.32
"2020-08-24",100.059998
"2020-08-25",100.5
"2020-08-26",99.089996
"2020-08-27",102.349998
"2020-08-28",102.769997
"2020-08-31",100.190002
"2020-09-01",100.139999
"2020-09-02",101.650002
"2020-09-03",101.330002
"2020-09-04",103.519997
"2020-09-08",99.919998
"2020-09-09",100.870003
"2020-09-10",99.830002
"2020-09-11",101.07
"2020-09-14",102.470001
"2020-09-15",99.279999
"2020-09-16",99.699997
"2020-09-17",98.559998
"2020-09-18",98.349998
"2020-09-21",95.309998
"2020-09-22",94.269997
"2020-09-23",92.739998
"2020-09-24",92.660004
"2020-09-25",93.470001
"2020-09-28",96.160004
"2020-09-29",95.349998
"2020-09-30",96.269997
"2020-10-01",96.970001
"2020-10-02",97.889999
"2020-10-05",99.040001
"2020-10-06",98.019997
"2020-10-07",99.730003
"2020-10-08",101.779999
"2020-10-09",101.199997
"2020-10-12",102.440002
"2020-10-13",100.779999
"2020-10-14",100.220001
"2020-10-15",101.720001
"2020-10-16",101.510002
"2020-10-19",99.800003
"2020-10-20",100.370003
"2020-10-21",99.370003
"2020-10-22",102.879997
"2020-10-23",103.809998
"2020-10-26",101.239998
"2020-10-27",99.330002
"2020-10-28",96.540001
"2020-10-29",97.169998
"2020-10-30",98.040001
"2020-11-02",100.25
"2020-11-03",103.410004
"2020-11-04",100.25
"2020-11-05",104.349998
"2020-11-06",102.959999
"2020-11-09",116.900002
"2020-11-10",116.519997
"2020-11-11",114.779999
"2020-11-12",113.370003
"2020-11-13",114.080002
"2020-11-16",117.300003
"2020-11-17",116.110001
"2020-11-18",115.25
"2020-11-19",115.559998
"2020-11-20",114.57
"2020-11-23",117.870003
"2020-11-24",123.32
"2020-11-25",122.029999
"2020-11-27",121.220001
"2020-11-30",117.879997
"2020-12-01",119.739998
"2020-12-02",122.040001
"2020-12-03",121.239998
"2020-12-04",122.339996
"2020-12-07",121.879997
"2020-12-08",122
"2020-12-09",121.050003
"2020-12-10",120.269997
"2020-12-11",119.559998
"2020-12-14",118.300003
"2020-12-15",120.32
"2020-12-16",120.669998
"2020-12-17",119.669998
"2020-12-18",119.080002
"2020-12-21",123.550003
"2020-12-22",121.669998
"2020-12-23",125.07
"2020-12-24",124.519997
"2020-12-28",125.339996
"2020-12-29",125.010002
"2020-12-30",125.360001
"2020-12-31",127.07
"2021-01-04",125.870003
"2021-01-05",125.650002
"2021-01-06",131.550003
"2021-01-07",135.869995
"2021-01-08",136.020004
"2021-01-11",138.050003
"2021-01-12",140.220001
"2021-01-13",140.350006
"2021-01-14",141.169998
"2021-01-15",138.639999
"2021-01-19",138.039993
"2021-01-20",135.970001
"2021-01-21",134.830002
"2021-01-22",133.789993
"2021-01-25",132.119995
"2021-01-26",131.580002
"2021-01-27",127.860001
"2021-01-28",130.110001
"2021-01-29",128.669998
"2021-02-01",129.619995
"2021-02-02",133.610001
"2021-02-03",135.139999
"2021-02-04",138.25
"2021-02-05",137.979996
"2021-02-08",140.139999
"2021-02-09",139.580002
"2021-02-10",139.660004
"2021-02-11",139.270004
"2021-02-12",141.25
"2021-02-16",144.649994
"2021-02-17",145.100006
"2021-02-18",145.589996
"2021-02-19",148.020004
"2021-02-22",149.410004
"2021-02-23",150.610001
"2021-02-24",153.259995
"2021-02-25",151.179993
"2021-02-26",147.169998
"2021-03-01",150.5
"2021-03-02",150.009995
"2021-03-03",152.910004
"2021-03-04",150.559998
"2021-03-05",150.910004
"2021-03-08",152.910004
"2021-03-09",151.830002
"2021-03-10",155.130005
