"Index","KO.Close"
"2010-01-04",28.52
"2010-01-05",28.174999
"2010-01-06",28.165001
"2010-01-07",28.094999
"2010-01-08",27.575001
"2010-01-11",28.135
"2010-01-12",28.440001
"2010-01-13",28.514999
"2010-01-14",28.565001
"2010-01-15",28.145
"2010-01-19",28.209999
"2010-01-20",27.75
"2010-01-21",27.184999
"2010-01-22",27.120001
"2010-01-25",27.174999
"2010-01-26",27.07
"2010-01-27",27.254999
"2010-01-28",27.09
"2010-01-29",27.125
"2010-02-01",27.190001
"2010-02-02",27.525
"2010-02-03",27.434999
"2010-02-04",26.715
"2010-02-05",26.545
"2010-02-08",26.325001
"2010-02-09",27.004999
"2010-02-10",26.895
"2010-02-11",27.110001
"2010-02-12",26.99
"2010-02-16",27.41
"2010-02-17",27.665001
"2010-02-18",27.955
"2010-02-19",27.860001
"2010-02-22",27.690001
"2010-02-23",27.415001
"2010-02-24",27.58
"2010-02-25",26.559999
"2010-02-26",26.360001
"2010-03-01",26.635
"2010-03-02",26.65
"2010-03-03",26.965
"2010-03-04",27.235001
"2010-03-05",27.35
"2010-03-08",27.23
"2010-03-09",27.09
"2010-03-10",27.1
"2010-03-11",26.799999
"2010-03-12",26.674999
"2010-03-15",26.825001
"2010-03-16",26.85
"2010-03-17",26.92
"2010-03-18",26.975
"2010-03-19",27.375
"2010-03-22",27.27
"2010-03-23",27.65
"2010-03-24",27.309999
"2010-03-25",27.4
"2010-03-26",27.325001
"2010-03-29",27.385
"2010-03-30",27.434999
"2010-03-31",27.5
"2010-04-01",27.65
"2010-04-05",27.43
"2010-04-06",27.145
"2010-04-07",26.91
"2010-04-08",26.879999
"2010-04-09",27.295
"2010-04-12",27.379999
"2010-04-13",27.51
"2010-04-14",27.475
"2010-04-15",27.129999
"2010-04-16",27.485001
"2010-04-19",27.66
"2010-04-20",27.235001
"2010-04-21",27.094999
"2010-04-22",27.155001
"2010-04-23",26.940001
"2010-04-26",26.865
"2010-04-27",26.434999
"2010-04-28",26.68
"2010-04-29",26.870001
"2010-04-30",26.725
"2010-05-03",26.879999
"2010-05-04",26.59
"2010-05-05",26.83
"2010-05-06",26.15
"2010-05-07",26.334999
"2010-05-10",27.02
"2010-05-11",26.805
"2010-05-12",27.01
"2010-05-13",26.745001
"2010-05-14",26.67
"2010-05-17",26.705
"2010-05-18",26.549999
"2010-05-19",26.559999
"2010-05-20",25.77
"2010-05-21",25.795
"2010-05-24",25.73
"2010-05-25",25.309999
"2010-05-26",25.040001
"2010-05-27",25.615
"2010-05-28",25.700001
"2010-06-01",25.645
"2010-06-02",26.205
"2010-06-03",26.375
"2010-06-04",25.635
"2010-06-07",25.4
"2010-06-08",25.780001
"2010-06-09",25.674999
"2010-06-10",26.225
"2010-06-11",25.825001
"2010-06-14",25.754999
"2010-06-15",26.09
"2010-06-16",26.200001
"2010-06-17",26.18
"2010-06-18",26.155001
"2010-06-21",26.24
"2010-06-22",26.23
"2010-06-23",26.120001
"2010-06-24",25.9
"2010-06-25",25.129999
"2010-06-28",25.540001
"2010-06-29",25.165001
"2010-06-30",25.059999
"2010-07-01",25.014999
"2010-07-02",25.025
"2010-07-06",25.215
"2010-07-07",25.735001
"2010-07-08",26.209999
"2010-07-09",26.200001
"2010-07-12",26.225
"2010-07-13",26.360001
"2010-07-14",26.41
"2010-07-15",26.424999
"2010-07-16",26.184999
"2010-07-19",26.135
"2010-07-20",26.620001
"2010-07-21",27.040001
"2010-07-22",27.129999
"2010-07-23",27.375
"2010-07-26",27.469999
"2010-07-27",27.525
"2010-07-28",27.440001
"2010-07-29",27.495001
"2010-07-30",27.555
"2010-08-02",28.205
"2010-08-03",28.190001
"2010-08-04",28.275
"2010-08-05",28.184999
"2010-08-06",28.375
"2010-08-09",28.555
"2010-08-10",28.49
"2010-08-11",28.02
"2010-08-12",27.844999
"2010-08-13",27.865
"2010-08-16",27.940001
"2010-08-17",28.059999
"2010-08-18",27.92
"2010-08-19",27.639999
"2010-08-20",27.65
"2010-08-23",27.799999
"2010-08-24",27.83
"2010-08-25",27.695
"2010-08-26",27.58
"2010-08-27",28.08
"2010-08-30",27.775
"2010-08-31",27.940001
"2010-09-01",28.655001
"2010-09-02",28.690001
"2010-09-03",28.780001
"2010-09-07",28.815001
"2010-09-08",28.915001
"2010-09-09",29.145
"2010-09-10",29.26
"2010-09-13",29.014999
"2010-09-14",28.795
"2010-09-15",28.709999
"2010-09-16",28.754999
"2010-09-17",28.780001
"2010-09-20",28.985001
"2010-09-21",29.055
"2010-09-22",29.115
"2010-09-23",28.934999
"2010-09-24",29.309999
"2010-09-27",29.299999
"2010-09-28",29.549999
"2010-09-29",29.379999
"2010-09-30",29.26
"2010-10-01",29.559999
"2010-10-04",29.440001
"2010-10-05",29.83
"2010-10-06",29.9
"2010-10-07",29.719999
"2010-10-08",29.705
"2010-10-11",29.780001
"2010-10-12",29.799999
"2010-10-13",29.969999
"2010-10-14",29.955
"2010-10-15",29.969999
"2010-10-18",30
"2010-10-19",30.17
"2010-10-20",30.575001
"2010-10-21",30.735001
"2010-10-22",30.805
"2010-10-25",30.504999
"2010-10-26",30.620001
"2010-10-27",30.594999
"2010-10-28",30.605
"2010-10-29",30.66
"2010-11-01",30.855
"2010-11-02",30.93
"2010-11-03",30.975
"2010-11-04",31.225
"2010-11-05",31.290001
"2010-11-08",31.23
"2010-11-09",31.32
"2010-11-10",31.275
"2010-11-11",31.4
"2010-11-12",31.459999
"2010-11-15",31.48
"2010-11-16",31.040001
"2010-11-17",31.26
"2010-11-18",31.92
"2010-11-19",32.16
"2010-11-22",32.134998
"2010-11-23",31.809999
"2010-11-24",32.305
"2010-11-26",32.055
"2010-11-29",31.695
"2010-11-30",31.584999
"2010-12-01",32.349998
"2010-12-02",32.450001
"2010-12-03",32.25
"2010-12-06",31.995001
"2010-12-07",32.07
"2010-12-08",32.195
"2010-12-09",32.415001
"2010-12-10",32.325001
"2010-12-13",32.424999
"2010-12-14",31.950001
"2010-12-15",32.369999
"2010-12-16",32.669998
"2010-12-17",32.849998
"2010-12-20",32.654999
"2010-12-21",32.744999
"2010-12-22",32.794998
"2010-12-23",32.790001
"2010-12-27",32.535
"2010-12-28",32.68
"2010-12-29",32.724998
"2010-12-30",32.75
"2010-12-31",32.884998
"2011-01-03",32.610001
"2011-01-04",31.934999
"2011-01-05",31.745001
"2011-01-06",31.514999
"2011-01-07",31.459999
"2011-01-10",31.530001
"2011-01-11",31.344999
"2011-01-12",31.52
"2011-01-13",31.700001
"2011-01-14",31.565001
"2011-01-18",31.74
"2011-01-19",31.709999
"2011-01-20",31.465
"2011-01-21",31.385
"2011-01-24",31.625
"2011-01-25",31.48
"2011-01-26",31.48
"2011-01-27",31.35
"2011-01-28",31.105
"2011-01-31",31.424999
"2011-02-01",31.525
"2011-02-02",31.43
"2011-02-03",31.285
"2011-02-04",31.280001
"2011-02-07",31.26
"2011-02-08",31.434999
"2011-02-09",31.575001
"2011-02-10",31.77
"2011-02-11",31.785
"2011-02-14",31.57
"2011-02-15",31.594999
"2011-02-16",31.700001
"2011-02-17",32.275002
"2011-02-18",32.275002
"2011-02-22",31.879999
"2011-02-23",31.955
"2011-02-24",31.940001
"2011-02-25",32.154999
"2011-02-28",31.959999
"2011-03-01",32.455002
"2011-03-02",32.215
"2011-03-03",32.785
"2011-03-04",32.605
"2011-03-07",32.610001
"2011-03-08",32.82
"2011-03-09",32.810001
"2011-03-10",32.645
"2011-03-11",32.404999
"2011-03-14",31.969999
"2011-03-15",31.514999
"2011-03-16",30.799999
"2011-03-17",31.139999
"2011-03-18",31.35
"2011-03-21",31.785
"2011-03-22",31.754999
"2011-03-23",32.134998
"2011-03-24",32.345001
"2011-03-25",32.610001
"2011-03-28",32.514999
"2011-03-29",32.860001
"2011-03-30",33.02
"2011-03-31",33.169998
"2011-04-01",33.610001
"2011-04-04",33.830002
"2011-04-05",33.735001
"2011-04-06",33.814999
"2011-04-07",33.720001
"2011-04-08",33.634998
"2011-04-11",33.700001
"2011-04-12",33.450001
"2011-04-13",33.639999
"2011-04-14",34.154999
"2011-04-15",34.005001
"2011-04-18",33.654999
"2011-04-19",33.544998
"2011-04-20",33.924999
"2011-04-21",33.939999
"2011-04-25",33.869999
"2011-04-26",33.465
"2011-04-27",33.5
"2011-04-28",33.705002
"2011-04-29",33.73
"2011-05-02",33.860001
"2011-05-03",33.939999
"2011-05-04",33.73
"2011-05-05",33.349998
"2011-05-06",33.450001
"2011-05-09",33.474998
"2011-05-10",33.669998
"2011-05-11",33.66
"2011-05-12",34.154999
"2011-05-13",34.09
"2011-05-16",33.915001
"2011-05-17",33.994999
"2011-05-18",34.150002
"2011-05-19",34.23
"2011-05-20",34.150002
"2011-05-23",33.744999
"2011-05-24",33.735001
"2011-05-25",33.455002
"2011-05-26",33.349998
"2011-05-27",33.255001
"2011-05-31",33.404999
"2011-06-01",33.380001
"2011-06-02",33.02
"2011-06-03",32.764999
"2011-06-06",32.709999
"2011-06-07",32.599998
"2011-06-08",32.700001
"2011-06-09",32.945
"2011-06-10",32.695
"2011-06-13",32.560001
"2011-06-14",32.805
"2011-06-15",32.485001
"2011-06-16",32.744999
"2011-06-17",32.810001
"2011-06-20",32.915001
"2011-06-21",33.130001
"2011-06-22",33.200001
"2011-06-23",32.490002
"2011-06-24",32.465
"2011-06-27",32.605
"2011-06-28",33.014999
"2011-06-29",33.355
"2011-06-30",33.645
"2011-07-01",34.044998
"2011-07-05",34.150002
"2011-07-06",34.264999
"2011-07-07",34.375
"2011-07-08",34.34
"2011-07-11",34.049999
"2011-07-12",33.924999
"2011-07-13",34.029999
"2011-07-14",33.834999
"2011-07-15",33.764999
"2011-07-18",33.560001
"2011-07-19",34.66
"2011-07-20",34.435001
"2011-07-21",34.669998
"2011-07-22",34.865002
"2011-07-25",34.630001
"2011-07-26",34.595001
"2011-07-27",34.345001
"2011-07-28",34.404999
"2011-07-29",34.005001
"2011-08-01",33.865002
"2011-08-02",33.535
"2011-08-03",34.200001
"2011-08-04",32.91
"2011-08-05",33.384998
"2011-08-08",32.560001
"2011-08-09",33.34
"2011-08-10",31.98
"2011-08-11",33.235001
"2011-08-12",33.57
"2011-08-15",34.099998
"2011-08-16",34.084999
"2011-08-17",34.639999
"2011-08-18",33.880001
"2011-08-19",33.549999
"2011-08-22",33.634998
"2011-08-23",34.529999
"2011-08-24",34.84
"2011-08-25",33.985001
"2011-08-26",34.25
"2011-08-29",34.865002
"2011-08-30",34.93
"2011-08-31",35.224998
"2011-09-01",35.224998
"2011-09-02",34.869999
"2011-09-06",34.715
"2011-09-07",35.400002
"2011-09-08",35.584999
"2011-09-09",34.685001
"2011-09-12",34.689999
"2011-09-13",34.549999
"2011-09-14",34.884998
"2011-09-15",35.509998
"2011-09-16",35.615002
"2011-09-19",35.244999
"2011-09-20",35.325001
"2011-09-21",34.639999
"2011-09-22",33.91
"2011-09-23",33.709999
"2011-09-26",34.380001
"2011-09-27",34.785
"2011-09-28",34.029999
"2011-09-29",34.525002
"2011-09-30",33.779999
"2011-10-03",32.709999
"2011-10-04",32.615002
"2011-10-05",32.764999
"2011-10-06",32.695
"2011-10-07",32.950001
"2011-10-10",33.450001
"2011-10-11",33.400002
"2011-10-12",33.740002
"2011-10-13",33.700001
"2011-10-14",33.924999
"2011-10-17",33.5
"2011-10-18",33.369999
"2011-10-19",33.514999
"2011-10-20",33.560001
"2011-10-21",34.095001
"2011-10-24",33.935001
"2011-10-25",33.474998
"2011-10-26",33.735001
"2011-10-27",34.285
"2011-10-28",34.465
"2011-10-31",34.16
"2011-11-01",33.52
"2011-11-02",33.884998
"2011-11-03",34.325001
"2011-11-04",33.889999
"2011-11-07",34.105
"2011-11-08",34.325001
"2011-11-09",33.514999
"2011-11-10",33.695
"2011-11-11",34.060001
"2011-11-14",33.895
"2011-11-15",34
"2011-11-16",33.505001
"2011-11-17",33.310001
"2011-11-18",33.695
"2011-11-21",32.974998
"2011-11-22",32.985001
"2011-11-23",32.435001
"2011-11-25",32.369999
"2011-11-28",32.584999
"2011-11-29",33.095001
"2011-11-30",33.615002
"2011-12-01",33.415001
"2011-12-02",33.189999
"2011-12-05",33.154999
"2011-12-06",33.34
"2011-12-07",33.389999
"2011-12-08",33.365002
"2011-12-09",33.785
"2011-12-12",33.445
"2011-12-13",33.240002
"2011-12-14",33.130001
"2011-12-15",33.445
"2011-12-16",33.720001
"2011-12-19",33.685001
"2011-12-20",34.200001
"2011-12-21",34.785
"2011-12-22",34.595001
"2011-12-23",34.970001
"2011-12-27",34.939999
"2011-12-28",34.755001
"2011-12-29",35.080002
"2011-12-30",34.985001
"2012-01-03",35.07
"2012-01-04",34.849998
"2012-01-05",34.685001
"2012-01-06",34.465
"2012-01-09",34.465
"2012-01-10",34.669998
"2012-01-11",34.029999
"2012-01-12",33.785
"2012-01-13",33.494999
"2012-01-17",33.674999
"2012-01-18",33.794998
"2012-01-19",33.724998
"2012-01-20",34.044998
"2012-01-23",34.264999
"2012-01-24",33.950001
"2012-01-25",34.215
"2012-01-26",34.005001
"2012-01-27",33.720001
"2012-01-30",33.73
"2012-01-31",33.764999
"2012-02-01",33.924999
"2012-02-02",33.915001
"2012-02-03",34.040001
"2012-02-06",34.014999
"2012-02-07",34.275002
"2012-02-08",34.165001
"2012-02-09",33.985001
"2012-02-10",33.970001
"2012-02-13",34.220001
"2012-02-14",34.450001
"2012-02-15",34.200001
"2012-02-16",34.43
"2012-02-17",34.525002
"2012-02-21",34.41
"2012-02-22",34.625
"2012-02-23",34.59
"2012-02-24",34.5
"2012-02-27",34.415001
"2012-02-28",34.424999
"2012-02-29",34.93
"2012-03-01",34.799999
"2012-03-02",34.59
"2012-03-05",34.615002
"2012-03-06",34.380001
"2012-03-07",34.395
"2012-03-08",34.634998
"2012-03-09",34.755001
"2012-03-12",35.075001
"2012-03-13",35.125
"2012-03-14",35.110001
"2012-03-15",35.165001
"2012-03-16",35.080002
"2012-03-19",35.200001
"2012-03-20",35.294998
"2012-03-21",35.560001
"2012-03-22",35.709999
"2012-03-23",35.744999
"2012-03-26",35.950001
"2012-03-27",35.935001
"2012-03-28",36.330002
"2012-03-29",36.904999
"2012-03-30",37.005001
"2012-04-02",37.07
"2012-04-03",36.880001
"2012-04-04",36.73
"2012-04-05",36.735001
"2012-04-09",36.435001
"2012-04-10",36.009998
"2012-04-11",36.060001
"2012-04-12",36.110001
"2012-04-13",35.970001
"2012-04-16",36.220001
"2012-04-17",36.974998
"2012-04-18",37.084999
"2012-04-19",36.91
"2012-04-20",37.064999
"2012-04-23",36.845001
"2012-04-24",37.060001
"2012-04-25",37.465
"2012-04-26",37.855
"2012-04-27",38.314999
"2012-04-30",38.16
"2012-05-01",38.465
"2012-05-02",38.580002
"2012-05-03",38.720001
"2012-05-04",38.5
"2012-05-07",38.639999
"2012-05-08",38.57
"2012-05-09",38.389999
"2012-05-10",38.705002
"2012-05-11",38.735001
"2012-05-14",38.435001
"2012-05-15",38.285
"2012-05-16",38.165001
"2012-05-17",37.560001
"2012-05-18",37.025002
"2012-05-21",37.255001
"2012-05-22",37.095001
"2012-05-23",37.275002
"2012-05-24",37.779999
"2012-05-25",37.615002
"2012-05-29",37.73
"2012-05-30",37.529999
"2012-05-31",37.365002
"2012-06-01",36.544998
"2012-06-04",36.82
"2012-06-05",36.619999
"2012-06-06",37.305
"2012-06-07",37.139999
"2012-06-08",37.619999
"2012-06-11",37.330002
"2012-06-12",37.599998
"2012-06-13",37.345001
"2012-06-14",37.869999
"2012-06-15",38.044998
"2012-06-18",37.990002
"2012-06-19",37.869999
"2012-06-20",37.779999
"2012-06-21",37.334999
"2012-06-22",37.470001
"2012-06-25",37.384998
"2012-06-26",37.540001
"2012-06-27",38.169998
"2012-06-28",38.285
"2012-06-29",39.095001
"2012-07-02",39.459999
"2012-07-03",39.580002
"2012-07-05",39.224998
"2012-07-06",39.075001
"2012-07-09",38.990002
"2012-07-10",38.990002
"2012-07-11",38.73
"2012-07-12",38.32
"2012-07-13",38.639999
"2012-07-16",38.240002
"2012-07-17",38.845001
"2012-07-18",38.720001
"2012-07-19",38.775002
"2012-07-20",38.514999
"2012-07-23",38.439999
"2012-07-24",38.330002
"2012-07-25",38.509998
"2012-07-26",39.424999
"2012-07-27",40.005001
"2012-07-30",40.560001
"2012-07-31",40.400002
"2012-08-01",40.505001
"2012-08-02",39.875
"2012-08-03",40.415001
"2012-08-06",40.32
"2012-08-07",39.884998
"2012-08-08",39.779999
"2012-08-09",39.619999
"2012-08-10",39.395
"2012-08-13",39.299999
"2012-08-14",39.380001
"2012-08-15",39.349998
"2012-08-16",39.549999
"2012-08-17",39.529999
"2012-08-20",39.470001
"2012-08-21",39.259998
"2012-08-22",38.77
"2012-08-23",38.110001
"2012-08-24",38.470001
"2012-08-27",38.169998
"2012-08-28",38
"2012-08-29",37.459999
"2012-08-30",37.139999
"2012-08-31",37.400002
"2012-09-04",37.279999
"2012-09-05",37.509998
"2012-09-06",38.150002
"2012-09-07",37.900002
"2012-09-10",37.66
"2012-09-11",37.77
"2012-09-12",37.549999
"2012-09-13",38.349998
"2012-09-14",38.119999
"2012-09-17",38.349998
"2012-09-18",38.619999
"2012-09-19",38.52
"2012-09-20",38.639999
"2012-09-21",38.029999
"2012-09-24",38.119999
"2012-09-25",37.68
"2012-09-26",37.759998
"2012-09-27",38.310001
"2012-09-28",37.93
"2012-10-01",38.380001
"2012-10-02",38.34
"2012-10-03",38.240002
"2012-10-04",38.330002
"2012-10-05",38.580002
"2012-10-08",38.580002
"2012-10-09",38.560001
"2012-10-10",38.09
"2012-10-11",38.110001
"2012-10-12",38.23
"2012-10-15",38.130001
"2012-10-16",37.900002
"2012-10-17",37.740002
"2012-10-18",37.84
"2012-10-19",37.400002
"2012-10-22",37.23
"2012-10-23",36.610001
"2012-10-24",36.880001
"2012-10-25",37.09
"2012-10-26",37.040001
"2012-10-31",37.18
"2012-11-01",37.330002
"2012-11-02",37.080002
"2012-11-05",36.77
"2012-11-06",37.419998
"2012-11-07",36.720001
"2012-11-08",36.360001
"2012-11-09",36.290001
"2012-11-12",36.080002
"2012-11-13",36.16
"2012-11-14",36.009998
"2012-11-15",36.43
"2012-11-16",36.560001
"2012-11-19",37.240002
"2012-11-20",37.25
"2012-11-21",37.389999
"2012-11-23",37.93
"2012-11-26",37.360001
"2012-11-27",37.419998
"2012-11-28",37.560001
"2012-11-29",37.970001
"2012-11-30",37.919998
"2012-12-03",37.380001
"2012-12-04",37.150002
"2012-12-05",37.310001
"2012-12-06",37.380001
"2012-12-07",37.709999
"2012-12-10",37.639999
"2012-12-11",37.860001
"2012-12-12",37.639999
"2012-12-13",37.599998
"2012-12-14",37.66
"2012-12-17",37.5
"2012-12-18",37.279999
"2012-12-19",36.779999
"2012-12-20",37.049999
"2012-12-21",36.889999
"2012-12-24",36.73
"2012-12-26",36.419998
"2012-12-27",36.419998
"2012-12-28",35.970001
"2012-12-31",36.25
"2013-01-02",37.599998
"2013-01-03",37.599998
"2013-01-04",37.66
"2013-01-07",37.299999
"2013-01-08",37.040001
"2013-01-09",37.029999
"2013-01-10",36.959999
"2013-01-11",36.91
"2013-01-14",36.990002
"2013-01-15",37.32
"2013-01-16",37.32
"2013-01-17",37.509998
"2013-01-18",37.700001
"2013-01-22",37.130001
"2013-01-23",37.130001
"2013-01-24",37.110001
"2013-01-25",37.049999
"2013-01-28",37.009998
"2013-01-29",37.419998
"2013-01-30",37.5
"2013-01-31",37.240002
"2013-02-01",37.540001
"2013-02-04",37.349998
"2013-02-05",38.139999
"2013-02-06",38.310001
"2013-02-07",38.91
"2013-02-08",38.77
"2013-02-11",38.610001
"2013-02-12",37.560001
"2013-02-13",37.209999
"2013-02-14",36.84
"2013-02-15",37.419998
"2013-02-19",37.669998
"2013-02-20",37.73
"2013-02-21",37.709999
"2013-02-22",38.52
"2013-02-25",37.720001
"2013-02-26",38.110001
"2013-02-27",38.450001
"2013-02-28",38.720001
"2013-03-01",38.700001
"2013-03-04",38.82
"2013-03-05",38.68
"2013-03-06",39.02
"2013-03-07",39.119999
"2013-03-08",39.220001
"2013-03-11",39.310001
"2013-03-12",38.959999
"2013-03-13",38.59
"2013-03-14",39.02
"2013-03-15",38.830002
"2013-03-18",38.759998
"2013-03-19",39.330002
"2013-03-20",39.869999
"2013-03-21",40.07
"2013-03-22",40.040001
"2013-03-25",40.119999
"2013-03-26",40.689999
"2013-03-27",40.220001
"2013-03-28",40.439999
"2013-04-01",40.450001
"2013-04-02",40.720001
"2013-04-03",40.169998
"2013-04-04",40.540001
"2013-04-05",40.080002
"2013-04-08",40.860001
"2013-04-09",40.709999
"2013-04-10",41.07
"2013-04-11",41.18
"2013-04-12",41.080002
"2013-04-15",40.09
"2013-04-16",42.369999
"2013-04-17",42.549999
"2013-04-18",42.099998
"2013-04-19",42.66
"2013-04-22",42.720001
"2013-04-23",42.700001
"2013-04-24",42.150002
"2013-04-25",42.349998
"2013-04-26",42.099998
"2013-04-29",42.240002
"2013-04-30",42.330002
"2013-05-01",42.209999
"2013-05-02",41.959999
"2013-05-03",42.240002
"2013-05-06",42.080002
"2013-05-07",42.700001
"2013-05-08",42.459999
"2013-05-09",42.119999
"2013-05-10",42.150002
"2013-05-13",42.189999
"2013-05-14",42.52
"2013-05-15",42.919998
"2013-05-16",43.09
"2013-05-17",42.970001
"2013-05-20",42.380001
"2013-05-21",42.34
"2013-05-22",42.25
"2013-05-23",41.93
"2013-05-24",42.240002
"2013-05-28",42.549999
"2013-05-29",41.400002
"2013-05-30",40.77
"2013-05-31",39.990002
"2013-06-03",40.810001
"2013-06-04",41.419998
"2013-06-05",40.650002
"2013-06-06",40.790001
"2013-06-07",41.41
"2013-06-10",41.18
"2013-06-11",40.790001
"2013-06-12",40.389999
"2013-06-13",40.41
"2013-06-14",40.34
"2013-06-17",40.68
"2013-06-18",40.93
"2013-06-19",40.41
"2013-06-20",39.130001
"2013-06-21",39.759998
"2013-06-24",39.529999
"2013-06-25",39.720001
"2013-06-26",40.330002
"2013-06-27",40.259998
"2013-06-28",40.110001
"2013-07-01",40.459999
"2013-07-02",40.369999
"2013-07-03",40.490002
"2013-07-05",40.52
"2013-07-08",40.540001
"2013-07-09",40.830002
"2013-07-10",40.68
"2013-07-11",41.029999
"2013-07-12",41.029999
"2013-07-15",41.009998
"2013-07-16",40.23
"2013-07-17",40.84
"2013-07-18",40.810001
"2013-07-19",41.09
"2013-07-22",40.84
"2013-07-23",40.959999
"2013-07-24",40.860001
"2013-07-25",40.84
"2013-07-26",40.639999
"2013-07-29",40.279999
"2013-07-30",40.32
"2013-07-31",40.080002
"2013-08-01",40.57
"2013-08-02",40.220001
"2013-08-05",40.290001
"2013-08-06",40.369999
"2013-08-07",40.150002
"2013-08-08",40.200001
"2013-08-09",40.16
"2013-08-12",39.830002
"2013-08-13",39.650002
"2013-08-14",39.529999
"2013-08-15",39.09
"2013-08-16",39.049999
"2013-08-19",38.779999
"2013-08-20",38.650002
"2013-08-21",38.279999
"2013-08-22",38.310001
"2013-08-23",38.52
"2013-08-26",38.119999
"2013-08-27",38.150002
"2013-08-28",38.349998
"2013-08-29",38.099998
"2013-08-30",38.18
"2013-09-03",37.900002
"2013-09-04",38.540001
"2013-09-05",38.240002
"2013-09-06",38.349998
"2013-09-09",38.52
"2013-09-10",38.630001
"2013-09-11",38.779999
"2013-09-12",38.439999
"2013-09-13",38.689999
"2013-09-16",38.860001
"2013-09-17",38.790001
"2013-09-18",39.59
"2013-09-19",39.310001
"2013-09-20",39.400002
"2013-09-23",38.630001
"2013-09-24",38.529999
"2013-09-25",38.330002
"2013-09-26",38.740002
"2013-09-27",38.400002
"2013-09-30",37.880001
"2013-10-01",37.950001
"2013-10-02",37.43
"2013-10-03",37.16
"2013-10-04",37.200001
"2013-10-07",37.049999
"2013-10-08",37.279999
"2013-10-09",37.080002
"2013-10-10",37.779999
"2013-10-11",37.77
"2013-10-14",37.91
"2013-10-15",37.66
"2013-10-16",38
"2013-10-17",38.549999
"2013-10-18",38.779999
"2013-10-21",38.82
"2013-10-22",39.09
"2013-10-23",39.09
"2013-10-24",38.799999
"2013-10-25",39.029999
"2013-10-28",39.610001
"2013-10-29",39.799999
"2013-10-30",39.619999
"2013-10-31",39.57
"2013-11-01",39.610001
"2013-11-04",39.509998
"2013-11-05",39.5
"2013-11-06",40.049999
"2013-11-07",39.830002
"2013-11-08",40.049999
"2013-11-11",39.869999
"2013-11-12",39.880001
"2013-11-13",40.119999
"2013-11-14",40.209999
"2013-11-15",40.220001
"2013-11-18",40.169998
"2013-11-19",40.139999
"2013-11-20",40.060001
"2013-11-21",40.43
"2013-11-22",40.43
"2013-11-25",40.369999
"2013-11-26",40.25
"2013-11-27",40.189999
"2013-11-29",40.189999
"2013-12-02",40.080002
"2013-12-03",40.349998
"2013-12-04",40.369999
"2013-12-05",39.830002
"2013-12-06",40.459999
"2013-12-09",40.400002
"2013-12-10",39.849998
"2013-12-11",40.130001
"2013-12-12",39.209999
"2013-12-13",39.23
"2013-12-16",39.27
"2013-12-17",39.099998
"2013-12-18",40.02
"2013-12-19",39.860001
"2013-12-20",40.040001
"2013-12-23",40.16
"2013-12-24",40.189999
"2013-12-26",40.490002
"2013-12-27",40.66
"2013-12-30",41.09
"2013-12-31",41.310001
"2014-01-02",40.66
"2014-01-03",40.459999
"2014-01-06",40.27
"2014-01-07",40.389999
"2014-01-08",39.939999
"2014-01-09",39.73
"2014-01-10",40.130001
"2014-01-13",39.529999
"2014-01-14",39.689999
"2014-01-15",39.759998
"2014-01-16",39.709999
"2014-01-17",39.279999
"2014-01-21",39.919998
"2014-01-22",39.900002
"2014-01-23",39.240002
"2014-01-24",38.84
"2014-01-27",38.73
"2014-01-28",38.869999
"2014-01-29",37.900002
"2014-01-30",38.169998
"2014-01-31",37.82
"2014-02-03",37.200001
"2014-02-04",37.48
"2014-02-05",37.610001
"2014-02-06",38.029999
"2014-02-07",37.950001
"2014-02-10",38.57
"2014-02-11",38.639999
"2014-02-12",38.509998
"2014-02-13",38.650002
"2014-02-14",38.93
"2014-02-18",37.470001
"2014-02-19",37.099998
"2014-02-20",37.299999
"2014-02-21",37.18
"2014-02-24",37.5
"2014-02-25",37.77
"2014-02-26",37.869999
"2014-02-27",38.07
"2014-02-28",38.200001
"2014-03-03",38.119999
"2014-03-04",38.310001
"2014-03-05",38.349998
"2014-03-06",38.470001
"2014-03-07",38.549999
"2014-03-10",38.650002
"2014-03-11",38.799999
"2014-03-12",38.470001
"2014-03-13",37.970001
"2014-03-14",38.169998
"2014-03-17",38.27
"2014-03-18",38.400002
"2014-03-19",38.139999
"2014-03-20",38.450001
"2014-03-21",38.439999
"2014-03-24",38.400002
"2014-03-25",38.619999
"2014-03-26",38.610001
"2014-03-27",38.82
"2014-03-28",38.950001
"2014-03-31",38.66
"2014-04-01",38.41
"2014-04-02",38.330002
"2014-04-03",38.07
"2014-04-04",38.220001
"2014-04-07",38.619999
"2014-04-08",38.900002
"2014-04-09",38.990002
"2014-04-10",38.889999
"2014-04-11",38.630001
"2014-04-14",38.73
"2014-04-15",40.18
"2014-04-16",40.59
"2014-04-17",40.720001
"2014-04-21",40.75
"2014-04-22",40.709999
"2014-04-23",40.73
"2014-04-24",40.700001
"2014-04-25",41.009998
"2014-04-28",41.029999
"2014-04-29",40.57
"2014-04-30",40.790001
"2014-05-01",40.779999
"2014-05-02",40.950001
"2014-05-05",40.759998
"2014-05-06",40.490002
"2014-05-07",40.91
"2014-05-08",40.73
"2014-05-09",40.869999
"2014-05-12",40.82
"2014-05-13",41.110001
"2014-05-14",40.889999
"2014-05-15",40.52
"2014-05-16",40.889999
"2014-05-19",40.709999
"2014-05-20",40.580002
"2014-05-21",40.869999
"2014-05-22",40.580002
"2014-05-23",40.580002
"2014-05-27",40.77
"2014-05-28",40.580002
"2014-05-29",40.66
"2014-05-30",40.91
"2014-06-02",40.860001
"2014-06-03",40.880001
"2014-06-04",40.790001
"2014-06-05",40.889999
"2014-06-06",40.990002
"2014-06-09",40.91
"2014-06-10",41.07
"2014-06-11",40.860001
"2014-06-12",40.419998
"2014-06-13",40.369999
"2014-06-16",40.66
"2014-06-17",40.919998
"2014-06-18",41.560001
"2014-06-19",41.790001
"2014-06-20",41.689999
"2014-06-23",41.73
"2014-06-24",41.849998
"2014-06-25",41.959999
"2014-06-26",42.029999
"2014-06-27",42.189999
"2014-06-30",42.360001
"2014-07-01",42.290001
"2014-07-02",42.290001
"2014-07-03",42.23
"2014-07-07",42.139999
"2014-07-08",41.939999
"2014-07-09",41.950001
"2014-07-10",42.259998
"2014-07-11",41.970001
"2014-07-14",42.380001
"2014-07-15",42.099998
"2014-07-16",42.119999
"2014-07-17",42.02
"2014-07-18",42.43
"2014-07-21",42.400002
"2014-07-22",41.189999
"2014-07-23",40.810001
"2014-07-24",40.970001
"2014-07-25",41
"2014-07-28",40.68
"2014-07-29",40.349998
"2014-07-30",39.619999
"2014-07-31",39.290001
"2014-08-01",39.290001
"2014-08-04",39.400002
"2014-08-05",39.18
"2014-08-06",39.919998
"2014-08-07",39.349998
"2014-08-08",39.450001
"2014-08-11",39.57
"2014-08-12",39.68
"2014-08-13",39.939999
"2014-08-14",40.18
"2014-08-15",40.880001
"2014-08-18",41.349998
"2014-08-19",41.259998
"2014-08-20",41.25
"2014-08-21",41.41
"2014-08-22",41.119999
"2014-08-25",41.41
"2014-08-26",41.599998
"2014-08-27",41.599998
"2014-08-28",41.630001
"2014-08-29",41.720001
"2014-09-02",41.639999
"2014-09-03",41.779999
"2014-09-04",41.869999
"2014-09-05",41.84
"2014-09-08",41.779999
"2014-09-09",41.939999
"2014-09-10",42.169998
"2014-09-11",41.950001
"2014-09-12",41.459999
"2014-09-15",41.5
"2014-09-16",41.639999
"2014-09-17",41.610001
"2014-09-18",41.790001
"2014-09-19",42.049999
"2014-09-22",42.220001
"2014-09-23",41.889999
"2014-09-24",42.27
"2014-09-25",41.779999
"2014-09-26",42.200001
"2014-09-29",42.25
"2014-09-30",42.66
"2014-10-01",42.740002
"2014-10-02",42.66
"2014-10-03",43
"2014-10-06",43.599998
"2014-10-07",43.919998
"2014-10-08",44.549999
"2014-10-09",43.869999
"2014-10-10",44.470001
"2014-10-13",44.07
"2014-10-14",43.639999
"2014-10-15",43.23
"2014-10-16",42.560001
"2014-10-17",42.880001
"2014-10-20",43.290001
"2014-10-21",40.68
"2014-10-22",40.619999
"2014-10-23",40.860001
"2014-10-24",41.029999
"2014-10-27",40.759998
"2014-10-28",40.560001
"2014-10-29",40.959999
"2014-10-30",41.400002
"2014-10-31",41.880001
"2014-11-03",41.810001
"2014-11-04",41.82
"2014-11-05",42.310001
"2014-11-06",42.290001
"2014-11-07",42.32
"2014-11-10",42.389999
"2014-11-11",42.509998
"2014-11-12",42.709999
"2014-11-13",42.790001
"2014-11-14",42.73
"2014-11-17",42.919998
"2014-11-18",43.529999
"2014-11-19",44.220001
"2014-11-20",44.25
"2014-11-21",44.5
"2014-11-24",44.27
"2014-11-25",44.43
"2014-11-26",44.290001
"2014-11-28",44.830002
"2014-12-01",44.549999
"2014-12-02",44.540001
"2014-12-03",43.799999
"2014-12-04",43.5
"2014-12-05",43.529999
"2014-12-08",43.139999
"2014-12-09",42.040001
"2014-12-10",41.599998
"2014-12-11",41.529999
"2014-12-12",40.91
"2014-12-15",40.57
"2014-12-16",40.389999
"2014-12-17",41.549999
"2014-12-18",42.389999
"2014-12-19",41.950001
"2014-12-22",42.349998
"2014-12-23",42.970001
"2014-12-24",42.939999
"2014-12-26",42.959999
"2014-12-29",42.860001
"2014-12-30",42.759998
"2014-12-31",42.220001
"2015-01-02",42.139999
"2015-01-05",42.139999
"2015-01-06",42.459999
"2015-01-07",42.990002
"2015-01-08",43.509998
"2015-01-09",43.029999
"2015-01-12",42.639999
"2015-01-13",42.630001
"2015-01-14",42.560001
"2015-01-15",42.380001
"2015-01-16",42.529999
"2015-01-20",43.16
"2015-01-21",43.360001
"2015-01-22",43.779999
"2015-01-23",43.310001
"2015-01-26",43
"2015-01-27",42.389999
"2015-01-28",41.919998
"2015-01-29",42.099998
"2015-01-30",41.169998
"2015-02-02",41.59
"2015-02-03",41.630001
"2015-02-04",41.68
"2015-02-05",41.790001
"2015-02-06",41.450001
"2015-02-09",41.23
"2015-02-10",42.400002
"2015-02-11",42.369999
"2015-02-12",42.169998
"2015-02-13",41.990002
"2015-02-17",41.810001
"2015-02-18",41.73
"2015-02-19",42.110001
"2015-02-20",41.970001
"2015-02-23",41.849998
"2015-02-24",42.130001
"2015-02-25",42.049999
"2015-02-26",42.459999
"2015-02-27",43.299999
"2015-03-02",43.200001
"2015-03-03",42.950001
"2015-03-04",42.5
"2015-03-05",42.400002
"2015-03-06",41.52
"2015-03-09",41.389999
"2015-03-10",40.689999
"2015-03-11",40.099998
"2015-03-12",40.57
"2015-03-13",39.91
"2015-03-16",40.290001
"2015-03-17",40.509998
"2015-03-18",40.599998
"2015-03-19",40.02
"2015-03-20",40.650002
"2015-03-23",40.619999
"2015-03-24",40.470001
"2015-03-25",40.450001
"2015-03-26",40.349998
"2015-03-27",40.080002
"2015-03-30",40.509998
"2015-03-31",40.549999
"2015-04-01",40.68
"2015-04-02",40.68
"2015-04-06",41.169998
"2015-04-07",41.009998
"2015-04-08",40.889999
"2015-04-09",41.049999
"2015-04-10",40.880001
"2015-04-13",40.700001
"2015-04-14",40.509998
"2015-04-15",40.400002
"2015-04-16",40.599998
"2015-04-17",40.299999
"2015-04-20",40.66
"2015-04-21",40.779999
"2015-04-22",41.310001
"2015-04-23",40.950001
"2015-04-24",40.889999
"2015-04-27",40.830002
"2015-04-28",40.77
"2015-04-29",40.490002
"2015-04-30",40.560001
"2015-05-01",40.91
"2015-05-04",40.959999
"2015-05-05",40.75
"2015-05-06",40.66
"2015-05-07",40.700001
"2015-05-08",40.98
"2015-05-11",40.939999
"2015-05-12",40.689999
"2015-05-13",41.049999
"2015-05-14",41.5
"2015-05-15",41.52
"2015-05-18",41.32
"2015-05-19",41.310001
"2015-05-20",41.349998
"2015-05-21",41.23
"2015-05-22",41.209999
"2015-05-26",40.990002
"2015-05-27",41.119999
"2015-05-28",41.139999
"2015-05-29",40.959999
"2015-06-01",40.939999
"2015-06-02",40.990002
"2015-06-03",40.869999
"2015-06-04",40.59
"2015-06-05",40.099998
"2015-06-08",40.16
"2015-06-09",40.200001
"2015-06-10",40.330002
"2015-06-11",40.099998
"2015-06-12",39.959999
"2015-06-15",39.59
"2015-06-16",40.080002
"2015-06-17",40.27
"2015-06-18",40.650002
"2015-06-19",40.400002
"2015-06-22",40.48
"2015-06-23",40.380001
"2015-06-24",40.189999
"2015-06-25",40.02
"2015-06-26",40
"2015-06-29",39.400002
"2015-06-30",39.23
"2015-07-01",39.5
"2015-07-02",39.490002
"2015-07-06",39.419998
"2015-07-07",40.25
"2015-07-08",39.860001
"2015-07-09",39.919998
"2015-07-10",40.389999
"2015-07-13",40.66
"2015-07-14",41.169998
"2015-07-15",41.130001
"2015-07-16",41.48
"2015-07-17",41.25
"2015-07-20",41.380001
"2015-07-21",41.189999
"2015-07-22",40.900002
"2015-07-23",40.84
"2015-07-24",40.439999
"2015-07-27",40.540001
"2015-07-28",40.549999
"2015-07-29",40.59
"2015-07-30",40.560001
"2015-07-31",41.080002
"2015-08-03",41.540001
"2015-08-04",41.849998
"2015-08-05",42.119999
"2015-08-06",41.919998
"2015-08-07",41.77
"2015-08-10",41.68
"2015-08-11",41.48
"2015-08-12",41.259998
"2015-08-13",41.099998
"2015-08-14",41.25
"2015-08-17",41.349998
"2015-08-18",41.299999
"2015-08-19",40.779999
"2015-08-20",40.549999
"2015-08-21",39.529999
"2015-08-24",38.380001
"2015-08-25",37.990002
"2015-08-26",38.73
"2015-08-27",39.27
"2015-08-28",39.450001
"2015-08-31",39.32
"2015-09-01",38.75
"2015-09-02",38.900002
"2015-09-03",39.16
"2015-09-04",38.52
"2015-09-08",38.900002
"2015-09-09",38.299999
"2015-09-10",38.419998
"2015-09-11",38.130001
"2015-09-14",38.099998
"2015-09-15",38.5
"2015-09-16",39.150002
"2015-09-17",39.380001
"2015-09-18",38.98
"2015-09-21",39.189999
"2015-09-22",38.790001
"2015-09-23",38.759998
"2015-09-24",39.150002
"2015-09-25",39.619999
"2015-09-28",39.529999
"2015-09-29",39.66
"2015-09-30",40.119999
"2015-10-01",39.799999
"2015-10-02",40.389999
"2015-10-05",41.009998
"2015-10-06",40.959999
"2015-10-07",41.52
"2015-10-08",41.98
"2015-10-09",42.02
"2015-10-12",42
"2015-10-13",41.650002
"2015-10-14",41.68
"2015-10-15",41.919998
"2015-10-16",42.02
"2015-10-19",41.990002
"2015-10-20",42.290001
"2015-10-21",42.189999
"2015-10-22",43.240002
"2015-10-23",42.790001
"2015-10-26",42.59
"2015-10-27",42.610001
"2015-10-28",42.73
"2015-10-29",42.790001
"2015-10-30",42.349998
"2015-11-02",42.240002
"2015-11-03",42.16
"2015-11-04",41.970001
"2015-11-05",42.330002
"2015-11-06",41.959999
"2015-11-09",41.540001
"2015-11-10",41.77
"2015-11-11",42.040001
"2015-11-12",41.580002
"2015-11-13",41.380001
"2015-11-16",41.959999
"2015-11-17",41.669998
"2015-11-18",42.279999
"2015-11-19",43.110001
"2015-11-20",42.43
"2015-11-23",42.959999
"2015-11-24",43.360001
"2015-11-25",43.360001
"2015-11-27",43.150002
"2015-11-30",42.619999
"2015-12-01",42.889999
"2015-12-02",42.77
"2015-12-03",42.459999
"2015-12-04",43.290001
"2015-12-07",43.200001
"2015-12-08",43.009998
"2015-12-09",42.66
"2015-12-10",42.759998
"2015-12-11",42.27
"2015-12-14",42.450001
"2015-12-15",43.07
"2015-12-16",43.84
"2015-12-17",43.490002
"2015-12-18",42.5
"2015-12-21",42.779999
"2015-12-22",43.290001
"2015-12-23",43.669998
"2015-12-24",43.540001
"2015-12-28",43.490002
"2015-12-29",43.709999
"2015-12-30",43.57
"2015-12-31",42.959999
"2016-01-04",42.400002
"2016-01-05",42.549999
"2016-01-06",42.32
"2016-01-07",41.619999
"2016-01-08",41.509998
"2016-01-11",41.580002
"2016-01-12",42.119999
"2016-01-13",41.849998
"2016-01-14",41.880001
"2016-01-15",41.5
"2016-01-19",41.919998
"2016-01-20",41.380001
"2016-01-21",41.389999
"2016-01-22",42.060001
"2016-01-25",42.16
"2016-01-26",42.080002
"2016-01-27",42.09
"2016-01-28",42.57
"2016-01-29",42.919998
"2016-02-01",43
"2016-02-02",42.439999
"2016-02-03",42.720001
"2016-02-04",42.529999
"2016-02-05",42.439999
"2016-02-08",42.650002
"2016-02-09",43.299999
"2016-02-10",42.549999
"2016-02-11",42.41
"2016-02-12",43.110001
"2016-02-16",43.360001
"2016-02-17",43.490002
"2016-02-18",43.610001
"2016-02-19",43.77
"2016-02-22",43.939999
"2016-02-23",43.689999
"2016-02-24",43.91
"2016-02-25",44.16
"2016-02-26",43.139999
"2016-02-29",43.130001
"2016-03-01",43.689999
"2016-03-02",43.77
"2016-03-03",43.959999
"2016-03-04",44.110001
"2016-03-07",44.009998
"2016-03-08",44.32
"2016-03-09",44.810001
"2016-03-10",45.23
"2016-03-11",45.200001
"2016-03-14",45.290001
"2016-03-15",45.240002
"2016-03-16",45.049999
"2016-03-17",45.77
"2016-03-18",45.599998
"2016-03-21",45.669998
"2016-03-22",45.5
"2016-03-23",45.459999
"2016-03-24",45.580002
"2016-03-28",45.799999
"2016-03-29",46.48
"2016-03-30",46.580002
"2016-03-31",46.389999
"2016-04-01",46.830002
"2016-04-04",46.889999
"2016-04-05",46.529999
"2016-04-06",46.709999
"2016-04-07",46.360001
"2016-04-08",46.869999
"2016-04-11",46.439999
"2016-04-12",46.650002
"2016-04-13",46.040001
"2016-04-14",45.830002
"2016-04-15",46.099998
"2016-04-18",46.220001
"2016-04-19",46.599998
"2016-04-20",44.369999
"2016-04-21",43.66
"2016-04-22",44.540001
"2016-04-25",44.709999
"2016-04-26",44.529999
"2016-04-27",44.68
"2016-04-28",44.630001
"2016-04-29",44.799999
"2016-05-02",44.98
"2016-05-03",44.84
"2016-05-04",44.98
"2016-05-05",45.060001
"2016-05-06",45.32
"2016-05-09",45.240002
"2016-05-10",45.75
"2016-05-11",45.459999
"2016-05-12",45.830002
"2016-05-13",45.349998
"2016-05-16",45.619999
"2016-05-17",44.75
"2016-05-18",44.48
"2016-05-19",44.32
"2016-05-20",43.950001
"2016-05-23",43.970001
"2016-05-24",44.369999
"2016-05-25",44.380001
"2016-05-26",44.689999
"2016-05-27",44.779999
"2016-05-31",44.599998
"2016-06-01",44.700001
"2016-06-02",44.720001
"2016-06-03",45.040001
"2016-06-06",45.369999
"2016-06-07",45.32
"2016-06-08",45.549999
"2016-06-09",45.759998
"2016-06-10",45.990002
"2016-06-13",45.119999
"2016-06-14",45.040001
"2016-06-15",45.009998
"2016-06-16",45.310001
"2016-06-17",44.790001
"2016-06-20",44.98
"2016-06-21",45.130001
"2016-06-22",44.860001
"2016-06-23",45.080002
"2016-06-24",43.93
"2016-06-27",43.779999
"2016-06-28",44.18
"2016-06-29",44.439999
"2016-06-30",45.330002
"2016-07-01",45.119999
"2016-07-05",45.43
"2016-07-06",45.27
"2016-07-07",45.09
"2016-07-08",45.380001
"2016-07-11",45.57
"2016-07-12",45.580002
"2016-07-13",45.740002
"2016-07-14",45.689999
"2016-07-15",45.630001
"2016-07-18",45.630001
"2016-07-19",45.630001
"2016-07-20",45.509998
"2016-07-21",45.450001
"2016-07-22",45.830002
"2016-07-25",45.57
"2016-07-26",44.880001
"2016-07-27",43.400002
"2016-07-28",43.650002
"2016-07-29",43.630001
"2016-08-01",43.450001
"2016-08-02",43.529999
"2016-08-03",43.639999
"2016-08-04",43.509998
"2016-08-05",43.48
"2016-08-08",43.439999
"2016-08-09",43.470001
"2016-08-10",43.610001
"2016-08-11",43.75
"2016-08-12",44.029999
"2016-08-15",44.240002
"2016-08-16",43.830002
"2016-08-17",44.060001
"2016-08-18",44.099998
"2016-08-19",43.919998
"2016-08-22",43.740002
"2016-08-23",43.849998
"2016-08-24",43.849998
"2016-08-25",43.669998
"2016-08-26",43.32
"2016-08-29",43.540001
"2016-08-30",43.240002
"2016-08-31",43.43
"2016-09-01",43.349998
"2016-09-02",43.66
"2016-09-06",43.790001
"2016-09-07",43.639999
"2016-09-08",43.630001
"2016-09-09",42.27
"2016-09-12",43.189999
"2016-09-13",42.279999
"2016-09-14",42.110001
"2016-09-15",42.360001
"2016-09-16",42.139999
"2016-09-19",42.099998
"2016-09-20",42.34
"2016-09-21",42.529999
"2016-09-22",42.959999
"2016-09-23",42.740002
"2016-09-26",42.049999
"2016-09-27",42.59
"2016-09-28",42.150002
"2016-09-29",42.029999
"2016-09-30",42.32
"2016-10-03",42.029999
"2016-10-04",41.84
"2016-10-05",41.810001
"2016-10-06",41.709999
"2016-10-07",41.73
"2016-10-10",41.73
"2016-10-11",41.540001
"2016-10-12",41.779999
"2016-10-13",41.759998
"2016-10-14",41.669998
"2016-10-17",41.599998
"2016-10-18",41.970001
"2016-10-19",42.049999
"2016-10-20",41.93
"2016-10-21",42.130001
"2016-10-24",42.560001
"2016-10-25",42.540001
"2016-10-26",42.439999
"2016-10-27",42.119999
"2016-10-28",42.23
"2016-10-31",42.400002
"2016-11-01",42.119999
"2016-11-02",42.049999
"2016-11-03",42.029999
"2016-11-04",41.689999
"2016-11-07",42.459999
"2016-11-08",42.880001
"2016-11-09",42.27
"2016-11-10",40.939999
"2016-11-11",41.029999
"2016-11-14",41.169998
"2016-11-15",41.439999
"2016-11-16",41.259998
"2016-11-17",41.119999
"2016-11-18",40.91
"2016-11-21",41.360001
"2016-11-22",41.369999
"2016-11-23",41.119999
"2016-11-25",41.529999
"2016-11-28",41.75
"2016-11-29",41.150002
"2016-11-30",40.349998
"2016-12-01",40.169998
"2016-12-02",40.360001
"2016-12-05",40.619999
"2016-12-06",40.57
"2016-12-07",41.290001
"2016-12-08",40.98
"2016-12-09",42
"2016-12-12",41.900002
"2016-12-13",41.759998
"2016-12-14",41.209999
"2016-12-15",41.549999
"2016-12-16",41.740002
"2016-12-19",41.669998
"2016-12-20",41.66
"2016-12-21",41.57
"2016-12-22",41.549999
"2016-12-23",41.599998
"2016-12-27",41.610001
"2016-12-28",41.389999
"2016-12-29",41.599998
"2016-12-30",41.459999
"2017-01-03",41.799999
"2017-01-04",41.650002
"2017-01-05",41.75
"2017-01-06",41.740002
"2017-01-09",41.32
"2017-01-10",41.040001
"2017-01-11",41.049999
"2017-01-12",40.950001
"2017-01-13",40.880001
"2017-01-17",41.220001
"2017-01-18",41.290001
"2017-01-19",41.139999
"2017-01-20",41.32
"2017-01-23",41.43
"2017-01-24",41.900002
"2017-01-25",42.119999
"2017-01-26",41.810001
"2017-01-27",41.450001
"2017-01-30",41.380001
"2017-01-31",41.57
"2017-02-01",41.259998
"2017-02-02",41.400002
"2017-02-03",41.540001
"2017-02-06",41.560001
"2017-02-07",41.900002
"2017-02-08",42.02
"2017-02-09",41.25
"2017-02-10",40.580002
"2017-02-13",40.619999
"2017-02-14",40.529999
"2017-02-15",40.439999
"2017-02-16",41.200001
"2017-02-17",41.23
"2017-02-21",41.459999
"2017-02-22",41.599998
"2017-02-23",41.66
"2017-02-24",41.779999
"2017-02-27",41.669998
"2017-02-28",41.959999
"2017-03-01",42.16
"2017-03-02",42.470001
"2017-03-03",42.48
"2017-03-06",42.18
"2017-03-07",41.990002
"2017-03-08",41.990002
"2017-03-09",42.029999
"2017-03-10",42.290001
"2017-03-13",42.029999
"2017-03-14",41.970001
"2017-03-15",42.119999
"2017-03-16",42.25
"2017-03-17",42.029999
"2017-03-20",42.18
"2017-03-21",42.5
"2017-03-22",42.380001
"2017-03-23",42.169998
"2017-03-24",42.119999
"2017-03-27",42.32
"2017-03-28",42.43
"2017-03-29",42.419998
"2017-03-30",42.599998
"2017-03-31",42.439999
"2017-04-03",42.41
"2017-04-04",42.68
"2017-04-05",42.57
"2017-04-06",42.669998
"2017-04-07",42.610001
"2017-04-10",42.689999
"2017-04-11",42.66
"2017-04-12",42.939999
"2017-04-13",42.790001
"2017-04-17",43.07
"2017-04-18",43.48
"2017-04-19",43.23
"2017-04-20",43.09
"2017-04-21",43.07
"2017-04-24",43.279999
"2017-04-25",43.110001
"2017-04-26",43.240002
"2017-04-27",43.009998
"2017-04-28",43.150002
"2017-05-01",43.220001
"2017-05-02",43.389999
"2017-05-03",43.32
"2017-05-04",43.66
"2017-05-05",43.689999
"2017-05-08",43.889999
"2017-05-09",43.509998
"2017-05-10",43.57
"2017-05-11",43.669998
"2017-05-12",43.59
"2017-05-15",43.73
"2017-05-16",43.849998
"2017-05-17",43.93
"2017-05-18",43.799999
"2017-05-19",43.900002
"2017-05-22",44.18
"2017-05-23",44.389999
"2017-05-24",45.029999
"2017-05-25",45.41
"2017-05-26",45.389999
"2017-05-30",45.43
"2017-05-31",45.470001
"2017-06-01",45.790001
"2017-06-02",45.889999
"2017-06-05",45.990002
"2017-06-06",45.98
"2017-06-07",45.509998
"2017-06-08",45.130001
"2017-06-09",45.32
"2017-06-12",45.330002
"2017-06-13",45.029999
"2017-06-14",45.299999
"2017-06-15",45.25
"2017-06-16",45.310001
"2017-06-19",45.380001
"2017-06-20",45.610001
"2017-06-21",45.220001
"2017-06-22",45.07
"2017-06-23",45.25
"2017-06-26",45.43
"2017-06-27",45.049999
"2017-06-28",45.32
"2017-06-29",44.830002
"2017-06-30",44.849998
"2017-07-03",44.759998
"2017-07-05",44.82
"2017-07-06",44.400002
"2017-07-07",44.389999
"2017-07-10",44.380001
"2017-07-11",44.330002
"2017-07-12",44.509998
"2017-07-13",44.43
"2017-07-14",44.68
"2017-07-17",44.73
"2017-07-18",44.669998
"2017-07-19",44.830002
"2017-07-20",44.82
"2017-07-21",45.029999
"2017-07-24",44.84
"2017-07-25",45.240002
"2017-07-26",45.740002
"2017-07-27",46.119999
"2017-07-28",46.009998
"2017-07-31",45.84
"2017-08-01",45.700001
"2017-08-02",45.59
"2017-08-03",45.669998
"2017-08-04",45.5
"2017-08-07",45.639999
"2017-08-08",45.599998
"2017-08-09",45.59
"2017-08-10",45.740002
"2017-08-11",45.59
"2017-08-14",45.799999
"2017-08-15",46.189999
"2017-08-16",46.200001
"2017-08-17",45.860001
"2017-08-18",45.669998
"2017-08-21",45.68
"2017-08-22",45.599998
"2017-08-23",45.540001
"2017-08-24",45.41
"2017-08-25",45.57
"2017-08-28",45.419998
"2017-08-29",45.450001
"2017-08-30",45.389999
"2017-08-31",45.549999
"2017-09-01",45.779999
"2017-09-05",45.919998
"2017-09-06",45.959999
"2017-09-07",46.279999
"2017-09-08",46.299999
"2017-09-11",46.52
"2017-09-12",46.720001
"2017-09-13",46.869999
"2017-09-14",46.110001
"2017-09-15",46.18
"2017-09-18",46.110001
"2017-09-19",45.98
"2017-09-20",45.779999
"2017-09-21",45.400002
"2017-09-22",45.490002
"2017-09-25",45.689999
"2017-09-26",45.57
"2017-09-27",44.639999
"2017-09-28",44.91
"2017-09-29",45.009998
"2017-10-02",44.799999
"2017-10-03",45.189999
"2017-10-04",45.5
"2017-10-05",45.52
"2017-10-06",45.490002
"2017-10-09",45.41
"2017-10-10",45.869999
"2017-10-11",46.099998
"2017-10-12",46.110001
"2017-10-13",46.18
"2017-10-16",46.619999
"2017-10-17",46.52
"2017-10-18",46.400002
"2017-10-19",46.59
"2017-10-20",46.380001
"2017-10-23",46.32
"2017-10-24",46.18
"2017-10-25",46.049999
"2017-10-26",46.23
"2017-10-27",46.07
"2017-10-30",45.860001
"2017-10-31",45.98
"2017-11-01",45.799999
"2017-11-02",45.880001
"2017-11-03",45.970001
"2017-11-06",45.470001
"2017-11-07",45.939999
"2017-11-08",46.18
"2017-11-09",46.23
"2017-11-10",46.540001
"2017-11-13",46.720001
"2017-11-14",47.43
"2017-11-15",46.810001
"2017-11-16",46.549999
"2017-11-17",45.709999
"2017-11-20",45.459999
"2017-11-21",45.779999
"2017-11-22",45.84
"2017-11-24",45.880001
"2017-11-27",45.900002
"2017-11-28",45.830002
"2017-11-29",45.5
"2017-11-30",45.77
"2017-12-01",45.970001
"2017-12-04",46.23
"2017-12-05",46.259998
"2017-12-06",46.450001
"2017-12-07",45.779999
"2017-12-08",45.310001
"2017-12-11",45.330002
"2017-12-12",45.290001
"2017-12-13",45.900002
"2017-12-14",46.029999
"2017-12-15",46.189999
"2017-12-18",45.93
"2017-12-19",46.130001
"2017-12-20",46.080002
"2017-12-21",45.599998
"2017-12-22",45.59
"2017-12-26",45.810001
"2017-12-27",45.93
"2017-12-28",45.720001
"2017-12-29",45.880001
"2018-01-02",45.540001
"2018-01-03",45.439999
"2018-01-04",46.080002
"2018-01-05",46.07
"2018-01-08",46
"2018-01-09",46.23
"2018-01-10",46.07
"2018-01-11",46.040001
"2018-01-12",46.150002
"2018-01-16",46.529999
"2018-01-17",46.82
"2018-01-18",46.880001
"2018-01-19",47.16
"2018-01-22",47.380001
"2018-01-23",47.450001
"2018-01-24",47.830002
"2018-01-25",47.84
"2018-01-26",48.529999
"2018-01-29",47.700001
"2018-01-30",47.41
"2018-01-31",47.59
"2018-02-01",47.450001
"2018-02-02",46.73
"2018-02-05",44.889999
"2018-02-06",44.669998
"2018-02-07",44.560001
"2018-02-08",43.099998
"2018-02-09",43.130001
"2018-02-12",43.970001
"2018-02-13",44.189999
"2018-02-14",44.099998
"2018-02-15",44.779999
"2018-02-16",44.98
"2018-02-20",43.990002
"2018-02-21",43.34
"2018-02-22",43.52
"2018-02-23",44.040001
"2018-02-26",44.029999
"2018-02-27",43.619999
"2018-02-28",43.220001
"2018-03-01",43.43
"2018-03-02",43.720001
"2018-03-05",43.889999
"2018-03-06",43.93
"2018-03-07",43.82
"2018-03-08",44.450001
"2018-03-09",44.82
"2018-03-12",44.529999
"2018-03-13",44.57
"2018-03-14",43.779999
"2018-03-15",43.669998
"2018-03-16",43.459999
"2018-03-19",43.259998
"2018-03-20",43.16
"2018-03-21",43
"2018-03-22",42.759998
"2018-03-23",42.330002
"2018-03-26",42.689999
"2018-03-27",42.889999
"2018-03-28",43.32
"2018-03-29",43.43
"2018-04-02",42.669998
"2018-04-03",43.380001
"2018-04-04",44.240002
"2018-04-05",44.400002
"2018-04-06",43.919998
"2018-04-09",43.830002
"2018-04-10",43.990002
"2018-04-11",43.990002
"2018-04-12",44.029999
"2018-04-13",44.509998
"2018-04-16",44.68
"2018-04-17",44.880001
"2018-04-18",44.509998
"2018-04-19",44.310001
"2018-04-20",43.740002
"2018-04-23",43.98
"2018-04-24",43.07
"2018-04-25",42.43
"2018-04-26",42.75
"2018-04-27",43.310001
"2018-04-30",43.209999
"2018-05-01",42.59
"2018-05-02",42.060001
"2018-05-03",41.889999
"2018-05-04",42.360001
"2018-05-07",42.139999
"2018-05-08",41.810001
"2018-05-09",41.779999
"2018-05-10",42.18
"2018-05-11",42.139999
"2018-05-14",42.040001
"2018-05-15",41.720001
"2018-05-16",41.549999
"2018-05-17",42.299999
"2018-05-18",42.18
"2018-05-21",42.41
"2018-05-22",42.25
"2018-05-23",42.400002
"2018-05-24",42.32
"2018-05-25",42.400002
"2018-05-29",42.68
"2018-05-30",43.130001
"2018-05-31",43
"2018-06-01",43.119999
"2018-06-04",43.490002
"2018-06-05",43.110001
"2018-06-06",43.459999
"2018-06-07",43.439999
"2018-06-08",43.950001
"2018-06-11",44.130001
"2018-06-12",44.41
"2018-06-13",44.18
"2018-06-14",43.580002
"2018-06-15",44.119999
"2018-06-18",43.549999
"2018-06-19",43.599998
"2018-06-20",43.259998
"2018-06-21",43.09
"2018-06-22",43.25
"2018-06-25",43.580002
"2018-06-26",43.330002
"2018-06-27",43.07
"2018-06-28",43.470001
"2018-06-29",43.860001
"2018-07-02",43.75
"2018-07-03",43.990002
"2018-07-05",44.66
"2018-07-06",44.639999
"2018-07-09",44.400002
"2018-07-10",44.970001
"2018-07-11",44.790001
"2018-07-12",44.669998
"2018-07-13",44.740002
"2018-07-16",44.73
"2018-07-17",45.25
"2018-07-18",45.119999
"2018-07-19",45.110001
"2018-07-20",45.279999
"2018-07-23",44.950001
"2018-07-24",45.259998
"2018-07-25",46.09
"2018-07-26",46.240002
"2018-07-27",46.209999
"2018-07-30",46.23
"2018-07-31",46.630001
"2018-08-01",46.389999
"2018-08-02",46.18
"2018-08-03",46.619999
"2018-08-06",46.650002
"2018-08-07",46.5
"2018-08-08",46.150002
"2018-08-09",46.349998
"2018-08-10",46.080002
"2018-08-13",45.830002
"2018-08-14",45.889999
"2018-08-15",46.080002
"2018-08-16",46.220001
"2018-08-17",46.599998
"2018-08-20",46.73
"2018-08-21",46.220001
"2018-08-22",45.93
"2018-08-23",45.700001
"2018-08-24",45.630001
"2018-08-27",45.689999
"2018-08-28",45.369999
"2018-08-29",45.330002
"2018-08-30",44.950001
"2018-08-31",44.57
"2018-09-04",44.759998
"2018-09-05",45.380001
"2018-09-06",45.77
"2018-09-07",45.720001
"2018-09-10",46.060001
"2018-09-11",46.02
"2018-09-12",46.240002
"2018-09-13",45.830002
"2018-09-14",45.990002
"2018-09-17",46.32
"2018-09-18",45.93
"2018-09-19",45.959999
"2018-09-20",46.639999
"2018-09-21",46.580002
"2018-09-24",46.07
"2018-09-25",45.68
"2018-09-26",45.849998
"2018-09-27",46.009998
"2018-09-28",46.189999
"2018-10-01",46.23
"2018-10-02",46.509998
"2018-10-03",45.869999
"2018-10-04",45.849998
"2018-10-05",45.880001
"2018-10-08",46.48
"2018-10-09",46.389999
"2018-10-10",45.68
"2018-10-11",44.639999
"2018-10-12",44.68
"2018-10-15",44.91
"2018-10-16",45.490002
"2018-10-17",45.860001
"2018-10-18",45.610001
"2018-10-19",46.330002
"2018-10-22",45.970001
"2018-10-23",46.360001
"2018-10-24",46.73
"2018-10-25",46.509998
"2018-10-26",45.919998
"2018-10-29",46.459999
"2018-10-30",47.630001
"2018-10-31",47.880001
"2018-11-01",47.740002
"2018-11-02",48
"2018-11-05",48.689999
"2018-11-06",49.110001
"2018-11-07",49.369999
"2018-11-08",49.330002
"2018-11-09",49.68
"2018-11-12",49.869999
"2018-11-13",49.860001
"2018-11-14",49.759998
"2018-11-15",49.740002
"2018-11-16",50.169998
"2018-11-19",50.509998
"2018-11-20",49.380001
"2018-11-21",48.73
"2018-11-23",49.02
"2018-11-26",48.869999
"2018-11-27",49.369999
"2018-11-28",49.709999
"2018-11-29",48.98
"2018-11-30",50.400002
"2018-12-03",49.689999
"2018-12-04",49.580002
"2018-12-06",49.380001
"2018-12-07",49.09
"2018-12-10",49.240002
"2018-12-11",49.540001
"2018-12-12",49.220001
"2018-12-13",49.470001
"2018-12-14",49.34
"2018-12-17",48.330002
"2018-12-18",48.32
"2018-12-19",47.900002
"2018-12-20",47.540001
"2018-12-21",47.57
"2018-12-24",45.959999
"2018-12-26",46.939999
"2018-12-27",47.529999
"2018-12-28",47.200001
"2018-12-31",47.349998
"2019-01-02",46.93
"2019-01-03",46.639999
"2019-01-04",47.57
"2019-01-07",46.950001
"2019-01-08",47.48
"2019-01-09",46.57
"2019-01-10",47.07
"2019-01-11",47.34
"2019-01-14",47.150002
"2019-01-15",47.57
"2019-01-16",46.919998
"2019-01-17",47.060001
"2019-01-18",47.610001
"2019-01-22",47.720001
"2019-01-23",48.27
"2019-01-24",47.689999
"2019-01-25",47.369999
"2019-01-28",47.169998
"2019-01-29",47.400002
"2019-01-30",47.860001
"2019-01-31",48.130001
"2019-02-01",48.700001
"2019-02-04",49.25
"2019-02-05",49.259998
"2019-02-06",49.259998
"2019-02-07",49.419998
"2019-02-08",49.5
"2019-02-11",49.610001
"2019-02-12",49.66
"2019-02-13",49.790001
"2019-02-14",45.59
"2019-02-15",45.240002
"2019-02-19",44.830002
"2019-02-20",45.099998
"2019-02-21",45.860001
"2019-02-22",45.279999
"2019-02-25",44.939999
"2019-02-26",44.689999
"2019-02-27",44.939999
"2019-02-28",45.34
"2019-03-01",45.380001
"2019-03-04",45.650002
"2019-03-05",45.599998
"2019-03-06",45.450001
"2019-03-07",45.279999
"2019-03-08",44.84
"2019-03-11",46.18
"2019-03-12",46.049999
"2019-03-13",46.220001
"2019-03-14",45.700001
"2019-03-15",45.299999
"2019-03-18",45.41
"2019-03-19",45.560001
"2019-03-20",45.529999
"2019-03-21",45.509998
"2019-03-22",45.93
"2019-03-25",46.029999
"2019-03-26",46.639999
"2019-03-27",46.610001
"2019-03-28",46.580002
"2019-03-29",46.860001
"2019-04-01",46.720001
"2019-04-02",46.57
"2019-04-03",46.18
"2019-04-04",46.48
"2019-04-05",46.470001
"2019-04-08",46.549999
"2019-04-09",46.669998
"2019-04-10",46.639999
"2019-04-11",46.709999
"2019-04-12",46.740002
"2019-04-15",47
"2019-04-16",46.950001
"2019-04-17",47.279999
"2019-04-18",47.48
"2019-04-22",47.400002
"2019-04-23",48.209999
"2019-04-24",47.98
"2019-04-25",47.84
"2019-04-26",48.259998
"2019-04-29",48.419998
"2019-04-30",49.060001
"2019-05-01",48.59
"2019-05-02",48.389999
"2019-05-03",48.720001
"2019-05-06",48.470001
"2019-05-07",48
"2019-05-08",47.849998
"2019-05-09",47.400002
"2019-05-10",48.189999
"2019-05-13",48.049999
"2019-05-14",48.689999
"2019-05-15",49.18
"2019-05-16",49.580002
"2019-05-17",49.200001
"2019-05-20",48.849998
"2019-05-21",48.599998
"2019-05-22",49.650002
"2019-05-23",49.849998
"2019-05-24",49.610001
"2019-05-28",49.099998
"2019-05-29",48.610001
"2019-05-30",49.25
"2019-05-31",49.130001
"2019-06-03",49.98
"2019-06-04",50
"2019-06-05",50.779999
"2019-06-06",51.400002
"2019-06-07",51.490002
"2019-06-10",51.380001
"2019-06-11",51.330002
"2019-06-12",51.639999
"2019-06-13",51.130001
"2019-06-14",51.310001
"2019-06-17",50.869999
"2019-06-18",50.639999
"2019-06-19",51.119999
"2019-06-20",51.66
"2019-06-21",51.549999
"2019-06-24",51.919998
"2019-06-25",51.759998
"2019-06-26",51.119999
"2019-06-27",51.080002
"2019-06-28",50.919998
"2019-07-01",51.599998
"2019-07-02",51.98
"2019-07-03",52.099998
"2019-07-05",52.110001
"2019-07-08",52
"2019-07-09",51.59
"2019-07-10",51.82
"2019-07-11",52.040001
"2019-07-12",52.119999
"2019-07-15",52.130001
"2019-07-16",52.139999
"2019-07-17",52.18
"2019-07-18",52.029999
"2019-07-19",51.389999
"2019-07-22",51.220001
"2019-07-23",54.330002
"2019-07-24",53.779999
"2019-07-25",53.07
"2019-07-26",54.169998
"2019-07-29",53.990002
"2019-07-30",53.720001
"2019-07-31",52.630001
"2019-08-01",52.029999
"2019-08-02",52.330002
"2019-08-05",51.650002
"2019-08-06",52.27
"2019-08-07",53.18
"2019-08-08",53.689999
"2019-08-09",53.419998
"2019-08-12",53.200001
"2019-08-13",53.5
"2019-08-14",52.990002
"2019-08-15",53.869999
"2019-08-16",54.41
"2019-08-19",54.689999
"2019-08-20",53.880001
"2019-08-21",54.099998
"2019-08-22",54.490002
"2019-08-23",53.740002
"2019-08-26",54.540001
"2019-08-27",54.720001
"2019-08-28",55.110001
"2019-08-29",55.049999
"2019-08-30",55.040001
"2019-09-03",55.299999
"2019-09-04",55.77
"2019-09-05",55.119999
"2019-09-06",55.23
"2019-09-09",54.52
"2019-09-10",54.400002
"2019-09-11",54.77
"2019-09-12",55.110001
"2019-09-13",54.259998
"2019-09-16",53.959999
"2019-09-17",54.240002
"2019-09-18",54.23
"2019-09-19",54.52
"2019-09-20",53.91
"2019-09-23",54.139999
"2019-09-24",54.299999
"2019-09-25",54.169998
"2019-09-26",54.389999
"2019-09-27",54.310001
"2019-09-30",54.439999
"2019-10-01",54.650002
"2019-10-02",53.080002
"2019-10-03",53.84
"2019-10-04",54.540001
"2019-10-07",53.869999
"2019-10-08",53.580002
"2019-10-09",53.830002
"2019-10-10",53.66
"2019-10-11",53.299999
"2019-10-14",53.299999
"2019-10-15",53.509998
"2019-10-16",53.490002
"2019-10-17",53.790001
"2019-10-18",54.779999
"2019-10-21",54.23
"2019-10-22",53.849998
"2019-10-23",54.639999
"2019-10-24",54.610001
"2019-10-25",53.75
"2019-10-28",53.57
"2019-10-29",53.41
"2019-10-30",53.939999
"2019-10-31",54.43
"2019-11-01",53.900002
"2019-11-04",53.139999
"2019-11-05",52.419998
"2019-11-06",52.799999
"2019-11-07",52.290001
"2019-11-08",52.209999
"2019-11-11",51.84
"2019-11-12",51.709999
"2019-11-13",52.41
"2019-11-14",52.630001
"2019-11-15",52.669998
"2019-11-18",53.029999
"2019-11-19",53.080002
"2019-11-20",53.220001
"2019-11-21",52.959999
"2019-11-22",53.029999
"2019-11-25",53.220001
"2019-11-26",53.900002
"2019-11-27",53.950001
"2019-11-29",53.400002
"2019-12-02",53.75
"2019-12-03",53.799999
"2019-12-04",54.290001
"2019-12-05",54.189999
"2019-12-06",54.419998
"2019-12-09",54.07
"2019-12-10",53.77
"2019-12-11",53.950001
"2019-12-12",54.139999
"2019-12-13",54.419998
"2019-12-16",54.419998
"2019-12-17",54.419998
"2019-12-18",53.91
"2019-12-19",54.32
"2019-12-20",54.970001
"2019-12-23",54.91
"2019-12-24",54.709999
"2019-12-26",55.02
"2019-12-27",55.349998
"2019-12-30",55.27
"2019-12-31",55.349998
"2020-01-02",54.990002
"2020-01-03",54.689999
"2020-01-06",54.669998
"2020-01-07",54.25
"2020-01-08",54.349998
"2020-01-09",55.34
"2020-01-10",55.529999
"2020-01-13",56.130001
"2020-01-14",56
"2020-01-15",56.700001
"2020-01-16",56.82
"2020-01-17",56.939999
"2020-01-21",57.169998
"2020-01-22",57.610001
"2020-01-23",57.830002
"2020-01-24",57.68
"2020-01-27",57.48
"2020-01-28",57.009998
"2020-01-29",57.009998
"2020-01-30",58.860001
"2020-01-31",58.400002
"2020-02-03",58.580002
"2020-02-04",58.84
"2020-02-05",58.849998
"2020-02-06",58.990002
"2020-02-07",59.189999
"2020-02-10",59.75
"2020-02-11",59.59
"2020-02-12",59.41
"2020-02-13",59.610001
"2020-02-14",59.950001
"2020-02-18",59.529999
"2020-02-19",59.77
"2020-02-20",59.720001
"2020-02-21",60.130001
"2020-02-24",58.650002
"2020-02-25",57.82
"2020-02-26",57.599998
"2020-02-27",54.93
"2020-02-28",53.490002
"2020-03-02",55.919998
"2020-03-03",56.060001
"2020-03-04",58.919998
"2020-03-05",56.740002
"2020-03-06",55.259998
"2020-03-09",51.860001
"2020-03-10",53.66
"2020-03-11",52.209999
"2020-03-12",47.16
"2020-03-13",48.470001
"2020-03-16",45.259998
"2020-03-17",47.18
"2020-03-18",44.849998
"2020-03-19",41.830002
"2020-03-20",38.299999
"2020-03-23",37.560001
"2020-03-24",39.450001
"2020-03-25",41.610001
"2020-03-26",44.290001
"2020-03-27",42.810001
"2020-03-30",45
"2020-03-31",44.25
"2020-04-01",42.119999
"2020-04-02",43.950001
"2020-04-03",43.830002
"2020-04-06",46.669998
"2020-04-07",46.509998
"2020-04-08",47.82
"2020-04-09",49
"2020-04-13",46.93
"2020-04-14",48.919998
"2020-04-15",47.610001
"2020-04-16",47.099998
"2020-04-17",48.060001
"2020-04-20",46.529999
"2020-04-21",45.380001
"2020-04-22",45.68
"2020-04-23",45.07
"2020-04-24",45.43
"2020-04-27",46.779999
"2020-04-28",46.740002
"2020-04-29",47.119999
"2020-04-30",45.889999
"2020-05-01",45.599998
"2020-05-04",45.139999
"2020-05-05",45.400002
"2020-05-06",44.75
"2020-05-07",44.599998
"2020-05-08",46.110001
"2020-05-11",45.540001
"2020-05-12",44.82
"2020-05-13",43.939999
"2020-05-14",43.700001
"2020-05-15",43.259998
"2020-05-18",44.970001
"2020-05-19",44.540001
"2020-05-20",45.889999
"2020-05-21",45.169998
"2020-05-22",45.029999
"2020-05-26",46.09
"2020-05-27",46.73
"2020-05-28",47.09
"2020-05-29",46.68
"2020-06-01",46.990002
"2020-06-02",46.900002
"2020-06-03",47.900002
"2020-06-04",47.919998
"2020-06-05",49.09
"2020-06-08",49.849998
"2020-06-09",49
"2020-06-10",48.619999
"2020-06-11",45.540001
"2020-06-12",45.599998
"2020-06-15",46.299999
"2020-06-16",46.77
"2020-06-17",46.580002
"2020-06-18",46.990002
"2020-06-19",46.02
"2020-06-22",45.740002
"2020-06-23",45.639999
"2020-06-24",44.650002
"2020-06-25",44.93
"2020-06-26",43.57
"2020-06-29",44.360001
"2020-06-30",44.68
"2020-07-01",44.82
"2020-07-02",44.880001
"2020-07-06",45.23
"2020-07-07",45.209999
"2020-07-08",45.07
"2020-07-09",43.91
"2020-07-10",45.150002
"2020-07-13",45.25
"2020-07-14",45.869999
"2020-07-15",46.400002
"2020-07-16",46.150002
"2020-07-17",46.82
"2020-07-20",46.119999
"2020-07-21",47.200001
"2020-07-22",48.48
"2020-07-23",48.279999
"2020-07-24",48.490002
"2020-07-27",48.48
"2020-07-28",48.18
"2020-07-29",48.02
"2020-07-30",47.689999
"2020-07-31",47.240002
"2020-08-03",46.299999
"2020-08-04",46.689999
"2020-08-05",47.220001
"2020-08-06",47.48
"2020-08-07",47.799999
"2020-08-10",47.720001
"2020-08-11",47.93
"2020-08-12",48.43
"2020-08-13",48.380001
"2020-08-14",48.450001
"2020-08-17",48.209999
"2020-08-18",48.419998
"2020-08-19",47.369999
"2020-08-20",47.349998
"2020-08-21",47.279999
"2020-08-24",47.970001
"2020-08-25",47.91
"2020-08-26",48.16
"2020-08-27",48.23
"2020-08-28",49.830002
"2020-08-31",49.529999
"2020-09-01",49.119999
"2020-09-02",51.189999
"2020-09-03",50.48
"2020-09-04",51.040001
"2020-09-08",49.810001
"2020-09-09",50.189999
"2020-09-10",50
"2020-09-11",51.060001
"2020-09-14",50.709999
"2020-09-15",51.049999
"2020-09-16",50.790001
"2020-09-17",50.549999
"2020-09-18",50.450001
"2020-09-21",49.09
"2020-09-22",49.66
"2020-09-23",48.209999
"2020-09-24",48.700001
"2020-09-25",48.720001
"2020-09-28",49.279999
"2020-09-29",48.919998
"2020-09-30",49.369999
"2020-10-01",49.18
"2020-10-02",49.360001
"2020-10-05",49.380001
"2020-10-06",48.939999
"2020-10-07",49.560001
"2020-10-08",50.459999
"2020-10-09",50.810001
"2020-10-12",51.09
"2020-10-13",50.220001
"2020-10-14",50.119999
"2020-10-15",49.990002
"2020-10-16",50.029999
"2020-10-19",49.619999
"2020-10-20",50.25
"2020-10-21",49.990002
"2020-10-22",50.68
"2020-10-23",50.52
"2020-10-26",49.799999
"2020-10-27",49.900002
"2020-10-28",47.959999
"2020-10-29",48.02
"2020-10-30",48.060001
"2020-11-02",48.619999
"2020-11-03",49.349998
"2020-11-04",49.169998
"2020-11-05",49.439999
"2020-11-06",49.450001
"2020-11-09",52.57
"2020-11-10",53.98
"2020-11-11",53.580002
"2020-11-12",53.009998
"2020-11-13",53.450001
"2020-11-16",53.849998
"2020-11-17",53.68
"2020-11-18",52.610001
"2020-11-19",53.130001
"2020-11-20",52.669998
"2020-11-23",52.68
"2020-11-24",53.220001
"2020-11-25",52.93
"2020-11-27",52.700001
"2020-11-30",51.599998
"2020-12-01",52.040001
"2020-12-02",52.110001
"2020-12-03",52.779999
"2020-12-04",53.849998
"2020-12-07",52.990002
"2020-12-08",53.18
"2020-12-09",53.330002
"2020-12-10",53.049999
"2020-12-11",53.349998
"2020-12-14",53.27
"2020-12-15",53.84
"2020-12-16",53.060001
"2020-12-17",53.27
"2020-12-18",53.740002
"2020-12-21",52.810001
"2020-12-22",52.759998
"2020-12-23",53.080002
"2020-12-24",53.439999
"2020-12-28",54.16
"2020-12-29",54.130001
"2020-12-30",54.439999
"2020-12-31",54.84
"2021-01-04",52.759998
"2021-01-05",52.18
"2021-01-06",50.52
"2021-01-07",49.959999
"2021-01-08",51.080002
"2021-01-11",50.200001
"2021-01-12",50.110001
"2021-01-13",50.16
"2021-01-14",49.23
"2021-01-15",48.700001
"2021-01-19",48.509998
"2021-01-20",48.68
"2021-01-21",48.950001
"2021-01-22",48.490002
"2021-01-25",48.779999
"2021-01-26",49.290001
"2021-01-27",48.529999
"2021-01-28",49.150002
"2021-01-29",48.150002
"2021-02-01",48.48
"2021-02-02",48.959999
"2021-02-03",48.77
"2021-02-04",49.009998
"2021-02-05",49.650002
"2021-02-08",49.919998
"2021-02-09",49.700001
"2021-02-10",49.599998
"2021-02-11",50.299999
"2021-02-12",50.689999
"2021-02-16",50.27
"2021-02-17",50.130001
"2021-02-18",50.77
"2021-02-19",50.110001
"2021-02-22",50.630001
"2021-02-23",50.540001
"2021-02-24",50.709999
"2021-02-25",50.169998
"2021-02-26",48.990002
"2021-03-01",49.900002
"2021-03-02",50.099998
"2021-03-03",49.98
"2021-03-04",49.939999
"2021-03-05",50.790001
"2021-03-08",51.639999
"2021-03-09",50.860001
"2021-03-10",51.439999
