"Index","MCD.Close"
"2010-01-04",62.779999
"2010-01-05",62.299999
"2010-01-06",61.450001
"2010-01-07",61.900002
"2010-01-08",61.84
"2010-01-11",62.32
"2010-01-12",62.66
"2010-01-13",62.59
"2010-01-14",62.650002
"2010-01-15",62.279999
"2010-01-19",63.48
"2010-01-20",63.009998
"2010-01-21",63.200001
"2010-01-22",63.389999
"2010-01-25",63.09
"2010-01-26",63.810001
"2010-01-27",63.73
"2010-01-28",62.830002
"2010-01-29",62.43
"2010-02-01",63.889999
"2010-02-02",64.029999
"2010-02-03",65.209999
"2010-02-04",64.059998
"2010-02-05",63.369999
"2010-02-08",62.919998
"2010-02-09",63.57
"2010-02-10",63.25
"2010-02-11",63.790001
"2010-02-12",63.59
"2010-02-16",64.010002
"2010-02-17",64.260002
"2010-02-18",64.480003
"2010-02-19",64.739998
"2010-02-22",64.769997
"2010-02-23",64.870003
"2010-02-24",65.260002
"2010-02-25",64.379997
"2010-02-26",63.849998
"2010-03-01",63.98
"2010-03-02",64.07
"2010-03-03",63.630001
"2010-03-04",63.43
"2010-03-05",63.669998
"2010-03-08",65.120003
"2010-03-09",65.099998
"2010-03-10",64.940002
"2010-03-11",65.209999
"2010-03-12",65.529999
"2010-03-15",65.93
"2010-03-16",66.07
"2010-03-17",66.379997
"2010-03-18",66.68
"2010-03-19",66.529999
"2010-03-22",67.010002
"2010-03-23",67.349998
"2010-03-24",66.800003
"2010-03-25",66.900002
"2010-03-26",67.260002
"2010-03-29",67.07
"2010-03-30",67.239998
"2010-03-31",66.720001
"2010-04-01",67.580002
"2010-04-05",68.029999
"2010-04-06",67.809998
"2010-04-07",67.699997
"2010-04-08",68.760002
"2010-04-09",68.68
"2010-04-12",68.529999
"2010-04-13",68.919998
"2010-04-14",69.419998
"2010-04-15",69.160004
"2010-04-16",69.029999
"2010-04-19",69.919998
"2010-04-20",70.339996
"2010-04-21",70.360001
"2010-04-22",71.029999
"2010-04-23",71.150002
"2010-04-26",71.019997
"2010-04-27",70.529999
"2010-04-28",70.339996
"2010-04-29",71.519997
"2010-04-30",70.589996
"2010-05-03",71.419998
"2010-05-04",70.639999
"2010-05-05",70.660004
"2010-05-06",69.419998
"2010-05-07",68.010002
"2010-05-10",70.580002
"2010-05-11",70.480003
"2010-05-12",70.669998
"2010-05-13",70.5
"2010-05-14",69.589996
"2010-05-17",70.139999
"2010-05-18",70.019997
"2010-05-19",69.400002
"2010-05-20",67.660004
"2010-05-21",67.860001
"2010-05-24",67.660004
"2010-05-25",67.839996
"2010-05-26",66.010002
"2010-05-27",67.199997
"2010-05-28",66.870003
"2010-06-01",66.360001
"2010-06-02",67.769997
"2010-06-03",67.849998
"2010-06-04",66.699997
"2010-06-07",66.75
"2010-06-08",68.379997
"2010-06-09",68.260002
"2010-06-10",69.370003
"2010-06-11",69.540001
"2010-06-14",69.300003
"2010-06-15",70.400002
"2010-06-16",70.290001
"2010-06-17",70.050003
"2010-06-18",69.879997
"2010-06-21",69.919998
"2010-06-22",68.639999
"2010-06-23",68.629997
"2010-06-24",67.730003
"2010-06-25",67.419998
"2010-06-28",67.330002
"2010-06-29",66.459999
"2010-06-30",65.870003
"2010-07-01",66.709999
"2010-07-02",66.139999
"2010-07-06",66.110001
"2010-07-07",67.309998
"2010-07-08",69.019997
"2010-07-09",69.220001
"2010-07-12",69.940002
"2010-07-13",70.839996
"2010-07-14",70.900002
"2010-07-15",71.330002
"2010-07-16",69.940002
"2010-07-19",69.910004
"2010-07-20",70.870003
"2010-07-21",70.110001
"2010-07-22",71.400002
"2010-07-23",69.900002
"2010-07-26",70.870003
"2010-07-27",70.400002
"2010-07-28",69.769997
"2010-07-29",69.379997
"2010-07-30",69.730003
"2010-08-02",70.25
"2010-08-03",70.449997
"2010-08-04",70.690002
"2010-08-05",70.449997
"2010-08-06",71.739998
"2010-08-09",72.919998
"2010-08-10",72.839996
"2010-08-11",71.57
"2010-08-12",72.059998
"2010-08-13",71.889999
"2010-08-16",71.790001
"2010-08-17",73.220001
"2010-08-18",73.25
"2010-08-19",72.970001
"2010-08-20",73.080002
"2010-08-23",73.339996
"2010-08-24",72.720001
"2010-08-25",73.190002
"2010-08-26",73.160004
"2010-08-27",73.989998
"2010-08-30",72.739998
"2010-08-31",73.059998
"2010-09-01",74.540001
"2010-09-02",75.019997
"2010-09-03",75.089996
"2010-09-07",75.800003
"2010-09-08",76.080002
"2010-09-09",74.370003
"2010-09-10",75.010002
"2010-09-13",74.57
"2010-09-14",73.940002
"2010-09-15",74.709999
"2010-09-16",74.800003
"2010-09-17",74.32
"2010-09-20",75.110001
"2010-09-21",75.510002
"2010-09-22",75.129997
"2010-09-23",74.639999
"2010-09-24",75.099998
"2010-09-27",74.760002
"2010-09-28",74.629997
"2010-09-29",74.449997
"2010-09-30",74.510002
"2010-10-01",74.919998
"2010-10-04",74.949997
"2010-10-05",75.82
"2010-10-06",75.559998
"2010-10-07",75.860001
"2010-10-08",76.099998
"2010-10-11",75.589996
"2010-10-12",75.580002
"2010-10-13",75.75
"2010-10-14",77.040001
"2010-10-15",77.480003
"2010-10-18",77.32
"2010-10-19",76.989998
"2010-10-20",77.410004
"2010-10-21",78.440002
"2010-10-22",78.550003
"2010-10-25",78.699997
"2010-10-26",78.760002
"2010-10-27",77.480003
"2010-10-28",77.480003
"2010-10-29",77.769997
"2010-11-01",77.879997
"2010-11-02",78.400002
"2010-11-03",78.5
"2010-11-04",79.18
"2010-11-05",79.300003
"2010-11-08",79.309998
"2010-11-09",79.099998
"2010-11-10",79.5
"2010-11-11",79.699997
"2010-11-12",78.849998
"2010-11-15",79.07
"2010-11-16",77.419998
"2010-11-17",78.370003
"2010-11-18",79.019997
"2010-11-19",79.639999
"2010-11-22",79.519997
"2010-11-23",79.010002
"2010-11-24",79.480003
"2010-11-26",78.540001
"2010-11-29",78.260002
"2010-11-30",78.300003
"2010-12-01",79.290001
"2010-12-02",79.379997
"2010-12-03",79.760002
"2010-12-06",79.580002
"2010-12-07",80.339996
"2010-12-08",78.739998
"2010-12-09",77.610001
"2010-12-10",77.559998
"2010-12-13",77.110001
"2010-12-14",77.110001
"2010-12-15",76.980003
"2010-12-16",76.709999
"2010-12-17",76.809998
"2010-12-20",76.919998
"2010-12-21",76.860001
"2010-12-22",77.010002
"2010-12-23",76.959999
"2010-12-27",76.43
"2010-12-28",76.43
"2010-12-29",76.989998
"2010-12-30",76.760002
"2010-12-31",76.760002
"2011-01-03",76.599998
"2011-01-04",74.309998
"2011-01-05",74.660004
"2011-01-06",74.209999
"2011-01-07",74.370003
"2011-01-10",73.559998
"2011-01-11",73.900002
"2011-01-12",73.599998
"2011-01-13",72.669998
"2011-01-14",74.059998
"2011-01-18",74.68
"2011-01-19",75.349998
"2011-01-20",75.160004
"2011-01-21",75.010002
"2011-01-24",75.379997
"2011-01-25",75.480003
"2011-01-26",75.169998
"2011-01-27",74.349998
"2011-01-28",73.279999
"2011-01-31",73.669998
"2011-02-01",73.470001
"2011-02-02",73.639999
"2011-02-03",73.830002
"2011-02-04",74.050003
"2011-02-07",73.449997
"2011-02-08",75.360001
"2011-02-09",75.93
"2011-02-10",75.760002
"2011-02-11",76.139999
"2011-02-14",76.239998
"2011-02-15",76.150002
"2011-02-16",76.019997
"2011-02-17",75.980003
"2011-02-18",76.129997
"2011-02-22",75.699997
"2011-02-23",75.190002
"2011-02-24",75.209999
"2011-02-25",74.440002
"2011-02-28",75.68
"2011-03-01",74.889999
"2011-03-02",74.690002
"2011-03-03",76.239998
"2011-03-04",76.029999
"2011-03-07",76.290001
"2011-03-08",75.540001
"2011-03-09",75.779999
"2011-03-10",76.68
"2011-03-11",76.730003
"2011-03-14",75.669998
"2011-03-15",75.120003
"2011-03-16",73.379997
"2011-03-17",73.400002
"2011-03-18",72.989998
"2011-03-21",73.760002
"2011-03-22",73.870003
"2011-03-23",74.529999
"2011-03-24",74.93
"2011-03-25",75.25
"2011-03-28",75
"2011-03-29",75.370003
"2011-03-30",75.809998
"2011-03-31",76.089996
"2011-04-01",75.989998
"2011-04-04",76.389999
"2011-04-05",76.599998
"2011-04-06",76.720001
"2011-04-07",76.010002
"2011-04-08",76.040001
"2011-04-11",76.25
"2011-04-12",76.660004
"2011-04-13",76.889999
"2011-04-14",77.07
"2011-04-15",77.379997
"2011-04-18",77
"2011-04-19",76.599998
"2011-04-20",78.400002
"2011-04-21",76.910004
"2011-04-25",77.129997
"2011-04-26",76.940002
"2011-04-27",77.870003
"2011-04-28",78.029999
"2011-04-29",78.309998
"2011-05-02",78.639999
"2011-05-03",78.940002
"2011-05-04",79.07
"2011-05-05",78.599998
"2011-05-06",78.699997
"2011-05-09",79.309998
"2011-05-10",79.709999
"2011-05-11",79.510002
"2011-05-12",80.660004
"2011-05-13",80.739998
"2011-05-16",81.139999
"2011-05-17",80.93
"2011-05-18",81.5
"2011-05-19",82.510002
"2011-05-20",82.330002
"2011-05-23",82.5
"2011-05-24",82.639999
"2011-05-25",82.720001
"2011-05-26",82.43
"2011-05-27",81.620003
"2011-05-31",81.540001
"2011-06-01",80.980003
"2011-06-02",80.75
"2011-06-03",80.540001
"2011-06-06",80.699997
"2011-06-07",81.139999
"2011-06-08",81.150002
"2011-06-09",81.260002
"2011-06-10",80.360001
"2011-06-13",80.730003
"2011-06-14",81.470001
"2011-06-15",81.239998
"2011-06-16",81.809998
"2011-06-17",82.519997
"2011-06-20",82.690002
"2011-06-21",82.800003
"2011-06-22",82.650002
"2011-06-23",82.290001
"2011-06-24",81.839996
"2011-06-27",82.32
"2011-06-28",84.349998
"2011-06-29",84.57
"2011-06-30",84.32
"2011-07-01",85.650002
"2011-07-05",85.639999
"2011-07-06",85.860001
"2011-07-07",86.059998
"2011-07-08",85.599998
"2011-07-11",85.349998
"2011-07-12",84.989998
"2011-07-13",84.959999
"2011-07-14",85.809998
"2011-07-15",85.480003
"2011-07-18",85.400002
"2011-07-19",86.209999
"2011-07-20",86.269997
"2011-07-21",86.540001
"2011-07-22",88.559998
"2011-07-25",88.120003
"2011-07-26",88.019997
"2011-07-27",87.089996
"2011-07-28",86.779999
"2011-07-29",86.480003
"2011-08-01",86.389999
"2011-08-02",85.059998
"2011-08-03",85.540001
"2011-08-04",84.279999
"2011-08-05",85.080002
"2011-08-08",82.110001
"2011-08-09",85.959999
"2011-08-10",84.080002
"2011-08-11",86.279999
"2011-08-12",86.5
"2011-08-15",86.82
"2011-08-16",86.669998
"2011-08-17",87.5
"2011-08-18",85.610001
"2011-08-19",87.230003
"2011-08-22",87.760002
"2011-08-23",89.529999
"2011-08-24",90.129997
"2011-08-25",88.709999
"2011-08-26",89.93
"2011-08-29",90.790001
"2011-08-30",90.779999
"2011-08-31",90.410004
"2011-09-01",90.07
"2011-09-02",89.089996
"2011-09-06",88.82
"2011-09-07",89.290001
"2011-09-08",88.610001
"2011-09-09",85.029999
"2011-09-12",86.190002
"2011-09-13",86.120003
"2011-09-14",86.75
"2011-09-15",88.07
"2011-09-16",88.290001
"2011-09-19",88.809998
"2011-09-20",89.309998
"2011-09-21",87.519997
"2011-09-22",85.989998
"2011-09-23",87.370003
"2011-09-26",89.339996
"2011-09-27",89.739998
"2011-09-28",88.029999
"2011-09-29",88.779999
"2011-09-30",87.82
"2011-10-03",86.019997
"2011-10-04",86.480003
"2011-10-05",85.830002
"2011-10-06",87.110001
"2011-10-07",87.199997
"2011-10-10",88.510002
"2011-10-11",89.339996
"2011-10-12",88.360001
"2011-10-13",89.309998
"2011-10-14",89.940002
"2011-10-17",88.660004
"2011-10-18",89.639999
"2011-10-19",89.620003
"2011-10-20",89.010002
"2011-10-21",92.32
"2011-10-24",92.010002
"2011-10-25",91.769997
"2011-10-26",91.779999
"2011-10-27",93.510002
"2011-10-28",93.290001
"2011-10-31",92.849998
"2011-11-01",91.910004
"2011-11-02",92.529999
"2011-11-03",93
"2011-11-04",93.809998
"2011-11-07",94.620003
"2011-11-08",94.599998
"2011-11-09",92.650002
"2011-11-10",93.260002
"2011-11-11",94.760002
"2011-11-14",94.059998
"2011-11-15",94.470001
"2011-11-16",93.150002
"2011-11-17",92.290001
"2011-11-18",92.739998
"2011-11-21",92.279999
"2011-11-22",92.650002
"2011-11-23",91.870003
"2011-11-25",92.099998
"2011-11-28",93.760002
"2011-11-29",93.459999
"2011-11-30",95.519997
"2011-12-01",95.5
"2011-12-02",95.699997
"2011-12-05",95.349998
"2011-12-06",96.010002
"2011-12-07",96.449997
"2011-12-08",96.919998
"2011-12-09",98.029999
"2011-12-12",98.480003
"2011-12-13",98
"2011-12-14",97.610001
"2011-12-15",98.139999
"2011-12-16",97.489998
"2011-12-19",97.239998
"2011-12-20",98.82
"2011-12-21",99.199997
"2011-12-22",98.599998
"2011-12-23",100.150002
"2011-12-27",100.550003
"2011-12-28",99.580002
"2011-12-29",100.809998
"2011-12-30",100.330002
"2012-01-03",98.839996
"2012-01-04",99.389999
"2012-01-05",99.830002
"2012-01-06",100.599998
"2012-01-09",99.639999
"2012-01-10",99.699997
"2012-01-11",99.93
"2012-01-12",100.57
"2012-01-13",100.349998
"2012-01-17",100.550003
"2012-01-18",101.559998
"2012-01-19",101.260002
"2012-01-20",101.739998
"2012-01-23",100.949997
"2012-01-24",98.75
"2012-01-25",99.230003
"2012-01-26",99.18
"2012-01-27",98.690002
"2012-01-30",98.690002
"2012-01-31",99.050003
"2012-02-01",98.400002
"2012-02-02",98.620003
"2012-02-03",100.010002
"2012-02-06",99.489998
"2012-02-07",100.910004
"2012-02-08",100.050003
"2012-02-09",99.989998
"2012-02-10",99.470001
"2012-02-13",99.650002
"2012-02-14",99.550003
"2012-02-15",98.610001
"2012-02-16",99.260002
"2012-02-17",99.989998
"2012-02-21",100.489998
"2012-02-22",100.660004
"2012-02-23",100.809998
"2012-02-24",100.32
"2012-02-27",100.360001
"2012-02-28",99.779999
"2012-02-29",99.279999
"2012-03-01",99.25
"2012-03-02",99.5
"2012-03-05",99.940002
"2012-03-06",99.889999
"2012-03-07",100.18
"2012-03-08",96.959999
"2012-03-09",96.839996
"2012-03-12",96.660004
"2012-03-13",96.779999
"2012-03-14",97.290001
"2012-03-15",98.040001
"2012-03-16",97.660004
"2012-03-19",97.730003
"2012-03-20",97.650002
"2012-03-21",96.720001
"2012-03-22",95.800003
"2012-03-23",95.550003
"2012-03-26",96.970001
"2012-03-27",97.339996
"2012-03-28",97.080002
"2012-03-29",97.639999
"2012-03-30",98.099998
"2012-04-02",98.360001
"2012-04-03",99.400002
"2012-04-04",97.480003
"2012-04-05",98.620003
"2012-04-09",98.879997
"2012-04-10",97.669998
"2012-04-11",98.559998
"2012-04-12",97.639999
"2012-04-13",96.970001
"2012-04-16",96.580002
"2012-04-17",97.110001
"2012-04-18",97.339996
"2012-04-19",95.279999
"2012-04-20",95.940002
"2012-04-23",95.190002
"2012-04-24",94.589996
"2012-04-25",95.220001
"2012-04-26",95.830002
"2012-04-27",97.379997
"2012-04-30",97.449997
"2012-05-01",97.199997
"2012-05-02",97.510002
"2012-05-03",97.040001
"2012-05-04",95.870003
"2012-05-07",95.510002
"2012-05-08",93.550003
"2012-05-09",91.93
"2012-05-10",91.870003
"2012-05-11",91.900002
"2012-05-14",90.879997
"2012-05-15",91.010002
"2012-05-16",91.43
"2012-05-17",89.620003
"2012-05-18",89.849998
"2012-05-21",91.269997
"2012-05-22",91.339996
"2012-05-23",91.480003
"2012-05-24",91.529999
"2012-05-25",91.050003
"2012-05-29",90.900002
"2012-05-30",90.110001
"2012-05-31",89.339996
"2012-06-01",86.709999
"2012-06-04",86.32
"2012-06-05",87.080002
"2012-06-06",88.660004
"2012-06-07",88.379997
"2012-06-08",87.75
"2012-06-11",86.589996
"2012-06-12",87.510002
"2012-06-13",87.970001
"2012-06-14",89.720001
"2012-06-15",90.5
"2012-06-18",90.239998
"2012-06-19",89.599998
"2012-06-20",88.650002
"2012-06-21",87.639999
"2012-06-22",88.349998
"2012-06-25",88.120003
"2012-06-26",89.099998
"2012-06-27",88.330002
"2012-06-28",88.18
"2012-06-29",88.529999
"2012-07-02",88.080002
"2012-07-03",88.580002
"2012-07-05",89.300003
"2012-07-06",89.660004
"2012-07-09",89.800003
"2012-07-10",90.25
"2012-07-11",89.529999
"2012-07-12",91.93
"2012-07-13",92.290001
"2012-07-16",91.650002
"2012-07-17",91.889999
"2012-07-18",92.220001
"2012-07-19",92.760002
"2012-07-20",91.580002
"2012-07-23",88.940002
"2012-07-24",88.059998
"2012-07-25",88.040001
"2012-07-26",89
"2012-07-27",89.190002
"2012-07-30",89.330002
"2012-07-31",89.360001
"2012-08-01",89.43
"2012-08-02",89.589996
"2012-08-03",89.589996
"2012-08-06",89.690002
"2012-08-07",89.010002
"2012-08-08",87.529999
"2012-08-09",87.150002
"2012-08-10",88.199997
"2012-08-13",87.900002
"2012-08-14",88.120003
"2012-08-15",87.809998
"2012-08-16",87.459999
"2012-08-17",87.360001
"2012-08-20",88.169998
"2012-08-21",88.519997
"2012-08-22",88.550003
"2012-08-23",88.25
"2012-08-24",88.919998
"2012-08-27",89.540001
"2012-08-28",89.139999
"2012-08-29",89.650002
"2012-08-30",88.699997
"2012-08-31",89.489998
"2012-09-04",89.050003
"2012-09-05",89.059998
"2012-09-06",90.669998
"2012-09-07",91.019997
"2012-09-10",91.300003
"2012-09-11",91.199997
"2012-09-12",90.82
"2012-09-13",91.57
"2012-09-14",91.699997
"2012-09-17",92.139999
"2012-09-18",93.080002
"2012-09-19",92.830002
"2012-09-20",93.150002
"2012-09-21",93.709999
"2012-09-24",93.709999
"2012-09-25",92.860001
"2012-09-26",93.199997
"2012-09-27",93.269997
"2012-09-28",91.75
"2012-10-01",91.989998
"2012-10-02",90.93
"2012-10-03",90.349998
"2012-10-04",91.029999
"2012-10-05",91
"2012-10-08",91.540001
"2012-10-09",92.110001
"2012-10-10",92.400002
"2012-10-11",92.360001
"2012-10-12",92.510002
"2012-10-15",93.5
"2012-10-16",94.089996
"2012-10-17",93.68
"2012-10-18",92.860001
"2012-10-19",88.720001
"2012-10-22",88.449997
"2012-10-23",87.959999
"2012-10-24",87.279999
"2012-10-25",87.330002
"2012-10-26",86.709999
"2012-10-31",86.800003
"2012-11-01",86.800003
"2012-11-02",86.860001
"2012-11-05",87.459999
"2012-11-06",87.970001
"2012-11-07",86.860001
"2012-11-08",85.129997
"2012-11-09",84.739998
"2012-11-12",84.879997
"2012-11-13",84.639999
"2012-11-14",84.620003
"2012-11-15",84.050003
"2012-11-16",84.120003
"2012-11-19",85.040001
"2012-11-20",85.68
"2012-11-21",86.010002
"2012-11-23",87.050003
"2012-11-26",86.239998
"2012-11-27",85.919998
"2012-11-28",86.519997
"2012-11-29",86.489998
"2012-11-30",87.040001
"2012-12-03",87.059998
"2012-12-04",87.199997
"2012-12-05",86.970001
"2012-12-06",88.089996
"2012-12-07",88.480003
"2012-12-10",89.410004
"2012-12-11",89.620003
"2012-12-12",89.309998
"2012-12-13",89.169998
"2012-12-14",88.879997
"2012-12-17",89.910004
"2012-12-18",90.519997
"2012-12-19",89.709999
"2012-12-20",90.040001
"2012-12-21",90.18
"2012-12-24",89.290001
"2012-12-26",88.739998
"2012-12-27",88.720001
"2012-12-28",87.580002
"2012-12-31",88.209999
"2013-01-02",90.120003
"2013-01-03",90.629997
"2013-01-04",89.849998
"2013-01-07",90.910004
"2013-01-08",90.940002
"2013-01-09",90.809998
"2013-01-10",91.400002
"2013-01-11",91.730003
"2013-01-14",91.529999
"2013-01-15",91.510002
"2013-01-16",91.099998
"2013-01-17",91.760002
"2013-01-18",92.260002
"2013-01-22",92.949997
"2013-01-23",93.480003
"2013-01-24",93.309998
"2013-01-25",93.720001
"2013-01-28",94.360001
"2013-01-29",94.919998
"2013-01-30",94.669998
"2013-01-31",95.290001
"2013-02-01",95.949997
"2013-02-04",94.599998
"2013-02-05",94.910004
"2013-02-06",95.07
"2013-02-07",94.629997
"2013-02-08",94.870003
"2013-02-11",95.169998
"2013-02-12",95.099998
"2013-02-13",94
"2013-02-14",93.559998
"2013-02-15",93.900002
"2013-02-19",93.849998
"2013-02-20",93.910004
"2013-02-21",94.139999
"2013-02-22",95.25
"2013-02-25",96.139999
"2013-02-26",96.220001
"2013-02-27",95.730003
"2013-02-28",95.900002
"2013-03-01",95.68
"2013-03-04",95.07
"2013-03-05",95.809998
"2013-03-06",96.809998
"2013-03-07",97.089996
"2013-03-08",98.709999
"2013-03-11",98.889999
"2013-03-12",98.760002
"2013-03-13",99.379997
"2013-03-14",99.309998
"2013-03-15",99.669998
"2013-03-18",98.57
"2013-03-19",98.400002
"2013-03-20",98.769997
"2013-03-21",98.529999
"2013-03-22",99.269997
"2013-03-25",98.239998
"2013-03-26",98.5
"2013-03-27",98.900002
"2013-03-28",99.690002
"2013-04-01",99.050003
"2013-04-02",100.260002
"2013-04-03",99.25
"2013-04-04",100.629997
"2013-04-05",101.419998
"2013-04-08",101.5
"2013-04-09",101.059998
"2013-04-10",101.489998
"2013-04-11",101.989998
"2013-04-12",103.589996
"2013-04-15",102.150002
"2013-04-16",103.040001
"2013-04-17",102.540001
"2013-04-18",101.910004
"2013-04-19",99.919998
"2013-04-22",99.32
"2013-04-23",99.760002
"2013-04-24",101.019997
"2013-04-25",100.940002
"2013-04-26",100.889999
"2013-04-29",102.18
"2013-04-30",102.139999
"2013-05-01",101.379997
"2013-05-02",102.059998
"2013-05-03",102.919998
"2013-05-06",102.07
"2013-05-07",102.290001
"2013-05-08",100.949997
"2013-05-09",99.690002
"2013-05-10",100.199997
"2013-05-13",100.379997
"2013-05-14",101.199997
"2013-05-15",101.949997
"2013-05-16",101.120003
"2013-05-17",101.540001
"2013-05-20",101.540001
"2013-05-21",102.139999
"2013-05-22",101.739998
"2013-05-23",101.029999
"2013-05-24",100.290001
"2013-05-28",101.239998
"2013-05-29",99.050003
"2013-05-30",97.07
"2013-05-31",96.57
"2013-06-03",97.959999
"2013-06-04",98.370003
"2013-06-05",96.419998
"2013-06-06",96.68
"2013-06-07",98.279999
"2013-06-10",99.529999
"2013-06-11",98.230003
"2013-06-12",98.239998
"2013-06-13",98.879997
"2013-06-14",98.419998
"2013-06-17",98.739998
"2013-06-18",99.75
"2013-06-19",98.809998
"2013-06-20",96.790001
"2013-06-21",97.230003
"2013-06-24",97.290001
"2013-06-25",97.519997
"2013-06-26",98.839996
"2013-06-27",99.650002
"2013-06-28",99
"2013-07-01",99.82
"2013-07-02",99.93
"2013-07-03",100.349998
"2013-07-05",99.860001
"2013-07-08",99.879997
"2013-07-09",99.989998
"2013-07-10",99.980003
"2013-07-11",100.790001
"2013-07-12",101.580002
"2013-07-15",100.75
"2013-07-16",100.879997
"2013-07-17",100.099998
"2013-07-18",100.18
"2013-07-19",100.269997
"2013-07-22",97.580002
"2013-07-23",96.760002
"2013-07-24",96.660004
"2013-07-25",97.489998
"2013-07-26",98.029999
"2013-07-29",97.870003
"2013-07-30",98.370003
"2013-07-31",98.080002
"2013-08-01",99
"2013-08-02",99.199997
"2013-08-05",99.309998
"2013-08-06",98.690002
"2013-08-07",98.330002
"2013-08-08",98.040001
"2013-08-09",97.620003
"2013-08-12",97.040001
"2013-08-13",96.449997
"2013-08-14",96.110001
"2013-08-15",95.389999
"2013-08-16",95.029999
"2013-08-19",95.480003
"2013-08-20",95.5
"2013-08-21",95.110001
"2013-08-22",95.459999
"2013-08-23",95.129997
"2013-08-26",95.309998
"2013-08-27",94.839996
"2013-08-28",96.080002
"2013-08-29",94.860001
"2013-08-30",94.360001
"2013-09-03",94.519997
"2013-09-04",95.160004
"2013-09-05",95.660004
"2013-09-06",96.260002
"2013-09-09",96.449997
"2013-09-10",96.889999
"2013-09-11",97.459999
"2013-09-12",97.18
"2013-09-13",97.349998
"2013-09-16",97.709999
"2013-09-17",97.919998
"2013-09-18",98.699997
"2013-09-19",97.919998
"2013-09-20",96.900002
"2013-09-23",97.279999
"2013-09-24",97.779999
"2013-09-25",97.620003
"2013-09-26",98.190002
"2013-09-27",97.120003
"2013-09-30",96.209999
"2013-10-01",96.129997
"2013-10-02",95.279999
"2013-10-03",94.669998
"2013-10-04",94.699997
"2013-10-07",94.360001
"2013-10-08",93.940002
"2013-10-09",93.269997
"2013-10-10",94.440002
"2013-10-11",94.739998
"2013-10-14",94.720001
"2013-10-15",93.800003
"2013-10-16",95.220001
"2013-10-17",95.470001
"2013-10-18",95.199997
"2013-10-21",94.589996
"2013-10-22",95.120003
"2013-10-23",94.209999
"2013-10-24",94.68
"2013-10-25",94.779999
"2013-10-28",95.370003
"2013-10-29",96.050003
"2013-10-30",96.029999
"2013-10-31",96.519997
"2013-11-01",97.239998
"2013-11-04",97.309998
"2013-11-05",97.410004
"2013-11-06",97.900002
"2013-11-07",97.199997
"2013-11-08",97.010002
"2013-11-11",97.089996
"2013-11-12",97.660004
"2013-11-13",98.110001
"2013-11-14",97.559998
"2013-11-15",96.919998
"2013-11-18",97.650002
"2013-11-19",97.980003
"2013-11-20",97.540001
"2013-11-21",97.699997
"2013-11-22",98.269997
"2013-11-25",98.919998
"2013-11-26",98.199997
"2013-11-27",97.059998
"2013-11-29",97.370003
"2013-12-02",96.510002
"2013-12-03",96.379997
"2013-12-04",95.709999
"2013-12-05",95.43
"2013-12-06",96.800003
"2013-12-09",95.720001
"2013-12-10",95.43
"2013-12-11",95.260002
"2013-12-12",94.099998
"2013-12-13",94.440002
"2013-12-16",95.449997
"2013-12-17",94.379997
"2013-12-18",95.93
"2013-12-19",95.139999
"2013-12-20",96.510002
"2013-12-23",96.300003
"2013-12-24",96.540001
"2013-12-26",96.839996
"2013-12-27",96.910004
"2013-12-30",97.010002
"2013-12-31",97.029999
"2014-01-02",96.410004
"2014-01-03",96.540001
"2014-01-06",95.849998
"2014-01-07",96.379997
"2014-01-08",95.410004
"2014-01-09",95.459999
"2014-01-10",95.800003
"2014-01-13",94.830002
"2014-01-14",95.220001
"2014-01-15",95.459999
"2014-01-16",96.059998
"2014-01-17",94.93
"2014-01-21",95.080002
"2014-01-22",94.879997
"2014-01-23",95.32
"2014-01-24",94.43
"2014-01-27",94.07
"2014-01-28",94.18
"2014-01-29",93.150002
"2014-01-30",93.800003
"2014-01-31",94.169998
"2014-02-03",93.019997
"2014-02-04",93.089996
"2014-02-05",93.580002
"2014-02-06",94.940002
"2014-02-07",95.919998
"2014-02-10",94.860001
"2014-02-11",95.339996
"2014-02-12",94.889999
"2014-02-13",95.459999
"2014-02-14",95.779999
"2014-02-18",96.019997
"2014-02-19",95.550003
"2014-02-20",95.75
"2014-02-21",96.449997
"2014-02-24",96.5
"2014-02-25",96.620003
"2014-02-26",95.889999
"2014-02-27",95.080002
"2014-02-28",95.150002
"2014-03-03",94.32
"2014-03-04",94.980003
"2014-03-05",95.019997
"2014-03-06",95.580002
"2014-03-07",95.5
"2014-03-10",95.199997
"2014-03-11",98.779999
"2014-03-12",98.709999
"2014-03-13",97.370003
"2014-03-14",97.580002
"2014-03-17",97.599998
"2014-03-18",97.309998
"2014-03-19",96.099998
"2014-03-20",96.599998
"2014-03-21",95.470001
"2014-03-24",96.18
"2014-03-25",95.910004
"2014-03-26",95.839996
"2014-03-27",96.160004
"2014-03-28",97.239998
"2014-03-31",98.029999
"2014-04-01",97.900002
"2014-04-02",97.589996
"2014-04-03",97.660004
"2014-04-04",97.870003
"2014-04-07",97.010002
"2014-04-08",98.080002
"2014-04-09",98.349998
"2014-04-10",99.43
"2014-04-11",99.290001
"2014-04-14",100.110001
"2014-04-15",100.830002
"2014-04-16",100.830002
"2014-04-17",100.25
"2014-04-21",99.669998
"2014-04-22",99.32
"2014-04-23",99.129997
"2014-04-24",99.839996
"2014-04-25",100.730003
"2014-04-28",100.309998
"2014-04-29",101.5
"2014-04-30",101.379997
"2014-05-01",100.959999
"2014-05-02",101.43
"2014-05-05",101.139999
"2014-05-06",100.949997
"2014-05-07",101.959999
"2014-05-08",101.949997
"2014-05-09",102.93
"2014-05-12",102.860001
"2014-05-13",103.529999
"2014-05-14",103.029999
"2014-05-15",102.5
"2014-05-16",103.139999
"2014-05-19",102.089996
"2014-05-20",101.529999
"2014-05-21",102.559998
"2014-05-22",102.449997
"2014-05-23",102
"2014-05-27",102.360001
"2014-05-28",101.300003
"2014-05-29",101.339996
"2014-05-30",101.43
"2014-06-02",102.029999
"2014-06-03",101.449997
"2014-06-04",102.440002
"2014-06-05",102.449997
"2014-06-06",101.959999
"2014-06-09",101.379997
"2014-06-10",100.879997
"2014-06-11",100.419998
"2014-06-12",99.760002
"2014-06-13",100.489998
"2014-06-16",101.099998
"2014-06-17",101.269997
"2014-06-18",101.349998
"2014-06-19",101.910004
"2014-06-20",101.919998
"2014-06-23",101.910004
"2014-06-24",101.470001
"2014-06-25",101.610001
"2014-06-26",101.510002
"2014-06-27",101.459999
"2014-06-30",100.739998
"2014-07-01",101
"2014-07-02",100.529999
"2014-07-03",100.980003
"2014-07-07",100.169998
"2014-07-08",100.089996
"2014-07-09",101.07
"2014-07-10",100.580002
"2014-07-11",100.370003
"2014-07-14",100.470001
"2014-07-15",100.300003
"2014-07-16",99.269997
"2014-07-17",98.370003
"2014-07-18",98.989998
"2014-07-21",97.550003
"2014-07-22",96.269997
"2014-07-23",95.349998
"2014-07-24",95.349998
"2014-07-25",95.720001
"2014-07-28",95.779999
"2014-07-29",95.82
"2014-07-30",95.949997
"2014-07-31",94.559998
"2014-08-01",94.300003
"2014-08-04",94.309998
"2014-08-05",93.43
"2014-08-06",93.470001
"2014-08-07",93.309998
"2014-08-08",93.550003
"2014-08-11",93.529999
"2014-08-12",93.559998
"2014-08-13",93.959999
"2014-08-14",93.660004
"2014-08-15",93.790001
"2014-08-18",94.25
"2014-08-19",94.449997
"2014-08-20",94.190002
"2014-08-21",94.529999
"2014-08-22",94.449997
"2014-08-25",94.440002
"2014-08-26",94.110001
"2014-08-27",94.650002
"2014-08-28",94.139999
"2014-08-29",93.720001
"2014-09-02",92.800003
"2014-09-03",93.139999
"2014-09-04",93.010002
"2014-09-05",93.07
"2014-09-08",92.5
"2014-09-09",91.089996
"2014-09-10",93
"2014-09-11",92.959999
"2014-09-12",93.339996
"2014-09-15",93.470001
"2014-09-16",93.75
"2014-09-17",93.529999
"2014-09-18",93.480003
"2014-09-19",94.360001
"2014-09-22",93.93
"2014-09-23",93.510002
"2014-09-24",95
"2014-09-25",94.160004
"2014-09-26",94.699997
"2014-09-29",96.220001
"2014-09-30",94.809998
"2014-10-01",94.190002
"2014-10-02",94.120003
"2014-10-03",94.860001
"2014-10-06",93.839996
"2014-10-07",92.809998
"2014-10-08",93.830002
"2014-10-09",92.720001
"2014-10-10",92.300003
"2014-10-13",90.730003
"2014-10-14",91.099998
"2014-10-15",90.440002
"2014-10-16",89.910004
"2014-10-17",91.040001
"2014-10-20",91.589996
"2014-10-21",91.010002
"2014-10-22",90.940002
"2014-10-23",91.019997
"2014-10-24",91.669998
"2014-10-27",92.010002
"2014-10-28",92.599998
"2014-10-29",92.730003
"2014-10-30",93.379997
"2014-10-31",93.730003
"2014-11-03",93.610001
"2014-11-04",94.470001
"2014-11-05",94.639999
"2014-11-06",94.660004
"2014-11-07",95.099998
"2014-11-10",95.110001
"2014-11-11",95.139999
"2014-11-12",95.330002
"2014-11-13",95.480003
"2014-11-14",96.209999
"2014-11-17",95.970001
"2014-11-18",96.410004
"2014-11-19",96.559998
"2014-11-20",96.639999
"2014-11-21",96.68
"2014-11-24",97.169998
"2014-11-25",97
"2014-11-26",96.220001
"2014-11-28",96.809998
"2014-12-01",95.779999
"2014-12-02",95.110001
"2014-12-03",95.5
"2014-12-04",95.660004
"2014-12-05",96.309998
"2014-12-08",92.610001
"2014-12-09",91.360001
"2014-12-10",90
"2014-12-11",90.970001
"2014-12-12",90.620003
"2014-12-15",88.459999
"2014-12-16",88.720001
"2014-12-17",91.650002
"2014-12-18",93.669998
"2014-12-19",93.220001
"2014-12-22",93.889999
"2014-12-23",94.220001
"2014-12-24",93.830002
"2014-12-26",94.779999
"2014-12-29",95.040001
"2014-12-30",94.25
"2014-12-31",93.699997
"2015-01-02",93.260002
"2015-01-05",92.230003
"2015-01-06",92.400002
"2015-01-07",94.010002
"2015-01-08",94.360001
"2015-01-09",93.209999
"2015-01-12",93.010002
"2015-01-13",92.830002
"2015-01-14",91.540001
"2015-01-15",91.379997
"2015-01-16",91.489998
"2015-01-20",90.800003
"2015-01-21",90.339996
"2015-01-22",90.889999
"2015-01-23",89.559998
"2015-01-26",90.669998
"2015-01-27",89.57
"2015-01-28",88.779999
"2015-01-29",93.269997
"2015-01-30",92.440002
"2015-02-02",92.510002
"2015-02-03",93.919998
"2015-02-04",94.050003
"2015-02-05",94.339996
"2015-02-06",93.989998
"2015-02-09",92.720001
"2015-02-10",94.019997
"2015-02-11",94.209999
"2015-02-12",95.089996
"2015-02-13",95.650002
"2015-02-17",94.349998
"2015-02-18",94.580002
"2015-02-19",94.190002
"2015-02-20",94.190002
"2015-02-23",94.309998
"2015-02-24",94.980003
"2015-02-25",98.660004
"2015-02-26",99.510002
"2015-02-27",98.900002
"2015-03-02",100
"2015-03-03",99.739998
"2015-03-04",100.25
"2015-03-05",99.110001
"2015-03-06",97.129997
"2015-03-09",97.709999
"2015-03-10",96.290001
"2015-03-11",94.959999
"2015-03-12",96.25
"2015-03-13",96.349998
"2015-03-16",97.150002
"2015-03-17",96.169998
"2015-03-18",97
"2015-03-19",95.980003
"2015-03-20",97.050003
"2015-03-23",98.620003
"2015-03-24",99.360001
"2015-03-25",98.139999
"2015-03-26",97.639999
"2015-03-27",96.959999
"2015-03-30",97.879997
"2015-03-31",97.440002
"2015-04-01",96.290001
"2015-04-02",95.830002
"2015-04-06",96.279999
"2015-04-07",96.349998
"2015-04-08",96.849998
"2015-04-09",96.550003
"2015-04-10",97.800003
"2015-04-13",97.440002
"2015-04-14",97.580002
"2015-04-15",96.440002
"2015-04-16",95.629997
"2015-04-17",94.879997
"2015-04-20",96.18
"2015-04-21",94.870003
"2015-04-22",97.839996
"2015-04-23",97
"2015-04-24",98.739998
"2015-04-27",96.440002
"2015-04-28",96.830002
"2015-04-29",97.019997
"2015-04-30",96.550003
"2015-05-01",97.800003
"2015-05-04",96.129997
"2015-05-05",96.129997
"2015-05-06",96.389999
"2015-05-07",96.779999
"2015-05-08",98.230003
"2015-05-11",97.510002
"2015-05-12",97.949997
"2015-05-13",97.349998
"2015-05-14",97.709999
"2015-05-15",98.040001
"2015-05-18",98.019997
"2015-05-19",100.68
"2015-05-20",100.110001
"2015-05-21",99.279999
"2015-05-22",98.989998
"2015-05-26",98.459999
"2015-05-27",98.660004
"2015-05-28",96.480003
"2015-05-29",95.93
"2015-06-01",96.220001
"2015-06-02",96.290001
"2015-06-03",96.519997
"2015-06-04",96.309998
"2015-06-05",95.540001
"2015-06-08",95.32
"2015-06-09",94.730003
"2015-06-10",95.300003
"2015-06-11",95.589996
"2015-06-12",95.059998
"2015-06-15",94.300003
"2015-06-16",94.629997
"2015-06-17",95.220001
"2015-06-18",96.169998
"2015-06-19",96.080002
"2015-06-22",96.870003
"2015-06-23",97.18
"2015-06-24",96.639999
"2015-06-25",95.790001
"2015-06-26",97.290001
"2015-06-29",95.440002
"2015-06-30",95.07
"2015-07-01",95.760002
"2015-07-02",96.169998
"2015-07-06",95.650002
"2015-07-07",96.68
"2015-07-08",95.839996
"2015-07-09",96.489998
"2015-07-10",97.650002
"2015-07-13",98.43
"2015-07-14",98.779999
"2015-07-15",99.07
"2015-07-16",97.860001
"2015-07-17",97.5
"2015-07-20",97.489998
"2015-07-21",97.32
"2015-07-22",97.580002
"2015-07-23",97.089996
"2015-07-24",96.099998
"2015-07-27",96.040001
"2015-07-28",97.330002
"2015-07-29",98.209999
"2015-07-30",99.169998
"2015-07-31",99.860001
"2015-08-03",99.419998
"2015-08-04",99.139999
"2015-08-05",99.800003
"2015-08-06",99.349998
"2015-08-07",98.919998
"2015-08-10",99.389999
"2015-08-11",98.809998
"2015-08-12",98.279999
"2015-08-13",99.370003
"2015-08-14",99.269997
"2015-08-17",100.660004
"2015-08-18",100.760002
"2015-08-19",101.099998
"2015-08-20",99.760002
"2015-08-21",97.129997
"2015-08-24",92.870003
"2015-08-25",91.209999
"2015-08-26",95.150002
"2015-08-27",97.330002
"2015-08-28",96.25
"2015-08-31",95.019997
"2015-09-01",93.470001
"2015-09-02",96.040001
"2015-09-03",96.010002
"2015-09-04",94.849998
"2015-09-08",96.779999
"2015-09-09",95.43
"2015-09-10",95.25
"2015-09-11",97.410004
"2015-09-14",96.970001
"2015-09-15",98.190002
"2015-09-16",98.690002
"2015-09-17",97.839996
"2015-09-18",97.050003
"2015-09-21",97.900002
"2015-09-22",97.199997
"2015-09-23",97.379997
"2015-09-24",97.290001
"2015-09-25",97.589996
"2015-09-28",95.959999
"2015-09-29",97.480003
"2015-09-30",98.529999
"2015-10-01",98.779999
"2015-10-02",99.790001
"2015-10-05",101.169998
"2015-10-06",101.900002
"2015-10-07",101.769997
"2015-10-08",102.949997
"2015-10-09",102.760002
"2015-10-12",103.239998
"2015-10-13",103.379997
"2015-10-14",102.82
"2015-10-15",103.660004
"2015-10-16",104.82
"2015-10-19",104.489998
"2015-10-20",103.839996
"2015-10-21",102.540001
"2015-10-22",110.870003
"2015-10-23",112.589996
"2015-10-26",112.18
"2015-10-27",111.639999
"2015-10-28",112.940002
"2015-10-29",112.620003
"2015-10-30",112.25
"2015-11-02",112.110001
"2015-11-03",112.080002
"2015-11-04",112.400002
"2015-11-05",112.849998
"2015-11-06",113.309998
"2015-11-09",112.93
"2015-11-10",113.220001
"2015-11-11",113.849998
"2015-11-12",112.110001
"2015-11-13",109.970001
"2015-11-16",111.059998
"2015-11-17",110.940002
"2015-11-18",112.529999
"2015-11-19",113.300003
"2015-11-20",113.910004
"2015-11-23",114.470001
"2015-11-24",114.279999
"2015-11-25",114.400002
"2015-11-27",114.230003
"2015-11-30",114.160004
"2015-12-01",114.449997
"2015-12-02",113.720001
"2015-12-03",113.389999
"2015-12-04",116.199997
"2015-12-07",116.419998
"2015-12-08",116.529999
"2015-12-09",116.580002
"2015-12-10",117.199997
"2015-12-11",116.080002
"2015-12-14",116.260002
"2015-12-15",116.93
"2015-12-16",117.839996
"2015-12-17",117.5
"2015-12-18",116.660004
"2015-12-21",117.690002
"2015-12-22",117.720001
"2015-12-23",118.800003
"2015-12-24",118.57
"2015-12-28",118.75
"2015-12-29",120.07
"2015-12-30",119.43
"2015-12-31",118.139999
"2016-01-04",117.580002
"2016-01-05",119.199997
"2016-01-06",118.400002
"2016-01-07",115.660004
"2016-01-08",115.480003
"2016-01-11",116.690002
"2016-01-12",117.440002
"2016-01-13",115.120003
"2016-01-14",116.620003
"2016-01-15",115.18
"2016-01-19",117.5
"2016-01-20",115.779999
"2016-01-21",117.839996
"2016-01-22",118.400002
"2016-01-25",119.199997
"2016-01-26",120.43
"2016-01-27",120.870003
"2016-01-28",122.379997
"2016-01-29",123.779999
"2016-02-01",124.610001
"2016-02-02",123.949997
"2016-02-03",121.470001
"2016-02-04",120.660004
"2016-02-05",115.400002
"2016-02-08",116.050003
"2016-02-09",117.010002
"2016-02-10",117.540001
"2016-02-11",116.730003
"2016-02-12",117.93
"2016-02-16",119.18
"2016-02-17",118.639999
"2016-02-18",117.169998
"2016-02-19",116.529999
"2016-02-22",117.669998
"2016-02-23",116.900002
"2016-02-24",117.059998
"2016-02-25",118.370003
"2016-02-26",117.059998
"2016-02-29",117.190002
"2016-03-01",118.849998
"2016-03-02",118.480003
"2016-03-03",116.690002
"2016-03-04",117.18
"2016-03-07",117.150002
"2016-03-08",118.419998
"2016-03-09",119.639999
"2016-03-10",119.980003
"2016-03-11",121.550003
"2016-03-14",122.900002
"2016-03-15",123.43
"2016-03-16",123.519997
"2016-03-17",123.160004
"2016-03-18",124.080002
"2016-03-21",123.809998
"2016-03-22",123.82
"2016-03-23",124.190002
"2016-03-24",123.290001
"2016-03-28",123.169998
"2016-03-29",123.970001
"2016-03-30",125.830002
"2016-03-31",125.68
"2016-04-01",127.019997
"2016-04-04",127.57
"2016-04-05",127.379997
"2016-04-06",127.519997
"2016-04-07",128.139999
"2016-04-08",127.959999
"2016-04-11",127.559998
"2016-04-12",127.610001
"2016-04-13",126.889999
"2016-04-14",127.510002
"2016-04-15",127.779999
"2016-04-18",128.850006
"2016-04-19",128.860001
"2016-04-20",128.550003
"2016-04-21",125.790001
"2016-04-22",125.5
"2016-04-25",127.459999
"2016-04-26",127.709999
"2016-04-27",128.300003
"2016-04-28",127.919998
"2016-04-29",126.489998
"2016-05-02",128.199997
"2016-05-03",128.399994
"2016-05-04",129.330002
"2016-05-05",129.279999
"2016-05-06",130.580002
"2016-05-09",130.830002
"2016-05-10",131.600006
"2016-05-11",129.139999
"2016-05-12",130.119995
"2016-05-13",128.830002
"2016-05-16",129.639999
"2016-05-17",127.690002
"2016-05-18",126.209999
"2016-05-19",125.290001
"2016-05-20",122.559998
"2016-05-23",122.809998
"2016-05-24",123.949997
"2016-05-25",123.260002
"2016-05-26",123.790001
"2016-05-27",123.25
"2016-05-31",122.059998
"2016-06-01",121.970001
"2016-06-02",121.169998
"2016-06-03",121.349998
"2016-06-06",122
"2016-06-07",121.900002
"2016-06-08",122.110001
"2016-06-09",122.790001
"2016-06-10",122.360001
"2016-06-13",122.989998
"2016-06-14",122.510002
"2016-06-15",122.25
"2016-06-16",122.470001
"2016-06-17",122.269997
"2016-06-20",123.419998
"2016-06-21",122.629997
"2016-06-22",120.620003
"2016-06-23",121.209999
"2016-06-24",119.440002
"2016-06-27",116.300003
"2016-06-28",118.5
"2016-06-29",119.489998
"2016-06-30",120.339996
"2016-07-01",120.400002
"2016-07-05",120.760002
"2016-07-06",120.629997
"2016-07-07",120.919998
"2016-07-08",121.309998
"2016-07-11",122
"2016-07-12",122.25
"2016-07-13",122.82
"2016-07-14",123.93
"2016-07-15",123.610001
"2016-07-18",123.800003
"2016-07-19",126.5
"2016-07-20",126.059998
"2016-07-21",127.18
"2016-07-22",128.259995
"2016-07-25",127.400002
"2016-07-26",121.709999
"2016-07-27",119.480003
"2016-07-28",119.419998
"2016-07-29",117.650002
"2016-08-01",118.010002
"2016-08-02",117.699997
"2016-08-03",117.519997
"2016-08-04",118.300003
"2016-08-05",119.209999
"2016-08-08",118.290001
"2016-08-09",118.309998
"2016-08-10",118.800003
"2016-08-11",119.379997
"2016-08-12",119.519997
"2016-08-15",118.519997
"2016-08-16",117.940002
"2016-08-17",117.099998
"2016-08-18",117.129997
"2016-08-19",115.010002
"2016-08-22",115.419998
"2016-08-23",115.190002
"2016-08-24",114.870003
"2016-08-25",115.43
"2016-08-26",114.440002
"2016-08-29",115.410004
"2016-08-30",115.360001
"2016-08-31",115.660004
"2016-09-01",115.400002
"2016-09-02",115.830002
"2016-09-06",117.25
"2016-09-07",116.919998
"2016-09-08",116.169998
"2016-09-09",114.580002
"2016-09-12",115.949997
"2016-09-13",114.730003
"2016-09-14",115.18
"2016-09-15",116.139999
"2016-09-16",115.279999
"2016-09-19",115.209999
"2016-09-20",116.449997
"2016-09-21",116.93
"2016-09-22",117.360001
"2016-09-23",117.169998
"2016-09-26",116.529999
"2016-09-27",116.879997
"2016-09-28",115.18
"2016-09-29",114.790001
"2016-09-30",115.360001
"2016-10-03",114.639999
"2016-10-04",113.5
"2016-10-05",113.410004
"2016-10-06",113.919998
"2016-10-07",113.449997
"2016-10-10",114.709999
"2016-10-11",113.68
"2016-10-12",114.709999
"2016-10-13",115.410004
"2016-10-14",114.089996
"2016-10-17",112.410004
"2016-10-18",111.25
"2016-10-19",111.260002
"2016-10-20",110.57
"2016-10-21",113.93
"2016-10-24",113.57
"2016-10-25",112.720001
"2016-10-26",112.110001
"2016-10-27",112.080002
"2016-10-28",112.099998
"2016-10-31",112.57
"2016-11-01",112.25
"2016-11-02",112.389999
"2016-11-03",111.720001
"2016-11-04",111.040001
"2016-11-07",112.82
"2016-11-08",114.110001
"2016-11-09",114.980003
"2016-11-10",114.510002
"2016-11-11",114.220001
"2016-11-14",117.860001
"2016-11-15",118.32
"2016-11-16",119.209999
"2016-11-17",119.449997
"2016-11-18",120
"2016-11-21",119.5
"2016-11-22",119.690002
"2016-11-23",120.139999
"2016-11-25",120.660004
"2016-11-28",121.82
"2016-11-29",120.68
"2016-11-30",119.269997
"2016-12-01",118.470001
"2016-12-02",118.239998
"2016-12-05",119.290001
"2016-12-06",119.25
"2016-12-07",119.919998
"2016-12-08",120.449997
"2016-12-09",121.260002
"2016-12-12",121.739998
"2016-12-13",122.68
"2016-12-14",122.839996
"2016-12-15",122.360001
"2016-12-16",123.239998
"2016-12-19",122.989998
"2016-12-20",123.330002
"2016-12-21",123.18
"2016-12-22",123.720001
"2016-12-23",123.139999
"2016-12-27",123.07
"2016-12-28",122.68
"2016-12-29",122.790001
"2016-12-30",121.720001
"2017-01-03",119.620003
"2017-01-04",119.480003
"2017-01-05",119.699997
"2017-01-06",120.760002
"2017-01-09",120.43
"2017-01-10",120.25
"2017-01-11",120.879997
"2017-01-12",122.099998
"2017-01-13",121.5
"2017-01-17",122.75
"2017-01-18",122.709999
"2017-01-19",122.18
"2017-01-20",122.260002
"2017-01-23",121.379997
"2017-01-24",121.050003
"2017-01-25",121.790001
"2017-01-26",121.879997
"2017-01-27",122.860001
"2017-01-30",123.019997
"2017-01-31",122.57
"2017-02-01",122.419998
"2017-02-02",123.220001
"2017-02-03",124.239998
"2017-02-06",124.449997
"2017-02-07",124.589996
"2017-02-08",124.669998
"2017-02-09",124.480003
"2017-02-10",125.82
"2017-02-13",125.540001
"2017-02-14",125.809998
"2017-02-15",126.480003
"2017-02-16",126.699997
"2017-02-17",127.800003
"2017-02-21",128.039993
"2017-02-22",127.849998
"2017-02-23",128.270004
"2017-02-24",128.649994
"2017-02-27",126.989998
"2017-02-28",127.650002
"2017-03-01",129.050003
"2017-03-02",128.229996
"2017-03-03",127.900002
"2017-03-06",128.029999
"2017-03-07",128.070007
"2017-03-08",128.089996
"2017-03-09",128.139999
"2017-03-10",127.980003
"2017-03-13",127.610001
"2017-03-14",127.800003
"2017-03-15",127.879997
"2017-03-16",127.980003
"2017-03-17",128.639999
"2017-03-20",128.779999
"2017-03-21",128.520004
"2017-03-22",129.100006
"2017-03-23",129
"2017-03-24",129.339996
"2017-03-27",129.490005
"2017-03-28",129.449997
"2017-03-29",128.839996
"2017-03-30",129.320007
"2017-03-31",129.610001
"2017-04-03",129.610001
"2017-04-04",129.289993
"2017-04-05",130.410004
"2017-04-06",130.149994
"2017-04-07",129.960007
"2017-04-10",129.979996
"2017-04-11",131.199997
"2017-04-12",131.259995
"2017-04-13",130.759995
"2017-04-17",131.350006
"2017-04-18",132.300003
"2017-04-19",132.639999
"2017-04-20",133.270004
"2017-04-21",133.410004
"2017-04-24",134.229996
"2017-04-25",141.699997
"2017-04-26",140.839996
"2017-04-27",140.869995
"2017-04-28",139.929993
"2017-05-01",141.149994
"2017-05-02",141.229996
"2017-05-03",142.619995
"2017-05-04",143.449997
"2017-05-05",143.960007
"2017-05-08",144.240005
"2017-05-09",144.360001
"2017-05-10",144.520004
"2017-05-11",144.210007
"2017-05-12",145.360001
"2017-05-15",146.279999
"2017-05-16",147.289993
"2017-05-17",146.410004
"2017-05-18",147.009995
"2017-05-19",148.149994
"2017-05-22",148.190002
"2017-05-23",147.820007
"2017-05-24",149.5
"2017-05-25",149.779999
"2017-05-26",149.860001
"2017-05-30",149.929993
"2017-05-31",150.889999
"2017-06-01",152.389999
"2017-06-02",153.740005
"2017-06-05",152.789993
"2017-06-06",151.229996
"2017-06-07",151.940002
"2017-06-08",151.429993
"2017-06-09",151.479996
"2017-06-12",148.470001
"2017-06-13",149.820007
"2017-06-14",150.679993
"2017-06-15",151.169998
"2017-06-16",151.990005
"2017-06-19",153.139999
"2017-06-20",154.070007
"2017-06-21",153.729996
"2017-06-22",154.800003
"2017-06-23",154.639999
"2017-06-26",153.960007
"2017-06-27",153.720001
"2017-06-28",154.300003
"2017-06-29",153.130005
"2017-06-30",153.160004
"2017-07-03",152.5
"2017-07-05",153.070007
"2017-07-06",153.089996
"2017-07-07",156.270004
"2017-07-10",155.520004
"2017-07-11",154.910004
"2017-07-12",156.580002
"2017-07-13",155.039993
"2017-07-14",155.279999
"2017-07-17",155.259995
"2017-07-18",153.960007
"2017-07-19",153.889999
"2017-07-20",154.210007
"2017-07-21",153.919998
"2017-07-24",151.850006
"2017-07-25",159.070007
"2017-07-26",156.509995
"2017-07-27",156.949997
"2017-07-28",155.850006
"2017-07-31",155.139999
"2017-08-01",154.039993
"2017-08-02",156.589996
"2017-08-03",154.720001
"2017-08-04",153.820007
"2017-08-07",154.970001
"2017-08-08",154.919998
"2017-08-09",154.919998
"2017-08-10",156.619995
"2017-08-11",157.300003
"2017-08-14",157.259995
"2017-08-15",157.619995
"2017-08-16",158.899994
"2017-08-17",157.889999
"2017-08-18",157.759995
"2017-08-21",158.360001
"2017-08-22",159.639999
"2017-08-23",158.809998
"2017-08-24",158.410004
"2017-08-25",158.820007
"2017-08-28",159.669998
"2017-08-29",159.380005
"2017-08-30",159.529999
"2017-08-31",159.970001
"2017-09-01",159.809998
"2017-09-05",159.100006
"2017-09-06",158.220001
"2017-09-07",159.899994
"2017-09-08",159.710007
"2017-09-11",161.529999
"2017-09-12",156.330002
"2017-09-13",157
"2017-09-14",157
"2017-09-15",156.919998
"2017-09-18",156.679993
"2017-09-19",157.429993
"2017-09-20",159.880005
"2017-09-21",159.029999
"2017-09-22",158.910004
"2017-09-25",156.259995
"2017-09-26",153.350006
"2017-09-27",154.050003
"2017-09-28",157.490005
"2017-09-29",156.679993
"2017-10-02",156.960007
"2017-10-03",156.860001
"2017-10-04",157.210007
"2017-10-05",158.800003
"2017-10-06",159.600006
"2017-10-09",160.119995
"2017-10-10",160.580002
"2017-10-11",163.149994
"2017-10-12",163.910004
"2017-10-13",165.369995
"2017-10-16",165.009995
"2017-10-17",165.399994
"2017-10-18",165.770004
"2017-10-19",166.5
"2017-10-20",166.300003
"2017-10-23",163.339996
"2017-10-24",163.880005
"2017-10-25",163.580002
"2017-10-26",164.009995
"2017-10-27",165.389999
"2017-10-30",166.229996
"2017-10-31",166.910004
"2017-11-01",166.369995
"2017-11-02",168.100006
"2017-11-03",168.649994
"2017-11-06",170.070007
"2017-11-07",170.770004
"2017-11-08",170.100006
"2017-11-09",167
"2017-11-10",165.589996
"2017-11-13",167.369995
"2017-11-14",168.110001
"2017-11-15",167.320007
"2017-11-16",168.089996
"2017-11-17",166.720001
"2017-11-20",166.929993
"2017-11-21",168.300003
"2017-11-22",169.050003
"2017-11-24",169.110001
"2017-11-27",168.960007
"2017-11-28",171.339996
"2017-11-29",170.429993
"2017-11-30",171.970001
"2017-12-01",172.869995
"2017-12-04",170.649994
"2017-12-05",172.990005
"2017-12-06",173.479996
"2017-12-07",172.910004
"2017-12-08",173.149994
"2017-12-11",173.25
"2017-12-12",172.229996
"2017-12-13",173.550003
"2017-12-14",173.139999
"2017-12-15",174.059998
"2017-12-18",174.199997
"2017-12-19",173.389999
"2017-12-20",172.169998
"2017-12-21",171.850006
"2017-12-22",171.419998
"2017-12-26",171.289993
"2017-12-27",172.669998
"2017-12-28",173.100006
"2017-12-29",172.119995
"2018-01-02",173.220001
"2018-01-03",172.490005
"2018-01-04",173.699997
"2018-01-05",174.050003
"2018-01-08",173.929993
"2018-01-09",173.539993
"2018-01-10",173.509995
"2018-01-11",173.389999
"2018-01-12",173.570007
"2018-01-16",173.679993
"2018-01-17",174.979996
"2018-01-18",174.570007
"2018-01-19",176.119995
"2018-01-22",176.210007
"2018-01-23",176.809998
"2018-01-24",176.119995
"2018-01-25",175.660004
"2018-01-26",178.360001
"2018-01-29",177.770004
"2018-01-30",172.479996
"2018-01-31",171.139999
"2018-02-01",171.899994
"2018-02-02",169.380005
"2018-02-05",163.850006
"2018-02-06",165.179993
"2018-02-07",165.710007
"2018-02-08",158.970001
"2018-02-09",160.800003
"2018-02-12",163.899994
"2018-02-13",162.399994
"2018-02-14",159.990005
"2018-02-15",160.779999
"2018-02-16",157.789993
"2018-02-20",157.160004
"2018-02-21",158.639999
"2018-02-22",160.660004
"2018-02-23",163.059998
"2018-02-26",163.580002
"2018-02-27",160.660004
"2018-02-28",157.740005
"2018-03-01",155.699997
"2018-03-02",148.270004
"2018-03-05",151.029999
"2018-03-06",151.199997
"2018-03-07",152.380005
"2018-03-08",154.440002
"2018-03-09",157.240005
"2018-03-12",157.740005
"2018-03-13",158.220001
"2018-03-14",158.240005
"2018-03-15",161.610001
"2018-03-16",162.360001
"2018-03-19",159.009995
"2018-03-20",159.380005
"2018-03-21",158.660004
"2018-03-22",157.039993
"2018-03-23",154.979996
"2018-03-26",158.009995
"2018-03-27",157.479996
"2018-03-28",158.410004
"2018-03-29",156.380005
"2018-04-02",157.720001
"2018-04-03",160.399994
"2018-04-04",161.729996
"2018-04-05",163.949997
"2018-04-06",161.25
"2018-04-09",161.229996
"2018-04-10",162.770004
"2018-04-11",163.339996
"2018-04-12",161.619995
"2018-04-13",161.729996
"2018-04-16",161.630005
"2018-04-17",162.550003
"2018-04-18",161.809998
"2018-04-19",159.529999
"2018-04-20",158.770004
"2018-04-23",158.990005
"2018-04-24",157.320007
"2018-04-25",155.940002
"2018-04-26",158.899994
"2018-04-27",158.300003
"2018-04-30",167.440002
"2018-05-01",163.440002
"2018-05-02",160.679993
"2018-05-03",160.080002
"2018-05-04",165.029999
"2018-05-07",165
"2018-05-08",164.770004
"2018-05-09",164.240005
"2018-05-10",165.070007
"2018-05-11",165.389999
"2018-05-14",164.720001
"2018-05-15",163.059998
"2018-05-16",162.869995
"2018-05-17",161.309998
"2018-05-18",160.979996
"2018-05-21",161.479996
"2018-05-22",159.449997
"2018-05-23",161.619995
"2018-05-24",162.389999
"2018-05-25",163.210007
"2018-05-29",160.619995
"2018-05-30",161.820007
"2018-05-31",160.009995
"2018-06-01",159.160004
"2018-06-04",160.220001
"2018-06-05",159.479996
"2018-06-06",162.380005
"2018-06-07",169.479996
"2018-06-08",168.910004
"2018-06-11",166.490005
"2018-06-12",166.729996
"2018-06-13",166.580002
"2018-06-14",167.050003
"2018-06-15",166.460007
"2018-06-18",166.279999
"2018-06-19",164.970001
"2018-06-20",162.559998
"2018-06-21",160.529999
"2018-06-22",164.550003
"2018-06-25",159.809998
"2018-06-26",160.910004
"2018-06-27",157.419998
"2018-06-28",156.320007
"2018-06-29",156.690002
"2018-07-02",156.869995
"2018-07-03",156.479996
"2018-07-05",157.320007
"2018-07-06",159.419998
"2018-07-09",159.940002
"2018-07-10",160.619995
"2018-07-11",158.619995
"2018-07-12",159.119995
"2018-07-13",158.509995
"2018-07-16",158.779999
"2018-07-17",159.75
"2018-07-18",157.929993
"2018-07-19",157.410004
"2018-07-20",157.970001
"2018-07-23",158.75
"2018-07-24",157.940002
"2018-07-25",158.889999
"2018-07-26",156.139999
"2018-07-27",157.479996
"2018-07-30",158.639999
"2018-07-31",157.539993
"2018-08-01",156.919998
"2018-08-02",155.410004
"2018-08-03",156.210007
"2018-08-06",156.720001
"2018-08-07",156.039993
"2018-08-08",158.919998
"2018-08-09",159.300003
"2018-08-10",158.679993
"2018-08-13",158.139999
"2018-08-14",160.600006
"2018-08-15",159.880005
"2018-08-16",161.729996
"2018-08-17",161.149994
"2018-08-20",161.679993
"2018-08-21",161.039993
"2018-08-22",160.550003
"2018-08-23",159.050003
"2018-08-24",159.380005
"2018-08-27",160.479996
"2018-08-28",161.639999
"2018-08-29",163.110001
"2018-08-30",162.800003
"2018-08-31",162.229996
"2018-09-04",161.720001
"2018-09-05",163.240005
"2018-09-06",163.740005
"2018-09-07",163.899994
"2018-09-10",165.070007
"2018-09-11",164.619995
"2018-09-12",164.740005
"2018-09-13",162.399994
"2018-09-14",160.839996
"2018-09-17",158.139999
"2018-09-18",157.770004
"2018-09-19",159.179993
"2018-09-20",160.789993
"2018-09-21",165.300003
"2018-09-24",163.309998
"2018-09-25",166.410004
"2018-09-26",165.759995
"2018-09-27",166.529999
"2018-09-28",167.289993
"2018-10-01",166.669998
"2018-10-02",165.179993
"2018-10-03",164.660004
"2018-10-04",165.800003
"2018-10-05",166.570007
"2018-10-08",167.770004
"2018-10-09",169.830002
"2018-10-10",168.369995
"2018-10-11",162.970001
"2018-10-12",163.820007
"2018-10-15",163.669998
"2018-10-16",164.070007
"2018-10-17",166.770004
"2018-10-18",166.809998
"2018-10-19",167.490005
"2018-10-22",166.630005
"2018-10-23",177.149994
"2018-10-24",177.350006
"2018-10-25",175.309998
"2018-10-26",173.339996
"2018-10-29",173.229996
"2018-10-30",178.490005
"2018-10-31",176.899994
"2018-11-01",174.880005
"2018-11-02",176.75
"2018-11-05",180.389999
"2018-11-06",182.710007
"2018-11-07",184.25
"2018-11-08",185.479996
"2018-11-09",185.940002
"2018-11-12",184.369995
"2018-11-13",184.009995
"2018-11-14",183.850006
"2018-11-15",183.559998
"2018-11-16",187.589996
"2018-11-19",186.720001
"2018-11-20",183.710007
"2018-11-21",182.720001
"2018-11-23",181.929993
"2018-11-26",183.889999
"2018-11-27",184.630005
"2018-11-28",187.850006
"2018-11-29",189.259995
"2018-11-30",188.509995
"2018-12-03",185.369995
"2018-12-04",185.039993
"2018-12-06",185.449997
"2018-12-07",182.960007
"2018-12-10",184.649994
"2018-12-11",183.589996
"2018-12-12",183.479996
"2018-12-13",186.429993
"2018-12-14",183.289993
"2018-12-17",180.789993
"2018-12-18",179.710007
"2018-12-19",179.160004
"2018-12-20",173.679993
"2018-12-21",174.149994
"2018-12-24",170.279999
"2018-12-26",174.029999
"2018-12-27",175.710007
"2018-12-28",175.559998
"2018-12-31",177.570007
"2019-01-02",176.059998
"2019-01-03",174.899994
"2019-01-04",178.279999
"2019-01-07",180.220001
"2019-01-08",180.600006
"2019-01-09",180.289993
"2019-01-10",181.550003
"2019-01-11",182.369995
"2019-01-14",181.220001
"2019-01-15",181.020004
"2019-01-16",179.350006
"2019-01-17",181.110001
"2019-01-18",182.570007
"2019-01-22",184.570007
"2019-01-23",186.089996
"2019-01-24",187.369995
"2019-01-25",184
"2019-01-28",183.600006
"2019-01-29",182.169998
"2019-01-30",181.770004
"2019-01-31",178.779999
"2019-02-01",176.720001
"2019-02-04",177.550003
"2019-02-05",177.570007
"2019-02-06",176.179993
"2019-02-07",175.279999
"2019-02-08",174.75
"2019-02-11",174.259995
"2019-02-12",173.970001
"2019-02-13",174.149994
"2019-02-14",175.869995
"2019-02-15",179.970001
"2019-02-19",179.25
"2019-02-20",180.490005
"2019-02-21",182.809998
"2019-02-22",183.169998
"2019-02-25",182.610001
"2019-02-26",183.210007
"2019-02-27",183.360001
"2019-02-28",183.839996
"2019-03-01",185.050003
"2019-03-04",180.589996
"2019-03-05",181.350006
"2019-03-06",182.029999
"2019-03-07",180.520004
"2019-03-08",179.5
"2019-03-11",181.080002
"2019-03-12",181.830002
"2019-03-13",182.059998
"2019-03-14",182.740005
"2019-03-15",185.330002
"2019-03-18",183.949997
"2019-03-19",183.110001
"2019-03-20",184.970001
"2019-03-21",186.369995
"2019-03-22",186.809998
"2019-03-25",185.720001
"2019-03-26",187.479996
"2019-03-27",187.509995
"2019-03-28",189.389999
"2019-03-29",189.899994
"2019-04-01",188.389999
"2019-04-02",188.350006
"2019-04-03",188.350006
"2019-04-04",189.869995
"2019-04-05",190.710007
"2019-04-08",189.850006
"2019-04-09",190.080002
"2019-04-10",189.220001
"2019-04-11",188.880005
"2019-04-12",191.600006
"2019-04-15",191.850006
"2019-04-16",191.699997
"2019-04-17",191.610001
"2019-04-18",194.910004
"2019-04-22",193.919998
"2019-04-23",195.259995
"2019-04-24",197.630005
"2019-04-25",197.929993
"2019-04-26",197.419998
"2019-04-29",197.119995
"2019-04-30",197.570007
"2019-05-01",194.169998
"2019-05-02",194.610001
"2019-05-03",197.520004
"2019-05-06",198.899994
"2019-05-07",198.039993
"2019-05-08",198.029999
"2019-05-09",197.729996
"2019-05-10",199.990005
"2019-05-13",199.029999
"2019-05-14",198.009995
"2019-05-15",199.070007
"2019-05-16",199.990005
"2019-05-17",199.220001
"2019-05-20",198.990005
"2019-05-21",199.839996
"2019-05-22",199.960007
"2019-05-23",198.970001
"2019-05-24",197.770004
"2019-05-28",196.669998
"2019-05-29",196.020004
"2019-05-30",199.240005
"2019-05-31",198.270004
"2019-06-03",198.779999
"2019-06-04",199.630005
"2019-06-05",200.130005
"2019-06-06",203.050003
"2019-06-07",205.479996
"2019-06-10",201.300003
"2019-06-11",203.259995
"2019-06-12",204.929993
"2019-06-13",204.490005
"2019-06-14",205.289993
"2019-06-17",203.809998
"2019-06-18",204.509995
"2019-06-19",204.550003
"2019-06-20",205.119995
"2019-06-21",204.259995
"2019-06-24",203.919998
"2019-06-25",205.710007
"2019-06-26",204.550003
"2019-06-27",206.270004
"2019-06-28",207.660004
"2019-07-01",206.300003
"2019-07-02",209.580002
"2019-07-03",212.809998
"2019-07-05",211.240005
"2019-07-08",212.160004
"2019-07-09",212.089996
"2019-07-10",213
"2019-07-11",212.690002
"2019-07-12",212.990005
"2019-07-15",214.210007
"2019-07-16",213.720001
"2019-07-17",213.710007
"2019-07-18",215.910004
"2019-07-19",213.869995
"2019-07-22",215
"2019-07-23",214.309998
"2019-07-24",212.779999
"2019-07-25",214.440002
"2019-07-26",215.580002
"2019-07-29",214.979996
"2019-07-30",212.339996
"2019-07-31",210.720001
"2019-08-01",211.25
"2019-08-02",214.479996
"2019-08-05",210.449997
"2019-08-06",214.080002
"2019-08-07",216.830002
"2019-08-08",218.009995
"2019-08-09",221.149994
"2019-08-12",217.160004
"2019-08-13",219.729996
"2019-08-14",216.479996
"2019-08-15",218.270004
"2019-08-16",218.470001
"2019-08-19",218.779999
"2019-08-20",218.470001
"2019-08-21",220.710007
"2019-08-22",219.490005
"2019-08-23",214.660004
"2019-08-26",216.910004
"2019-08-27",216.050003
"2019-08-28",218.070007
"2019-08-29",220.539993
"2019-08-30",217.970001
"2019-09-03",217.130005
"2019-09-04",218.5
"2019-09-05",219.490005
"2019-09-06",220.029999
"2019-09-09",217.259995
"2019-09-10",209.679993
"2019-09-11",210.199997
"2019-09-12",212.149994
"2019-09-13",209.809998
"2019-09-16",207.399994
"2019-09-17",209.850006
"2019-09-18",210.429993
"2019-09-19",210.520004
"2019-09-20",209.389999
"2019-09-23",211.539993
"2019-09-24",212.020004
"2019-09-25",212.630005
"2019-09-26",212.600006
"2019-09-27",213.160004
"2019-09-30",214.710007
"2019-10-01",209.020004
"2019-10-02",206.270004
"2019-10-03",210.029999
"2019-10-04",211.690002
"2019-10-07",211.919998
"2019-10-08",211.110001
"2019-10-09",212.830002
"2019-10-10",211.759995
"2019-10-11",209.020004
"2019-10-14",208.380005
"2019-10-15",207.220001
"2019-10-16",208.300003
"2019-10-17",206.850006
"2019-10-18",208.5
"2019-10-21",209.850006
"2019-10-22",199.270004
"2019-10-23",199.210007
"2019-10-24",196.020004
"2019-10-25",194.610001
"2019-10-28",191.779999
"2019-10-29",192.619995
"2019-10-30",196.889999
"2019-10-31",196.699997
"2019-11-01",193.940002
"2019-11-04",188.660004
"2019-11-05",192.179993
"2019-11-06",194.179993
"2019-11-07",193.080002
"2019-11-08",193.610001
"2019-11-11",192.639999
"2019-11-12",193.279999
"2019-11-13",195
"2019-11-14",194
"2019-11-15",193.970001
"2019-11-18",194.279999
"2019-11-19",193.440002
"2019-11-20",194.130005
"2019-11-21",192.350006
"2019-11-22",193.139999
"2019-11-25",191.889999
"2019-11-26",194.009995
"2019-11-27",196.300003
"2019-11-29",194.479996
"2019-12-02",195.179993
"2019-12-03",193.119995
"2019-12-04",194.309998
"2019-12-05",194.210007
"2019-12-06",195.350006
"2019-12-09",194.679993
"2019-12-10",194.949997
"2019-12-11",194.720001
"2019-12-12",196.309998
"2019-12-13",197.119995
"2019-12-16",197.880005
"2019-12-17",196.520004
"2019-12-18",195.630005
"2019-12-19",197.059998
"2019-12-20",197.139999
"2019-12-23",196.199997
"2019-12-24",196.669998
"2019-12-26",197.059998
"2019-12-27",198.169998
"2019-12-30",196.910004
"2019-12-31",197.610001
"2020-01-02",200.789993
"2020-01-03",200.080002
"2020-01-06",202.330002
"2020-01-07",202.630005
"2020-01-08",205.910004
"2020-01-09",208.350006
"2020-01-10",207.270004
"2020-01-13",206.509995
"2020-01-14",207.320007
"2020-01-15",209.770004
"2020-01-16",210.850006
"2020-01-17",211.979996
"2020-01-21",211.160004
"2020-01-22",211.440002
"2020-01-23",213.419998
"2020-01-24",211.240005
"2020-01-27",209.339996
"2020-01-28",210.389999
"2020-01-29",214.440002
"2020-01-30",216.179993
"2020-01-31",213.970001
"2020-02-03",215.179993
"2020-02-04",214.619995
"2020-02-05",214.369995
"2020-02-06",212.869995
"2020-02-07",211.610001
"2020-02-10",213.210007
"2020-02-11",215.729996
"2020-02-12",217.460007
"2020-02-13",217.419998
"2020-02-14",217.089996
"2020-02-18",216.149994
"2020-02-19",215.630005
"2020-02-20",215.080002
"2020-02-21",215.869995
"2020-02-24",213.520004
"2020-02-25",212.100006
"2020-02-26",210.100006
"2020-02-27",201
"2020-02-28",194.169998
"2020-03-02",202.550003
"2020-03-03",199.509995
"2020-03-04",207.020004
"2020-03-05",198.320007
"2020-03-06",198.860001
"2020-03-09",186.860001
"2020-03-10",199.860001
"2020-03-11",188.25
"2020-03-12",170.130005
"2020-03-13",177.130005
"2020-03-16",149.009995
"2020-03-17",147.619995
"2020-03-18",137.300003
"2020-03-19",149.5
"2020-03-20",148.490005
"2020-03-23",137.100006
"2020-03-24",161.949997
"2020-03-25",162.979996
"2020-03-26",167.350006
"2020-03-27",164.009995
"2020-03-30",168.130005
"2020-03-31",165.350006
"2020-04-01",158.169998
"2020-04-02",161.5
"2020-04-03",160.330002
"2020-04-06",177.039993
"2020-04-07",175.589996
"2020-04-08",177.490005
"2020-04-09",183.699997
"2020-04-13",180.119995
"2020-04-14",183.990005
"2020-04-15",177.839996
"2020-04-16",179.5
"2020-04-17",186.100006
"2020-04-20",181.649994
"2020-04-21",177.580002
"2020-04-22",186.479996
"2020-04-23",182.039993
"2020-04-24",184.020004
"2020-04-27",185.889999
"2020-04-28",185.929993
"2020-04-29",187.820007
"2020-04-30",187.559998
"2020-05-01",182.660004
"2020-05-04",181.869995
"2020-05-05",179.240005
"2020-05-06",176.970001
"2020-05-07",181.119995
"2020-05-08",181.229996
"2020-05-11",180.880005
"2020-05-12",176.539993
"2020-05-13",172.820007
"2020-05-14",175.410004
"2020-05-15",173.809998
"2020-05-18",179.830002
"2020-05-19",179.570007
"2020-05-20",184.100006
"2020-05-21",185.080002
"2020-05-22",184.410004
"2020-05-26",184.839996
"2020-05-27",187.720001
"2020-05-28",188.729996
"2020-05-29",186.320007
"2020-06-01",187.410004
"2020-06-02",187.589996
"2020-06-03",193.289993
"2020-06-04",193.240005
"2020-06-05",197.160004
"2020-06-08",202.649994
"2020-06-09",199.520004
"2020-06-10",195.800003
"2020-06-11",187.509995
"2020-06-12",189.169998
"2020-06-15",189.490005
"2020-06-16",190.320007
"2020-06-17",190.789993
"2020-06-18",189.490005
"2020-06-19",186.559998
"2020-06-22",187.460007
"2020-06-23",186.619995
"2020-06-24",184.289993
"2020-06-25",182.759995
"2020-06-26",179.740005
"2020-06-29",182.800003
"2020-06-30",184.470001
"2020-07-01",184.660004
"2020-07-02",183.520004
"2020-07-06",188.5
"2020-07-07",185.820007
"2020-07-08",185.850006
"2020-07-09",184.330002
"2020-07-10",184.880005
"2020-07-13",184.919998
"2020-07-14",190.720001
"2020-07-15",191.770004
"2020-07-16",190.919998
"2020-07-17",191.479996
"2020-07-20",191.610001
"2020-07-21",192.979996
"2020-07-22",198.619995
"2020-07-23",197.550003
"2020-07-24",198.720001
"2020-07-27",201.25
"2020-07-28",196.240005
"2020-07-29",196.210007
"2020-07-30",195.410004
"2020-07-31",194.279999
"2020-08-03",194.399994
"2020-08-04",199.360001
"2020-08-05",199.259995
"2020-08-06",203.179993
"2020-08-07",204.600006
"2020-08-10",204.119995
"2020-08-11",205
"2020-08-12",206.020004
"2020-08-13",206.490005
"2020-08-14",207.029999
"2020-08-17",208.669998
"2020-08-18",210.320007
"2020-08-19",209.509995
"2020-08-20",209.880005
"2020-08-21",211.570007
"2020-08-24",212.619995
"2020-08-25",212.649994
"2020-08-26",213.759995
"2020-08-27",212.190002
"2020-08-28",214.910004
"2020-08-31",213.520004
"2020-09-01",212.690002
"2020-09-02",216.229996
"2020-09-03",213.800003
"2020-09-04",211.729996
"2020-09-08",213.580002
"2020-09-09",215.710007
"2020-09-10",217.240005
"2020-09-11",218
"2020-09-14",220.559998
"2020-09-15",222.369995
"2020-09-16",224.809998
"2020-09-17",222.580002
"2020-09-18",220.270004
"2020-09-21",216.410004
"2020-09-22",216.410004
"2020-09-23",214.970001
"2020-09-24",216.119995
"2020-09-25",218.179993
"2020-09-28",220.259995
"2020-09-29",218.679993
"2020-09-30",219.490005
"2020-10-01",219.589996
"2020-10-02",222.669998
"2020-10-05",226.070007
"2020-10-06",224.089996
"2020-10-07",226.479996
"2020-10-08",225.800003
"2020-10-09",224.830002
"2020-10-12",226.110001
"2020-10-13",227.350006
"2020-10-14",227.619995
"2020-10-15",229.639999
"2020-10-16",229.369995
"2020-10-19",226
"2020-10-20",227.449997
"2020-10-21",228.190002
"2020-10-22",229.149994
"2020-10-23",228.710007
"2020-10-26",224.270004
"2020-10-27",222.970001
"2020-10-28",214.690002
"2020-10-29",214.949997
"2020-10-30",213
"2020-11-02",212.559998
"2020-11-03",216.800003
"2020-11-04",214.869995
"2020-11-05",216.309998
"2020-11-06",216.559998
"2020-11-09",213.220001
"2020-11-10",213.320007
"2020-11-11",218.020004
"2020-11-12",213.070007
"2020-11-13",213.279999
"2020-11-16",216.729996
"2020-11-17",216.009995
"2020-11-18",215.520004
"2020-11-19",215.110001
"2020-11-20",214.089996
"2020-11-23",217
"2020-11-24",219.710007
"2020-11-25",219.339996
"2020-11-27",218.330002
"2020-11-30",217.440002
"2020-12-01",216.139999
"2020-12-02",210.860001
"2020-12-03",211.509995
"2020-12-04",210.740005
"2020-12-07",208.889999
"2020-12-08",208.389999
"2020-12-09",208.690002
"2020-12-10",208.039993
"2020-12-11",207.759995
"2020-12-14",211.919998
"2020-12-15",214.860001
"2020-12-16",213.800003
"2020-12-17",214.25
"2020-12-18",215.080002
"2020-12-21",211.669998
"2020-12-22",211.919998
"2020-12-23",212.020004
"2020-12-24",211.389999
"2020-12-28",214.020004
"2020-12-29",212.710007
"2020-12-30",211.559998
"2020-12-31",214.580002
"2021-01-04",210.220001
"2021-01-05",211.479996
"2021-01-06",211
"2021-01-07",211.979996
"2021-01-08",215.869995
"2021-01-11",214.229996
"2021-01-12",211.600006
"2021-01-13",212.089996
"2021-01-14",208.5
"2021-01-15",209.910004
"2021-01-19",209.089996
"2021-01-20",213.630005
"2021-01-21",213.529999
"2021-01-22",213.380005
"2021-01-25",213.339996
"2021-01-26",215.380005
"2021-01-27",207
"2021-01-28",206.820007
"2021-01-29",207.839996
"2021-02-01",207.929993
"2021-02-02",209.759995
"2021-02-03",208.710007
"2021-02-04",211.029999
"2021-02-05",212.580002
"2021-02-08",211.580002
"2021-02-09",215.979996
"2021-02-10",214.399994
"2021-02-11",214.270004
"2021-02-12",213.899994
"2021-02-16",215.029999
"2021-02-17",213.449997
"2021-02-18",215.429993
"2021-02-19",212.240005
"2021-02-22",212.059998
"2021-02-23",211.320007
"2021-02-24",213.270004
"2021-02-25",210.949997
"2021-02-26",206.139999
"2021-03-01",208.25
"2021-03-02",208.669998
"2021-03-03",205.820007
"2021-03-04",204.839996
"2021-03-05",207.369995
"2021-03-08",209.110001
"2021-03-09",208.550003
"2021-03-10",213.309998
