"Index","MRK.Close"
"2010-01-04",37.009998
"2010-01-05",37.16
"2010-01-06",37.66
"2010-01-07",37.720001
"2010-01-08",37.700001
"2010-01-11",37.849998
"2010-01-12",37.549999
"2010-01-13",38.93
"2010-01-14",39.990002
"2010-01-15",39.470001
"2010-01-19",40.619999
"2010-01-20",41.029999
"2010-01-21",40.080002
"2010-01-22",38.869999
"2010-01-25",38.759998
"2010-01-26",38.580002
"2010-01-27",38.639999
"2010-01-28",37.970001
"2010-01-29",38.18
"2010-02-01",38.299999
"2010-02-02",39.540001
"2010-02-03",38.720001
"2010-02-04",37.099998
"2010-02-05",36.73
"2010-02-08",36.59
"2010-02-09",36.470001
"2010-02-10",36.200001
"2010-02-11",36.880001
"2010-02-12",36.919998
"2010-02-16",37.66
"2010-02-17",37.34
"2010-02-18",37.290001
"2010-02-19",37.490002
"2010-02-22",37.119999
"2010-02-23",36.509998
"2010-02-24",36.93
"2010-02-25",36.57
"2010-02-26",36.880001
"2010-03-01",37.27
"2010-03-02",37.389999
"2010-03-03",37.209999
"2010-03-04",37.139999
"2010-03-05",37.490002
"2010-03-08",37.349998
"2010-03-09",37.040001
"2010-03-10",36.669998
"2010-03-11",36.880001
"2010-03-12",37.16
"2010-03-15",37.75
"2010-03-16",37.939999
"2010-03-17",38.080002
"2010-03-18",38.450001
"2010-03-19",38.060001
"2010-03-22",38.299999
"2010-03-23",38.5
"2010-03-24",38.009998
"2010-03-25",37.779999
"2010-03-26",37.43
"2010-03-29",37.889999
"2010-03-30",37.66
"2010-03-31",37.349998
"2010-04-01",37.709999
"2010-04-05",37.389999
"2010-04-06",37.25
"2010-04-07",36.790001
"2010-04-08",36.779999
"2010-04-09",36.970001
"2010-04-12",36.849998
"2010-04-13",36.700001
"2010-04-14",36.209999
"2010-04-15",36.040001
"2010-04-16",35.709999
"2010-04-19",35.900002
"2010-04-20",36.060001
"2010-04-21",34.740002
"2010-04-22",33.77
"2010-04-23",35.459999
"2010-04-26",35
"2010-04-27",34.48
"2010-04-28",34.560001
"2010-04-29",35.25
"2010-04-30",35.040001
"2010-05-03",35.27
"2010-05-04",35.810001
"2010-05-05",35.59
"2010-05-06",34.27
"2010-05-07",33.490002
"2010-05-10",34.25
"2010-05-11",33.509998
"2010-05-12",33.639999
"2010-05-13",33.310001
"2010-05-14",32.880001
"2010-05-17",32.779999
"2010-05-18",32.349998
"2010-05-19",32.619999
"2010-05-20",31.82
"2010-05-21",32.040001
"2010-05-24",31.860001
"2010-05-25",32.060001
"2010-05-26",32.419998
"2010-05-27",33.619999
"2010-05-28",33.689999
"2010-06-01",33.529999
"2010-06-02",34.360001
"2010-06-03",34.290001
"2010-06-04",33.169998
"2010-06-07",33.310001
"2010-06-08",33.810001
"2010-06-09",33.709999
"2010-06-10",34.650002
"2010-06-11",34.860001
"2010-06-14",35.02
"2010-06-15",36.02
"2010-06-16",36.009998
"2010-06-17",35.860001
"2010-06-18",35.669998
"2010-06-21",35.119999
"2010-06-22",35.130001
"2010-06-23",35.419998
"2010-06-24",35.610001
"2010-06-25",35.93
"2010-06-28",35.939999
"2010-06-29",35.43
"2010-06-30",34.970001
"2010-07-01",34.439999
"2010-07-02",34.220001
"2010-07-06",34.650002
"2010-07-07",35.43
"2010-07-08",35.860001
"2010-07-09",36.299999
"2010-07-12",36.09
"2010-07-13",36.450001
"2010-07-14",36.200001
"2010-07-15",36.490002
"2010-07-16",35.91
"2010-07-19",35.799999
"2010-07-20",35.66
"2010-07-21",35.189999
"2010-07-22",35.18
"2010-07-23",34.869999
"2010-07-26",35.27
"2010-07-27",35.18
"2010-07-28",34.740002
"2010-07-29",35.060001
"2010-07-30",34.459999
"2010-08-02",35.07
"2010-08-03",34.82
"2010-08-04",35.189999
"2010-08-05",35.07
"2010-08-06",34.98
"2010-08-09",35.360001
"2010-08-10",35.77
"2010-08-11",34.889999
"2010-08-12",35.040001
"2010-08-13",35
"2010-08-16",34.970001
"2010-08-17",35.540001
"2010-08-18",35.369999
"2010-08-19",34.709999
"2010-08-20",34.439999
"2010-08-23",34.970001
"2010-08-24",34.439999
"2010-08-25",34.540001
"2010-08-26",34.48
"2010-08-27",35
"2010-08-30",34.73
"2010-08-31",35.16
"2010-09-01",35.619999
"2010-09-02",35.349998
"2010-09-03",35.59
"2010-09-07",35.459999
"2010-09-08",35.810001
"2010-09-09",36.080002
"2010-09-10",36.650002
"2010-09-13",36.220001
"2010-09-14",36.52
"2010-09-15",36.509998
"2010-09-16",36.43
"2010-09-17",36.330002
"2010-09-20",36.540001
"2010-09-21",36.720001
"2010-09-22",36.959999
"2010-09-23",36.66
"2010-09-24",37.34
"2010-09-27",37.130001
"2010-09-28",37.25
"2010-09-29",37.119999
"2010-09-30",36.810001
"2010-10-01",36.599998
"2010-10-04",36.52
"2010-10-05",37.02
"2010-10-06",37.009998
"2010-10-07",36.709999
"2010-10-08",36.91
"2010-10-11",36.860001
"2010-10-12",36.639999
"2010-10-13",37.16
"2010-10-14",37.150002
"2010-10-15",36.950001
"2010-10-18",37.23
"2010-10-19",36.52
"2010-10-20",36.990002
"2010-10-21",37.099998
"2010-10-22",37.099998
"2010-10-25",37.419998
"2010-10-26",37.07
"2010-10-27",36.459999
"2010-10-28",36.939999
"2010-10-29",36.310001
"2010-11-01",36.25
"2010-11-02",36.610001
"2010-11-03",36.509998
"2010-11-04",36.650002
"2010-11-05",35.700001
"2010-11-08",35.619999
"2010-11-09",35.049999
"2010-11-10",34.959999
"2010-11-11",35.209999
"2010-11-12",34.709999
"2010-11-15",34.540001
"2010-11-16",34.099998
"2010-11-17",34.470001
"2010-11-18",35.290001
"2010-11-19",35.330002
"2010-11-22",35.59
"2010-11-23",34.810001
"2010-11-24",35.150002
"2010-11-26",34.790001
"2010-11-29",34.689999
"2010-11-30",34.470001
"2010-12-01",35.060001
"2010-12-02",35.220001
"2010-12-03",35.299999
"2010-12-06",35.25
"2010-12-07",35.369999
"2010-12-08",35.400002
"2010-12-09",35.669998
"2010-12-10",35.990002
"2010-12-13",36.099998
"2010-12-14",36.549999
"2010-12-15",36.66
"2010-12-16",36.84
"2010-12-17",36.48
"2010-12-20",36.5
"2010-12-21",36.18
"2010-12-22",36.220001
"2010-12-23",36.290001
"2010-12-27",36.23
"2010-12-28",36.200001
"2010-12-29",36.209999
"2010-12-30",36.009998
"2010-12-31",36.040001
"2011-01-03",36.040001
"2011-01-04",36.349998
"2011-01-05",36.560001
"2011-01-06",37.060001
"2011-01-07",37.349998
"2011-01-10",37.200001
"2011-01-11",36.950001
"2011-01-12",37.150002
"2011-01-13",34.689999
"2011-01-14",34.23
"2011-01-18",33.869999
"2011-01-19",33.91
"2011-01-20",34.049999
"2011-01-21",33.900002
"2011-01-24",33.799999
"2011-01-25",33.360001
"2011-01-26",33.200001
"2011-01-27",33.25
"2011-01-28",33.07
"2011-01-31",33.169998
"2011-02-01",34
"2011-02-02",33.82
"2011-02-03",32.900002
"2011-02-04",32.889999
"2011-02-07",33
"2011-02-08",33.27
"2011-02-09",33.09
"2011-02-10",33.040001
"2011-02-11",33.07
"2011-02-14",32.82
"2011-02-15",32.790001
"2011-02-16",32.959999
"2011-02-17",33.099998
"2011-02-18",32.849998
"2011-02-22",32.34
"2011-02-23",32.09
"2011-02-24",32.029999
"2011-02-25",32.189999
"2011-02-28",32.57
"2011-03-01",32.459999
"2011-03-02",32.580002
"2011-03-03",33.099998
"2011-03-04",33.060001
"2011-03-07",32.830002
"2011-03-08",32.98
"2011-03-09",33.290001
"2011-03-10",32.900002
"2011-03-11",32.73
"2011-03-14",32.380001
"2011-03-15",31.860001
"2011-03-16",31.08
"2011-03-17",31.440001
"2011-03-18",31.91
"2011-03-21",32.389999
"2011-03-22",32.529999
"2011-03-23",32.630001
"2011-03-24",32.720001
"2011-03-25",32.57
"2011-03-28",32.450001
"2011-03-29",32.779999
"2011-03-30",33.299999
"2011-03-31",33.009998
"2011-04-01",33.07
"2011-04-04",33.27
"2011-04-05",33.16
"2011-04-06",33.349998
"2011-04-07",33.330002
"2011-04-08",33.669998
"2011-04-11",33.59
"2011-04-12",33.560001
"2011-04-13",33.470001
"2011-04-14",33.860001
"2011-04-15",34.509998
"2011-04-18",33.93
"2011-04-19",33.75
"2011-04-20",34.040001
"2011-04-21",34.040001
"2011-04-25",34.330002
"2011-04-26",35.060001
"2011-04-27",35.630001
"2011-04-28",35.77
"2011-04-29",35.950001
"2011-05-02",36.310001
"2011-05-03",36.41
"2011-05-04",36.560001
"2011-05-05",36.25
"2011-05-06",36.389999
"2011-05-09",36.48
"2011-05-10",36.77
"2011-05-11",36.630001
"2011-05-12",37.200001
"2011-05-13",37.080002
"2011-05-16",37.299999
"2011-05-17",37.27
"2011-05-18",37.580002
"2011-05-19",37.380001
"2011-05-20",37.060001
"2011-05-23",36.900002
"2011-05-24",36.869999
"2011-05-25",36.689999
"2011-05-26",36.380001
"2011-05-27",36.209999
"2011-05-31",36.75
"2011-06-01",36.25
"2011-06-02",36.150002
"2011-06-03",35.82
"2011-06-06",35.560001
"2011-06-07",35.57
"2011-06-08",35.790001
"2011-06-09",36
"2011-06-10",35.450001
"2011-06-13",35.330002
"2011-06-14",35.639999
"2011-06-15",35.169998
"2011-06-16",35.18
"2011-06-17",35.389999
"2011-06-20",35.790001
"2011-06-21",35.779999
"2011-06-22",35.470001
"2011-06-23",34.970001
"2011-06-24",34.549999
"2011-06-27",34.529999
"2011-06-28",34.91
"2011-06-29",35.099998
"2011-06-30",35.290001
"2011-07-01",35.599998
"2011-07-05",35.490002
"2011-07-06",35.529999
"2011-07-07",35.73
"2011-07-08",36.119999
"2011-07-11",35.68
"2011-07-12",35.630001
"2011-07-13",36.029999
"2011-07-14",36.310001
"2011-07-15",35.93
"2011-07-18",35.490002
"2011-07-19",35.790001
"2011-07-20",35.59
"2011-07-21",36.18
"2011-07-22",36.09
"2011-07-25",35.889999
"2011-07-26",35.790001
"2011-07-27",35.189999
"2011-07-28",34.93
"2011-07-29",34.130001
"2011-08-01",33.439999
"2011-08-02",32.900002
"2011-08-03",32.700001
"2011-08-04",31.51
"2011-08-05",31.709999
"2011-08-08",29.940001
"2011-08-09",31.219999
"2011-08-10",29.809999
"2011-08-11",31.200001
"2011-08-12",31.34
"2011-08-15",32.130001
"2011-08-16",32.099998
"2011-08-17",32.200001
"2011-08-18",31.059999
"2011-08-19",31.26
"2011-08-22",31.309999
"2011-08-23",31.940001
"2011-08-24",32.23
"2011-08-25",31.860001
"2011-08-26",31.92
"2011-08-29",32.459999
"2011-08-30",32.700001
"2011-08-31",33.099998
"2011-09-01",32.900002
"2011-09-02",32.369999
"2011-09-06",32.25
"2011-09-07",32.959999
"2011-09-08",32.779999
"2011-09-09",31.84
"2011-09-12",32
"2011-09-13",31.74
"2011-09-14",32.119999
"2011-09-15",32.490002
"2011-09-16",32.68
"2011-09-19",32.25
"2011-09-20",32.5
"2011-09-21",31.85
"2011-09-22",31.129999
"2011-09-23",31.049999
"2011-09-26",31.610001
"2011-09-27",32.139999
"2011-09-28",31.940001
"2011-09-29",32.66
"2011-09-30",32.700001
"2011-10-03",31.57
"2011-10-04",31.35
"2011-10-05",31.459999
"2011-10-06",31.42
"2011-10-07",31.610001
"2011-10-10",32.349998
"2011-10-11",31.93
"2011-10-12",32.57
"2011-10-13",32.700001
"2011-10-14",32.98
"2011-10-17",32.310001
"2011-10-18",32.790001
"2011-10-19",32.540001
"2011-10-20",32.799999
"2011-10-21",33.349998
"2011-10-24",33.529999
"2011-10-25",32.91
"2011-10-26",33.540001
"2011-10-27",34.310001
"2011-10-28",35.110001
"2011-10-31",34.5
"2011-11-01",34.060001
"2011-11-02",34.189999
"2011-11-03",34.529999
"2011-11-04",34.02
"2011-11-07",34.32
"2011-11-08",34.470001
"2011-11-09",33.790001
"2011-11-10",34.970001
"2011-11-11",35.970001
"2011-11-14",35.669998
"2011-11-15",35.73
"2011-11-16",35.09
"2011-11-17",34.84
"2011-11-18",34.950001
"2011-11-21",34.139999
"2011-11-22",33.810001
"2011-11-23",33.189999
"2011-11-25",33.16
"2011-11-28",34.259998
"2011-11-29",34.48
"2011-11-30",35.75
"2011-12-01",35.68
"2011-12-02",35.48
"2011-12-05",35.259998
"2011-12-06",35.400002
"2011-12-07",35.610001
"2011-12-08",35.189999
"2011-12-09",35.68
"2011-12-12",35.41
"2011-12-13",34.990002
"2011-12-14",35.560001
"2011-12-15",36.360001
"2011-12-16",36.25
"2011-12-19",36.470001
"2011-12-20",37.07
"2011-12-21",37.330002
"2011-12-22",37.560001
"2011-12-23",37.900002
"2011-12-27",37.75
"2011-12-28",37.43
"2011-12-29",37.73
"2011-12-30",37.700001
"2012-01-03",38.299999
"2012-01-04",38.34
"2012-01-05",38.740002
"2012-01-06",38.470001
"2012-01-09",38.389999
"2012-01-10",38.52
"2012-01-11",38.41
"2012-01-12",38.610001
"2012-01-13",38.32
"2012-01-17",38.82
"2012-01-18",38.869999
"2012-01-19",39.259998
"2012-01-20",39.200001
"2012-01-23",38.77
"2012-01-24",38.779999
"2012-01-25",38.68
"2012-01-26",38.779999
"2012-01-27",38.52
"2012-01-30",38.889999
"2012-01-31",38.27
"2012-02-01",38.630001
"2012-02-02",38.439999
"2012-02-03",38.369999
"2012-02-06",38.400002
"2012-02-07",38.630001
"2012-02-08",38.419998
"2012-02-09",38.150002
"2012-02-10",37.91
"2012-02-13",38.110001
"2012-02-14",38.209999
"2012-02-15",38.02
"2012-02-16",38.139999
"2012-02-17",38.560001
"2012-02-21",38.130001
"2012-02-22",38.220001
"2012-02-23",38.509998
"2012-02-24",38.200001
"2012-02-27",38.150002
"2012-02-28",38.380001
"2012-02-29",38.169998
"2012-03-01",37.790001
"2012-03-02",37.93
"2012-03-05",38.450001
"2012-03-06",37.439999
"2012-03-07",37.310001
"2012-03-08",37.400002
"2012-03-09",37.599998
"2012-03-12",38.099998
"2012-03-13",38.279999
"2012-03-14",38.220001
"2012-03-15",38.060001
"2012-03-16",38.029999
"2012-03-19",37.889999
"2012-03-20",37.759998
"2012-03-21",37.700001
"2012-03-22",37.599998
"2012-03-23",38.009998
"2012-03-26",38.66
"2012-03-27",38.799999
"2012-03-28",38.310001
"2012-03-29",38.009998
"2012-03-30",38.400002
"2012-04-02",38.509998
"2012-04-03",38.720001
"2012-04-04",38.900002
"2012-04-05",38.880001
"2012-04-09",38.73
"2012-04-10",38.450001
"2012-04-11",38.48
"2012-04-12",38.27
"2012-04-13",37.779999
"2012-04-16",37.950001
"2012-04-17",38.509998
"2012-04-18",38.400002
"2012-04-19",38.360001
"2012-04-20",38.73
"2012-04-23",38.27
"2012-04-24",38.27
"2012-04-25",38.43
"2012-04-26",38.470001
"2012-04-27",38.459999
"2012-04-30",39.240002
"2012-05-01",39.369999
"2012-05-02",39.290001
"2012-05-03",39.169998
"2012-05-04",38.84
"2012-05-07",38.540001
"2012-05-08",38.630001
"2012-05-09",38.09
"2012-05-10",38.389999
"2012-05-11",38.029999
"2012-05-14",38.220001
"2012-05-15",37.740002
"2012-05-16",38.23
"2012-05-17",38.029999
"2012-05-18",37.82
"2012-05-21",37.599998
"2012-05-22",37.459999
"2012-05-23",37.34
"2012-05-24",37.599998
"2012-05-25",37.549999
"2012-05-29",37.59
"2012-05-30",37.400002
"2012-05-31",37.580002
"2012-06-01",37.18
"2012-06-04",37.459999
"2012-06-05",37.5
"2012-06-06",37.900002
"2012-06-07",38.330002
"2012-06-08",38.459999
"2012-06-11",38.470001
"2012-06-12",38.849998
"2012-06-13",38.400002
"2012-06-14",38.790001
"2012-06-15",38.939999
"2012-06-18",38.849998
"2012-06-19",39.23
"2012-06-20",39.209999
"2012-06-21",39.450001
"2012-06-22",40.18
"2012-06-25",39.790001
"2012-06-26",40.060001
"2012-06-27",40.529999
"2012-06-28",40.68
"2012-06-29",41.75
"2012-07-02",41.849998
"2012-07-03",41.810001
"2012-07-05",41.630001
"2012-07-06",41.509998
"2012-07-09",42.130001
"2012-07-10",41.369999
"2012-07-11",41.209999
"2012-07-12",42.91
"2012-07-13",43.470001
"2012-07-16",43.349998
"2012-07-17",44.189999
"2012-07-18",43.939999
"2012-07-19",43.939999
"2012-07-20",43.41
"2012-07-23",43.27
"2012-07-24",42.689999
"2012-07-25",42.619999
"2012-07-26",43.330002
"2012-07-27",45.099998
"2012-07-30",44.48
"2012-07-31",44.169998
"2012-08-01",44.279999
"2012-08-02",43.91
"2012-08-03",44.150002
"2012-08-06",44.490002
"2012-08-07",44
"2012-08-08",44.060001
"2012-08-09",44.279999
"2012-08-10",44.57
"2012-08-13",44.419998
"2012-08-14",44.41
"2012-08-15",44.060001
"2012-08-16",43.939999
"2012-08-17",43.34
"2012-08-20",43.75
"2012-08-21",42.939999
"2012-08-22",42.91
"2012-08-23",42.799999
"2012-08-24",43.119999
"2012-08-27",43.049999
"2012-08-28",42.830002
"2012-08-29",43.060001
"2012-08-30",43.119999
"2012-08-31",43.049999
"2012-09-04",43.25
"2012-09-05",43.439999
"2012-09-06",44.240002
"2012-09-07",44.049999
"2012-09-10",44.259998
"2012-09-11",44.330002
"2012-09-12",44.529999
"2012-09-13",44.66
"2012-09-14",43.619999
"2012-09-17",44
"2012-09-18",44.080002
"2012-09-19",44.509998
"2012-09-20",44.889999
"2012-09-21",44.91
"2012-09-24",45.139999
"2012-09-25",45.110001
"2012-09-26",45.009998
"2012-09-27",45.23
"2012-09-28",45.099998
"2012-10-01",45.220001
"2012-10-02",45.470001
"2012-10-03",45.779999
"2012-10-04",46.119999
"2012-10-05",46.279999
"2012-10-08",46.34
"2012-10-09",46.169998
"2012-10-10",45.599998
"2012-10-11",45.450001
"2012-10-12",45.619999
"2012-10-15",46.59
"2012-10-16",47.169998
"2012-10-17",47.389999
"2012-10-18",47.959999
"2012-10-19",47.029999
"2012-10-22",46.48
"2012-10-23",45.889999
"2012-10-24",45.880001
"2012-10-25",46.299999
"2012-10-26",46.150002
"2012-10-31",45.630001
"2012-11-01",45.939999
"2012-11-02",46
"2012-11-05",45.669998
"2012-11-06",45.919998
"2012-11-07",44.459999
"2012-11-08",43.84
"2012-11-09",44.049999
"2012-11-12",44.02
"2012-11-13",43.68
"2012-11-14",43.049999
"2012-11-15",42.799999
"2012-11-16",43.07
"2012-11-19",43.34
"2012-11-20",43.560001
"2012-11-21",43.889999
"2012-11-23",44.279999
"2012-11-26",44.200001
"2012-11-27",43.880001
"2012-11-28",44.599998
"2012-11-29",44.709999
"2012-11-30",44.299999
"2012-12-03",44.439999
"2012-12-04",44.400002
"2012-12-05",44.389999
"2012-12-06",44.509998
"2012-12-07",44.630001
"2012-12-10",44.48
"2012-12-11",45.189999
"2012-12-12",45.259998
"2012-12-13",43.950001
"2012-12-14",43.540001
"2012-12-17",43.630001
"2012-12-18",44.240002
"2012-12-19",43.66
"2012-12-20",42.16
"2012-12-21",41.52
"2012-12-24",41.419998
"2012-12-26",41.34
"2012-12-27",41.200001
"2012-12-28",40.639999
"2012-12-31",40.939999
"2013-01-02",41.34
"2013-01-03",42.330002
"2013-01-04",41.970001
"2013-01-07",42.119999
"2013-01-08",42.18
"2013-01-09",42.59
"2013-01-10",42.779999
"2013-01-11",43.23
"2013-01-14",43.34
"2013-01-15",42.869999
"2013-01-16",42.540001
"2013-01-17",42.75
"2013-01-18",42.98
"2013-01-22",43.200001
"2013-01-23",42.82
"2013-01-24",43
"2013-01-25",43.459999
"2013-01-28",42.93
"2013-01-29",43.66
"2013-01-30",43.5
"2013-01-31",43.25
"2013-02-01",41.830002
"2013-02-04",40.849998
"2013-02-05",41.43
"2013-02-06",41.09
"2013-02-07",41
"2013-02-08",41.18
"2013-02-11",41.380001
"2013-02-12",41.450001
"2013-02-13",41.150002
"2013-02-14",41.189999
"2013-02-15",41.419998
"2013-02-19",42.220001
"2013-02-20",42.66
"2013-02-21",42.5
"2013-02-22",42.970001
"2013-02-25",42.52
"2013-02-26",42.419998
"2013-02-27",42.970001
"2013-02-28",42.73
"2013-03-01",42.630001
"2013-03-04",43.34
"2013-03-05",43.25
"2013-03-06",43.68
"2013-03-07",43.27
"2013-03-08",42.970001
"2013-03-11",43.66
"2013-03-12",45.040001
"2013-03-13",44.59
"2013-03-14",44.27
"2013-03-15",44.09
"2013-03-18",43.630001
"2013-03-19",43.700001
"2013-03-20",44.119999
"2013-03-21",43.790001
"2013-03-22",43.900002
"2013-03-25",43.689999
"2013-03-26",44.389999
"2013-03-27",44.099998
"2013-03-28",44.200001
"2013-04-01",44.349998
"2013-04-02",44.91
"2013-04-03",45.360001
"2013-04-04",45.32
"2013-04-05",45.130001
"2013-04-08",45.48
"2013-04-09",45.509998
"2013-04-10",46.84
"2013-04-11",47.209999
"2013-04-12",47.110001
"2013-04-15",46.459999
"2013-04-16",46.959999
"2013-04-17",46.759998
"2013-04-18",46.560001
"2013-04-19",47.490002
"2013-04-22",47.919998
"2013-04-23",48.630001
"2013-04-24",47.950001
"2013-04-25",47.349998
"2013-04-26",47.869999
"2013-04-29",47.82
"2013-04-30",47
"2013-05-01",45.689999
"2013-05-02",45.73
"2013-05-03",45.669998
"2013-05-06",44.98
"2013-05-07",45.27
"2013-05-08",44.990002
"2013-05-09",45.490002
"2013-05-10",45.950001
"2013-05-13",46.169998
"2013-05-14",46.650002
"2013-05-15",46.73
"2013-05-16",46.369999
"2013-05-17",45.990002
"2013-05-20",45.209999
"2013-05-21",47.330002
"2013-05-22",46.709999
"2013-05-23",47.330002
"2013-05-24",47.16
"2013-05-28",47.619999
"2013-05-29",46.869999
"2013-05-30",47.07
"2013-05-31",46.700001
"2013-06-03",48.450001
"2013-06-04",49.439999
"2013-06-05",48.73
"2013-06-06",48.599998
"2013-06-07",48.189999
"2013-06-10",48.459999
"2013-06-11",47.560001
"2013-06-12",47.25
"2013-06-13",47.900002
"2013-06-14",47.950001
"2013-06-17",47.799999
"2013-06-18",47.75
"2013-06-19",47.580002
"2013-06-20",46.310001
"2013-06-21",47
"2013-06-24",46.41
"2013-06-25",46.23
"2013-06-26",46.689999
"2013-06-27",47.279999
"2013-06-28",46.450001
"2013-07-01",46.32
"2013-07-02",46.549999
"2013-07-03",46.549999
"2013-07-05",47.16
"2013-07-08",47.41
"2013-07-09",47.619999
"2013-07-10",47.959999
"2013-07-11",48.310001
"2013-07-12",48.540001
"2013-07-15",48.52
"2013-07-16",48.23
"2013-07-17",48.130001
"2013-07-18",47.400002
"2013-07-19",47.790001
"2013-07-22",47.720001
"2013-07-23",47.93
"2013-07-24",47.77
"2013-07-25",48.169998
"2013-07-26",48.490002
"2013-07-29",48.34
"2013-07-30",48.049999
"2013-07-31",48.169998
"2013-08-01",48.580002
"2013-08-02",48.540001
"2013-08-05",48.529999
"2013-08-06",48.439999
"2013-08-07",48.549999
"2013-08-08",48.470001
"2013-08-09",48.389999
"2013-08-12",48.470001
"2013-08-13",48.43
"2013-08-14",48.57
"2013-08-15",47.970001
"2013-08-16",47.700001
"2013-08-19",47.580002
"2013-08-20",47.560001
"2013-08-21",47.459999
"2013-08-22",47.810001
"2013-08-23",47.73
"2013-08-26",47.619999
"2013-08-27",47.110001
"2013-08-28",47.09
"2013-08-29",47.099998
"2013-08-30",47.290001
"2013-09-03",47.209999
"2013-09-04",47.68
"2013-09-05",47.509998
"2013-09-06",47.490002
"2013-09-09",47.740002
"2013-09-10",47.98
"2013-09-11",48.139999
"2013-09-12",47.849998
"2013-09-13",47.790001
"2013-09-16",48.189999
"2013-09-17",48.009998
"2013-09-18",48.400002
"2013-09-19",48.259998
"2013-09-20",48.009998
"2013-09-23",47.68
"2013-09-24",47.529999
"2013-09-25",47.669998
"2013-09-26",47.68
"2013-09-27",47.790001
"2013-09-30",47.610001
"2013-10-01",48.740002
"2013-10-02",48.369999
"2013-10-03",48.360001
"2013-10-04",48.23
"2013-10-07",47.889999
"2013-10-08",47.75
"2013-10-09",47.27
"2013-10-10",47.490002
"2013-10-11",47.290001
"2013-10-14",46.75
"2013-10-15",46.57
"2013-10-16",47.169998
"2013-10-17",47.110001
"2013-10-18",46.610001
"2013-10-21",46.509998
"2013-10-22",46.470001
"2013-10-23",46.560001
"2013-10-24",46.220001
"2013-10-25",46.540001
"2013-10-28",45.349998
"2013-10-29",45.580002
"2013-10-30",45.240002
"2013-10-31",45.09
"2013-11-01",45.23
"2013-11-04",45.720001
"2013-11-05",45.360001
"2013-11-06",45.959999
"2013-11-07",45.82
"2013-11-08",46.799999
"2013-11-11",47
"2013-11-12",47.59
"2013-11-13",47.34
"2013-11-14",47.82
"2013-11-15",48.07
"2013-11-18",48.009998
"2013-11-19",48.07
"2013-11-20",48.130001
"2013-11-21",48.619999
"2013-11-22",48.939999
"2013-11-25",49.66
"2013-11-26",49.580002
"2013-11-27",49.830002
"2013-11-29",49.830002
"2013-12-02",50.18
"2013-12-03",49.759998
"2013-12-04",49.310001
"2013-12-05",48.810001
"2013-12-06",49.389999
"2013-12-09",49.560001
"2013-12-10",49.43
"2013-12-11",48.950001
"2013-12-12",48.32
"2013-12-13",48.380001
"2013-12-16",48.09
"2013-12-17",47.900002
"2013-12-18",48.900002
"2013-12-19",48.790001
"2013-12-20",49.32
"2013-12-23",49.360001
"2013-12-24",49.41
"2013-12-26",49.720001
"2013-12-27",49.790001
"2013-12-30",49.939999
"2013-12-31",50.049999
"2014-01-02",49.490002
"2014-01-03",49.73
"2014-01-06",49.740002
"2014-01-07",50.110001
"2014-01-08",49.790001
"2014-01-09",49.52
"2014-01-10",49.880001
"2014-01-13",53.119999
"2014-01-14",53
"2014-01-15",52.52
"2014-01-16",52.5
"2014-01-17",51.950001
"2014-01-21",51.830002
"2014-01-22",51.349998
"2014-01-23",51.599998
"2014-01-24",51.98
"2014-01-27",52.529999
"2014-01-28",52.869999
"2014-01-29",52.209999
"2014-01-30",53.509998
"2014-01-31",52.970001
"2014-02-03",52.080002
"2014-02-04",53.509998
"2014-02-05",53.529999
"2014-02-06",53.77
"2014-02-07",54.77
"2014-02-10",54.889999
"2014-02-11",55.700001
"2014-02-12",55
"2014-02-13",55.099998
"2014-02-14",55.439999
"2014-02-18",55.689999
"2014-02-19",55.040001
"2014-02-20",55.810001
"2014-02-21",56.029999
"2014-02-24",56.18
"2014-02-25",55.91
"2014-02-26",56.27
"2014-02-27",56.66
"2014-02-28",56.990002
"2014-03-03",56.419998
"2014-03-04",57.060001
"2014-03-05",56.880001
"2014-03-06",57.259998
"2014-03-07",57.470001
"2014-03-10",57.32
"2014-03-11",56.689999
"2014-03-12",56.810001
"2014-03-13",55.790001
"2014-03-14",55.700001
"2014-03-17",56.259998
"2014-03-18",56.360001
"2014-03-19",55.990002
"2014-03-20",55.59
"2014-03-21",54.66
"2014-03-24",53.779999
"2014-03-25",55.189999
"2014-03-26",56.02
"2014-03-27",55.73
"2014-03-28",55.98
"2014-03-31",56.77
"2014-04-01",56.369999
"2014-04-02",56.459999
"2014-04-03",56.209999
"2014-04-04",56.119999
"2014-04-07",55.189999
"2014-04-08",55.040001
"2014-04-09",57.099998
"2014-04-10",55.849998
"2014-04-11",55.919998
"2014-04-14",55.57
"2014-04-15",56.049999
"2014-04-16",56.259998
"2014-04-17",56.470001
"2014-04-21",57.25
"2014-04-22",57.77
"2014-04-23",57.5
"2014-04-24",57.529999
"2014-04-25",57.240002
"2014-04-28",56.68
"2014-04-29",58.720001
"2014-04-30",58.560001
"2014-05-01",59.619999
"2014-05-02",58.220001
"2014-05-05",58.630001
"2014-05-06",57.110001
"2014-05-07",55.84
"2014-05-08",54.830002
"2014-05-09",55.209999
"2014-05-12",55.290001
"2014-05-13",55.75
"2014-05-14",56.369999
"2014-05-15",55.889999
"2014-05-16",55.869999
"2014-05-19",56.349998
"2014-05-20",56
"2014-05-21",56.580002
"2014-05-22",56.490002
"2014-05-23",56.810001
"2014-05-27",56.689999
"2014-05-28",56.400002
"2014-05-29",57.700001
"2014-05-30",57.860001
"2014-06-02",57.93
"2014-06-03",57.91
"2014-06-04",57.93
"2014-06-05",58.099998
"2014-06-06",57.849998
"2014-06-09",57.939999
"2014-06-10",58.490002
"2014-06-11",58.810001
"2014-06-12",58.299999
"2014-06-13",58.240002
"2014-06-16",58.07
"2014-06-17",58.060001
"2014-06-18",58.41
"2014-06-19",58.299999
"2014-06-20",58.919998
"2014-06-23",58.5
"2014-06-24",57.919998
"2014-06-25",58.860001
"2014-06-26",58.529999
"2014-06-27",57.529999
"2014-06-30",57.849998
"2014-07-01",58.509998
"2014-07-02",59.049999
"2014-07-03",59.200001
"2014-07-07",58.52
"2014-07-08",58.169998
"2014-07-09",58.549999
"2014-07-10",58.580002
"2014-07-11",58.439999
"2014-07-14",58.18
"2014-07-15",57.91
"2014-07-16",58.150002
"2014-07-17",57.599998
"2014-07-18",58.34
"2014-07-21",58
"2014-07-22",58.43
"2014-07-23",58.110001
"2014-07-24",58.209999
"2014-07-25",58.150002
"2014-07-28",57.970001
"2014-07-29",58.580002
"2014-07-30",58.080002
"2014-07-31",56.740002
"2014-08-01",56.799999
"2014-08-04",57.060001
"2014-08-05",56.029999
"2014-08-06",55.93
"2014-08-07",55.639999
"2014-08-08",56.549999
"2014-08-11",56.66
"2014-08-12",57.029999
"2014-08-13",57.849998
"2014-08-14",58.779999
"2014-08-15",58.610001
"2014-08-18",58.419998
"2014-08-19",58.91
"2014-08-20",59.48
"2014-08-21",58.849998
"2014-08-22",59.169998
"2014-08-25",59.73
"2014-08-26",60.200001
"2014-08-27",60.279999
"2014-08-28",60
"2014-08-29",60.110001
"2014-09-02",59.790001
"2014-09-03",60.48
"2014-09-04",60.080002
"2014-09-05",61.18
"2014-09-08",61.049999
"2014-09-09",60.560001
"2014-09-10",60.759998
"2014-09-11",60.099998
"2014-09-12",59.549999
"2014-09-15",59.52
"2014-09-16",59.990002
"2014-09-17",59.880001
"2014-09-18",60.310001
"2014-09-19",60.490002
"2014-09-22",60.580002
"2014-09-23",60.279999
"2014-09-24",60.360001
"2014-09-25",59.639999
"2014-09-26",59.389999
"2014-09-29",59.41
"2014-09-30",59.279999
"2014-10-01",58.709999
"2014-10-02",58.849998
"2014-10-03",59.900002
"2014-10-06",59.580002
"2014-10-07",58.459999
"2014-10-08",60.18
"2014-10-09",59.209999
"2014-10-10",58.66
"2014-10-13",56.139999
"2014-10-14",56.330002
"2014-10-15",54.73
"2014-10-16",53.43
"2014-10-17",54.02
"2014-10-20",54.049999
"2014-10-21",55.130001
"2014-10-22",55.509998
"2014-10-23",56.630001
"2014-10-24",57.610001
"2014-10-27",56.450001
"2014-10-28",55.849998
"2014-10-29",56.200001
"2014-10-30",57.310001
"2014-10-31",57.939999
"2014-11-03",58.919998
"2014-11-04",59.369999
"2014-11-05",59.57
"2014-11-06",59.259998
"2014-11-07",59.34
"2014-11-10",58.810001
"2014-11-11",59.369999
"2014-11-12",59.310001
"2014-11-13",59.540001
"2014-11-14",59.07
"2014-11-17",59.459999
"2014-11-18",59.889999
"2014-11-19",59.639999
"2014-11-20",59.380001
"2014-11-21",59.66
"2014-11-24",59.25
"2014-11-25",59.34
"2014-11-26",59.75
"2014-11-28",60.400002
"2014-12-01",60.52
"2014-12-02",60.779999
"2014-12-03",60.580002
"2014-12-04",60.919998
"2014-12-05",61.490002
"2014-12-08",61.880001
"2014-12-09",60.009998
"2014-12-10",59.98
"2014-12-11",59.34
"2014-12-12",57.720001
"2014-12-15",56.950001
"2014-12-16",56.799999
"2014-12-17",57.630001
"2014-12-18",58.98
"2014-12-19",59.580002
"2014-12-22",58.959999
"2014-12-23",57.209999
"2014-12-24",57.459999
"2014-12-26",57.779999
"2014-12-29",57.73
"2014-12-30",57.650002
"2014-12-31",56.790001
"2015-01-02",57.189999
"2015-01-05",58.040001
"2015-01-06",60.32
"2015-01-07",61.610001
"2015-01-08",62.849998
"2015-01-09",62.560001
"2015-01-12",62.299999
"2015-01-13",62.189999
"2015-01-14",62.639999
"2015-01-15",61.880001
"2015-01-16",63.029999
"2015-01-20",62.610001
"2015-01-21",62.16
"2015-01-22",62.59
"2015-01-23",62.490002
"2015-01-26",62.82
"2015-01-27",62.560001
"2015-01-28",61.450001
"2015-01-29",62.09
"2015-01-30",60.279999
"2015-02-02",60.880001
"2015-02-03",61.02
"2015-02-04",59.049999
"2015-02-05",59.169998
"2015-02-06",58.790001
"2015-02-09",58.330002
"2015-02-10",58.849998
"2015-02-11",58.740002
"2015-02-12",58.880001
"2015-02-13",58.810001
"2015-02-17",58.790001
"2015-02-18",58.799999
"2015-02-19",58.299999
"2015-02-20",58.349998
"2015-02-23",58.299999
"2015-02-24",58.360001
"2015-02-25",58.490002
"2015-02-26",58.959999
"2015-02-27",58.540001
"2015-03-02",58.580002
"2015-03-03",58.34
"2015-03-04",57.880001
"2015-03-05",57.98
"2015-03-06",56.84
"2015-03-09",57.259998
"2015-03-10",56.580002
"2015-03-11",56.060001
"2015-03-12",56.169998
"2015-03-13",56.200001
"2015-03-16",57.119999
"2015-03-17",56.470001
"2015-03-18",57.650002
"2015-03-19",58.209999
"2015-03-20",58.580002
"2015-03-23",58.73
"2015-03-24",58.630001
"2015-03-25",58.259998
"2015-03-26",57.599998
"2015-03-27",57.75
"2015-03-30",58.34
"2015-03-31",57.48
"2015-04-01",56.860001
"2015-04-02",57.099998
"2015-04-06",57.18
"2015-04-07",57.43
"2015-04-08",57.150002
"2015-04-09",57.43
"2015-04-10",57.25
"2015-04-13",56.73
"2015-04-14",57.759998
"2015-04-15",58.450001
"2015-04-16",57.84
"2015-04-17",56.880001
"2015-04-20",57.610001
"2015-04-21",57.66
"2015-04-22",57.689999
"2015-04-23",57.509998
"2015-04-24",57.599998
"2015-04-27",57.099998
"2015-04-28",59.98
"2015-04-29",59.68
"2015-04-30",59.560001
"2015-05-01",59.860001
"2015-05-04",60.639999
"2015-05-05",60.490002
"2015-05-06",60.259998
"2015-05-07",60.299999
"2015-05-08",60.740002
"2015-05-11",60
"2015-05-12",59.439999
"2015-05-13",59.18
"2015-05-14",59.779999
"2015-05-15",60.23
"2015-05-18",60.009998
"2015-05-19",60.52
"2015-05-20",60.459999
"2015-05-21",60.099998
"2015-05-22",59.380001
"2015-05-26",58.970001
"2015-05-27",59.459999
"2015-05-28",59.700001
"2015-05-29",60.889999
"2015-06-01",60.75
"2015-06-02",60.240002
"2015-06-03",60.389999
"2015-06-04",59.470001
"2015-06-05",58.990002
"2015-06-08",58.869999
"2015-06-09",58.84
"2015-06-10",59.610001
"2015-06-11",58.91
"2015-06-12",57.869999
"2015-06-15",57.119999
"2015-06-16",57.709999
"2015-06-17",57.91
"2015-06-18",58.59
"2015-06-19",58.040001
"2015-06-22",58.830002
"2015-06-23",59.029999
"2015-06-24",58.240002
"2015-06-25",57.900002
"2015-06-26",58.490002
"2015-06-29",57.290001
"2015-06-30",56.93
"2015-07-01",57.599998
"2015-07-02",57.669998
"2015-07-06",57.549999
"2015-07-07",57.990002
"2015-07-08",57.349998
"2015-07-09",57.380001
"2015-07-10",57.950001
"2015-07-13",57.869999
"2015-07-14",58.189999
"2015-07-15",58.220001
"2015-07-16",58.82
"2015-07-17",58.82
"2015-07-20",59
"2015-07-21",58.669998
"2015-07-22",58.130001
"2015-07-23",58.07
"2015-07-24",57.41
"2015-07-27",56.990002
"2015-07-28",57.52
"2015-07-29",58.540001
"2015-07-30",58.52
"2015-07-31",58.959999
"2015-08-03",59.049999
"2015-08-04",58.700001
"2015-08-05",59.099998
"2015-08-06",58.43
"2015-08-07",57.970001
"2015-08-10",58.41
"2015-08-11",57.759998
"2015-08-12",58.259998
"2015-08-13",58.98
"2015-08-14",59.18
"2015-08-17",59.709999
"2015-08-18",59.66
"2015-08-19",59.66
"2015-08-20",56.950001
"2015-08-21",55.77
"2015-08-24",53.990002
"2015-08-25",51.169998
"2015-08-26",54.419998
"2015-08-27",54.950001
"2015-08-28",55.369999
"2015-08-31",53.849998
"2015-09-01",52.529999
"2015-09-02",52.98
"2015-09-03",52.650002
"2015-09-04",51.59
"2015-09-08",52.689999
"2015-09-09",51.93
"2015-09-10",52.720001
"2015-09-11",52.09
"2015-09-14",52.34
"2015-09-15",53.549999
"2015-09-16",53.869999
"2015-09-17",53.959999
"2015-09-18",52.130001
"2015-09-21",50.98
"2015-09-22",50.740002
"2015-09-23",51.029999
"2015-09-24",50.59
"2015-09-25",49.599998
"2015-09-28",48.419998
"2015-09-29",48.650002
"2015-09-30",49.389999
"2015-10-01",49.369999
"2015-10-02",50.139999
"2015-10-05",51.23
"2015-10-06",49.799999
"2015-10-07",50.950001
"2015-10-08",51.02
"2015-10-09",50.950001
"2015-10-12",50.709999
"2015-10-13",49.470001
"2015-10-14",49.540001
"2015-10-15",50.720001
"2015-10-16",51.48
"2015-10-19",51.400002
"2015-10-20",50.389999
"2015-10-21",50.59
"2015-10-22",52.009998
"2015-10-23",52.880001
"2015-10-26",52.91
"2015-10-27",53.470001
"2015-10-28",55.099998
"2015-10-29",54.869999
"2015-10-30",54.66
"2015-11-02",55.110001
"2015-11-03",55.110001
"2015-11-04",55.529999
"2015-11-05",55.049999
"2015-11-06",54.610001
"2015-11-09",54.240002
"2015-11-10",54.43
"2015-11-11",53.720001
"2015-11-12",53.029999
"2015-11-13",53.029999
"2015-11-16",53.700001
"2015-11-17",53.709999
"2015-11-18",54.23
"2015-11-19",54.279999
"2015-11-20",54.099998
"2015-11-23",54.009998
"2015-11-24",53.48
"2015-11-25",53.720001
"2015-11-27",53.959999
"2015-11-30",53.009998
"2015-12-01",54.57
"2015-12-02",53.82
"2015-12-03",52.59
"2015-12-04",53.639999
"2015-12-07",53.68
"2015-12-08",53.470001
"2015-12-09",52.82
"2015-12-10",53.689999
"2015-12-11",52.150002
"2015-12-14",52.200001
"2015-12-15",52.900002
"2015-12-16",54.02
"2015-12-17",52.66
"2015-12-18",51.639999
"2015-12-21",51.869999
"2015-12-22",52.099998
"2015-12-23",52.98
"2015-12-24",52.849998
"2015-12-28",52.84
"2015-12-29",53.34
"2015-12-30",53.25
"2015-12-31",52.82
"2016-01-04",52.48
"2016-01-05",53.150002
"2016-01-06",52.419998
"2016-01-07",51.959999
"2016-01-08",51.080002
"2016-01-11",51.25
"2016-01-12",51.759998
"2016-01-13",50.66
"2016-01-14",51.799999
"2016-01-15",51.139999
"2016-01-19",51.34
"2016-01-20",50.549999
"2016-01-21",50.919998
"2016-01-22",51.349998
"2016-01-25",50.919998
"2016-01-26",51.450001
"2016-01-27",50.369999
"2016-01-28",49.200001
"2016-01-29",50.669998
"2016-02-01",50.75
"2016-02-02",50.41
"2016-02-03",50.049999
"2016-02-04",48.59
"2016-02-05",49.380001
"2016-02-08",48.830002
"2016-02-09",49.16
"2016-02-10",49.529999
"2016-02-11",48.849998
"2016-02-12",49.029999
"2016-02-16",49.779999
"2016-02-17",50.599998
"2016-02-18",50.32
"2016-02-19",50.119999
"2016-02-22",50.77
"2016-02-23",50.540001
"2016-02-24",50.560001
"2016-02-25",51
"2016-02-26",50.639999
"2016-02-29",50.209999
"2016-03-01",51.75
"2016-03-02",52.27
"2016-03-03",52.099998
"2016-03-04",52.080002
"2016-03-07",52.639999
"2016-03-08",52.450001
"2016-03-09",52.360001
"2016-03-10",53.040001
"2016-03-11",53.200001
"2016-03-14",53.080002
"2016-03-15",52.419998
"2016-03-16",51.939999
"2016-03-17",51.529999
"2016-03-18",52.25
"2016-03-21",52.799999
"2016-03-22",53.029999
"2016-03-23",53.080002
"2016-03-24",53.07
"2016-03-28",52.830002
"2016-03-29",53.32
"2016-03-30",53.220001
"2016-03-31",52.91
"2016-04-01",53.700001
"2016-04-04",54.400002
"2016-04-05",54.240002
"2016-04-06",55.630001
"2016-04-07",55.419998
"2016-04-08",55.360001
"2016-04-11",55.049999
"2016-04-12",55.34
"2016-04-13",55.959999
"2016-04-14",56.450001
"2016-04-15",56.139999
"2016-04-18",56.509998
"2016-04-19",56.860001
"2016-04-20",56.580002
"2016-04-21",56.599998
"2016-04-22",56.740002
"2016-04-25",56.220001
"2016-04-26",56.040001
"2016-04-27",56.310001
"2016-04-28",55.740002
"2016-04-29",54.84
"2016-05-02",55.299999
"2016-05-03",55.080002
"2016-05-04",54.810001
"2016-05-05",54.09
"2016-05-06",53.599998
"2016-05-09",54.099998
"2016-05-10",54.68
"2016-05-11",54.310001
"2016-05-12",54.119999
"2016-05-13",53.880001
"2016-05-16",54.650002
"2016-05-17",54.32
"2016-05-18",54.669998
"2016-05-19",54.580002
"2016-05-20",55.110001
"2016-05-23",54.919998
"2016-05-24",55.599998
"2016-05-25",56.57
"2016-05-26",56.389999
"2016-05-27",56.48
"2016-05-31",56.259998
"2016-06-01",56.330002
"2016-06-02",56.82
"2016-06-03",56.639999
"2016-06-06",57.169998
"2016-06-07",57
"2016-06-08",57.619999
"2016-06-09",57.18
"2016-06-10",56.810001
"2016-06-13",56.110001
"2016-06-14",56.25
"2016-06-15",56.09
"2016-06-16",57.5
"2016-06-17",55.889999
"2016-06-20",56.139999
"2016-06-21",56.25
"2016-06-22",57.040001
"2016-06-23",57.68
"2016-06-24",55.880001
"2016-06-27",55.310001
"2016-06-28",55.580002
"2016-06-29",57.049999
"2016-06-30",57.610001
"2016-07-01",57.939999
"2016-07-05",58
"2016-07-06",59.16
"2016-07-07",58.779999
"2016-07-08",59.349998
"2016-07-11",59.34
"2016-07-12",59.599998
"2016-07-13",59.549999
"2016-07-14",59.650002
"2016-07-15",59.630001
"2016-07-18",59.02
"2016-07-19",58.66
"2016-07-20",58.790001
"2016-07-21",58.790001
"2016-07-22",58.82
"2016-07-25",58.560001
"2016-07-26",58.360001
"2016-07-27",58.599998
"2016-07-28",58.43
"2016-07-29",58.66
"2016-08-01",58.66
"2016-08-02",58.330002
"2016-08-03",57.650002
"2016-08-04",57.84
"2016-08-05",63.860001
"2016-08-08",62.860001
"2016-08-09",62.490002
"2016-08-10",62.639999
"2016-08-11",63.630001
"2016-08-12",63.349998
"2016-08-15",63.32
"2016-08-16",63.040001
"2016-08-17",63.290001
"2016-08-18",63.630001
"2016-08-19",63.360001
"2016-08-22",63.549999
"2016-08-23",63.580002
"2016-08-24",62.73
"2016-08-25",62.32
"2016-08-26",62.849998
"2016-08-29",63.009998
"2016-08-30",62.709999
"2016-08-31",62.790001
"2016-09-01",62.900002
"2016-09-02",62.98
"2016-09-06",63.240002
"2016-09-07",62.869999
"2016-09-08",63.240002
"2016-09-09",62.490002
"2016-09-12",63.189999
"2016-09-13",61.810001
"2016-09-14",61.349998
"2016-09-15",62.380001
"2016-09-16",62.279999
"2016-09-19",61.330002
"2016-09-20",61.939999
"2016-09-21",62.700001
"2016-09-22",63.02
"2016-09-23",62.959999
"2016-09-26",62.150002
"2016-09-27",62.57
"2016-09-28",63.299999
"2016-09-29",61.91
"2016-09-30",62.41
"2016-10-03",62.52
"2016-10-04",62.459999
"2016-10-05",62.799999
"2016-10-06",62.66
"2016-10-07",62.77
"2016-10-10",63.900002
"2016-10-11",61.93
"2016-10-12",61.66
"2016-10-13",62.509998
"2016-10-14",62.139999
"2016-10-17",61.52
"2016-10-18",62.09
"2016-10-19",61.869999
"2016-10-20",61.919998
"2016-10-21",61.200001
"2016-10-24",60.75
"2016-10-25",61.950001
"2016-10-26",60.869999
"2016-10-27",61.290001
"2016-10-28",58.84
"2016-10-31",58.720001
"2016-11-01",59.299999
"2016-11-02",58.84
"2016-11-03",58.43
"2016-11-04",58.82
"2016-11-07",60.049999
"2016-11-08",60.509998
"2016-11-09",64.18
"2016-11-10",64.959999
"2016-11-11",63.950001
"2016-11-14",63.529999
"2016-11-15",63.650002
"2016-11-16",62.630001
"2016-11-17",62.700001
"2016-11-18",61.869999
"2016-11-21",62.299999
"2016-11-22",61.700001
"2016-11-23",61.639999
"2016-11-25",62.209999
"2016-11-28",61.799999
"2016-11-29",62.189999
"2016-11-30",61.189999
"2016-12-01",60.759998
"2016-12-02",61.130001
"2016-12-05",60.25
"2016-12-06",60.279999
"2016-12-07",60.060001
"2016-12-08",60.119999
"2016-12-09",61.23
"2016-12-12",61.720001
"2016-12-13",61.790001
"2016-12-14",61.799999
"2016-12-15",62.369999
"2016-12-16",62.439999
"2016-12-19",61.139999
"2016-12-20",60.5
"2016-12-21",59.43
"2016-12-22",59.580002
"2016-12-23",59.560001
"2016-12-27",59.790001
"2016-12-28",59.27
"2016-12-29",59.040001
"2016-12-30",58.869999
"2017-01-03",60.150002
"2017-01-04",60.130001
"2017-01-05",60.110001
"2017-01-06",60.27
"2017-01-09",61.099998
"2017-01-10",59.919998
"2017-01-11",61.630001
"2017-01-12",62.209999
"2017-01-13",62.34
"2017-01-17",61.48
"2017-01-18",61.169998
"2017-01-19",60.330002
"2017-01-20",62.529999
"2017-01-23",61.810001
"2017-01-24",61.209999
"2017-01-25",61.080002
"2017-01-26",61.200001
"2017-01-27",61.75
"2017-01-30",61.43
"2017-01-31",61.990002
"2017-02-01",62.099998
"2017-02-02",64.18
"2017-02-03",64.290001
"2017-02-06",64.940002
"2017-02-07",64.199997
"2017-02-08",64.32
"2017-02-09",64.389999
"2017-02-10",64.150002
"2017-02-13",64.769997
"2017-02-14",65.660004
"2017-02-15",65.160004
"2017-02-16",65.260002
"2017-02-17",65.389999
"2017-02-21",65.480003
"2017-02-22",65.290001
"2017-02-23",65.849998
"2017-02-24",66.160004
"2017-02-27",65.849998
"2017-02-28",65.870003
"2017-03-01",66.209999
"2017-03-02",66.080002
"2017-03-03",66.580002
"2017-03-06",66.470001
"2017-03-07",65.959999
"2017-03-08",65.800003
"2017-03-09",65.889999
"2017-03-10",65.599998
"2017-03-13",64.150002
"2017-03-14",64.199997
"2017-03-15",64.699997
"2017-03-16",64.18
"2017-03-17",63.900002
"2017-03-20",64.110001
"2017-03-21",63.91
"2017-03-22",63.5
"2017-03-23",63.279999
"2017-03-24",63.18
"2017-03-27",63.189999
"2017-03-28",63.34
"2017-03-29",63.639999
"2017-03-30",63.450001
"2017-03-31",63.540001
"2017-04-03",63.470001
"2017-04-04",63.669998
"2017-04-05",63.57
"2017-04-06",63.240002
"2017-04-07",63.130001
"2017-04-10",62.549999
"2017-04-11",62.580002
"2017-04-12",63.049999
"2017-04-13",62.610001
"2017-04-17",62.799999
"2017-04-18",62.27
"2017-04-19",62.639999
"2017-04-20",62.549999
"2017-04-21",61.889999
"2017-04-24",62.139999
"2017-04-25",62.299999
"2017-04-26",62.700001
"2017-04-27",62.580002
"2017-04-28",62.330002
"2017-05-01",62.380001
"2017-05-02",62.700001
"2017-05-03",63.630001
"2017-05-04",63.380001
"2017-05-05",63.970001
"2017-05-08",64.010002
"2017-05-09",63.290001
"2017-05-10",63.939999
"2017-05-11",64.43
"2017-05-12",63.57
"2017-05-15",63.509998
"2017-05-16",63.790001
"2017-05-17",63
"2017-05-18",63.889999
"2017-05-19",63.779999
"2017-05-22",64.040001
"2017-05-23",64.550003
"2017-05-24",64.93
"2017-05-25",65.040001
"2017-05-26",64.919998
"2017-05-30",64.879997
"2017-05-31",65.110001
"2017-06-01",65.260002
"2017-06-02",65.470001
"2017-06-05",65.07
"2017-06-06",64.669998
"2017-06-07",64.059998
"2017-06-08",63.200001
"2017-06-09",64.389999
"2017-06-12",64.389999
"2017-06-13",63.27
"2017-06-14",63.369999
"2017-06-15",63.189999
"2017-06-16",62.970001
"2017-06-19",63.68
"2017-06-20",64.529999
"2017-06-21",65.459999
"2017-06-22",66.019997
"2017-06-23",66.160004
"2017-06-26",65.919998
"2017-06-27",65.540001
"2017-06-28",65.160004
"2017-06-29",64.339996
"2017-06-30",64.089996
"2017-07-03",64.269997
"2017-07-05",64.160004
"2017-07-06",63.099998
"2017-07-07",63.16
"2017-07-10",62.830002
"2017-07-11",62.34
"2017-07-12",62.779999
"2017-07-13",62.889999
"2017-07-14",63.060001
"2017-07-17",62.610001
"2017-07-18",62.41
"2017-07-19",62.619999
"2017-07-20",62.939999
"2017-07-21",62.630001
"2017-07-24",62.57
"2017-07-25",62.360001
"2017-07-26",61.799999
"2017-07-27",63.689999
"2017-07-28",64.110001
"2017-07-31",63.880001
"2017-08-01",63.919998
"2017-08-02",63.439999
"2017-08-03",63.52
"2017-08-04",63.099998
"2017-08-07",62.84
"2017-08-08",62.32
"2017-08-09",62.490002
"2017-08-10",62.18
"2017-08-11",62.380001
"2017-08-14",62.669998
"2017-08-15",62.5
"2017-08-16",62.700001
"2017-08-17",61.84
"2017-08-18",61.490002
"2017-08-21",61.970001
"2017-08-22",62.419998
"2017-08-23",62.150002
"2017-08-24",62.709999
"2017-08-25",62.939999
"2017-08-28",63.32
"2017-08-29",63.119999
"2017-08-30",63.119999
"2017-08-31",63.860001
"2017-09-01",63.830002
"2017-09-05",63.619999
"2017-09-06",64
"2017-09-07",64.32
"2017-09-08",64.269997
"2017-09-11",65.129997
"2017-09-12",65.459999
"2017-09-13",65.449997
"2017-09-14",66.120003
"2017-09-15",66.160004
"2017-09-18",65.989998
"2017-09-19",65.949997
"2017-09-20",65.790001
"2017-09-21",65.599998
"2017-09-22",65.129997
"2017-09-25",65.18
"2017-09-26",64.760002
"2017-09-27",64.57
"2017-09-28",64.290001
"2017-09-29",64.029999
"2017-10-02",64.550003
"2017-10-03",64.370003
"2017-10-04",64.599998
"2017-10-05",64.599998
"2017-10-06",64.550003
"2017-10-09",64.330002
"2017-10-10",64.459999
"2017-10-11",63.779999
"2017-10-12",63.830002
"2017-10-13",63.389999
"2017-10-16",63.34
"2017-10-17",63.220001
"2017-10-18",63.509998
"2017-10-19",63.75
"2017-10-20",63.880001
"2017-10-23",63.400002
"2017-10-24",63.110001
"2017-10-25",62.450001
"2017-10-26",61.990002
"2017-10-27",58.240002
"2017-10-30",54.709999
"2017-10-31",55.09
"2017-11-01",55.34
"2017-11-02",55.369999
"2017-11-03",56.060001
"2017-11-06",55.880001
"2017-11-07",55.59
"2017-11-08",56.580002
"2017-11-09",56.209999
"2017-11-10",55.48
"2017-11-13",55.099998
"2017-11-14",54.990002
"2017-11-15",54.799999
"2017-11-16",55.169998
"2017-11-17",55.200001
"2017-11-20",54.099998
"2017-11-21",54.27
"2017-11-22",54.369999
"2017-11-24",54.349998
"2017-11-27",54.549999
"2017-11-28",54.93
"2017-11-29",55.360001
"2017-11-30",55.27
"2017-12-01",55.869999
"2017-12-04",56.220001
"2017-12-05",55.77
"2017-12-06",54.349998
"2017-12-07",54.77
"2017-12-08",55.57
"2017-12-11",56.34
"2017-12-12",57.07
"2017-12-13",56.91
"2017-12-14",56.009998
"2017-12-15",56.240002
"2017-12-18",56.220001
"2017-12-19",56.23
"2017-12-20",56.110001
"2017-12-21",56.599998
"2017-12-22",56.360001
"2017-12-26",56.34
"2017-12-27",56.34
"2017-12-28",56.599998
"2017-12-29",56.27
"2018-01-02",56.220001
"2018-01-03",56.139999
"2018-01-04",57.049999
"2018-01-05",56.990002
"2018-01-08",56.66
"2018-01-09",56.799999
"2018-01-10",57.299999
"2018-01-11",57.599998
"2018-01-12",58.66
"2018-01-16",62.07
"2018-01-17",62.029999
"2018-01-18",61.130001
"2018-01-19",61.279999
"2018-01-22",61.25
"2018-01-23",61.700001
"2018-01-24",61.18
"2018-01-25",61.299999
"2018-01-26",62.040001
"2018-01-29",61.630001
"2018-01-30",60.650002
"2018-01-31",59.25
"2018-02-01",59.860001
"2018-02-02",58.560001
"2018-02-05",56.400002
"2018-02-06",55.459999
"2018-02-07",55.880001
"2018-02-08",54.73
"2018-02-09",54.869999
"2018-02-12",55.43
"2018-02-13",54.900002
"2018-02-14",54.900002
"2018-02-15",55.990002
"2018-02-16",56.290001
"2018-02-20",54.98
"2018-02-21",54.549999
"2018-02-22",54.57
"2018-02-23",54.869999
"2018-02-26",56.060001
"2018-02-27",54.720001
"2018-02-28",54.220001
"2018-03-01",53.700001
"2018-03-02",54.360001
"2018-03-05",54.400002
"2018-03-06",54.299999
"2018-03-07",54.470001
"2018-03-08",54.759998
"2018-03-09",55.139999
"2018-03-12",55.360001
"2018-03-13",55.369999
"2018-03-14",54.799999
"2018-03-15",55.25
"2018-03-16",55.669998
"2018-03-19",54.630001
"2018-03-20",54.639999
"2018-03-21",54.689999
"2018-03-22",54.119999
"2018-03-23",53.41
"2018-03-26",54.040001
"2018-03-27",53.75
"2018-03-28",55.09
"2018-03-29",54.470001
"2018-04-02",53.27
"2018-04-03",54.09
"2018-04-04",54.540001
"2018-04-05",54.529999
"2018-04-06",53.360001
"2018-04-09",56.16
"2018-04-10",56.490002
"2018-04-11",56.200001
"2018-04-12",56.740002
"2018-04-13",57.169998
"2018-04-16",58.650002
"2018-04-17",59.27
"2018-04-18",58.919998
"2018-04-19",58.639999
"2018-04-20",58.830002
"2018-04-23",60.25
"2018-04-24",60.09
"2018-04-25",59.630001
"2018-04-26",59.41
"2018-04-27",59.470001
"2018-04-30",58.869999
"2018-05-01",57.98
"2018-05-02",57.299999
"2018-05-03",57.529999
"2018-05-04",57.75
"2018-05-07",57.380001
"2018-05-08",56.759998
"2018-05-09",57.950001
"2018-05-10",58.060001
"2018-05-11",59.689999
"2018-05-14",59.68
"2018-05-15",59.200001
"2018-05-16",59.75
"2018-05-17",59.07
"2018-05-18",59.139999
"2018-05-21",58.57
"2018-05-22",58.450001
"2018-05-23",59.169998
"2018-05-24",59.130001
"2018-05-25",59.09
"2018-05-29",58.400002
"2018-05-30",59.720001
"2018-05-31",59.529999
"2018-06-01",60.560001
"2018-06-04",62.02
"2018-06-05",61.389999
"2018-06-06",61.93
"2018-06-07",61.990002
"2018-06-08",62.580002
"2018-06-11",62.330002
"2018-06-12",62.439999
"2018-06-13",62.59
"2018-06-14",61.560001
"2018-06-15",62.029999
"2018-06-18",60.990002
"2018-06-19",61.029999
"2018-06-20",61.279999
"2018-06-21",61.18
"2018-06-22",61.470001
"2018-06-25",61.080002
"2018-06-26",60.720001
"2018-06-27",59.880001
"2018-06-28",60.299999
"2018-06-29",60.700001
"2018-07-02",60.459999
"2018-07-03",60.709999
"2018-07-05",61.639999
"2018-07-06",62.200001
"2018-07-09",62.02
"2018-07-10",62.299999
"2018-07-11",61.900002
"2018-07-12",62.66
"2018-07-13",62.889999
"2018-07-16",62.59
"2018-07-17",62.529999
"2018-07-18",62.939999
"2018-07-19",62.509998
"2018-07-20",62.52
"2018-07-23",62.689999
"2018-07-24",63.419998
"2018-07-25",64.489998
"2018-07-26",64.010002
"2018-07-27",63.490002
"2018-07-30",64.809998
"2018-07-31",65.870003
"2018-08-01",65.489998
"2018-08-02",65.220001
"2018-08-03",65.93
"2018-08-06",66.220001
"2018-08-07",66.580002
"2018-08-08",66.690002
"2018-08-09",66
"2018-08-10",66.07
"2018-08-13",66.720001
"2018-08-14",66.459999
"2018-08-15",67.370003
"2018-08-16",68.849998
"2018-08-17",69.059998
"2018-08-20",70.169998
"2018-08-21",69.169998
"2018-08-22",69.040001
"2018-08-23",68.970001
"2018-08-24",69.040001
"2018-08-27",68.989998
"2018-08-28",68.629997
"2018-08-29",68.809998
"2018-08-30",68.540001
"2018-08-31",68.589996
"2018-09-04",67.949997
"2018-09-05",68.620003
"2018-09-06",69.379997
"2018-09-07",69.669998
"2018-09-10",69.559998
"2018-09-11",69.080002
"2018-09-12",69.860001
"2018-09-13",70.830002
"2018-09-14",69.980003
"2018-09-17",70.419998
"2018-09-18",70.419998
"2018-09-19",69.980003
"2018-09-20",70.779999
"2018-09-21",71.099998
"2018-09-24",70.779999
"2018-09-25",70.650002
"2018-09-26",70.330002
"2018-09-27",70.720001
"2018-09-28",70.940002
"2018-10-01",71.529999
"2018-10-02",71.75
"2018-10-03",71.370003
"2018-10-04",71.220001
"2018-10-05",71.029999
"2018-10-08",71.459999
"2018-10-09",72.339996
"2018-10-10",70.449997
"2018-10-11",68.370003
"2018-10-12",69.809998
"2018-10-15",69.459999
"2018-10-16",71.220001
"2018-10-17",71.82
"2018-10-18",72.209999
"2018-10-19",72.349998
"2018-10-22",72.57
"2018-10-23",72.099998
"2018-10-24",70.540001
"2018-10-25",69.959999
"2018-10-26",70.400002
"2018-10-29",71.449997
"2018-10-30",72.870003
"2018-10-31",73.610001
"2018-11-01",73.120003
"2018-11-02",72.269997
"2018-11-05",73.120003
"2018-11-06",73.309998
"2018-11-07",75.080002
"2018-11-08",75.480003
"2018-11-09",74.860001
"2018-11-12",74.690002
"2018-11-13",74.610001
"2018-11-14",74.089996
"2018-11-15",74.839996
"2018-11-16",76.059998
"2018-11-19",76.349998
"2018-11-20",74.779999
"2018-11-21",74.790001
"2018-11-23",74.669998
"2018-11-26",75.440002
"2018-11-27",76.339996
"2018-11-28",77.230003
"2018-11-29",77.910004
"2018-11-30",79.339996
"2018-12-03",79.220001
"2018-12-04",78.209999
"2018-12-06",78.370003
"2018-12-07",76.720001
"2018-12-10",77.419998
"2018-12-11",77.110001
"2018-12-12",78.010002
"2018-12-13",79.010002
"2018-12-14",76.480003
"2018-12-17",75.230003
"2018-12-18",74.330002
"2018-12-19",73.769997
"2018-12-20",73.489998
"2018-12-21",72.900002
"2018-12-24",71.150002
"2018-12-26",74
"2018-12-27",75.379997
"2018-12-28",75.370003
"2018-12-31",76.410004
"2019-01-02",75.589996
"2019-01-03",74.040001
"2019-01-04",76.269997
"2019-01-07",75.43
"2019-01-08",75.989998
"2019-01-09",75.410004
"2019-01-10",74.480003
"2019-01-11",74.900002
"2019-01-14",73.370003
"2019-01-15",74.5
"2019-01-16",74.610001
"2019-01-17",75.599998
"2019-01-18",75.870003
"2019-01-22",75.830002
"2019-01-23",75.440002
"2019-01-24",73.169998
"2019-01-25",72.949997
"2019-01-28",72.919998
"2019-01-29",73.230003
"2019-01-30",73.370003
"2019-01-31",74.43
"2019-02-01",76.449997
"2019-02-04",76.870003
"2019-02-05",77.150002
"2019-02-06",77.389999
"2019-02-07",76.82
"2019-02-08",77.519997
"2019-02-11",76.709999
"2019-02-12",78.519997
"2019-02-13",79.019997
"2019-02-14",78.940002
"2019-02-15",79.809998
"2019-02-19",79.239998
"2019-02-20",79.43
"2019-02-21",79.830002
"2019-02-22",80.769997
"2019-02-25",80.379997
"2019-02-26",80.739998
"2019-02-27",80.620003
"2019-02-28",81.290001
"2019-03-01",81.650002
"2019-03-04",81.370003
"2019-03-05",81.699997
"2019-03-06",80.760002
"2019-03-07",80.449997
"2019-03-08",79.800003
"2019-03-11",80.870003
"2019-03-12",81.230003
"2019-03-13",81.599998
"2019-03-14",81.489998
"2019-03-15",81.57
"2019-03-18",81.349998
"2019-03-19",81.910004
"2019-03-20",82.080002
"2019-03-21",82.949997
"2019-03-22",82.290001
"2019-03-25",82.349998
"2019-03-26",82.919998
"2019-03-27",82.290001
"2019-03-28",82.629997
"2019-03-29",83.169998
"2019-04-01",83.300003
"2019-04-02",83.209999
"2019-04-03",83.18
"2019-04-04",81.849998
"2019-04-05",81.150002
"2019-04-08",80.949997
"2019-04-09",80.800003
"2019-04-10",80.82
"2019-04-11",79.839996
"2019-04-12",79.43
"2019-04-15",78.529999
"2019-04-16",77.559998
"2019-04-17",73.919998
"2019-04-18",73.190002
"2019-04-22",73.459999
"2019-04-23",74.599998
"2019-04-24",74.730003
"2019-04-25",76.339996
"2019-04-26",76.629997
"2019-04-29",76.779999
"2019-04-30",78.709999
"2019-05-01",78.720001
"2019-05-02",79.519997
"2019-05-03",80
"2019-05-06",79.480003
"2019-05-07",77.900002
"2019-05-08",78.18
"2019-05-09",78.330002
"2019-05-10",78.190002
"2019-05-13",77.169998
"2019-05-14",77.419998
"2019-05-15",77.550003
"2019-05-16",79.129997
"2019-05-17",78.720001
"2019-05-20",78.879997
"2019-05-21",79.5
"2019-05-22",80.980003
"2019-05-23",81.019997
"2019-05-24",81.169998
"2019-05-28",80.260002
"2019-05-29",79.360001
"2019-05-30",79.68
"2019-05-31",79.209999
"2019-06-03",80.260002
"2019-06-04",81.080002
"2019-06-05",81.690002
"2019-06-06",81.440002
"2019-06-07",82.459999
"2019-06-10",82.480003
"2019-06-11",82.980003
"2019-06-12",83.709999
"2019-06-13",82.900002
"2019-06-14",82.779999
"2019-06-17",83.300003
"2019-06-18",84.489998
"2019-06-19",85.360001
"2019-06-20",84.599998
"2019-06-21",84.57
"2019-06-24",85.510002
"2019-06-25",85.239998
"2019-06-26",83.540001
"2019-06-27",83.830002
"2019-06-28",83.849998
"2019-07-01",84.75
"2019-07-02",85.510002
"2019-07-03",86.900002
"2019-07-05",85.599998
"2019-07-08",84.040001
"2019-07-09",84.860001
"2019-07-10",84.82
"2019-07-11",81
"2019-07-12",79.730003
"2019-07-15",80.959999
"2019-07-16",81.589996
"2019-07-17",81.919998
"2019-07-18",82.690002
"2019-07-19",81.389999
"2019-07-22",81.209999
"2019-07-23",82.029999
"2019-07-24",81.75
"2019-07-25",81.75
"2019-07-26",81.43
"2019-07-29",82.489998
"2019-07-30",83.269997
"2019-07-31",82.989998
"2019-08-01",83.690002
"2019-08-02",84.470001
"2019-08-05",83.120003
"2019-08-06",84.349998
"2019-08-07",84.25
"2019-08-08",84.730003
"2019-08-09",85.519997
"2019-08-12",85.019997
"2019-08-13",86.080002
"2019-08-14",83.400002
"2019-08-15",83.459999
"2019-08-16",85.059998
"2019-08-19",86.190002
"2019-08-20",85.650002
"2019-08-21",86.910004
"2019-08-22",86.720001
"2019-08-23",84.940002
"2019-08-26",85.879997
"2019-08-27",85.519997
"2019-08-28",86.480003
"2019-08-29",86.720001
"2019-08-30",86.470001
"2019-09-03",86.650002
"2019-09-04",86.050003
"2019-09-05",86.099998
"2019-09-06",86.57
"2019-09-09",83.470001
"2019-09-10",81.690002
"2019-09-11",82.919998
"2019-09-12",83.309998
"2019-09-13",82.610001
"2019-09-16",82.029999
"2019-09-17",82.510002
"2019-09-18",83.019997
"2019-09-19",83.970001
"2019-09-20",85.160004
"2019-09-23",84.360001
"2019-09-24",83.599998
"2019-09-25",83.099998
"2019-09-26",83.879997
"2019-09-27",82.910004
"2019-09-30",84.18
"2019-10-01",83.610001
"2019-10-02",81.620003
"2019-10-03",82.739998
"2019-10-04",85
"2019-10-07",84.389999
"2019-10-08",83.290001
"2019-10-09",84.18
"2019-10-10",83.760002
"2019-10-11",84.339996
"2019-10-14",84.690002
"2019-10-15",85.040001
"2019-10-16",84.449997
"2019-10-17",83.800003
"2019-10-18",84.68
"2019-10-21",84.519997
"2019-10-22",81.300003
"2019-10-23",82.870003
"2019-10-24",82.580002
"2019-10-25",82.260002
"2019-10-28",82.199997
"2019-10-29",85.099998
"2019-10-30",86.220001
"2019-10-31",86.660004
"2019-11-01",84.940002
"2019-11-04",83.900002
"2019-11-05",82.919998
"2019-11-06",83.25
"2019-11-07",82.879997
"2019-11-08",83.589996
"2019-11-11",83.279999
"2019-11-12",84.120003
"2019-11-13",84.82
"2019-11-14",84.550003
"2019-11-15",84.900002
"2019-11-18",84.129997
"2019-11-19",84.650002
"2019-11-20",85.269997
"2019-11-21",85.459999
"2019-11-22",85.449997
"2019-11-25",85.699997
"2019-11-26",87.339996
"2019-11-27",87.610001
"2019-11-29",87.18
"2019-12-02",87.040001
"2019-12-03",87.379997
"2019-12-04",88.669998
"2019-12-05",88.75
"2019-12-06",88.849998
"2019-12-09",88.720001
"2019-12-10",89.099998
"2019-12-11",88.980003
"2019-12-12",89.57
"2019-12-13",89.190002
"2019-12-16",89.290001
"2019-12-17",89.019997
"2019-12-18",89.620003
"2019-12-19",89.989998
"2019-12-20",91.580002
"2019-12-23",91.739998
"2019-12-24",91.440002
"2019-12-26",91.339996
"2019-12-27",91.5
"2019-12-30",91.029999
"2019-12-31",90.949997
"2020-01-02",92.040001
"2020-01-03",91.25
"2020-01-06",91.639999
"2020-01-07",89.199997
"2020-01-08",88.599998
"2020-01-09",89.379997
"2020-01-10",89.529999
"2020-01-13",89.510002
"2020-01-14",89.93
"2020-01-15",91.540001
"2020-01-16",91.18
"2020-01-17",90.970001
"2020-01-21",89.970001
"2020-01-22",89.650002
"2020-01-23",88.559998
"2020-01-24",85.980003
"2020-01-27",86.099998
"2020-01-28",86.25
"2020-01-29",87.239998
"2020-01-30",86.5
"2020-01-31",85.440002
"2020-02-03",87.339996
"2020-02-04",88.360001
"2020-02-05",85.830002
"2020-02-06",85.68
"2020-02-07",85.080002
"2020-02-10",85.660004
"2020-02-11",85.25
"2020-02-12",83.25
"2020-02-13",81.970001
"2020-02-14",82.650002
"2020-02-18",82.459999
"2020-02-19",82
"2020-02-20",82.489998
"2020-02-21",82.339996
"2020-02-24",81.330002
"2020-02-25",80.269997
"2020-02-26",79.940002
"2020-02-27",78.080002
"2020-02-28",76.559998
"2020-03-02",81.370003
"2020-03-03",79.129997
"2020-03-04",82.970001
"2020-03-05",81.580002
"2020-03-06",82.199997
"2020-03-09",78.959999
"2020-03-10",82.019997
"2020-03-11",79.25
"2020-03-12",74.449997
"2020-03-13",76.75
"2020-03-16",69.919998
"2020-03-17",74.480003
"2020-03-18",71.629997
"2020-03-19",70.730003
"2020-03-20",71.360001
"2020-03-23",66.400002
"2020-03-24",69.050003
"2020-03-25",68.220001
"2020-03-26",73.529999
"2020-03-27",71.730003
"2020-03-30",76.949997
"2020-03-31",76.940002
"2020-04-01",73.800003
"2020-04-02",76.870003
"2020-04-03",76.25
"2020-04-06",80.309998
"2020-04-07",78.559998
"2020-04-08",81.620003
"2020-04-09",82.489998
"2020-04-13",80.540001
"2020-04-14",82.839996
"2020-04-15",82.07
"2020-04-16",83
"2020-04-17",83.459999
"2020-04-20",83.099998
"2020-04-21",78.559998
"2020-04-22",79.980003
"2020-04-23",80.879997
"2020-04-24",81.43
"2020-04-27",83.980003
"2020-04-28",81.18
"2020-04-29",80.769997
"2020-04-30",79.339996
"2020-05-01",77.669998
"2020-05-04",76.860001
"2020-05-05",78.010002
"2020-05-06",77.120003
"2020-05-07",75.599998
"2020-05-08",76.400002
"2020-05-11",77.910004
"2020-05-12",77.190002
"2020-05-13",77.889999
"2020-05-14",80.050003
"2020-05-15",79.779999
"2020-05-18",79.720001
"2020-05-19",77.550003
"2020-05-20",76.889999
"2020-05-21",76.550003
"2020-05-22",76.370003
"2020-05-26",77.260002
"2020-05-27",77.550003
"2020-05-28",79.040001
"2020-05-29",80.720001
"2020-06-01",79.559998
"2020-06-02",80.839996
"2020-06-03",82.059998
"2020-06-04",81.550003
"2020-06-05",82.260002
"2020-06-08",82.900002
"2020-06-09",82.260002
"2020-06-10",81.769997
"2020-06-11",77.349998
"2020-06-12",76.300003
"2020-06-15",74.019997
"2020-06-16",76.970001
"2020-06-17",76.290001
"2020-06-18",76.220001
"2020-06-19",77.900002
"2020-06-22",76.75
"2020-06-23",77.120003
"2020-06-24",75.870003
"2020-06-25",76.57
"2020-06-26",75.190002
"2020-06-29",76.120003
"2020-06-30",77.330002
"2020-07-01",78.120003
"2020-07-02",78.779999
"2020-07-06",79.580002
"2020-07-07",78.720001
"2020-07-08",77.919998
"2020-07-09",76.690002
"2020-07-10",76.730003
"2020-07-13",77.349998
"2020-07-14",78.25
"2020-07-15",79.440002
"2020-07-16",79.400002
"2020-07-17",79.870003
"2020-07-20",79.410004
"2020-07-21",78.889999
"2020-07-22",78.779999
"2020-07-23",78.059998
"2020-07-24",77.099998
"2020-07-27",78.93
"2020-07-28",79.690002
"2020-07-29",79.349998
"2020-07-30",78.989998
"2020-07-31",80.239998
"2020-08-03",82.540001
"2020-08-04",81.669998
"2020-08-05",81.639999
"2020-08-06",81.050003
"2020-08-07",81.019997
"2020-08-10",80.910004
"2020-08-11",80.910004
"2020-08-12",82.68
"2020-08-13",83.540001
"2020-08-14",83.480003
"2020-08-17",84.760002
"2020-08-18",84.559998
"2020-08-19",85.029999
"2020-08-20",85.029999
"2020-08-21",84.980003
"2020-08-24",85.419998
"2020-08-25",85.68
"2020-08-26",85.540001
"2020-08-27",85.82
"2020-08-28",85.650002
"2020-08-31",85.269997
"2020-09-01",84.43
"2020-09-02",86.93
"2020-09-03",85.489998
"2020-09-04",85.239998
"2020-09-08",83.330002
"2020-09-09",84.879997
"2020-09-10",83.57
"2020-09-11",84.480003
"2020-09-14",84.160004
"2020-09-15",84.209999
"2020-09-16",85.57
"2020-09-17",85.639999
"2020-09-18",85.809998
"2020-09-21",83.129997
"2020-09-22",82.940002
"2020-09-23",82.629997
"2020-09-24",83.150002
"2020-09-25",82.93
"2020-09-28",82.760002
"2020-09-29",81.900002
"2020-09-30",82.949997
"2020-10-01",81.639999
"2020-10-02",80.800003
"2020-10-05",81.239998
"2020-10-06",79.629997
"2020-10-07",80.040001
"2020-10-08",80.480003
"2020-10-09",80.360001
"2020-10-12",80.360001
"2020-10-13",80.709999
"2020-10-14",80.510002
"2020-10-15",79.059998
"2020-10-16",79.830002
"2020-10-19",78.669998
"2020-10-20",78.269997
"2020-10-21",78.07
"2020-10-22",79.209999
"2020-10-23",79.830002
"2020-10-26",78.839996
"2020-10-27",77.989998
"2020-10-28",76.18
"2020-10-29",75.889999
"2020-10-30",75.209999
"2020-11-02",76.709999
"2020-11-03",76.919998
"2020-11-04",80.620003
"2020-11-05",80.459999
"2020-11-06",80.360001
"2020-11-09",80.5
"2020-11-10",81.110001
"2020-11-11",81.059998
"2020-11-12",79.860001
"2020-11-13",81.089996
"2020-11-16",80.18
"2020-11-17",81.5
"2020-11-18",80.25
"2020-11-19",80.389999
"2020-11-20",80.449997
"2020-11-23",80.279999
"2020-11-24",80.139999
"2020-11-25",80.059998
"2020-11-27",79.860001
"2020-11-30",80.389999
"2020-12-01",81.550003
"2020-12-02",81.830002
"2020-12-03",81.449997
"2020-12-04",81.940002
"2020-12-07",82.510002
"2020-12-08",83.18
"2020-12-09",83.470001
"2020-12-10",82.989998
"2020-12-11",82.959999
"2020-12-14",80.32
"2020-12-15",80.480003
"2020-12-16",79.830002
"2020-12-17",79.82
"2020-12-18",79.529999
"2020-12-21",79.290001
"2020-12-22",79.419998
"2020-12-23",79.760002
"2020-12-24",80.139999
"2020-12-28",80.449997
"2020-12-29",81.419998
"2020-12-30",80.589996
"2020-12-31",81.800003
"2021-01-04",80.959999
"2021-01-05",81.099998
"2021-01-06",82.379997
"2021-01-07",84.019997
"2021-01-08",83.029999
"2021-01-11",85
"2021-01-12",83.089996
"2021-01-13",82.339996
"2021-01-14",82.169998
"2021-01-15",83.379997
"2021-01-19",83.190002
"2021-01-20",82.459999
"2021-01-21",81.18
"2021-01-22",80.980003
"2021-01-25",81.150002
"2021-01-26",80.25
"2021-01-27",77.07
"2021-01-28",77.919998
"2021-01-29",77.07
"2021-02-01",77.360001
"2021-02-02",77.769997
"2021-02-03",77.32
"2021-02-04",76.029999
"2021-02-05",75.800003
"2021-02-08",75.040001
"2021-02-09",75.040001
"2021-02-10",74.889999
"2021-02-11",74.739998
"2021-02-12",75
"2021-02-16",74.25
"2021-02-17",75.540001
"2021-02-18",75.410004
"2021-02-19",74.309998
"2021-02-22",74.93
"2021-02-23",74.540001
"2021-02-24",74.57
"2021-02-25",74.620003
"2021-02-26",72.620003
"2021-03-01",72.379997
"2021-03-02",72.849998
"2021-03-03",73.300003
"2021-03-04",72.169998
"2021-03-05",73.129997
"2021-03-08",74.169998
"2021-03-09",74.139999
"2021-03-10",74.760002
