"Index","ORCL.Close"
"2010-01-04",24.85
"2010-01-05",24.82
"2010-01-06",24.459999
"2010-01-07",24.379999
"2010-01-08",24.68
"2010-01-11",24.690001
"2010-01-12",24.559999
"2010-01-13",24.799999
"2010-01-14",25.34
"2010-01-15",25.24
"2010-01-19",25.33
"2010-01-20",25.059999
"2010-01-21",24.83
"2010-01-22",24.15
"2010-01-25",24.030001
"2010-01-26",23.879999
"2010-01-27",23.860001
"2010-01-28",23.469999
"2010-01-29",23.059999
"2010-02-01",23.219999
"2010-02-02",23.76
"2010-02-03",23.75
"2010-02-04",23.110001
"2010-02-05",23.549999
"2010-02-08",23.120001
"2010-02-09",23.51
"2010-02-10",23.110001
"2010-02-11",23.35
"2010-02-12",23.41
"2010-02-16",23.809999
"2010-02-17",24.18
"2010-02-18",24.52
"2010-02-19",24.32
"2010-02-22",24.809999
"2010-02-23",24.48
"2010-02-24",24.77
"2010-02-25",24.870001
"2010-02-26",24.65
"2010-03-01",24.74
"2010-03-02",24.58
"2010-03-03",24.5
"2010-03-04",24.76
"2010-03-05",24.950001
"2010-03-08",24.700001
"2010-03-09",24.879999
"2010-03-10",24.870001
"2010-03-11",25.139999
"2010-03-12",25.049999
"2010-03-15",25.280001
"2010-03-16",25.209999
"2010-03-17",25.469999
"2010-03-18",25.379999
"2010-03-19",25.190001
"2010-03-22",25.559999
"2010-03-23",25.99
"2010-03-24",25.76
"2010-03-25",26.040001
"2010-03-26",25.690001
"2010-03-29",25.57
"2010-03-30",25.540001
"2010-03-31",25.709999
"2010-04-01",25.459999
"2010-04-05",25.58
"2010-04-06",25.83
"2010-04-07",25.91
"2010-04-08",25.83
"2010-04-09",26.129999
"2010-04-12",26.200001
"2010-04-13",26.35
"2010-04-14",26.379999
"2010-04-15",26.200001
"2010-04-16",25.950001
"2010-04-19",26.190001
"2010-04-20",26.15
"2010-04-21",26.290001
"2010-04-22",26.24
"2010-04-23",26.48
"2010-04-26",26.469999
"2010-04-27",25.98
"2010-04-28",25.860001
"2010-04-29",25.969999
"2010-04-30",25.870001
"2010-05-03",26.01
"2010-05-04",24.969999
"2010-05-05",24.940001
"2010-05-06",23.91
"2010-05-07",23.41
"2010-05-10",24.389999
"2010-05-11",24.190001
"2010-05-12",24.6
"2010-05-13",24.24
"2010-05-14",23.780001
"2010-05-17",23.74
"2010-05-18",23.43
"2010-05-19",23.190001
"2010-05-20",22.35
"2010-05-21",22.16
"2010-05-24",22.280001
"2010-05-25",22.200001
"2010-05-26",21.91
"2010-05-27",22.58
"2010-05-28",22.57
"2010-06-01",22.200001
"2010-06-02",22.639999
"2010-06-03",22.84
"2010-06-04",22.129999
"2010-06-07",21.700001
"2010-06-08",21.76
"2010-06-09",21.540001
"2010-06-10",22.200001
"2010-06-11",22.690001
"2010-06-14",22.690001
"2010-06-15",23.200001
"2010-06-16",23.18
"2010-06-17",23.07
"2010-06-18",23.200001
"2010-06-21",23.09
"2010-06-22",22.889999
"2010-06-23",22.68
"2010-06-24",22.219999
"2010-06-25",22.66
"2010-06-28",22.450001
"2010-06-29",21.75
"2010-06-30",21.459999
"2010-07-01",21.549999
"2010-07-02",21.83
"2010-07-06",22.32
"2010-07-07",23.09
"2010-07-08",23.219999
"2010-07-09",23.370001
"2010-07-12",23.379999
"2010-07-13",23.709999
"2010-07-14",23.940001
"2010-07-15",23.83
"2010-07-16",23.27
"2010-07-19",23.59
"2010-07-20",23.92
"2010-07-21",23.559999
"2010-07-22",24.309999
"2010-07-23",24.5
"2010-07-26",24.639999
"2010-07-27",24.57
"2010-07-28",24.280001
"2010-07-29",23.700001
"2010-07-30",23.639999
"2010-08-02",24.290001
"2010-08-03",24.209999
"2010-08-04",24.49
"2010-08-05",24.290001
"2010-08-06",24.379999
"2010-08-09",24.26
"2010-08-10",24.290001
"2010-08-11",23.66
"2010-08-12",22.940001
"2010-08-13",22.66
"2010-08-16",22.719999
"2010-08-17",23.049999
"2010-08-18",23.09
"2010-08-19",23
"2010-08-20",23.02
"2010-08-23",22.84
"2010-08-24",22.41
"2010-08-25",22.42
"2010-08-26",22.25
"2010-08-27",22.51
"2010-08-30",22.02
"2010-08-31",21.84
"2010-09-01",22.620001
"2010-09-02",22.48
"2010-09-03",22.92
"2010-09-07",24.26
"2010-09-08",24.139999
"2010-09-09",24.33
"2010-09-10",25.049999
"2010-09-13",25.110001
"2010-09-14",25.379999
"2010-09-15",25.74
"2010-09-16",25.360001
"2010-09-17",27.48
"2010-09-20",27.49
"2010-09-21",26.82
"2010-09-22",27.200001
"2010-09-23",27.120001
"2010-09-24",26.959999
"2010-09-27",26.950001
"2010-09-28",27.190001
"2010-09-29",27.17
"2010-09-30",26.85
"2010-10-01",27.24
"2010-10-04",26.9
"2010-10-05",27.299999
"2010-10-06",27.58
"2010-10-07",27.690001
"2010-10-08",28
"2010-10-11",27.85
"2010-10-12",27.950001
"2010-10-13",28.6
"2010-10-14",28.33
"2010-10-15",28.9
"2010-10-18",29.23
"2010-10-19",29.129999
"2010-10-20",28.639999
"2010-10-21",28.82
"2010-10-22",28.99
"2010-10-25",28.84
"2010-10-26",28.629999
"2010-10-27",28.700001
"2010-10-28",29.360001
"2010-10-29",29.379999
"2010-11-01",29.129999
"2010-11-02",29.530001
"2010-11-03",29.200001
"2010-11-04",29.469999
"2010-11-05",29.25
"2010-11-08",29.040001
"2010-11-09",28.74
"2010-11-10",28.690001
"2010-11-11",28.57
"2010-11-12",28.32
"2010-11-15",28.4
"2010-11-16",27.58
"2010-11-17",27.91
"2010-11-18",28.309999
"2010-11-19",28.15
"2010-11-22",28.049999
"2010-11-23",27.190001
"2010-11-24",27.74
"2010-11-26",27.49
"2010-11-29",27.219999
"2010-11-30",27.049999
"2010-12-01",27.65
"2010-12-02",28.1
"2010-12-03",28.809999
"2010-12-06",28.73
"2010-12-07",29.049999
"2010-12-08",29.23
"2010-12-09",29.26
"2010-12-10",29.940001
"2010-12-13",30.42
"2010-12-14",30.51
"2010-12-15",30.49
"2010-12-16",30.27
"2010-12-17",31.459999
"2010-12-20",31.67
"2010-12-21",31.76
"2010-12-22",31.66
"2010-12-23",31.540001
"2010-12-27",31.66
"2010-12-28",31.57
"2010-12-29",31.5
"2010-12-30",31.290001
"2010-12-31",31.299999
"2011-01-03",31.620001
"2011-01-04",31.48
"2011-01-05",31.040001
"2011-01-06",31.17
"2011-01-07",31.030001
"2011-01-10",31.040001
"2011-01-11",30.99
"2011-01-12",30.940001
"2011-01-13",31.18
"2011-01-14",31.25
"2011-01-18",31.530001
"2011-01-19",31.6
"2011-01-20",32.310001
"2011-01-21",32.509998
"2011-01-24",32.400002
"2011-01-25",32.290001
"2011-01-26",32.560001
"2011-01-27",32.919998
"2011-01-28",32
"2011-01-31",32.029999
"2011-02-01",33.240002
"2011-02-02",33.139999
"2011-02-03",32.990002
"2011-02-04",32.619999
"2011-02-07",32.98
"2011-02-08",33.029999
"2011-02-09",32.889999
"2011-02-10",33.259998
"2011-02-11",33.470001
"2011-02-14",33.290001
"2011-02-15",32.759998
"2011-02-16",33.110001
"2011-02-17",33.009998
"2011-02-18",33.68
"2011-02-22",32.529999
"2011-02-23",32.18
"2011-02-24",32.25
"2011-02-25",32.950001
"2011-02-28",32.900002
"2011-03-01",31.67
"2011-03-02",32.119999
"2011-03-03",33.029999
"2011-03-04",32.759998
"2011-03-07",32.099998
"2011-03-08",32.740002
"2011-03-09",32.790001
"2011-03-10",31.799999
"2011-03-11",31.91
"2011-03-14",31.59
"2011-03-15",31.17
"2011-03-16",30.200001
"2011-03-17",30.549999
"2011-03-18",30.76
"2011-03-21",31.42
"2011-03-22",31.129999
"2011-03-23",31.41
"2011-03-24",32.139999
"2011-03-25",32.639999
"2011-03-28",32.560001
"2011-03-29",33.16
"2011-03-30",33.049999
"2011-03-31",33.43
"2011-04-01",34.02
"2011-04-04",34.139999
"2011-04-05",33.919998
"2011-04-06",33.580002
"2011-04-07",33.720001
"2011-04-08",33.540001
"2011-04-11",33.779999
"2011-04-12",33.400002
"2011-04-13",33.700001
"2011-04-14",33.799999
"2011-04-15",34.18
"2011-04-18",33.630001
"2011-04-19",33.669998
"2011-04-20",34.110001
"2011-04-21",34.75
"2011-04-25",34.830002
"2011-04-26",34.970001
"2011-04-27",35.25
"2011-04-28",35.290001
"2011-04-29",35.959999
"2011-05-02",36.369999
"2011-05-03",36.139999
"2011-05-04",35.25
"2011-05-05",34.669998
"2011-05-06",34.869999
"2011-05-09",35.200001
"2011-05-10",35.619999
"2011-05-11",34.98
"2011-05-12",35.73
"2011-05-13",35.189999
"2011-05-16",34.18
"2011-05-17",33.939999
"2011-05-18",33.91
"2011-05-19",34.5
"2011-05-20",34.27
"2011-05-23",33.16
"2011-05-24",33.040001
"2011-05-25",32.990002
"2011-05-26",33.400002
"2011-05-27",33.700001
"2011-05-31",34.220001
"2011-06-01",32.880001
"2011-06-02",32.720001
"2011-06-03",32.330002
"2011-06-06",32.189999
"2011-06-07",31.84
"2011-06-08",31.25
"2011-06-09",31.629999
"2011-06-10",31.18
"2011-06-13",31.629999
"2011-06-14",32.080002
"2011-06-15",31.16
"2011-06-16",30.799999
"2011-06-17",31.18
"2011-06-20",31.91
"2011-06-21",32.650002
"2011-06-22",32.200001
"2011-06-23",32.459999
"2011-06-24",31.139999
"2011-06-27",31.58
"2011-06-28",32.34
"2011-06-29",32.43
"2011-06-30",32.91
"2011-07-01",33.049999
"2011-07-05",33.060001
"2011-07-06",33.209999
"2011-07-07",34.09
"2011-07-08",33.939999
"2011-07-11",33.139999
"2011-07-12",32.599998
"2011-07-13",32.689999
"2011-07-14",32.049999
"2011-07-15",32.09
"2011-07-18",31.49
"2011-07-19",32.639999
"2011-07-20",32.080002
"2011-07-21",32.470001
"2011-07-22",32.549999
"2011-07-25",32.209999
"2011-07-26",32.150002
"2011-07-27",30.709999
"2011-07-28",30.67
"2011-07-29",30.58
"2011-08-01",30.110001
"2011-08-02",29.549999
"2011-08-03",30.190001
"2011-08-04",28.879999
"2011-08-05",28.35
"2011-08-08",26.02
"2011-08-09",27.6
"2011-08-10",26.48
"2011-08-11",27.700001
"2011-08-12",27.389999
"2011-08-15",27.639999
"2011-08-16",27.57
"2011-08-17",27.469999
"2011-08-18",25.190001
"2011-08-19",24.780001
"2011-08-22",25.059999
"2011-08-23",26.200001
"2011-08-24",26.68
"2011-08-25",25.9
"2011-08-26",26.65
"2011-08-29",27.91
"2011-08-30",27.870001
"2011-08-31",28.07
"2011-09-01",27.84
"2011-09-02",26.969999
"2011-09-06",26.49
"2011-09-07",27.629999
"2011-09-08",26.719999
"2011-09-09",26
"2011-09-12",26.75
"2011-09-13",27.719999
"2011-09-14",28.15
"2011-09-15",28.950001
"2011-09-16",29.23
"2011-09-19",29.02
"2011-09-20",28.35
"2011-09-21",29.540001
"2011-09-22",28.34
"2011-09-23",28.9
"2011-09-26",29.709999
"2011-09-27",30.129999
"2011-09-28",29.450001
"2011-09-29",29.65
"2011-09-30",28.74
"2011-10-03",27.940001
"2011-10-04",28.690001
"2011-10-05",29.51
"2011-10-06",30.07
"2011-10-07",29.91
"2011-10-10",30.969999
"2011-10-11",30.93
"2011-10-12",31.110001
"2011-10-13",31.139999
"2011-10-14",31.85
"2011-10-17",31.23
"2011-10-18",31.879999
"2011-10-19",31.49
"2011-10-20",31.530001
"2011-10-21",32.119999
"2011-10-24",32.869999
"2011-10-25",32.369999
"2011-10-26",32.400002
"2011-10-27",33.66
"2011-10-28",33.689999
"2011-10-31",32.77
"2011-11-01",31.690001
"2011-11-02",32.279999
"2011-11-03",33.110001
"2011-11-04",32.549999
"2011-11-07",32.869999
"2011-11-08",33.610001
"2011-11-09",31.59
"2011-11-10",31.73
"2011-11-11",32.369999
"2011-11-14",32.299999
"2011-11-15",32.959999
"2011-11-16",31.99
"2011-11-17",30.82
"2011-11-18",30.6
"2011-11-21",29.91
"2011-11-22",29.809999
"2011-11-23",29
"2011-11-25",28.74
"2011-11-28",29.870001
"2011-11-29",29.74
"2011-11-30",31.35
"2011-12-01",31.67
"2011-12-02",31.200001
"2011-12-05",31.9
"2011-12-06",31.73
"2011-12-07",31.540001
"2011-12-08",30.74
"2011-12-09",31.690001
"2011-12-12",31.32
"2011-12-13",30.83
"2011-12-14",29.870001
"2011-12-15",29.030001
"2011-12-16",29.209999
"2011-12-19",28.610001
"2011-12-20",29.17
"2011-12-21",25.77
"2011-12-22",25.690001
"2011-12-23",26.059999
"2011-12-27",25.629999
"2011-12-28",25.51
"2011-12-29",25.799999
"2011-12-30",25.65
"2012-01-03",25.860001
"2012-01-04",26.01
"2012-01-05",26.59
"2012-01-06",26.93
"2012-01-09",27.030001
"2012-01-10",26.969999
"2012-01-11",26.889999
"2012-01-12",27.17
"2012-01-13",27.34
"2012-01-17",27.66
"2012-01-18",28.34
"2012-01-19",28.559999
"2012-01-20",28.709999
"2012-01-23",28.389999
"2012-01-24",28.51
"2012-01-25",28.51
"2012-01-26",28.290001
"2012-01-27",28.42
"2012-01-30",28.6
"2012-01-31",28.209999
"2012-02-01",28.879999
"2012-02-02",28.809999
"2012-02-03",29.110001
"2012-02-06",29
"2012-02-07",28.950001
"2012-02-08",28.73
"2012-02-09",28.889999
"2012-02-10",28.5
"2012-02-13",28.43
"2012-02-14",28.24
"2012-02-15",27.98
"2012-02-16",28.950001
"2012-02-17",28.790001
"2012-02-21",28.74
"2012-02-22",28.549999
"2012-02-23",28.809999
"2012-02-24",29.25
"2012-02-27",29.26
"2012-02-28",29.389999
"2012-02-29",29.25
"2012-03-01",29.83
"2012-03-02",29.959999
"2012-03-05",30.24
"2012-03-06",29.940001
"2012-03-07",30.219999
"2012-03-08",30.07
"2012-03-09",30.129999
"2012-03-12",29.709999
"2012-03-13",30.129999
"2012-03-14",29.84
"2012-03-15",30.059999
"2012-03-16",29.74
"2012-03-19",29.76
"2012-03-20",30.1
"2012-03-21",29.41
"2012-03-22",28.629999
"2012-03-23",28.549999
"2012-03-26",29.16
"2012-03-27",29.35
"2012-03-28",29.360001
"2012-03-29",29.299999
"2012-03-30",29.16
"2012-04-02",29.530001
"2012-04-03",29.389999
"2012-04-04",29.16
"2012-04-05",29.559999
"2012-04-09",29.01
"2012-04-10",28.35
"2012-04-11",28.139999
"2012-04-12",28.700001
"2012-04-13",28.559999
"2012-04-16",28.639999
"2012-04-17",29.280001
"2012-04-18",29.129999
"2012-04-19",29.01
"2012-04-20",28.879999
"2012-04-23",28.48
"2012-04-24",28.690001
"2012-04-25",28.870001
"2012-04-26",29.02
"2012-04-27",29.24
"2012-04-30",29.4
"2012-05-01",29.57
"2012-05-02",29.709999
"2012-05-03",29.379999
"2012-05-04",28.41
"2012-05-07",27.92
"2012-05-08",27.93
"2012-05-09",27.780001
"2012-05-10",27.02
"2012-05-11",27
"2012-05-14",26.959999
"2012-05-15",27.059999
"2012-05-16",26.719999
"2012-05-17",26.25
"2012-05-18",25.610001
"2012-05-21",26.26
"2012-05-22",26.360001
"2012-05-23",26.68
"2012-05-24",26.120001
"2012-05-25",26.139999
"2012-05-29",26.459999
"2012-05-30",26.17
"2012-05-31",26.469999
"2012-06-01",26
"2012-06-04",26.200001
"2012-06-05",26.709999
"2012-06-06",27.530001
"2012-06-07",27.18
"2012-06-08",27.16
"2012-06-11",26.809999
"2012-06-12",27.030001
"2012-06-13",27.02
"2012-06-14",26.91
"2012-06-15",27.700001
"2012-06-18",27.120001
"2012-06-19",27.959999
"2012-06-20",28.49
"2012-06-21",27.809999
"2012-06-22",28
"2012-06-25",27.620001
"2012-06-26",27.83
"2012-06-27",28.17
"2012-06-28",28.17
"2012-06-29",29.700001
"2012-07-02",29.799999
"2012-07-03",29.969999
"2012-07-05",29.719999
"2012-07-06",29.18
"2012-07-09",29.1
"2012-07-10",29.049999
"2012-07-11",29.23
"2012-07-12",28.82
"2012-07-13",29.58
"2012-07-16",29.52
"2012-07-17",29.92
"2012-07-18",30.5
"2012-07-19",30.870001
"2012-07-20",30.120001
"2012-07-23",29.65
"2012-07-24",29.32
"2012-07-25",29.26
"2012-07-26",30
"2012-07-27",30.77
"2012-07-30",30.58
"2012-07-31",30.200001
"2012-08-01",30.32
"2012-08-02",29.92
"2012-08-03",30.719999
"2012-08-06",31
"2012-08-07",31.5
"2012-08-08",31.16
"2012-08-09",31.370001
"2012-08-10",31.610001
"2012-08-13",31.360001
"2012-08-14",31.35
"2012-08-15",31.549999
"2012-08-16",32.029999
"2012-08-17",32.200001
"2012-08-20",32.040001
"2012-08-21",31.75
"2012-08-22",31.700001
"2012-08-23",31.59
"2012-08-24",31.950001
"2012-08-27",31.83
"2012-08-28",31.58
"2012-08-29",31.49
"2012-08-30",31.17
"2012-08-31",31.65
"2012-09-04",31.57
"2012-09-05",32.07
"2012-09-06",32.630001
"2012-09-07",32.599998
"2012-09-10",32.310001
"2012-09-11",32.32
"2012-09-12",32.259998
"2012-09-13",32.619999
"2012-09-14",32.950001
"2012-09-17",33.099998
"2012-09-18",33.02
"2012-09-19",32.779999
"2012-09-20",32.259998
"2012-09-21",32.470001
"2012-09-24",32.220001
"2012-09-25",31.299999
"2012-09-26",30.73
"2012-09-27",31.219999
"2012-09-28",31.459999
"2012-10-01",31.67
"2012-10-02",31.65
"2012-10-03",31.82
"2012-10-04",31.9
"2012-10-05",31.389999
"2012-10-08",31.18
"2012-10-09",30.65
"2012-10-10",30.58
"2012-10-11",30.719999
"2012-10-12",31
"2012-10-15",31.299999
"2012-10-16",31.870001
"2012-10-17",31.23
"2012-10-18",31.120001
"2012-10-19",30.48
"2012-10-22",30.799999
"2012-10-23",30.59
"2012-10-24",30.6
"2012-10-25",30.860001
"2012-10-26",30.99
"2012-10-31",31.08
"2012-11-01",31.48
"2012-11-02",31.209999
"2012-11-05",31.25
"2012-11-06",31.629999
"2012-11-07",30.790001
"2012-11-08",30.42
"2012-11-09",30.35
"2012-11-12",30.299999
"2012-11-13",30.02
"2012-11-14",29.58
"2012-11-15",29.950001
"2012-11-16",30
"2012-11-19",30.139999
"2012-11-20",30.200001
"2012-11-21",30.4
"2012-11-23",30.92
"2012-11-26",30.959999
"2012-11-27",31.219999
"2012-11-28",31.799999
"2012-11-29",31.84
"2012-11-30",32.18
"2012-12-03",32.310001
"2012-12-04",32.380001
"2012-12-05",32
"2012-12-06",32.029999
"2012-12-07",31.92
"2012-12-10",32.07
"2012-12-11",32.34
"2012-12-12",31.940001
"2012-12-13",31.610001
"2012-12-14",31.959999
"2012-12-17",32.32
"2012-12-18",32.880001
"2012-12-19",34.09
"2012-12-20",33.939999
"2012-12-21",33.759998
"2012-12-24",33.610001
"2012-12-26",33.610001
"2012-12-27",33.27
"2012-12-28",33.02
"2012-12-31",33.32
"2013-01-02",34.689999
"2013-01-03",34.310001
"2013-01-04",34.610001
"2013-01-07",34.43
"2013-01-08",34.439999
"2013-01-09",34.459999
"2013-01-10",34.91
"2013-01-11",34.860001
"2013-01-14",34.959999
"2013-01-15",34.700001
"2013-01-16",34.639999
"2013-01-17",34.619999
"2013-01-18",35.110001
"2013-01-22",34.93
"2013-01-23",34.689999
"2013-01-24",34.939999
"2013-01-25",35.380001
"2013-01-28",35.540001
"2013-01-29",35.779999
"2013-01-30",35.380001
"2013-01-31",35.509998
"2013-02-01",36.209999
"2013-02-04",35.130001
"2013-02-05",35.48
"2013-02-06",35.099998
"2013-02-07",34.560001
"2013-02-08",34.900002
"2013-02-11",34.959999
"2013-02-12",35.110001
"2013-02-13",34.990002
"2013-02-14",34.900002
"2013-02-15",34.810001
"2013-02-19",35.400002
"2013-02-20",35.009998
"2013-02-21",34.279999
"2013-02-22",34.75
"2013-02-25",34.279999
"2013-02-26",34.32
"2013-02-27",34.68
"2013-02-28",34.240002
"2013-03-01",34.630001
"2013-03-04",35.049999
"2013-03-05",35.459999
"2013-03-06",35.860001
"2013-03-07",35.939999
"2013-03-08",35.709999
"2013-03-11",35.880001
"2013-03-12",35.43
"2013-03-13",35.580002
"2013-03-14",36.299999
"2013-03-15",36.34
"2013-03-18",36.040001
"2013-03-19",35.689999
"2013-03-20",35.77
"2013-03-21",32.299999
"2013-03-22",31.98
"2013-03-25",31.25
"2013-03-26",31.540001
"2013-03-27",31.950001
"2013-03-28",32.330002
"2013-04-01",32.41
"2013-04-02",32.740002
"2013-04-03",32.400002
"2013-04-04",32.369999
"2013-04-05",32.029999
"2013-04-08",32.360001
"2013-04-09",33.040001
"2013-04-10",33.73
"2013-04-11",33.619999
"2013-04-12",33.459999
"2013-04-15",32.799999
"2013-04-16",33.419998
"2013-04-17",32.490002
"2013-04-18",32.119999
"2013-04-19",32.369999
"2013-04-22",32.52
"2013-04-23",32.459999
"2013-04-24",32.509998
"2013-04-25",32.27
"2013-04-26",32.360001
"2013-04-29",32.240002
"2013-04-30",32.779999
"2013-05-01",33.16
"2013-05-02",33.689999
"2013-05-03",33.380001
"2013-05-06",33.509998
"2013-05-07",33.259998
"2013-05-08",33.459999
"2013-05-09",33.700001
"2013-05-10",34.02
"2013-05-13",33.779999
"2013-05-14",33.669998
"2013-05-15",33.990002
"2013-05-16",34.369999
"2013-05-17",35.029999
"2013-05-20",34.900002
"2013-05-21",35.099998
"2013-05-22",34.119999
"2013-05-23",34.23
"2013-05-24",34.049999
"2013-05-28",34.529999
"2013-05-29",34.400002
"2013-05-30",34.34
"2013-05-31",33.779999
"2013-06-03",34.389999
"2013-06-04",34.16
"2013-06-05",34.119999
"2013-06-06",33.349998
"2013-06-07",33.810001
"2013-06-10",34.049999
"2013-06-11",33.57
"2013-06-12",33.52
"2013-06-13",34.25
"2013-06-14",33.77
"2013-06-17",34.27
"2013-06-18",34.400002
"2013-06-19",34.09
"2013-06-20",33.209999
"2013-06-21",30.139999
"2013-06-24",30.17
"2013-06-25",29.959999
"2013-06-26",30.139999
"2013-06-27",30.450001
"2013-06-28",30.709999
"2013-07-01",30.110001
"2013-07-02",30.1
"2013-07-03",30.700001
"2013-07-05",31.190001
"2013-07-08",31.65
"2013-07-09",31.52
"2013-07-10",31.23
"2013-07-11",31.860001
"2013-07-12",31.25
"2013-07-15",32.009998
"2013-07-16",32
"2013-07-17",32.16
"2013-07-18",32.009998
"2013-07-19",31.860001
"2013-07-22",31.870001
"2013-07-23",32.07
"2013-07-24",32.389999
"2013-07-25",32.369999
"2013-07-26",32.540001
"2013-07-29",32.48
"2013-07-30",32.549999
"2013-07-31",32.349998
"2013-08-01",32.75
"2013-08-02",32.57
"2013-08-05",32.779999
"2013-08-06",33
"2013-08-07",32.82
"2013-08-08",33.02
"2013-08-09",32.919998
"2013-08-12",33.25
"2013-08-13",33.25
"2013-08-14",33.57
"2013-08-15",32.73
"2013-08-16",32.41
"2013-08-19",32.060001
"2013-08-20",32.200001
"2013-08-21",32.299999
"2013-08-22",32.400002
"2013-08-23",31.77
"2013-08-26",32.34
"2013-08-27",31.780001
"2013-08-28",31.66
"2013-08-29",31.700001
"2013-08-30",31.860001
"2013-09-03",32.02
"2013-09-04",32.32
"2013-09-05",32.259998
"2013-09-06",32.200001
"2013-09-09",32.75
"2013-09-10",32.860001
"2013-09-11",33.02
"2013-09-12",32.790001
"2013-09-13",32.459999
"2013-09-16",32.970001
"2013-09-17",33.259998
"2013-09-18",33.869999
"2013-09-19",33.889999
"2013-09-20",34.049999
"2013-09-23",33.939999
"2013-09-24",33.639999
"2013-09-25",33.869999
"2013-09-26",33.810001
"2013-09-27",33.779999
"2013-09-30",33.169998
"2013-10-01",33.5
"2013-10-02",33.68
"2013-10-03",33.240002
"2013-10-04",33.209999
"2013-10-07",32.84
"2013-10-08",32.369999
"2013-10-09",32.189999
"2013-10-10",32.990002
"2013-10-11",33.259998
"2013-10-14",33.279999
"2013-10-15",32.75
"2013-10-16",33.02
"2013-10-17",32.869999
"2013-10-18",32.900002
"2013-10-21",32.950001
"2013-10-22",32.900002
"2013-10-23",32.700001
"2013-10-24",33.07
"2013-10-25",33.150002
"2013-10-28",33.139999
"2013-10-29",33.709999
"2013-10-30",33.529999
"2013-10-31",33.5
"2013-11-01",33.529999
"2013-11-04",33.709999
"2013-11-05",33.5
"2013-11-06",34.07
"2013-11-07",34
"2013-11-08",34.349998
"2013-11-11",34.369999
"2013-11-12",34.700001
"2013-11-13",35
"2013-11-14",34.380001
"2013-11-15",34.919998
"2013-11-18",34.93
"2013-11-19",34.759998
"2013-11-20",34.75
"2013-11-21",34.939999
"2013-11-22",34.830002
"2013-11-25",34.779999
"2013-11-26",34.93
"2013-11-27",35.290001
"2013-11-29",35.290001
"2013-12-02",35.080002
"2013-12-03",35.07
"2013-12-04",35.07
"2013-12-05",34.849998
"2013-12-06",35.48
"2013-12-09",35.599998
"2013-12-10",34.799999
"2013-12-11",34.560001
"2013-12-12",33.599998
"2013-12-13",33.23
"2013-12-16",33.540001
"2013-12-17",33.630001
"2013-12-18",34.599998
"2013-12-19",36.599998
"2013-12-20",36.369999
"2013-12-23",36.93
"2013-12-24",37.32
"2013-12-26",37.689999
"2013-12-27",37.98
"2013-12-30",37.990002
"2013-12-31",38.259998
"2014-01-02",37.84
"2014-01-03",37.619999
"2014-01-06",37.470001
"2014-01-07",37.849998
"2014-01-08",37.720001
"2014-01-09",37.650002
"2014-01-10",38.110001
"2014-01-13",37.75
"2014-01-14",38.209999
"2014-01-15",38.41
"2014-01-16",38.290001
"2014-01-17",38.209999
"2014-01-21",38.110001
"2014-01-22",37.98
"2014-01-23",38.150002
"2014-01-24",37.110001
"2014-01-27",36.490002
"2014-01-28",37.099998
"2014-01-29",36.970001
"2014-01-30",37.400002
"2014-01-31",36.900002
"2014-02-03",35.84
"2014-02-04",35.959999
"2014-02-05",35.950001
"2014-02-06",36.720001
"2014-02-07",37.189999
"2014-02-10",37.299999
"2014-02-11",37.84
"2014-02-12",38.07
"2014-02-13",38.419998
"2014-02-14",37.98
"2014-02-18",37.970001
"2014-02-19",37.869999
"2014-02-20",38.27
"2014-02-21",38.099998
"2014-02-24",38.139999
"2014-02-25",38.25
"2014-02-26",38.5
"2014-02-27",38.950001
"2014-02-28",39.110001
"2014-03-03",38.509998
"2014-03-04",39.41
"2014-03-05",39.5
"2014-03-06",39.459999
"2014-03-07",38.830002
"2014-03-10",38.860001
"2014-03-11",38.900002
"2014-03-12",38.52
"2014-03-13",37.650002
"2014-03-14",37.599998
"2014-03-17",38.220001
"2014-03-18",38.84
"2014-03-19",38.549999
"2014-03-20",38.369999
"2014-03-21",37.5
"2014-03-24",38.18
"2014-03-25",38.400002
"2014-03-26",39.080002
"2014-03-27",39.240002
"2014-03-28",39.57
"2014-03-31",40.91
"2014-04-01",41.490002
"2014-04-02",41.130001
"2014-04-03",40.369999
"2014-04-04",39.98
"2014-04-07",39.470001
"2014-04-08",40.240002
"2014-04-09",40.880001
"2014-04-10",39.790001
"2014-04-11",38.98
"2014-04-14",39.57
"2014-04-15",39.73
"2014-04-16",40.130001
"2014-04-17",40.080002
"2014-04-21",40.240002
"2014-04-22",40.459999
"2014-04-23",39.790001
"2014-04-24",39.75
"2014-04-25",39.450001
"2014-04-28",40.130001
"2014-04-29",40.110001
"2014-04-30",40.880001
"2014-05-01",40.970001
"2014-05-02",40.810001
"2014-05-05",41.209999
"2014-05-06",41.009998
"2014-05-07",41.060001
"2014-05-08",40.869999
"2014-05-09",41.040001
"2014-05-12",41.950001
"2014-05-13",41.889999
"2014-05-14",41.880001
"2014-05-15",41.93
"2014-05-16",41.689999
"2014-05-19",42.16
"2014-05-20",41.560001
"2014-05-21",41.68
"2014-05-22",41.52
"2014-05-23",42.150002
"2014-05-27",41.91
"2014-05-28",41.57
"2014-05-29",42.200001
"2014-05-30",42.02
"2014-06-02",41.970001
"2014-06-03",41.810001
"2014-06-04",41.700001
"2014-06-05",42.099998
"2014-06-06",42.630001
"2014-06-09",42.700001
"2014-06-10",42.66
"2014-06-11",42.560001
"2014-06-12",42
"2014-06-13",42.139999
"2014-06-16",42.150002
"2014-06-17",42.32
"2014-06-18",42.810001
"2014-06-19",42.509998
"2014-06-20",40.82
"2014-06-23",41.099998
"2014-06-24",40.759998
"2014-06-25",40.459999
"2014-06-26",40.150002
"2014-06-27",40.529999
"2014-06-30",40.529999
"2014-07-01",40.77
"2014-07-02",40.950001
"2014-07-03",41.34
"2014-07-07",40.889999
"2014-07-08",40.560001
"2014-07-09",40.259998
"2014-07-10",40.32
"2014-07-11",40.130001
"2014-07-14",40.490002
"2014-07-15",40.540001
"2014-07-16",40.259998
"2014-07-17",39.91
"2014-07-18",40
"2014-07-21",40.009998
"2014-07-22",40.43
"2014-07-23",40.310001
"2014-07-24",40.470001
"2014-07-25",40.330002
"2014-07-28",40.549999
"2014-07-29",40.630001
"2014-07-30",40.959999
"2014-07-31",40.389999
"2014-08-01",39.610001
"2014-08-04",40.099998
"2014-08-05",39.959999
"2014-08-06",40.16
"2014-08-07",39.669998
"2014-08-08",39.939999
"2014-08-11",39.919998
"2014-08-12",39.900002
"2014-08-13",40.240002
"2014-08-14",40.220001
"2014-08-15",40.279999
"2014-08-18",40.639999
"2014-08-19",41.41
"2014-08-20",41.25
"2014-08-21",41.580002
"2014-08-22",41.630001
"2014-08-25",41.740002
"2014-08-26",41.84
"2014-08-27",41.639999
"2014-08-28",41.27
"2014-08-29",41.529999
"2014-09-02",41.66
"2014-09-03",41.900002
"2014-09-04",41.549999
"2014-09-05",41.27
"2014-09-08",40.639999
"2014-09-09",40.709999
"2014-09-10",40.709999
"2014-09-11",40.68
"2014-09-12",40.5
"2014-09-15",40.66
"2014-09-16",41.189999
"2014-09-17",41.139999
"2014-09-18",41.549999
"2014-09-19",39.799999
"2014-09-22",39.580002
"2014-09-23",38.830002
"2014-09-24",39.419998
"2014-09-25",38.759998
"2014-09-26",38.950001
"2014-09-29",38.439999
"2014-09-30",38.279999
"2014-10-01",38.09
"2014-10-02",38.27
"2014-10-03",38.889999
"2014-10-06",39.080002
"2014-10-07",38.459999
"2014-10-08",39.02
"2014-10-09",38.740002
"2014-10-10",38.099998
"2014-10-13",38.23
"2014-10-14",38.459999
"2014-10-15",38.299999
"2014-10-16",37.560001
"2014-10-17",37.869999
"2014-10-20",37.799999
"2014-10-21",38.349998
"2014-10-22",37.639999
"2014-10-23",38.23
"2014-10-24",38.73
"2014-10-27",38.43
"2014-10-28",38.650002
"2014-10-29",38.580002
"2014-10-30",38.5
"2014-10-31",39.049999
"2014-11-03",38.990002
"2014-11-04",39.130001
"2014-11-05",39.290001
"2014-11-06",39.810001
"2014-11-07",39.939999
"2014-11-10",40.450001
"2014-11-11",40.470001
"2014-11-12",40.139999
"2014-11-13",40.720001
"2014-11-14",40.84
"2014-11-17",41.16
"2014-11-18",41.259998
"2014-11-19",40.919998
"2014-11-20",40.919998
"2014-11-21",41.439999
"2014-11-24",41.43
"2014-11-25",41.150002
"2014-11-26",41.869999
"2014-11-28",42.41
"2014-12-01",42.080002
"2014-12-02",42.18
"2014-12-03",42.060001
"2014-12-04",41.889999
"2014-12-05",41.93
"2014-12-08",41.369999
"2014-12-09",41.869999
"2014-12-10",40.919998
"2014-12-11",40.759998
"2014-12-12",39.950001
"2014-12-15",41.110001
"2014-12-16",40.630001
"2014-12-17",41.16
"2014-12-18",45.349998
"2014-12-19",46
"2014-12-22",45.650002
"2014-12-23",46.009998
"2014-12-24",46.23
"2014-12-26",46.099998
"2014-12-29",45.610001
"2014-12-30",45.34
"2014-12-31",44.970001
"2015-01-02",44.330002
"2015-01-05",43.59
"2015-01-06",43.139999
"2015-01-07",43.150002
"2015-01-08",43.41
"2015-01-09",43.389999
"2015-01-12",43.27
"2015-01-13",42.93
"2015-01-14",43.060001
"2015-01-15",42.630001
"2015-01-16",43.509998
"2015-01-20",43.900002
"2015-01-21",43.490002
"2015-01-22",44.049999
"2015-01-23",44.189999
"2015-01-26",43.900002
"2015-01-27",43.400002
"2015-01-28",42.689999
"2015-01-29",42.860001
"2015-01-30",41.889999
"2015-02-02",42.68
"2015-02-03",43.040001
"2015-02-04",42.419998
"2015-02-05",43.16
"2015-02-06",42.98
"2015-02-09",43.400002
"2015-02-10",43.990002
"2015-02-11",43.360001
"2015-02-12",43.889999
"2015-02-13",43.93
"2015-02-17",43.84
"2015-02-18",44.099998
"2015-02-19",44.110001
"2015-02-20",43.77
"2015-02-23",43.779999
"2015-02-24",43.880001
"2015-02-25",43.73
"2015-02-26",43.889999
"2015-02-27",43.82
"2015-03-02",44.029999
"2015-03-03",43.380001
"2015-03-04",43.610001
"2015-03-05",43.799999
"2015-03-06",42.380001
"2015-03-09",42.689999
"2015-03-10",41.82
"2015-03-11",41.470001
"2015-03-12",41.619999
"2015-03-13",42.380001
"2015-03-16",43.41
"2015-03-17",42.869999
"2015-03-18",44.130001
"2015-03-19",44.16
"2015-03-20",44.41
"2015-03-23",44.25
"2015-03-24",43.709999
"2015-03-25",42.93
"2015-03-26",42.990002
"2015-03-27",42.639999
"2015-03-30",43.439999
"2015-03-31",43.150002
"2015-04-01",42.939999
"2015-04-02",42.619999
"2015-04-06",42.959999
"2015-04-07",42.959999
"2015-04-08",43.110001
"2015-04-09",43.200001
"2015-04-10",43.509998
"2015-04-13",43.080002
"2015-04-14",42.73
"2015-04-15",43.990002
"2015-04-16",43.459999
"2015-04-17",43
"2015-04-20",43.32
"2015-04-21",43.419998
"2015-04-22",43.549999
"2015-04-23",43.389999
"2015-04-24",43.080002
"2015-04-27",43.610001
"2015-04-28",44.5
"2015-04-29",44.73
"2015-04-30",43.619999
"2015-05-01",44.369999
"2015-05-04",44.59
"2015-05-05",43.919998
"2015-05-06",43.259998
"2015-05-07",43.48
"2015-05-08",44.009998
"2015-05-11",43.84
"2015-05-12",43.57
"2015-05-13",43.790001
"2015-05-14",44.380001
"2015-05-15",44.150002
"2015-05-18",44.240002
"2015-05-19",44.32
"2015-05-20",44.290001
"2015-05-21",44.279999
"2015-05-22",43.93
"2015-05-26",43.330002
"2015-05-27",44.139999
"2015-05-28",43.860001
"2015-05-29",43.490002
"2015-06-01",43.790001
"2015-06-02",43.700001
"2015-06-03",43.970001
"2015-06-04",43.77
"2015-06-05",43.810001
"2015-06-08",43.099998
"2015-06-09",43.07
"2015-06-10",43.939999
"2015-06-11",44.279999
"2015-06-12",44.34
"2015-06-15",43.720001
"2015-06-16",44.639999
"2015-06-17",44.91
"2015-06-18",42.740002
"2015-06-19",41.59
"2015-06-22",41.490002
"2015-06-23",41.709999
"2015-06-24",41.200001
"2015-06-25",41.060001
"2015-06-26",40.990002
"2015-06-29",40.419998
"2015-06-30",40.299999
"2015-07-01",40.240002
"2015-07-02",40.360001
"2015-07-06",40.150002
"2015-07-07",40.16
"2015-07-08",39.77
"2015-07-09",40.18
"2015-07-10",40.360001
"2015-07-13",40.799999
"2015-07-14",40.779999
"2015-07-15",40.790001
"2015-07-16",40.959999
"2015-07-17",40.400002
"2015-07-20",39.93
"2015-07-21",39.57
"2015-07-22",39.419998
"2015-07-23",39
"2015-07-24",39
"2015-07-27",38.509998
"2015-07-28",39.279999
"2015-07-29",39.790001
"2015-07-30",39.650002
"2015-07-31",39.939999
"2015-08-03",39.709999
"2015-08-04",39.66
"2015-08-05",39.639999
"2015-08-06",39.32
"2015-08-07",39.560001
"2015-08-10",39.889999
"2015-08-11",39.169998
"2015-08-12",39.279999
"2015-08-13",39.310001
"2015-08-14",39.41
"2015-08-17",39.720001
"2015-08-18",39.830002
"2015-08-19",39.529999
"2015-08-20",38.630001
"2015-08-21",37.549999
"2015-08-24",36.080002
"2015-08-25",35.450001
"2015-08-26",36.91
"2015-08-27",36.82
"2015-08-28",37.459999
"2015-08-31",37.09
"2015-09-01",36.009998
"2015-09-02",36.75
"2015-09-03",36.900002
"2015-09-04",36.27
"2015-09-08",37.68
"2015-09-09",37.09
"2015-09-10",37.610001
"2015-09-11",37.919998
"2015-09-14",37.560001
"2015-09-15",37.990002
"2015-09-16",38.27
"2015-09-17",36.740002
"2015-09-18",36.380001
"2015-09-21",36.830002
"2015-09-22",36.189999
"2015-09-23",35.990002
"2015-09-24",36.060001
"2015-09-25",36.049999
"2015-09-28",35.439999
"2015-09-29",35.509998
"2015-09-30",36.119999
"2015-10-01",36.240002
"2015-10-02",36.889999
"2015-10-05",37.59
"2015-10-06",37.73
"2015-10-07",37.66
"2015-10-08",37.889999
"2015-10-09",38.099998
"2015-10-12",38.040001
"2015-10-13",37.82
"2015-10-14",37.259998
"2015-10-15",37.549999
"2015-10-16",37.369999
"2015-10-19",36.869999
"2015-10-20",36.860001
"2015-10-21",36.619999
"2015-10-22",37.790001
"2015-10-23",38.07
"2015-10-26",38.369999
"2015-10-27",38.34
"2015-10-28",38.880001
"2015-10-29",38.860001
"2015-10-30",38.84
"2015-11-02",39.75
"2015-11-03",40.200001
"2015-11-04",40.48
"2015-11-05",40.349998
"2015-11-06",40.619999
"2015-11-09",40.099998
"2015-11-10",39.919998
"2015-11-11",39.040001
"2015-11-12",38.630001
"2015-11-13",37.299999
"2015-11-16",38.119999
"2015-11-17",38.130001
"2015-11-18",38.700001
"2015-11-19",39.02
"2015-11-20",39.34
"2015-11-23",39.139999
"2015-11-24",39.459999
"2015-11-25",39.259998
"2015-11-27",39.18
"2015-11-30",38.970001
"2015-12-01",39.23
"2015-12-02",38.700001
"2015-12-03",37.810001
"2015-12-04",39.16
"2015-12-07",38.82
"2015-12-08",38.73
"2015-12-09",38.580002
"2015-12-10",38.189999
"2015-12-11",37.209999
"2015-12-14",37.650002
"2015-12-15",38.209999
"2015-12-16",38.91
"2015-12-17",36.93
"2015-12-18",36.349998
"2015-12-21",36.419998
"2015-12-22",36.59
"2015-12-23",36.93
"2015-12-24",37.009998
"2015-12-28",36.790001
"2015-12-29",37.040001
"2015-12-30",36.919998
"2015-12-31",36.529999
"2016-01-04",35.75
"2016-01-05",35.639999
"2016-01-06",35.82
"2016-01-07",35.040001
"2016-01-08",34.650002
"2016-01-11",34.939999
"2016-01-12",35.369999
"2016-01-13",34.080002
"2016-01-14",34.790001
"2016-01-15",34.119999
"2016-01-19",34.549999
"2016-01-20",33.939999
"2016-01-21",34.119999
"2016-01-22",34.799999
"2016-01-25",34.34
"2016-01-26",35.23
"2016-01-27",34.91
"2016-01-28",35.330002
"2016-01-29",36.310001
"2016-02-01",36.32
"2016-02-02",35.349998
"2016-02-03",35.689999
"2016-02-04",36.450001
"2016-02-05",35.700001
"2016-02-08",35.610001
"2016-02-09",35.080002
"2016-02-10",35.200001
"2016-02-11",34.84
"2016-02-12",35.540001
"2016-02-16",35.700001
"2016-02-17",36.630001
"2016-02-18",36.630001
"2016-02-19",36.779999
"2016-02-22",37.110001
"2016-02-23",36.549999
"2016-02-24",36.630001
"2016-02-25",37.290001
"2016-02-26",36.959999
"2016-02-29",36.779999
"2016-03-01",37.990002
"2016-03-02",37.759998
"2016-03-03",37.889999
"2016-03-04",37.889999
"2016-03-07",38.360001
"2016-03-08",38.150002
"2016-03-09",38.48
"2016-03-10",38.049999
"2016-03-11",38.950001
"2016-03-14",38.700001
"2016-03-15",38.740002
"2016-03-16",40.220001
"2016-03-17",40.610001
"2016-03-18",41.48
"2016-03-21",41.610001
"2016-03-22",41.380001
"2016-03-23",40.75
"2016-03-24",40.970001
"2016-03-28",40.619999
"2016-03-29",40.700001
"2016-03-30",40.970001
"2016-03-31",40.91
"2016-04-01",41.16
"2016-04-04",41.07
"2016-04-05",40.529999
"2016-04-06",40.75
"2016-04-07",39.970001
"2016-04-08",40.360001
"2016-04-11",40.389999
"2016-04-12",40.419998
"2016-04-13",41.310001
"2016-04-14",41.240002
"2016-04-15",41.02
"2016-04-18",41.240002
"2016-04-19",41.060001
"2016-04-20",41.099998
"2016-04-21",40.990002
"2016-04-22",40.700001
"2016-04-25",40.779999
"2016-04-26",40.650002
"2016-04-27",40.849998
"2016-04-28",40.330002
"2016-04-29",39.860001
"2016-05-02",40.299999
"2016-05-03",39.68
"2016-05-04",39.290001
"2016-05-05",39.23
"2016-05-06",39.41
"2016-05-09",39.360001
"2016-05-10",40.02
"2016-05-11",39.650002
"2016-05-12",39.82
"2016-05-13",39.610001
"2016-05-16",39.970001
"2016-05-17",39.599998
"2016-05-18",39.470001
"2016-05-19",38.84
"2016-05-20",39.41
"2016-05-23",39.18
"2016-05-24",39.900002
"2016-05-25",40.130001
"2016-05-26",39.950001
"2016-05-27",40.07
"2016-05-31",40.200001
"2016-06-01",40.259998
"2016-06-02",38.66
"2016-06-03",39.099998
"2016-06-06",39.439999
"2016-06-07",39.130001
"2016-06-08",39.279999
"2016-06-09",39.049999
"2016-06-10",38.740002
"2016-06-13",38.619999
"2016-06-14",38.830002
"2016-06-15",38.439999
"2016-06-16",38.639999
"2016-06-17",39.68
"2016-06-20",39.73
"2016-06-21",39.990002
"2016-06-22",40.009998
"2016-06-23",40.830002
"2016-06-24",39.23
"2016-06-27",38.48
"2016-06-28",39.130001
"2016-06-29",40.549999
"2016-06-30",40.93
"2016-07-01",40.860001
"2016-07-05",40.400002
"2016-07-06",40.529999
"2016-07-07",40.529999
"2016-07-08",40.869999
"2016-07-11",40.779999
"2016-07-12",41.419998
"2016-07-13",41.459999
"2016-07-14",41.669998
"2016-07-15",41.77
"2016-07-18",41.639999
"2016-07-19",41.080002
"2016-07-20",41.25
"2016-07-21",41.07
"2016-07-22",41.080002
"2016-07-25",41.16
"2016-07-26",40.939999
"2016-07-27",40.93
"2016-07-28",41.189999
"2016-07-29",41.040001
"2016-08-01",41.150002
"2016-08-02",40.709999
"2016-08-03",40.709999
"2016-08-04",40.900002
"2016-08-05",41.130001
"2016-08-08",41.16
"2016-08-09",41.099998
"2016-08-10",41.09
"2016-08-11",41.279999
"2016-08-12",41.09
"2016-08-15",41.389999
"2016-08-16",41.32
"2016-08-17",41.209999
"2016-08-18",41.139999
"2016-08-19",41.32
"2016-08-22",41.220001
"2016-08-23",41.5
"2016-08-24",41.07
"2016-08-25",41.099998
"2016-08-26",41.259998
"2016-08-29",41.310001
"2016-08-30",41.310001
"2016-08-31",41.220001
"2016-09-01",41.16
"2016-09-02",41.25
"2016-09-06",41.25
"2016-09-07",41.25
"2016-09-08",40.720001
"2016-09-09",40.029999
"2016-09-12",40.68
"2016-09-13",40.18
"2016-09-14",40.25
"2016-09-15",40.860001
"2016-09-16",38.919998
"2016-09-19",39.23
"2016-09-20",39.07
"2016-09-21",39.509998
"2016-09-22",39.509998
"2016-09-23",39.23
"2016-09-26",39.029999
"2016-09-27",39.299999
"2016-09-28",39.439999
"2016-09-29",39.119999
"2016-09-30",39.279999
"2016-10-03",38.990002
"2016-10-04",38.869999
"2016-10-05",39.150002
"2016-10-06",38.869999
"2016-10-07",38.709999
"2016-10-10",38.619999
"2016-10-11",38.009998
"2016-10-12",38.049999
"2016-10-13",38.029999
"2016-10-14",38.41
"2016-10-17",38.290001
"2016-10-18",38.419998
"2016-10-19",38.349998
"2016-10-20",38.09
"2016-10-21",37.93
"2016-10-24",38.27
"2016-10-25",38.360001
"2016-10-26",38.310001
"2016-10-27",38.220001
"2016-10-28",38.169998
"2016-10-31",38.419998
"2016-11-01",38.459999
"2016-11-02",38.029999
"2016-11-03",38.310001
"2016-11-04",38.279999
"2016-11-07",39.09
"2016-11-08",39.130001
"2016-11-09",39.549999
"2016-11-10",39.580002
"2016-11-11",39.450001
"2016-11-14",39.299999
"2016-11-15",39.169998
"2016-11-16",39.700001
"2016-11-17",40.25
"2016-11-18",39.860001
"2016-11-21",39.889999
"2016-11-22",40.09
"2016-11-23",40.099998
"2016-11-25",40.27
"2016-11-28",40.299999
"2016-11-29",40.549999
"2016-11-30",40.189999
"2016-12-01",38.700001
"2016-12-02",38.5
"2016-12-05",38.970001
"2016-12-06",39.470001
"2016-12-07",40.32
"2016-12-08",40.349998
"2016-12-09",40.52
"2016-12-12",40.509998
"2016-12-13",40.759998
"2016-12-14",40.880001
"2016-12-15",40.860001
"2016-12-16",39.099998
"2016-12-19",38.900002
"2016-12-20",39
"2016-12-21",38.830002
"2016-12-22",38.959999
"2016-12-23",38.779999
"2016-12-27",38.82
"2016-12-28",38.68
"2016-12-29",38.689999
"2016-12-30",38.450001
"2017-01-03",38.549999
"2017-01-04",38.740002
"2017-01-05",38.639999
"2017-01-06",38.450001
"2017-01-09",39.029999
"2017-01-10",38.66
"2017-01-11",39.110001
"2017-01-12",39.200001
"2017-01-13",39.259998
"2017-01-17",39.099998
"2017-01-18",39.189999
"2017-01-19",39.209999
"2017-01-20",39.869999
"2017-01-23",39.68
"2017-01-24",40.099998
"2017-01-25",40.150002
"2017-01-26",40.130001
"2017-01-27",40.23
"2017-01-30",40.23
"2017-01-31",40.110001
"2017-02-01",39.84
"2017-02-02",39.98
"2017-02-03",40.43
"2017-02-06",40.099998
"2017-02-07",40.07
"2017-02-08",40.02
"2017-02-09",40.23
"2017-02-10",40.790001
"2017-02-13",41.09
"2017-02-14",41.099998
"2017-02-15",41.41
"2017-02-16",41.59
"2017-02-17",42.060001
"2017-02-21",42.27
"2017-02-22",42.509998
"2017-02-23",42.959999
"2017-02-24",43.169998
"2017-02-27",42.700001
"2017-02-28",42.59
"2017-03-01",42.919998
"2017-03-02",42.889999
"2017-03-03",42.689999
"2017-03-06",42.57
"2017-03-07",42.599998
"2017-03-08",42.610001
"2017-03-09",42.439999
"2017-03-10",42.68
"2017-03-13",42.580002
"2017-03-14",42.790001
"2017-03-15",43.049999
"2017-03-16",45.73
"2017-03-17",45.66
"2017-03-20",45.23
"2017-03-21",44.84
"2017-03-22",44.790001
"2017-03-23",44.950001
"2017-03-24",44.650002
"2017-03-27",44.84
"2017-03-28",44.689999
"2017-03-29",44.52
"2017-03-30",44.68
"2017-03-31",44.610001
"2017-04-03",44.610001
"2017-04-04",44.59
"2017-04-05",44.490002
"2017-04-06",44.18
"2017-04-07",44.290001
"2017-04-10",44
"2017-04-11",44.169998
"2017-04-12",44.18
"2017-04-13",44
"2017-04-17",44.290001
"2017-04-18",44.52
"2017-04-19",44.189999
"2017-04-20",44.529999
"2017-04-21",44.43
"2017-04-24",44.84
"2017-04-25",44.720001
"2017-04-26",44.689999
"2017-04-27",44.77
"2017-04-28",44.959999
"2017-05-01",45.049999
"2017-05-02",45.130001
"2017-05-03",44.889999
"2017-05-04",45.470001
"2017-05-05",45.580002
"2017-05-08",45.560001
"2017-05-09",45.48
"2017-05-10",45.529999
"2017-05-11",45.16
"2017-05-12",45.080002
"2017-05-15",45.32
"2017-05-16",45.290001
"2017-05-17",44.23
"2017-05-18",44.169998
"2017-05-19",44.310001
"2017-05-22",44.630001
"2017-05-23",44.560001
"2017-05-24",44.830002
"2017-05-25",45.200001
"2017-05-26",45.259998
"2017-05-30",45.419998
"2017-05-31",45.389999
"2017-06-01",45.790001
"2017-06-02",45.66
"2017-06-05",45.919998
"2017-06-06",45.610001
"2017-06-07",45.400002
"2017-06-08",45.419998
"2017-06-09",45.029999
"2017-06-12",44.849998
"2017-06-13",44.98
"2017-06-14",44.810001
"2017-06-15",44.68
"2017-06-16",45.09
"2017-06-19",45.73
"2017-06-20",45.84
"2017-06-21",46.330002
"2017-06-22",50.299999
"2017-06-23",50.950001
"2017-06-26",50.860001
"2017-06-27",50.75
"2017-06-28",50.869999
"2017-06-29",50.200001
"2017-06-30",50.139999
"2017-07-03",49.360001
"2017-07-05",49.459999
"2017-07-06",48.849998
"2017-07-07",49.349998
"2017-07-10",49.619999
"2017-07-11",49.880001
"2017-07-12",50.450001
"2017-07-13",50.349998
"2017-07-14",50.560001
"2017-07-17",50.439999
"2017-07-18",50.450001
"2017-07-19",51
"2017-07-20",51.130001
"2017-07-21",50.799999
"2017-07-24",50.759998
"2017-07-25",51.169998
"2017-07-26",51.169998
"2017-07-27",50.450001
"2017-07-28",50.299999
"2017-07-31",49.93
"2017-08-01",50.16
"2017-08-02",49.77
"2017-08-03",50.23
"2017-08-04",49.959999
"2017-08-07",49.639999
"2017-08-08",49.099998
"2017-08-09",49.060001
"2017-08-10",48.099998
"2017-08-11",48.240002
"2017-08-14",48.849998
"2017-08-15",48.830002
"2017-08-16",49.25
"2017-08-17",48.549999
"2017-08-18",48.619999
"2017-08-21",48.900002
"2017-08-22",49.259998
"2017-08-23",49.07
"2017-08-24",49.189999
"2017-08-25",49.240002
"2017-08-28",49.240002
"2017-08-29",49.450001
"2017-08-30",49.799999
"2017-08-31",50.330002
"2017-09-01",50.619999
"2017-09-05",50.93
"2017-09-06",51.009998
"2017-09-07",51.73
"2017-09-08",51.580002
"2017-09-11",52.490002
"2017-09-12",52.77
"2017-09-13",52.799999
"2017-09-14",52.790001
"2017-09-15",48.740002
"2017-09-18",48.330002
"2017-09-19",48.040001
"2017-09-20",47.970001
"2017-09-21",47.970001
"2017-09-22",48.16
"2017-09-25",47.970001
"2017-09-26",47.919998
"2017-09-27",48.16
"2017-09-28",48.080002
"2017-09-29",48.349998
"2017-10-02",48.799999
"2017-10-03",48.689999
"2017-10-04",48.900002
"2017-10-05",48.91
"2017-10-06",48.400002
"2017-10-09",48.360001
"2017-10-10",48.209999
"2017-10-11",48.279999
"2017-10-12",48.23
"2017-10-13",48.610001
"2017-10-16",48.860001
"2017-10-17",49.189999
"2017-10-18",49.580002
"2017-10-19",49.349998
"2017-10-20",49.25
"2017-10-23",49.310001
"2017-10-24",49.98
"2017-10-25",49.700001
"2017-10-26",50.150002
"2017-10-27",50.880001
"2017-10-30",50.68
"2017-10-31",50.900002
"2017-11-01",50.639999
"2017-11-02",50.279999
"2017-11-03",50.18
"2017-11-06",50.400002
"2017-11-07",50.490002
"2017-11-08",50.540001
"2017-11-09",49.240002
"2017-11-10",49.32
"2017-11-13",49.400002
"2017-11-14",49.200001
"2017-11-15",48.82
"2017-11-16",49.200001
"2017-11-17",48.939999
"2017-11-20",49.02
"2017-11-21",48.630001
"2017-11-22",48.580002
"2017-11-24",49.009998
"2017-11-27",48.880001
"2017-11-28",49.009998
"2017-11-29",48.52
"2017-11-30",49.060001
"2017-12-01",49.610001
"2017-12-04",48.400002
"2017-12-05",47.990002
"2017-12-06",48.419998
"2017-12-07",48.52
"2017-12-08",49.599998
"2017-12-11",50.470001
"2017-12-12",50.389999
"2017-12-13",50.049999
"2017-12-14",50.189999
"2017-12-15",48.299999
"2017-12-18",47.709999
"2017-12-19",47.82
"2017-12-20",47.900002
"2017-12-21",47.279999
"2017-12-22",47.360001
"2017-12-26",47.43
"2017-12-27",47.380001
"2017-12-28",47.52
"2017-12-29",47.279999
"2018-01-02",46.630001
"2018-01-03",47.709999
"2018-01-04",48.18
"2018-01-05",48.470001
"2018-01-08",48.98
"2018-01-09",49.060001
"2018-01-10",48.799999
"2018-01-11",48.950001
"2018-01-12",49.509998
"2018-01-16",49.59
"2018-01-17",50.27
"2018-01-18",50.23
"2018-01-19",50.580002
"2018-01-22",50.709999
"2018-01-23",51.119999
"2018-01-24",51.450001
"2018-01-25",51.599998
"2018-01-26",52.75
"2018-01-29",51.939999
"2018-01-30",50.959999
"2018-01-31",51.59
"2018-02-01",51.630001
"2018-02-02",50.130001
"2018-02-05",48.09
"2018-02-06",49.400002
"2018-02-07",48.869999
"2018-02-08",46.84
"2018-02-09",47.73
"2018-02-12",48.150002
"2018-02-13",48.490002
"2018-02-14",49.450001
"2018-02-15",50.639999
"2018-02-16",50.709999
"2018-02-20",49.889999
"2018-02-21",49.43
"2018-02-22",49.59
"2018-02-23",50.5
"2018-02-26",51.169998
"2018-02-27",50.73
"2018-02-28",50.669998
"2018-03-01",49.709999
"2018-03-02",50.32
"2018-03-05",51.290001
"2018-03-06",51.5
"2018-03-07",51.720001
"2018-03-08",52.130001
"2018-03-09",52.970001
"2018-03-12",52.900002
"2018-03-13",52.580002
"2018-03-14",52.32
"2018-03-15",52.369999
"2018-03-16",52.27
"2018-03-19",51.950001
"2018-03-20",47.049999
"2018-03-21",47.02
"2018-03-22",45.889999
"2018-03-23",44.790001
"2018-03-26",46.48
"2018-03-27",45.380001
"2018-03-28",44.98
"2018-03-29",45.75
"2018-04-02",45.009998
"2018-04-03",44.889999
"2018-04-04",45.509998
"2018-04-05",45.959999
"2018-04-06",44.830002
"2018-04-09",44.900002
"2018-04-10",45.82
"2018-04-11",45.610001
"2018-04-12",45.880001
"2018-04-13",46.080002
"2018-04-16",46.049999
"2018-04-17",46.66
"2018-04-18",47.080002
"2018-04-19",46.82
"2018-04-20",46.23
"2018-04-23",45.799999
"2018-04-24",45.529999
"2018-04-25",45.75
"2018-04-26",45.959999
"2018-04-27",45.529999
"2018-04-30",45.669998
"2018-05-01",45.950001
"2018-05-02",45.509998
"2018-05-03",45.060001
"2018-05-04",45.709999
"2018-05-07",46.07
"2018-05-08",45.939999
"2018-05-09",46.580002
"2018-05-10",46.93
"2018-05-11",46.82
"2018-05-14",46.82
"2018-05-15",46.810001
"2018-05-16",46.73
"2018-05-17",46.540001
"2018-05-18",46.32
"2018-05-21",47.209999
"2018-05-22",46.369999
"2018-05-23",46.900002
"2018-05-24",46.459999
"2018-05-25",47
"2018-05-29",46.259998
"2018-05-30",47.049999
"2018-05-31",46.720001
"2018-06-01",47.349998
"2018-06-04",47.32
"2018-06-05",47.130001
"2018-06-06",47.75
"2018-06-07",47.68
"2018-06-08",48.18
"2018-06-11",48.189999
"2018-06-12",48.450001
"2018-06-13",48.27
"2018-06-14",45.900002
"2018-06-15",46.279999
"2018-06-18",46.52
"2018-06-19",46.27
"2018-06-20",42.82
"2018-06-21",43.099998
"2018-06-22",44.099998
"2018-06-25",44.279999
"2018-06-26",44.41
"2018-06-27",43.450001
"2018-06-28",43.84
"2018-06-29",44.060001
"2018-07-02",44.950001
"2018-07-03",44.720001
"2018-07-05",45.41
"2018-07-06",46
"2018-07-09",46.73
"2018-07-10",46.990002
"2018-07-11",47.639999
"2018-07-12",48.150002
"2018-07-13",48.630001
"2018-07-16",48.459999
"2018-07-17",48.900002
"2018-07-18",48.639999
"2018-07-19",48.439999
"2018-07-20",48.52
"2018-07-23",48.669998
"2018-07-24",48.669998
"2018-07-25",48.950001
"2018-07-26",48.869999
"2018-07-27",48.630001
"2018-07-30",47.73
"2018-07-31",47.68
"2018-08-01",47.349998
"2018-08-02",47.900002
"2018-08-03",48.470001
"2018-08-06",48.669998
"2018-08-07",48.48
"2018-08-08",48.389999
"2018-08-09",48.540001
"2018-08-10",48.32
"2018-08-13",48.009998
"2018-08-14",48.23
"2018-08-15",47.84
"2018-08-16",48.099998
"2018-08-17",48.360001
"2018-08-20",48.419998
"2018-08-21",48.41
"2018-08-22",48.799999
"2018-08-23",48.959999
"2018-08-24",49.259998
"2018-08-27",49.330002
"2018-08-28",48.639999
"2018-08-29",48.889999
"2018-08-30",48.380001
"2018-08-31",48.580002
"2018-09-04",48.580002
"2018-09-05",48.040001
"2018-09-06",47.709999
"2018-09-07",47.810001
"2018-09-10",48.860001
"2018-09-11",48.919998
"2018-09-12",49.34
"2018-09-13",48.959999
"2018-09-14",49.25
"2018-09-17",49.18
"2018-09-18",49.029999
"2018-09-19",49.43
"2018-09-20",50.43
"2018-09-21",51.099998
"2018-09-24",51.240002
"2018-09-25",51.720001
"2018-09-26",51.630001
"2018-09-27",51.689999
"2018-09-28",51.560001
"2018-10-01",51.799999
"2018-10-02",50.23
"2018-10-03",49.75
"2018-10-04",49.470001
"2018-10-05",49.349998
"2018-10-08",49.360001
"2018-10-09",48.869999
"2018-10-10",47.400002
"2018-10-11",46.779999
"2018-10-12",47.380001
"2018-10-15",47.119999
"2018-10-16",48.23
"2018-10-17",47.860001
"2018-10-18",47.380001
"2018-10-19",47.59
"2018-10-22",47.939999
"2018-10-23",47.990002
"2018-10-24",46.759998
"2018-10-25",47.959999
"2018-10-26",47.32
"2018-10-29",47.02
"2018-10-30",48.57
"2018-10-31",48.84
"2018-11-01",48.59
"2018-11-02",48.830002
"2018-11-05",49.02
"2018-11-06",49.25
"2018-11-07",50.259998
"2018-11-08",50.43
"2018-11-09",50.610001
"2018-11-12",49.220001
"2018-11-13",49.509998
"2018-11-14",48.84
"2018-11-15",50.630001
"2018-11-16",51.169998
"2018-11-19",49.549999
"2018-11-20",48.330002
"2018-11-21",48.619999
"2018-11-23",48.700001
"2018-11-26",48.259998
"2018-11-27",47.439999
"2018-11-28",48.189999
"2018-11-29",47.900002
"2018-11-30",48.759998
"2018-12-03",49.830002
"2018-12-04",48.75
"2018-12-06",46.68
"2018-12-07",46
"2018-12-10",46.669998
"2018-12-11",46.459999
"2018-12-12",47.32
"2018-12-13",47.23
"2018-12-14",46.599998
"2018-12-17",45.73
"2018-12-18",45.849998
"2018-12-19",46.450001
"2018-12-20",46.240002
"2018-12-21",44
"2018-12-24",42.689999
"2018-12-26",44.59
"2018-12-27",44.970001
"2018-12-28",44.82
"2018-12-31",45.150002
"2019-01-02",45.220001
"2019-01-03",44.779999
"2019-01-04",46.709999
"2019-01-07",47.450001
"2019-01-08",47.880001
"2019-01-09",47.779999
"2019-01-10",47.82
"2019-01-11",48.290001
"2019-01-14",48.18
"2019-01-15",48.380001
"2019-01-16",48.060001
"2019-01-17",48.580002
"2019-01-18",49.27
"2019-01-22",48.939999
"2019-01-23",49.240002
"2019-01-24",49.200001
"2019-01-25",49.799999
"2019-01-28",49.52
"2019-01-29",49.610001
"2019-01-30",50.360001
"2019-01-31",50.23
"2019-02-01",50.810001
"2019-02-04",51.029999
"2019-02-05",51.240002
"2019-02-06",51.259998
"2019-02-07",50.220001
"2019-02-08",51.029999
"2019-02-11",51.23
"2019-02-12",51.220001
"2019-02-13",51.419998
"2019-02-14",51.48
"2019-02-15",51.720001
"2019-02-19",52.02
"2019-02-20",51.77
"2019-02-21",52.110001
"2019-02-22",52.48
"2019-02-25",52.560001
"2019-02-26",52.599998
"2019-02-27",52.380001
"2019-02-28",52.130001
"2019-03-01",52.509998
"2019-03-04",52.040001
"2019-03-05",52.360001
"2019-03-06",52.349998
"2019-03-07",52.580002
"2019-03-08",52.77
"2019-03-11",52.66
"2019-03-12",52.799999
"2019-03-13",53.060001
"2019-03-14",53.049999
"2019-03-15",52.939999
"2019-03-18",53.459999
"2019-03-19",54.040001
"2019-03-20",52.639999
"2019-03-21",54.040001
"2019-03-22",52.77
"2019-03-25",52.740002
"2019-03-26",53.279999
"2019-03-27",52.810001
"2019-03-28",53.189999
"2019-03-29",53.709999
"2019-04-01",54.580002
"2019-04-02",54.150002
"2019-04-03",54.060001
"2019-04-04",53.82
"2019-04-05",53.93
"2019-04-08",53.720001
"2019-04-09",53.830002
"2019-04-10",53.970001
"2019-04-11",53.790001
"2019-04-12",54.5
"2019-04-15",54.630001
"2019-04-16",54.59
"2019-04-17",54.48
"2019-04-18",54.52
"2019-04-22",54.619999
"2019-04-23",54.939999
"2019-04-24",55.18
"2019-04-25",55.009998
"2019-04-26",55.41
"2019-04-29",55.080002
"2019-04-30",55.330002
"2019-05-01",54.880001
"2019-05-02",54.599998
"2019-05-03",54.790001
"2019-05-06",54.849998
"2019-05-07",54
"2019-05-08",53.990002
"2019-05-09",54.25
"2019-05-10",54.650002
"2019-05-13",53.43
"2019-05-14",54.130001
"2019-05-15",54.560001
"2019-05-16",54.639999
"2019-05-17",54.5
"2019-05-20",53.66
"2019-05-21",54.169998
"2019-05-22",54.200001
"2019-05-23",53.080002
"2019-05-24",52.77
"2019-05-28",51.75
"2019-05-29",51.689999
"2019-05-30",51.720001
"2019-05-31",50.599998
"2019-06-03",50.240002
"2019-06-04",52.02
"2019-06-05",52.099998
"2019-06-06",52.59
"2019-06-07",53.259998
"2019-06-10",54.009998
"2019-06-11",53.939999
"2019-06-12",53.619999
"2019-06-13",53.84
"2019-06-14",53.279999
"2019-06-17",53.130001
"2019-06-18",52.900002
"2019-06-19",52.68
"2019-06-20",56.990002
"2019-06-21",56.119999
"2019-06-24",56.740002
"2019-06-25",56.07
"2019-06-26",56.66
"2019-06-27",56.77
"2019-06-28",56.970001
"2019-07-01",58.009998
"2019-07-02",58.459999
"2019-07-03",58.860001
"2019-07-05",59.279999
"2019-07-08",59.529999
"2019-07-09",59.599998
"2019-07-10",60.150002
"2019-07-11",59.990002
"2019-07-12",59.810001
"2019-07-15",59.529999
"2019-07-16",58.610001
"2019-07-17",57.990002
"2019-07-18",58.119999
"2019-07-19",57.540001
"2019-07-22",57.599998
"2019-07-23",57.450001
"2019-07-24",58.110001
"2019-07-25",58.290001
"2019-07-26",58.5
"2019-07-29",58.060001
"2019-07-30",57.490002
"2019-07-31",56.299999
"2019-08-01",55.880001
"2019-08-02",55.84
"2019-08-05",53.759998
"2019-08-06",53.959999
"2019-08-07",53.34
"2019-08-08",54.650002
"2019-08-09",53.900002
"2019-08-12",53.25
"2019-08-13",53.970001
"2019-08-14",52.32
"2019-08-15",52.59
"2019-08-16",53.59
"2019-08-19",53.869999
"2019-08-20",52.98
"2019-08-21",53.240002
"2019-08-22",53.189999
"2019-08-23",51.580002
"2019-08-26",52.130001
"2019-08-27",52.389999
"2019-08-28",51.950001
"2019-08-29",52.16
"2019-08-30",52.060001
"2019-09-03",51.889999
"2019-09-04",52.970001
"2019-09-05",53.84
"2019-09-06",53.16
"2019-09-09",54.540001
"2019-09-10",55.470001
"2019-09-11",56.290001
"2019-09-12",53.889999
"2019-09-13",53.75
"2019-09-16",53.139999
"2019-09-17",52.869999
"2019-09-18",52.560001
"2019-09-19",53.369999
"2019-09-20",53.470001
"2019-09-23",54.02
"2019-09-24",53.349998
"2019-09-25",53.84
"2019-09-26",53.959999
"2019-09-27",54.09
"2019-09-30",55.029999
"2019-10-01",53.799999
"2019-10-02",53.150002
"2019-10-03",53.860001
"2019-10-04",55.139999
"2019-10-07",54.799999
"2019-10-08",54.049999
"2019-10-09",54.529999
"2019-10-10",55.490002
"2019-10-11",56.889999
"2019-10-14",56.459999
"2019-10-15",56.349998
"2019-10-16",55.880001
"2019-10-17",55.060001
"2019-10-18",54.549999
"2019-10-21",55.130001
"2019-10-22",54.110001
"2019-10-23",54.130001
"2019-10-24",54.259998
"2019-10-25",54.169998
"2019-10-28",54.639999
"2019-10-29",54.799999
"2019-10-30",54.849998
"2019-10-31",54.490002
"2019-11-01",55
"2019-11-04",55.450001
"2019-11-05",55.669998
"2019-11-06",55.700001
"2019-11-07",55.98
"2019-11-08",56.490002
"2019-11-11",56.43
"2019-11-12",56.59
"2019-11-13",56.209999
"2019-11-14",56.09
"2019-11-15",56.419998
"2019-11-18",56.189999
"2019-11-19",56.27
"2019-11-20",56.240002
"2019-11-21",56.23
"2019-11-22",56.389999
"2019-11-25",56.560001
"2019-11-26",56.509998
"2019-11-27",56.610001
"2019-11-29",56.139999
"2019-12-02",55.43
"2019-12-03",54.59
"2019-12-04",54.41
"2019-12-05",54.68
"2019-12-06",54.830002
"2019-12-09",55.310001
"2019-12-10",55.82
"2019-12-11",56.310001
"2019-12-12",56.470001
"2019-12-13",54.509998
"2019-12-16",53.990002
"2019-12-17",52.84
"2019-12-18",53.389999
"2019-12-19",53.240002
"2019-12-20",53.599998
"2019-12-23",53.709999
"2019-12-24",53.439999
"2019-12-26",53.57
"2019-12-27",53.459999
"2019-12-30",52.700001
"2019-12-31",52.98
"2020-01-02",53.950001
"2020-01-03",53.759998
"2020-01-06",54.040001
"2020-01-07",54.16
"2020-01-08",54.130001
"2020-01-09",54.380001
"2020-01-10",54.450001
"2020-01-13",54.580002
"2020-01-14",54.880001
"2020-01-15",54.759998
"2020-01-16",55.43
"2020-01-17",55.130001
"2020-01-21",55.220001
"2020-01-22",54.720001
"2020-01-23",54.98
"2020-01-24",54.07
"2020-01-27",52.689999
"2020-01-28",53.459999
"2020-01-29",53.200001
"2020-01-30",53.310001
"2020-01-31",52.450001
"2020-02-03",53.09
"2020-02-04",54.040001
"2020-02-05",54.740002
"2020-02-06",54.709999
"2020-02-07",54.720001
"2020-02-10",54.990002
"2020-02-11",55.150002
"2020-02-12",55.73
"2020-02-13",55.310001
"2020-02-14",55.470001
"2020-02-18",55.450001
"2020-02-19",55.439999
"2020-02-20",55.509998
"2020-02-21",54.68
"2020-02-24",52.650002
"2020-02-25",50.959999
"2020-02-26",52.049999
"2020-02-27",50.779999
"2020-02-28",49.459999
"2020-03-02",50.900002
"2020-03-03",48.849998
"2020-03-04",50.540001
"2020-03-05",48
"2020-03-06",47.369999
"2020-03-09",46.009998
"2020-03-10",48.580002
"2020-03-11",44.720001
"2020-03-12",39.799999
"2020-03-13",47.93
"2020-03-16",42.720001
"2020-03-17",46.860001
"2020-03-18",47.27
"2020-03-19",45.07
"2020-03-20",45.650002
"2020-03-23",44.189999
"2020-03-24",47.84
"2020-03-25",45.939999
"2020-03-26",50.48
"2020-03-27",49.830002
"2020-03-30",50.360001
"2020-03-31",48.330002
"2020-04-01",48.709999
"2020-04-02",49.799999
"2020-04-03",49.400002
"2020-04-06",51.490002
"2020-04-07",50.759998
"2020-04-08",52.130001
"2020-04-09",53.18
"2020-04-13",52.970001
"2020-04-14",54
"2020-04-15",53.16
"2020-04-16",53.700001
"2020-04-17",54.619999
"2020-04-20",53.91
"2020-04-21",51.310001
"2020-04-22",52.27
"2020-04-23",51.970001
"2020-04-24",53.009998
"2020-04-27",53.369999
"2020-04-28",53.200001
"2020-04-29",53.880001
"2020-04-30",52.970001
"2020-05-01",51.790001
"2020-05-04",51.75
"2020-05-05",52.049999
"2020-05-06",51.860001
"2020-05-07",52.599998
"2020-05-08",53.57
"2020-05-11",53.529999
"2020-05-12",52.27
"2020-05-13",51.650002
"2020-05-14",52.91
"2020-05-15",52.919998
"2020-05-18",53.150002
"2020-05-19",52.34
"2020-05-20",52.900002
"2020-05-21",52.220001
"2020-05-22",52.619999
"2020-05-26",52.779999
"2020-05-27",53.200001
"2020-05-28",53.619999
"2020-05-29",53.77
"2020-06-01",53.060001
"2020-06-02",53.279999
"2020-06-03",53.490002
"2020-06-04",52.849998
"2020-06-05",53.98
"2020-06-08",55.099998
"2020-06-09",54.18
"2020-06-10",54.110001
"2020-06-11",51.310001
"2020-06-12",51.860001
"2020-06-15",53.25
"2020-06-16",54.59
"2020-06-17",51.52
"2020-06-18",53.689999
"2020-06-19",54.400002
"2020-06-22",55.119999
"2020-06-23",55.189999
"2020-06-24",54.439999
"2020-06-25",54.529999
"2020-06-26",54.18
"2020-06-29",54.759998
"2020-06-30",55.27
"2020-07-01",55.490002
"2020-07-02",55.939999
"2020-07-06",56.599998
"2020-07-07",56.310001
"2020-07-08",56.66
"2020-07-09",57.529999
"2020-07-10",57.389999
"2020-07-13",57.009998
"2020-07-14",57.200001
"2020-07-15",56.619999
"2020-07-16",55.82
"2020-07-17",54.900002
"2020-07-20",55.400002
"2020-07-21",55.91
"2020-07-22",56.009998
"2020-07-23",55.759998
"2020-07-24",55.650002
"2020-07-27",55.34
"2020-07-28",55.349998
"2020-07-29",55.700001
"2020-07-30",55.25
"2020-07-31",55.450001
"2020-08-03",55.98
"2020-08-04",56
"2020-08-05",55.5
"2020-08-06",55.279999
"2020-08-07",55.23
"2020-08-10",54.939999
"2020-08-11",54.27
"2020-08-12",54.169998
"2020-08-13",54.02
"2020-08-14",54.200001
"2020-08-17",53.990002
"2020-08-18",55.18
"2020-08-19",56.200001
"2020-08-20",55.259998
"2020-08-21",55.189999
"2020-08-24",56.009998
"2020-08-25",56.09
"2020-08-26",57.490002
"2020-08-27",57.18
"2020-08-28",57.880001
"2020-08-31",57.220001
"2020-09-01",57.66
"2020-09-02",59.029999
"2020-09-03",57.099998
"2020-09-04",55.73
"2020-09-08",55.32
"2020-09-09",56.950001
"2020-09-10",57.330002
"2020-09-11",57
"2020-09-14",59.459999
"2020-09-15",60.939999
"2020-09-16",60.43
"2020-09-17",60.18
"2020-09-18",59.75
"2020-09-21",60.82
"2020-09-22",60.619999
"2020-09-23",58.959999
"2020-09-24",59.299999
"2020-09-25",59.799999
"2020-09-28",59.580002
"2020-09-29",59.470001
"2020-09-30",59.700001
"2020-10-01",59.68
"2020-10-02",58.830002
"2020-10-05",59.560001
"2020-10-06",59.509998
"2020-10-07",60.59
"2020-10-08",60.889999
"2020-10-09",61.150002
"2020-10-12",61.459999
"2020-10-13",60.970001
"2020-10-14",60.959999
"2020-10-15",60.52
"2020-10-16",60.290001
"2020-10-19",59.619999
"2020-10-20",59.75
"2020-10-21",59.669998
"2020-10-22",59.689999
"2020-10-23",59.900002
"2020-10-26",57.490002
"2020-10-27",57.080002
"2020-10-28",55.59
"2020-10-29",56.02
"2020-10-30",56.110001
"2020-11-02",56.450001
"2020-11-03",56.799999
"2020-11-04",56.490002
"2020-11-05",56.66
"2020-11-06",56.799999
"2020-11-09",56.84
"2020-11-10",56.669998
"2020-11-11",57.200001
"2020-11-12",56.450001
"2020-11-13",56.91
"2020-11-16",57.150002
"2020-11-17",57.119999
"2020-11-18",56.25
"2020-11-19",56.450001
"2020-11-20",55.700001
"2020-11-23",56.080002
"2020-11-24",57.57
"2020-11-25",57.41
"2020-11-27",57.759998
"2020-11-30",57.720001
"2020-12-01",58.740002
"2020-12-02",59.080002
"2020-12-03",59.27
"2020-12-04",59.959999
"2020-12-07",59.799999
"2020-12-08",59.029999
"2020-12-09",59.73
"2020-12-10",59.48
"2020-12-11",60.610001
"2020-12-14",60.759998
"2020-12-15",61.860001
"2020-12-16",62.779999
"2020-12-17",63.610001
"2020-12-18",65.059998
"2020-12-21",64.480003
"2020-12-22",65.150002
"2020-12-23",65.300003
"2020-12-24",64.959999
"2020-12-28",64.870003
"2020-12-29",64.459999
"2020-12-30",64.400002
"2020-12-31",64.690002
"2021-01-04",63.75
"2021-01-05",62.959999
"2021-01-06",62.57
"2021-01-07",63.07
"2021-01-08",63.380001
"2021-01-11",63.029999
"2021-01-12",62.419998
"2021-01-13",62.060001
"2021-01-14",61.599998
"2021-01-15",61.779999
"2021-01-19",61.290001
"2021-01-20",61.560001
"2021-01-21",61.209999
"2021-01-22",60.360001
"2021-01-25",60.900002
"2021-01-26",61.799999
"2021-01-27",62.549999
"2021-01-28",61.220001
"2021-01-29",60.43
"2021-02-01",61.509998
"2021-02-02",62.369999
"2021-02-03",62.169998
"2021-02-04",63.349998
"2021-02-05",63.599998
"2021-02-08",63.110001
"2021-02-09",63.669998
"2021-02-10",63.27
"2021-02-11",62.700001
"2021-02-12",63.080002
"2021-02-16",62.139999
"2021-02-17",62.09
"2021-02-18",62.07
"2021-02-19",61.130001
"2021-02-22",64.449997
"2021-02-23",64.5
"2021-02-24",64.699997
"2021-02-25",65.300003
"2021-02-26",64.510002
"2021-03-01",66.169998
"2021-03-02",66.660004
"2021-03-03",66.910004
"2021-03-04",65.610001
"2021-03-05",69.970001
"2021-03-08",72.160004
"2021-03-09",72.639999
"2021-03-10",72.120003
