"Index","PEP.Close"
"2010-01-04",61.240002
"2010-01-05",61.98
"2010-01-06",61.360001
"2010-01-07",60.970001
"2010-01-08",60.77
"2010-01-11",60.700001
"2010-01-12",61.549999
"2010-01-13",62.049999
"2010-01-14",62.799999
"2010-01-15",62.290001
"2010-01-19",62.330002
"2010-01-20",61.950001
"2010-01-21",60.939999
"2010-01-22",60.389999
"2010-01-25",60.23
"2010-01-26",60.25
"2010-01-27",60.290001
"2010-01-28",59.740002
"2010-01-29",59.619999
"2010-02-01",60.700001
"2010-02-02",61.150002
"2010-02-03",61.290001
"2010-02-04",59.639999
"2010-02-05",59.509998
"2010-02-08",58.959999
"2010-02-09",60.049999
"2010-02-10",60.380001
"2010-02-11",61.189999
"2010-02-12",60.919998
"2010-02-16",61.310001
"2010-02-17",62.110001
"2010-02-18",62.529999
"2010-02-19",62.66
"2010-02-22",62.41
"2010-02-23",61.779999
"2010-02-24",62.080002
"2010-02-25",62.299999
"2010-02-26",62.470001
"2010-03-01",63.43
"2010-03-02",63.799999
"2010-03-03",63.98
"2010-03-04",64.110001
"2010-03-05",64.370003
"2010-03-08",64.150002
"2010-03-09",64.360001
"2010-03-10",64.43
"2010-03-11",64.970001
"2010-03-12",65.099998
"2010-03-15",66.150002
"2010-03-16",66.07
"2010-03-17",66.57
"2010-03-18",66.519997
"2010-03-19",66.559998
"2010-03-22",66.309998
"2010-03-23",66.860001
"2010-03-24",66.260002
"2010-03-25",66.550003
"2010-03-26",66.589996
"2010-03-29",66.550003
"2010-03-30",66.769997
"2010-03-31",66.160004
"2010-04-01",66.68
"2010-04-05",65.980003
"2010-04-06",66.389999
"2010-04-07",65.989998
"2010-04-08",65.970001
"2010-04-09",66.360001
"2010-04-12",66.32
"2010-04-13",66.389999
"2010-04-14",66.290001
"2010-04-15",66.269997
"2010-04-16",66.139999
"2010-04-19",66.120003
"2010-04-20",65.900002
"2010-04-21",65.980003
"2010-04-22",64.760002
"2010-04-23",64.709999
"2010-04-26",65.019997
"2010-04-27",64.230003
"2010-04-28",64.75
"2010-04-29",65.199997
"2010-04-30",65.220001
"2010-05-03",65.690002
"2010-05-04",65.43
"2010-05-05",65.199997
"2010-05-06",64.699997
"2010-05-07",64.57
"2010-05-10",66.410004
"2010-05-11",66.550003
"2010-05-12",66.940002
"2010-05-13",66.480003
"2010-05-14",66.07
"2010-05-17",66.75
"2010-05-18",66.529999
"2010-05-19",66.040001
"2010-05-20",63.860001
"2010-05-21",63.580002
"2010-05-24",63.32
"2010-05-25",62.889999
"2010-05-26",61.23
"2010-05-27",62.900002
"2010-05-28",62.889999
"2010-06-01",62.759998
"2010-06-02",63.459999
"2010-06-03",63.369999
"2010-06-04",61.439999
"2010-06-07",61.73
"2010-06-08",62.650002
"2010-06-09",62.490002
"2010-06-10",63.84
"2010-06-11",63.560001
"2010-06-14",63.849998
"2010-06-15",64.239998
"2010-06-16",63.91
"2010-06-17",64.489998
"2010-06-18",64.080002
"2010-06-21",64.019997
"2010-06-22",63.299999
"2010-06-23",62.73
"2010-06-24",62.400002
"2010-06-25",60.77
"2010-06-28",61.959999
"2010-06-29",61.23
"2010-06-30",60.950001
"2010-07-01",61.52
"2010-07-02",61.529999
"2010-07-06",61.639999
"2010-07-07",62.93
"2010-07-08",64
"2010-07-09",63.5
"2010-07-12",63.740002
"2010-07-13",63.43
"2010-07-14",63.560001
"2010-07-15",63.16
"2010-07-16",62.450001
"2010-07-19",62.049999
"2010-07-20",64.730003
"2010-07-21",63.950001
"2010-07-22",64.209999
"2010-07-23",64.449997
"2010-07-26",64.980003
"2010-07-27",65.690002
"2010-07-28",65.199997
"2010-07-29",64.889999
"2010-07-30",64.910004
"2010-08-02",65.269997
"2010-08-03",65.769997
"2010-08-04",66.169998
"2010-08-05",65.580002
"2010-08-06",65.900002
"2010-08-09",66.419998
"2010-08-10",66.529999
"2010-08-11",65.449997
"2010-08-12",65.18
"2010-08-13",65.559998
"2010-08-16",65.43
"2010-08-17",65.550003
"2010-08-18",65.519997
"2010-08-19",64.660004
"2010-08-20",64.800003
"2010-08-23",64.82
"2010-08-24",64.779999
"2010-08-25",64.57
"2010-08-26",64.129997
"2010-08-27",64.120003
"2010-08-30",63.599998
"2010-08-31",64.18
"2010-09-01",64.889999
"2010-09-02",64.970001
"2010-09-03",65.57
"2010-09-07",65.480003
"2010-09-08",65.43
"2010-09-09",66.099998
"2010-09-10",66.410004
"2010-09-13",66.25
"2010-09-14",65.980003
"2010-09-15",66.5
"2010-09-16",66.610001
"2010-09-17",66.120003
"2010-09-20",66.889999
"2010-09-21",66.459999
"2010-09-22",66.660004
"2010-09-23",65.790001
"2010-09-24",66.129997
"2010-09-27",66.370003
"2010-09-28",66.779999
"2010-09-29",66.75
"2010-09-30",66.440002
"2010-10-01",67
"2010-10-04",66.870003
"2010-10-05",67.760002
"2010-10-06",68.110001
"2010-10-07",66.099998
"2010-10-08",65.75
"2010-10-11",65.519997
"2010-10-12",66.080002
"2010-10-13",66.400002
"2010-10-14",66.639999
"2010-10-15",66.68
"2010-10-18",66.5
"2010-10-19",65.410004
"2010-10-20",64.970001
"2010-10-21",65.18
"2010-10-22",65.010002
"2010-10-25",65.050003
"2010-10-26",64.790001
"2010-10-27",64.269997
"2010-10-28",65.010002
"2010-10-29",65.300003
"2010-11-01",65.550003
"2010-11-02",65.800003
"2010-11-03",65.199997
"2010-11-04",65.349998
"2010-11-05",65.080002
"2010-11-08",65.110001
"2010-11-09",65.300003
"2010-11-10",65.25
"2010-11-11",64.900002
"2010-11-12",64.639999
"2010-11-15",64.419998
"2010-11-16",64.040001
"2010-11-17",63.939999
"2010-11-18",64.769997
"2010-11-19",64.709999
"2010-11-22",64.699997
"2010-11-23",63.889999
"2010-11-24",64.330002
"2010-11-26",63.900002
"2010-11-29",64.010002
"2010-11-30",64.629997
"2010-12-01",65.629997
"2010-12-02",65.199997
"2010-12-03",65.169998
"2010-12-06",64.730003
"2010-12-07",64.68
"2010-12-08",64.629997
"2010-12-09",64.720001
"2010-12-10",64.900002
"2010-12-13",65.529999
"2010-12-14",65.589996
"2010-12-15",65.239998
"2010-12-16",65.75
"2010-12-17",65.970001
"2010-12-20",66.309998
"2010-12-21",65.400002
"2010-12-22",65.68
"2010-12-23",65.690002
"2010-12-27",65.419998
"2010-12-28",65.279999
"2010-12-29",65.330002
"2010-12-30",65.120003
"2010-12-31",65.330002
"2011-01-03",65.75
"2011-01-04",65.410004
"2011-01-05",66.589996
"2011-01-06",66.839996
"2011-01-07",66.389999
"2011-01-10",66.050003
"2011-01-11",66.330002
"2011-01-12",66.730003
"2011-01-13",66.910004
"2011-01-14",66.779999
"2011-01-18",66.57
"2011-01-19",65.900002
"2011-01-20",65.900002
"2011-01-21",65.870003
"2011-01-24",66.18
"2011-01-25",65.769997
"2011-01-26",65.860001
"2011-01-27",65.559998
"2011-01-28",64.400002
"2011-01-31",64.309998
"2011-02-01",65.050003
"2011-02-02",64.650002
"2011-02-03",64.18
"2011-02-04",63.84
"2011-02-07",63.68
"2011-02-08",64.169998
"2011-02-09",64.419998
"2011-02-10",63.360001
"2011-02-11",63.869999
"2011-02-14",63.34
"2011-02-15",64.349998
"2011-02-16",63.959999
"2011-02-17",64.699997
"2011-02-18",63.41
"2011-02-22",63.150002
"2011-02-23",62.93
"2011-02-24",63.029999
"2011-02-25",63.599998
"2011-02-28",63.419998
"2011-03-01",63.209999
"2011-03-02",62.939999
"2011-03-03",63.75
"2011-03-04",63.400002
"2011-03-07",63.470001
"2011-03-08",63.790001
"2011-03-09",64.650002
"2011-03-10",64.43
"2011-03-11",64.650002
"2011-03-14",64.139999
"2011-03-15",63.009998
"2011-03-16",62.310001
"2011-03-17",63.080002
"2011-03-18",63.240002
"2011-03-21",64.099998
"2011-03-22",63.939999
"2011-03-23",64.199997
"2011-03-24",64.199997
"2011-03-25",63.98
"2011-03-28",64.339996
"2011-03-29",64.160004
"2011-03-30",65.050003
"2011-03-31",64.410004
"2011-04-01",65.220001
"2011-04-04",65.089996
"2011-04-05",65.580002
"2011-04-06",65.75
"2011-04-07",65.919998
"2011-04-08",65.730003
"2011-04-11",66.040001
"2011-04-12",66.57
"2011-04-13",66.449997
"2011-04-14",66.699997
"2011-04-15",67.110001
"2011-04-18",67.150002
"2011-04-19",66.809998
"2011-04-20",67.330002
"2011-04-21",67.410004
"2011-04-25",67.029999
"2011-04-26",67.709999
"2011-04-27",67.93
"2011-04-28",69.720001
"2011-04-29",68.889999
"2011-05-02",69.309998
"2011-05-03",69.589996
"2011-05-04",69.830002
"2011-05-05",68.830002
"2011-05-06",69.269997
"2011-05-09",69.82
"2011-05-10",70.029999
"2011-05-11",70.199997
"2011-05-12",70.959999
"2011-05-13",70.559998
"2011-05-16",70.720001
"2011-05-17",71.110001
"2011-05-18",71.269997
"2011-05-19",71.779999
"2011-05-20",71.300003
"2011-05-23",71.040001
"2011-05-24",70.980003
"2011-05-25",70.449997
"2011-05-26",70.419998
"2011-05-27",70.400002
"2011-05-31",71.120003
"2011-06-01",70.290001
"2011-06-02",69.510002
"2011-06-03",68.970001
"2011-06-06",68.889999
"2011-06-07",68.93
"2011-06-08",68.839996
"2011-06-09",69.510002
"2011-06-10",68.690002
"2011-06-13",69.059998
"2011-06-14",69.57
"2011-06-15",68.480003
"2011-06-16",68.889999
"2011-06-17",68.720001
"2011-06-20",68.980003
"2011-06-21",68.93
"2011-06-22",68.779999
"2011-06-23",67.980003
"2011-06-24",68.449997
"2011-06-27",69.050003
"2011-06-28",69.620003
"2011-06-29",69.959999
"2011-06-30",70.43
"2011-07-01",70.190002
"2011-07-05",69.769997
"2011-07-06",70.169998
"2011-07-07",70.519997
"2011-07-08",69.93
"2011-07-11",69.300003
"2011-07-12",69.010002
"2011-07-13",68.889999
"2011-07-14",68.599998
"2011-07-15",68.529999
"2011-07-18",68
"2011-07-19",68.540001
"2011-07-20",68.489998
"2011-07-21",66.169998
"2011-07-22",65.760002
"2011-07-25",64.370003
"2011-07-26",64.07
"2011-07-27",63.860001
"2011-07-28",63.889999
"2011-07-29",64.040001
"2011-08-01",63.860001
"2011-08-02",63.18
"2011-08-03",64.480003
"2011-08-04",63.349998
"2011-08-05",64.669998
"2011-08-08",62.970001
"2011-08-09",63.09
"2011-08-10",60.32
"2011-08-11",62.869999
"2011-08-12",63.18
"2011-08-15",63.57
"2011-08-16",63.759998
"2011-08-17",64.620003
"2011-08-18",63.09
"2011-08-19",62.07
"2011-08-22",61.919998
"2011-08-23",63.48
"2011-08-24",63.700001
"2011-08-25",63.02
"2011-08-26",63.16
"2011-08-29",64.160004
"2011-08-30",64.519997
"2011-08-31",64.43
"2011-09-01",64.150002
"2011-09-02",63.299999
"2011-09-06",62.450001
"2011-09-07",61.619999
"2011-09-08",61.34
"2011-09-09",59.990002
"2011-09-12",60.139999
"2011-09-13",60.540001
"2011-09-14",61.580002
"2011-09-15",63.220001
"2011-09-16",62.049999
"2011-09-19",60.560001
"2011-09-20",60.389999
"2011-09-21",60.790001
"2011-09-22",60.919998
"2011-09-23",60.34
"2011-09-26",61.889999
"2011-09-27",62.43
"2011-09-28",61.970001
"2011-09-29",62.580002
"2011-09-30",61.900002
"2011-10-03",60.290001
"2011-10-04",60.450001
"2011-10-05",60.290001
"2011-10-06",60.57
"2011-10-07",61.02
"2011-10-10",61.869999
"2011-10-11",60.950001
"2011-10-12",62.700001
"2011-10-13",62.360001
"2011-10-14",62.240002
"2011-10-17",61.889999
"2011-10-18",62.41
"2011-10-19",62.110001
"2011-10-20",62.119999
"2011-10-21",62.279999
"2011-10-24",62.099998
"2011-10-25",61.82
"2011-10-26",62.009998
"2011-10-27",62.880001
"2011-10-28",63.200001
"2011-10-31",62.950001
"2011-11-01",62.23
"2011-11-02",62.41
"2011-11-03",62.799999
"2011-11-04",61.990002
"2011-11-07",62.5
"2011-11-08",63.66
"2011-11-09",62.279999
"2011-11-10",62.959999
"2011-11-11",63.279999
"2011-11-14",62.799999
"2011-11-15",64.5
"2011-11-16",65.089996
"2011-11-17",64.089996
"2011-11-18",63.889999
"2011-11-21",63.150002
"2011-11-22",63.18
"2011-11-23",62.400002
"2011-11-25",62.490002
"2011-11-28",62.990002
"2011-11-29",63.66
"2011-11-30",64
"2011-12-01",64.089996
"2011-12-02",64.279999
"2011-12-05",64.400002
"2011-12-06",64.650002
"2011-12-07",64.910004
"2011-12-08",64.330002
"2011-12-09",65.190002
"2011-12-12",64.660004
"2011-12-13",64.279999
"2011-12-14",63.98
"2011-12-15",64.849998
"2011-12-16",64.709999
"2011-12-19",64.370003
"2011-12-20",65.529999
"2011-12-21",66.040001
"2011-12-22",66.040001
"2011-12-23",66.57
"2011-12-27",66.379997
"2011-12-28",65.910004
"2011-12-29",66.540001
"2011-12-30",66.349998
"2012-01-03",66.400002
"2012-01-04",66.739998
"2012-01-05",66.220001
"2012-01-06",65.389999
"2012-01-09",65.730003
"2012-01-10",65.660004
"2012-01-11",65.010002
"2012-01-12",64.620003
"2012-01-13",64.400002
"2012-01-17",64.650002
"2012-01-18",64.849998
"2012-01-19",65.910004
"2012-01-20",66.279999
"2012-01-23",66.099998
"2012-01-24",66.199997
"2012-01-25",66.699997
"2012-01-26",66.519997
"2012-01-27",65.809998
"2012-01-30",65.410004
"2012-01-31",65.669998
"2012-02-01",66.379997
"2012-02-02",66.400002
"2012-02-03",66.660004
"2012-02-06",66.519997
"2012-02-07",66.760002
"2012-02-08",66.739998
"2012-02-09",64.269997
"2012-02-10",63.950001
"2012-02-13",63.689999
"2012-02-14",63.52
"2012-02-15",63.07
"2012-02-16",62.73
"2012-02-17",62.68
"2012-02-21",63.139999
"2012-02-22",63.099998
"2012-02-23",63.130001
"2012-02-24",63.310001
"2012-02-27",63.32
"2012-02-28",63.32
"2012-02-29",62.939999
"2012-03-01",62.549999
"2012-03-02",62.52
"2012-03-05",62.790001
"2012-03-06",62.279999
"2012-03-07",62.619999
"2012-03-08",62.950001
"2012-03-09",63.150002
"2012-03-12",63.939999
"2012-03-13",64.339996
"2012-03-14",64.059998
"2012-03-15",64.169998
"2012-03-16",64.470001
"2012-03-19",64.730003
"2012-03-20",65.279999
"2012-03-21",65.360001
"2012-03-22",65.389999
"2012-03-23",65.300003
"2012-03-26",65.779999
"2012-03-27",66.010002
"2012-03-28",65.93
"2012-03-29",66.019997
"2012-03-30",66.349998
"2012-04-02",66.739998
"2012-04-03",66.559998
"2012-04-04",66.339996
"2012-04-05",66.150002
"2012-04-09",65.349998
"2012-04-10",64.849998
"2012-04-11",65.150002
"2012-04-12",65.379997
"2012-04-13",65.059998
"2012-04-16",65.989998
"2012-04-17",66.400002
"2012-04-18",66.209999
"2012-04-19",66.150002
"2012-04-20",66.629997
"2012-04-23",66.18
"2012-04-24",66.510002
"2012-04-25",66.669998
"2012-04-26",66.370003
"2012-04-27",66.099998
"2012-04-30",66
"2012-05-01",66.489998
"2012-05-02",66.830002
"2012-05-03",66.910004
"2012-05-04",65.900002
"2012-05-07",66.620003
"2012-05-08",66.519997
"2012-05-09",65.940002
"2012-05-10",66.790001
"2012-05-11",66.800003
"2012-05-14",67.150002
"2012-05-15",67.849998
"2012-05-16",68.75
"2012-05-17",68.769997
"2012-05-18",68.120003
"2012-05-21",67.980003
"2012-05-22",68.080002
"2012-05-23",68
"2012-05-24",68.809998
"2012-05-25",68.639999
"2012-05-29",69.330002
"2012-05-30",68.220001
"2012-05-31",67.849998
"2012-06-01",67.510002
"2012-06-04",67.480003
"2012-06-05",67
"2012-06-06",67.489998
"2012-06-07",67.68
"2012-06-08",68.309998
"2012-06-11",68.050003
"2012-06-12",68.400002
"2012-06-13",68.550003
"2012-06-14",69.269997
"2012-06-15",69.480003
"2012-06-18",69.599998
"2012-06-19",69.309998
"2012-06-20",68.910004
"2012-06-21",68.5
"2012-06-22",68.699997
"2012-06-25",68.610001
"2012-06-26",68.940002
"2012-06-27",69.75
"2012-06-28",69.599998
"2012-06-29",70.660004
"2012-07-02",70.760002
"2012-07-03",70.760002
"2012-07-05",70.169998
"2012-07-06",70.220001
"2012-07-09",69.989998
"2012-07-10",69.870003
"2012-07-11",70.129997
"2012-07-12",69.849998
"2012-07-13",70.410004
"2012-07-16",70.349998
"2012-07-17",70.330002
"2012-07-18",70.379997
"2012-07-19",70.419998
"2012-07-20",69.959999
"2012-07-23",69.339996
"2012-07-24",68.790001
"2012-07-25",70.300003
"2012-07-26",71.220001
"2012-07-27",72.260002
"2012-07-30",72.75
"2012-07-31",72.730003
"2012-08-01",72.400002
"2012-08-02",71.800003
"2012-08-03",72.870003
"2012-08-06",72.480003
"2012-08-07",72.290001
"2012-08-08",72.57
"2012-08-09",72.139999
"2012-08-10",72.129997
"2012-08-13",71.989998
"2012-08-14",72.239998
"2012-08-15",72.620003
"2012-08-16",73.580002
"2012-08-17",73.389999
"2012-08-20",73.330002
"2012-08-21",73.010002
"2012-08-22",72.889999
"2012-08-23",72.660004
"2012-08-24",73.059998
"2012-08-27",73.169998
"2012-08-28",73.120003
"2012-08-29",72.779999
"2012-08-30",72.18
"2012-08-31",72.43
"2012-09-04",72.480003
"2012-09-05",71.540001
"2012-09-06",72.150002
"2012-09-07",72.099998
"2012-09-10",71.839996
"2012-09-11",71.580002
"2012-09-12",70.059998
"2012-09-13",70.879997
"2012-09-14",70.459999
"2012-09-17",70.389999
"2012-09-18",70.730003
"2012-09-19",70.849998
"2012-09-20",71.239998
"2012-09-21",70.550003
"2012-09-24",70.699997
"2012-09-25",70.349998
"2012-09-26",70.419998
"2012-09-27",70.639999
"2012-09-28",70.769997
"2012-10-01",70.650002
"2012-10-02",70.620003
"2012-10-03",70.699997
"2012-10-04",70.870003
"2012-10-05",71.099998
"2012-10-08",71.190002
"2012-10-09",71.110001
"2012-10-10",70.290001
"2012-10-11",69.82
"2012-10-12",70.050003
"2012-10-15",70.339996
"2012-10-16",70.300003
"2012-10-17",70.099998
"2012-10-18",70.760002
"2012-10-19",69.879997
"2012-10-22",69.599998
"2012-10-23",68.519997
"2012-10-24",68.400002
"2012-10-25",68.889999
"2012-10-26",68.980003
"2012-10-31",69.239998
"2012-11-01",69.440002
"2012-11-02",69.050003
"2012-11-05",69
"2012-11-06",69.349998
"2012-11-07",68.989998
"2012-11-08",68.790001
"2012-11-09",68.849998
"2012-11-12",68.610001
"2012-11-13",68.580002
"2012-11-14",68.169998
"2012-11-15",68.190002
"2012-11-16",68.309998
"2012-11-19",68.779999
"2012-11-20",68.910004
"2012-11-21",69.309998
"2012-11-23",70.190002
"2012-11-26",70
"2012-11-27",70.110001
"2012-11-28",70.349998
"2012-11-29",70.309998
"2012-11-30",70.209999
"2012-12-03",69.870003
"2012-12-04",69.860001
"2012-12-05",69.709999
"2012-12-06",70.019997
"2012-12-07",70.260002
"2012-12-10",70.209999
"2012-12-11",70.419998
"2012-12-12",70.239998
"2012-12-13",70.209999
"2012-12-14",70.160004
"2012-12-17",70.370003
"2012-12-18",70.529999
"2012-12-19",69.879997
"2012-12-20",70.110001
"2012-12-21",69.629997
"2012-12-24",69.43
"2012-12-26",68.839996
"2012-12-27",68.669998
"2012-12-28",68.019997
"2012-12-31",68.43
"2013-01-02",69.330002
"2013-01-03",69.360001
"2013-01-04",69.459999
"2013-01-07",69.449997
"2013-01-08",69.660004
"2013-01-09",70.010002
"2013-01-10",70.809998
"2013-01-11",70.879997
"2013-01-14",71.290001
"2013-01-15",71.599998
"2013-01-16",71.480003
"2013-01-17",72.43
"2013-01-18",72.480003
"2013-01-22",72.199997
"2013-01-23",71.809998
"2013-01-24",72.230003
"2013-01-25",72.489998
"2013-01-28",72.610001
"2013-01-29",72.940002
"2013-01-30",73.209999
"2013-01-31",72.849998
"2013-02-01",72.669998
"2013-02-04",72.449997
"2013-02-05",73.150002
"2013-02-06",72.769997
"2013-02-07",72.809998
"2013-02-08",72.599998
"2013-02-11",72.360001
"2013-02-12",72.169998
"2013-02-13",71.5
"2013-02-14",72.279999
"2013-02-15",73.68
"2013-02-19",75.5
"2013-02-20",75.419998
"2013-02-21",75.360001
"2013-02-22",75.57
"2013-02-25",75.190002
"2013-02-26",75.620003
"2013-02-27",75.480003
"2013-02-28",75.769997
"2013-03-01",75.93
"2013-03-04",76.599998
"2013-03-05",76.900002
"2013-03-06",76.800003
"2013-03-07",77.139999
"2013-03-08",77.199997
"2013-03-11",76.849998
"2013-03-12",76.889999
"2013-03-13",76.949997
"2013-03-14",77.190002
"2013-03-15",77.040001
"2013-03-18",76.68
"2013-03-19",76.669998
"2013-03-20",76.32
"2013-03-21",76.150002
"2013-03-22",78.639999
"2013-03-25",77.830002
"2013-03-26",78.919998
"2013-03-27",78.290001
"2013-03-28",79.110001
"2013-04-01",79.099998
"2013-04-02",79.739998
"2013-04-03",78.959999
"2013-04-04",79.529999
"2013-04-05",78.589996
"2013-04-08",79.5
"2013-04-09",79.209999
"2013-04-10",80.059998
"2013-04-11",79.959999
"2013-04-12",79.989998
"2013-04-15",78.919998
"2013-04-16",80
"2013-04-17",78.849998
"2013-04-18",81.25
"2013-04-19",82.769997
"2013-04-22",83.379997
"2013-04-23",84.099998
"2013-04-24",82.339996
"2013-04-25",82.82
"2013-04-26",82.510002
"2013-04-29",82.650002
"2013-04-30",82.470001
"2013-05-01",82.209999
"2013-05-02",82.559998
"2013-05-03",82.830002
"2013-05-06",82.5
"2013-05-07",83.339996
"2013-05-08",83.25
"2013-05-09",82.849998
"2013-05-10",83
"2013-05-13",83.029999
"2013-05-14",83.5
"2013-05-15",84.25
"2013-05-16",83.739998
"2013-05-17",83.800003
"2013-05-20",82.589996
"2013-05-21",82.629997
"2013-05-22",82.970001
"2013-05-23",82.120003
"2013-05-24",82.580002
"2013-05-28",82.43
"2013-05-29",81.120003
"2013-05-30",81.220001
"2013-05-31",80.769997
"2013-06-03",81.400002
"2013-06-04",81.629997
"2013-06-05",81.199997
"2013-06-06",81.660004
"2013-06-07",82.510002
"2013-06-10",82.849998
"2013-06-11",82.529999
"2013-06-12",82.110001
"2013-06-13",81.980003
"2013-06-14",82.129997
"2013-06-17",82.550003
"2013-06-18",82.57
"2013-06-19",80.889999
"2013-06-20",78.910004
"2013-06-21",80.129997
"2013-06-24",80.129997
"2013-06-25",80.040001
"2013-06-26",81.300003
"2013-06-27",81.739998
"2013-06-28",81.790001
"2013-07-01",82.040001
"2013-07-02",81.68
"2013-07-03",80.730003
"2013-07-05",80.800003
"2013-07-08",81.779999
"2013-07-09",82.769997
"2013-07-10",82.989998
"2013-07-11",84.550003
"2013-07-12",84.32
"2013-07-15",84.720001
"2013-07-16",84.019997
"2013-07-17",85.239998
"2013-07-18",86.800003
"2013-07-19",86.410004
"2013-07-22",86.400002
"2013-07-23",86.199997
"2013-07-24",85.639999
"2013-07-25",85.550003
"2013-07-26",85.309998
"2013-07-29",85.25
"2013-07-30",85.110001
"2013-07-31",83.540001
"2013-08-01",84.199997
"2013-08-02",84.290001
"2013-08-05",84.480003
"2013-08-06",85.050003
"2013-08-07",84.760002
"2013-08-08",84.68
"2013-08-09",84.339996
"2013-08-12",83.809998
"2013-08-13",83.389999
"2013-08-14",82.75
"2013-08-15",80.910004
"2013-08-16",80.18
"2013-08-19",80.879997
"2013-08-20",80.290001
"2013-08-21",79.080002
"2013-08-22",79.25
"2013-08-23",79.849998
"2013-08-26",79.690002
"2013-08-27",79.059998
"2013-08-28",79.370003
"2013-08-29",79.330002
"2013-08-30",79.730003
"2013-09-03",80.199997
"2013-09-04",79.529999
"2013-09-05",79.07
"2013-09-06",79.260002
"2013-09-09",79.379997
"2013-09-10",79.43
"2013-09-11",79.849998
"2013-09-12",79.870003
"2013-09-13",80.32
"2013-09-16",81.019997
"2013-09-17",81.660004
"2013-09-18",82.879997
"2013-09-19",81.82
"2013-09-20",81.739998
"2013-09-23",81.019997
"2013-09-24",80.540001
"2013-09-25",80.209999
"2013-09-26",80.540001
"2013-09-27",80.199997
"2013-09-30",79.5
"2013-10-01",79.82
"2013-10-02",79.559998
"2013-10-03",79.440002
"2013-10-04",79.620003
"2013-10-07",79.059998
"2013-10-08",78.93
"2013-10-09",79.5
"2013-10-10",80.690002
"2013-10-11",80.830002
"2013-10-14",81.089996
"2013-10-15",80.599998
"2013-10-16",82.269997
"2013-10-17",82.580002
"2013-10-18",83.010002
"2013-10-21",82.370003
"2013-10-22",83.440002
"2013-10-23",83.330002
"2013-10-24",82.540001
"2013-10-25",83.349998
"2013-10-28",84.610001
"2013-10-29",85.489998
"2013-10-30",84.720001
"2013-10-31",84.089996
"2013-11-01",84.559998
"2013-11-04",84.370003
"2013-11-05",84.620003
"2013-11-06",86.68
"2013-11-07",85.300003
"2013-11-08",85.849998
"2013-11-11",85.449997
"2013-11-12",85.639999
"2013-11-13",85.949997
"2013-11-14",86.389999
"2013-11-15",86.029999
"2013-11-18",85.860001
"2013-11-19",85.290001
"2013-11-20",85.129997
"2013-11-21",85.620003
"2013-11-22",85.739998
"2013-11-25",85.370003
"2013-11-26",84.389999
"2013-11-27",84.419998
"2013-11-29",84.459999
"2013-12-02",83.699997
"2013-12-03",83.800003
"2013-12-04",82.650002
"2013-12-05",81.900002
"2013-12-06",83.150002
"2013-12-09",82.690002
"2013-12-10",82.400002
"2013-12-11",82.669998
"2013-12-12",81.279999
"2013-12-13",80.93
"2013-12-16",81
"2013-12-17",80.459999
"2013-12-18",81.419998
"2013-12-19",81.660004
"2013-12-20",81.809998
"2013-12-23",81.860001
"2013-12-24",82.040001
"2013-12-26",82.449997
"2013-12-27",82.709999
"2013-12-30",82.910004
"2013-12-31",82.940002
"2014-01-02",82.099998
"2014-01-03",82.239998
"2014-01-06",82.279999
"2014-01-07",83.480003
"2014-01-08",83.239998
"2014-01-09",82.849998
"2014-01-10",83.5
"2014-01-13",82.370003
"2014-01-14",82.370003
"2014-01-15",82.889999
"2014-01-16",82.860001
"2014-01-17",82.199997
"2014-01-21",82.919998
"2014-01-22",82.849998
"2014-01-23",82.43
"2014-01-24",81.43
"2014-01-27",82.059998
"2014-01-28",82.32
"2014-01-29",80.220001
"2014-01-30",81.080002
"2014-01-31",80.360001
"2014-02-03",78.57
"2014-02-04",78.82
"2014-02-05",79.419998
"2014-02-06",79.389999
"2014-02-07",80.220001
"2014-02-10",80.599998
"2014-02-11",81.25
"2014-02-12",81.489998
"2014-02-13",79.690002
"2014-02-14",78.089996
"2014-02-18",78.18
"2014-02-19",77.099998
"2014-02-20",78.010002
"2014-02-21",78.220001
"2014-02-24",78.879997
"2014-02-25",79.230003
"2014-02-26",78.650002
"2014-02-27",79.07
"2014-02-28",80.07
"2014-03-03",79.519997
"2014-03-04",80.849998
"2014-03-05",81.110001
"2014-03-06",81.330002
"2014-03-07",81.559998
"2014-03-10",81.730003
"2014-03-11",82.809998
"2014-03-12",82.150002
"2014-03-13",81.800003
"2014-03-14",81
"2014-03-17",82.050003
"2014-03-18",81.949997
"2014-03-19",81.370003
"2014-03-20",81.860001
"2014-03-21",82.139999
"2014-03-24",81.889999
"2014-03-25",82.400002
"2014-03-26",82.870003
"2014-03-27",82.540001
"2014-03-28",82.949997
"2014-03-31",83.5
"2014-04-01",82.879997
"2014-04-02",82.730003
"2014-04-03",82.910004
"2014-04-04",82.589996
"2014-04-07",83.910004
"2014-04-08",83.470001
"2014-04-09",83.910004
"2014-04-10",83.620003
"2014-04-11",83.150002
"2014-04-14",83.550003
"2014-04-15",83.959999
"2014-04-16",84.769997
"2014-04-17",85.550003
"2014-04-21",85.910004
"2014-04-22",85.139999
"2014-04-23",85.410004
"2014-04-24",85.519997
"2014-04-25",85.25
"2014-04-28",86.82
"2014-04-29",85.760002
"2014-04-30",85.889999
"2014-05-01",85.57
"2014-05-02",85.519997
"2014-05-05",85.910004
"2014-05-06",85.370003
"2014-05-07",86.800003
"2014-05-08",86.660004
"2014-05-09",87.169998
"2014-05-12",86.93
"2014-05-13",87.230003
"2014-05-14",86.839996
"2014-05-15",85.739998
"2014-05-16",86.540001
"2014-05-19",86.099998
"2014-05-20",85.650002
"2014-05-21",86.099998
"2014-05-22",85.580002
"2014-05-23",85.830002
"2014-05-27",86.529999
"2014-05-28",87.07
"2014-05-29",87.730003
"2014-05-30",88.330002
"2014-06-02",87.870003
"2014-06-03",88.220001
"2014-06-04",87.43
"2014-06-05",87.760002
"2014-06-06",87.910004
"2014-06-09",88
"2014-06-10",88.419998
"2014-06-11",87.779999
"2014-06-12",87.220001
"2014-06-13",87.190002
"2014-06-16",87.550003
"2014-06-17",87.279999
"2014-06-18",88.900002
"2014-06-19",90.099998
"2014-06-20",89.099998
"2014-06-23",88.389999
"2014-06-24",88.050003
"2014-06-25",88.580002
"2014-06-26",88.610001
"2014-06-27",88.760002
"2014-06-30",89.339996
"2014-07-01",89.129997
"2014-07-02",89.669998
"2014-07-03",90.019997
"2014-07-07",89.860001
"2014-07-08",89.730003
"2014-07-09",89.769997
"2014-07-10",90.099998
"2014-07-11",89.849998
"2014-07-14",91.080002
"2014-07-15",90.339996
"2014-07-16",90.5
"2014-07-17",89.989998
"2014-07-18",90.089996
"2014-07-21",89.910004
"2014-07-22",89.169998
"2014-07-23",90.82
"2014-07-24",91.910004
"2014-07-25",91.550003
"2014-07-28",90.970001
"2014-07-29",90.139999
"2014-07-30",88.910004
"2014-07-31",88.099998
"2014-08-01",88.110001
"2014-08-04",89.690002
"2014-08-05",89.199997
"2014-08-06",90.510002
"2014-08-07",89.900002
"2014-08-08",90.290001
"2014-08-11",91.790001
"2014-08-12",91.209999
"2014-08-13",91.739998
"2014-08-14",91.790001
"2014-08-15",91.849998
"2014-08-18",92.150002
"2014-08-19",91.860001
"2014-08-20",92.230003
"2014-08-21",92.050003
"2014-08-22",91.599998
"2014-08-25",93.190002
"2014-08-26",92.599998
"2014-08-27",92.230003
"2014-08-28",92.580002
"2014-08-29",92.489998
"2014-09-02",92.480003
"2014-09-03",92.75
"2014-09-04",91.849998
"2014-09-05",91.75
"2014-09-08",91.860001
"2014-09-09",91.419998
"2014-09-10",91.790001
"2014-09-11",91.650002
"2014-09-12",90.870003
"2014-09-15",91.199997
"2014-09-16",92.57
"2014-09-17",92.849998
"2014-09-18",93.370003
"2014-09-19",93.790001
"2014-09-22",93.580002
"2014-09-23",92.93
"2014-09-24",93.5
"2014-09-25",92.669998
"2014-09-26",93.129997
"2014-09-29",93.150002
"2014-09-30",93.089996
"2014-10-01",92.650002
"2014-10-02",92.580002
"2014-10-03",93.5
"2014-10-06",93.370003
"2014-10-07",93.099998
"2014-10-08",93.940002
"2014-10-09",93.57
"2014-10-10",94.650002
"2014-10-13",93.940002
"2014-10-14",93.010002
"2014-10-15",91.769997
"2014-10-16",90.790001
"2014-10-17",91.510002
"2014-10-20",93.550003
"2014-10-21",93.730003
"2014-10-22",94.459999
"2014-10-23",93.760002
"2014-10-24",94.599998
"2014-10-27",94.620003
"2014-10-28",95.260002
"2014-10-29",94.690002
"2014-10-30",95.650002
"2014-10-31",96.169998
"2014-11-03",95.830002
"2014-11-04",96.730003
"2014-11-05",96.889999
"2014-11-06",96.809998
"2014-11-07",96.800003
"2014-11-10",96.970001
"2014-11-11",96.699997
"2014-11-12",97.160004
"2014-11-13",98.540001
"2014-11-14",97.720001
"2014-11-17",98.419998
"2014-11-18",97.940002
"2014-11-19",98.410004
"2014-11-20",98.059998
"2014-11-21",98.889999
"2014-11-24",98.68
"2014-11-25",98.93
"2014-11-26",99.349998
"2014-11-28",100.099998
"2014-12-01",99.669998
"2014-12-02",100.389999
"2014-12-03",98.32
"2014-12-04",97.75
"2014-12-05",97.760002
"2014-12-08",97.779999
"2014-12-09",97.129997
"2014-12-10",96.18
"2014-12-11",96.290001
"2014-12-12",94.739998
"2014-12-15",94.139999
"2014-12-16",92.589996
"2014-12-17",93.720001
"2014-12-18",95.360001
"2014-12-19",95.440002
"2014-12-22",96.620003
"2014-12-23",97.360001
"2014-12-24",97.089996
"2014-12-26",97.050003
"2014-12-29",96.730003
"2014-12-30",95.959999
"2014-12-31",94.559998
"2015-01-02",94.440002
"2015-01-05",93.730003
"2015-01-06",93.019997
"2015-01-07",95.739998
"2015-01-08",97.480003
"2015-01-09",96.82
"2015-01-12",96.419998
"2015-01-13",96.349998
"2015-01-14",96.669998
"2015-01-15",96.669998
"2015-01-16",97.290001
"2015-01-20",97.510002
"2015-01-21",97.400002
"2015-01-22",98.900002
"2015-01-23",98.529999
"2015-01-26",98.690002
"2015-01-27",96.720001
"2015-01-28",95.720001
"2015-01-29",96.029999
"2015-01-30",93.779999
"2015-02-02",95.330002
"2015-02-03",96.199997
"2015-02-04",96.599998
"2015-02-05",96.610001
"2015-02-06",96.709999
"2015-02-09",95.970001
"2015-02-10",97.989998
"2015-02-11",100.400002
"2015-02-12",100.269997
"2015-02-13",99.129997
"2015-02-17",98.360001
"2015-02-18",99.330002
"2015-02-19",98.720001
"2015-02-20",99.059998
"2015-02-23",99.449997
"2015-02-24",99.580002
"2015-02-25",99.5
"2015-02-26",99.07
"2015-02-27",98.980003
"2015-03-02",99
"2015-03-03",98.400002
"2015-03-04",97.360001
"2015-03-05",97.230003
"2015-03-06",96.169998
"2015-03-09",96.040001
"2015-03-10",94.43
"2015-03-11",93.629997
"2015-03-12",95.709999
"2015-03-13",94.32
"2015-03-16",95.449997
"2015-03-17",94.129997
"2015-03-18",94.639999
"2015-03-19",94.099998
"2015-03-20",95.339996
"2015-03-23",95.849998
"2015-03-24",95.860001
"2015-03-25",95.260002
"2015-03-26",95.629997
"2015-03-27",95.949997
"2015-03-30",96.519997
"2015-03-31",95.620003
"2015-04-01",95.089996
"2015-04-02",95.690002
"2015-04-06",96.480003
"2015-04-07",96.209999
"2015-04-08",96.029999
"2015-04-09",96.349998
"2015-04-10",96.199997
"2015-04-13",95.529999
"2015-04-14",96.489998
"2015-04-15",96.629997
"2015-04-16",96.449997
"2015-04-17",95.809998
"2015-04-20",96.5
"2015-04-21",96.779999
"2015-04-22",97.279999
"2015-04-23",95.730003
"2015-04-24",95.169998
"2015-04-27",94.489998
"2015-04-28",94.419998
"2015-04-29",94.379997
"2015-04-30",95.120003
"2015-05-01",95.559998
"2015-05-04",95.949997
"2015-05-05",95.419998
"2015-05-06",95.480003
"2015-05-07",95.150002
"2015-05-08",96.550003
"2015-05-11",96.349998
"2015-05-12",96.199997
"2015-05-13",96.410004
"2015-05-14",98
"2015-05-15",98.220001
"2015-05-18",98.050003
"2015-05-19",97.949997
"2015-05-20",97.690002
"2015-05-21",97.199997
"2015-05-22",96.260002
"2015-05-26",95.790001
"2015-05-27",96.379997
"2015-05-28",97.059998
"2015-05-29",96.43
"2015-06-01",95.970001
"2015-06-02",96.050003
"2015-06-03",95.300003
"2015-06-04",94.139999
"2015-06-05",93.050003
"2015-06-08",92.839996
"2015-06-09",93.07
"2015-06-10",93.690002
"2015-06-11",94.089996
"2015-06-12",93.739998
"2015-06-15",92.639999
"2015-06-16",93.550003
"2015-06-17",94.050003
"2015-06-18",95.230003
"2015-06-19",94.860001
"2015-06-22",95.599998
"2015-06-23",95.599998
"2015-06-24",95.290001
"2015-06-25",94.830002
"2015-06-26",94.910004
"2015-06-29",93.690002
"2015-06-30",93.339996
"2015-07-01",94.519997
"2015-07-02",94.660004
"2015-07-06",94.400002
"2015-07-07",96.400002
"2015-07-08",95.610001
"2015-07-09",94.589996
"2015-07-10",95.550003
"2015-07-13",97.220001
"2015-07-14",97.129997
"2015-07-15",96.349998
"2015-07-16",96.900002
"2015-07-17",96.779999
"2015-07-20",97.309998
"2015-07-21",96.93
"2015-07-22",97.169998
"2015-07-23",96.870003
"2015-07-24",96.18
"2015-07-27",95.660004
"2015-07-28",96.110001
"2015-07-29",96.529999
"2015-07-30",96.629997
"2015-07-31",96.349998
"2015-08-03",97.449997
"2015-08-04",97.809998
"2015-08-05",99.190002
"2015-08-06",99.150002
"2015-08-07",99.099998
"2015-08-10",99.089996
"2015-08-11",98.620003
"2015-08-12",98.379997
"2015-08-13",98.790001
"2015-08-14",99.230003
"2015-08-17",99.860001
"2015-08-18",99.769997
"2015-08-19",98.989998
"2015-08-20",97.980003
"2015-08-21",96.25
"2015-08-24",91.830002
"2015-08-25",89.639999
"2015-08-26",92.489998
"2015-08-27",93.599998
"2015-08-28",93.529999
"2015-08-31",92.93
"2015-09-01",91.330002
"2015-09-02",91.639999
"2015-09-03",92.129997
"2015-09-04",90.919998
"2015-09-08",92.370003
"2015-09-09",90.830002
"2015-09-10",91.059998
"2015-09-11",91.620003
"2015-09-14",91.199997
"2015-09-15",92.059998
"2015-09-16",93.07
"2015-09-17",93.370003
"2015-09-18",93.050003
"2015-09-21",93.709999
"2015-09-22",92.370003
"2015-09-23",92.400002
"2015-09-24",92.470001
"2015-09-25",93.470001
"2015-09-28",92.470001
"2015-09-29",93.040001
"2015-09-30",94.300003
"2015-10-01",93.849998
"2015-10-02",94.160004
"2015-10-05",95.809998
"2015-10-06",97.07
"2015-10-07",98.519997
"2015-10-08",98.970001
"2015-10-09",99.470001
"2015-10-12",99.139999
"2015-10-13",97.919998
"2015-10-14",97.489998
"2015-10-15",98.279999
"2015-10-16",99.699997
"2015-10-19",100.18
"2015-10-20",100.269997
"2015-10-21",100.25
"2015-10-22",103.080002
"2015-10-23",102.43
"2015-10-26",102.540001
"2015-10-27",102.940002
"2015-10-28",102.739998
"2015-10-29",102.800003
"2015-10-30",102.190002
"2015-11-02",101.400002
"2015-11-03",100.919998
"2015-11-04",100.620003
"2015-11-05",100.610001
"2015-11-06",99.720001
"2015-11-09",98.879997
"2015-11-10",98.830002
"2015-11-11",99.43
"2015-11-12",98.370003
"2015-11-13",98.040001
"2015-11-16",99.559998
"2015-11-17",98.830002
"2015-11-18",100.269997
"2015-11-19",100.93
"2015-11-20",100.099998
"2015-11-23",100.849998
"2015-11-24",100.629997
"2015-11-25",100.5
"2015-11-27",100.739998
"2015-11-30",100.160004
"2015-12-01",101.059998
"2015-12-02",99.480003
"2015-12-03",99.089996
"2015-12-04",101.059998
"2015-12-07",100.669998
"2015-12-08",100.169998
"2015-12-09",99.129997
"2015-12-10",98.900002
"2015-12-11",97.779999
"2015-12-14",97.949997
"2015-12-15",99.389999
"2015-12-16",101.080002
"2015-12-17",100.199997
"2015-12-18",97.900002
"2015-12-21",98.620003
"2015-12-22",99.800003
"2015-12-23",100.639999
"2015-12-24",100.540001
"2015-12-28",100.68
"2015-12-29",101.449997
"2015-12-30",101.150002
"2015-12-31",99.919998
"2016-01-04",98.769997
"2016-01-05",99.449997
"2016-01-06",99.480003
"2016-01-07",97.57
"2016-01-08",97.209999
"2016-01-11",97.440002
"2016-01-12",97.620003
"2016-01-13",96.5
"2016-01-14",95.809998
"2016-01-15",93.93
"2016-01-19",95.769997
"2016-01-20",93.769997
"2016-01-21",94.470001
"2016-01-22",95.849998
"2016-01-25",95.940002
"2016-01-26",96.32
"2016-01-27",95.940002
"2016-01-28",97.449997
"2016-01-29",99.300003
"2016-02-01",99.029999
"2016-02-02",98.209999
"2016-02-03",98.720001
"2016-02-04",97.389999
"2016-02-05",97.32
"2016-02-08",97.519997
"2016-02-09",98.279999
"2016-02-10",97.620003
"2016-02-11",96.900002
"2016-02-12",98.489998
"2016-02-16",98.599998
"2016-02-17",99.550003
"2016-02-18",99.620003
"2016-02-19",99.580002
"2016-02-22",99.870003
"2016-02-23",99.540001
"2016-02-24",99.68
"2016-02-25",100.669998
"2016-02-26",98.360001
"2016-02-29",97.82
"2016-03-01",99.089996
"2016-03-02",98.330002
"2016-03-03",99.160004
"2016-03-04",100
"2016-03-07",99.25
"2016-03-08",99.739998
"2016-03-09",100.199997
"2016-03-10",100.779999
"2016-03-11",101.309998
"2016-03-14",100.650002
"2016-03-15",101.150002
"2016-03-16",100.830002
"2016-03-17",101.870003
"2016-03-18",101.290001
"2016-03-21",101.540001
"2016-03-22",100.769997
"2016-03-23",100.809998
"2016-03-24",100.68
"2016-03-28",100.980003
"2016-03-29",101.370003
"2016-03-30",102.690002
"2016-03-31",102.480003
"2016-04-01",103.779999
"2016-04-04",103.82
"2016-04-05",103.099998
"2016-04-06",103.919998
"2016-04-07",103.599998
"2016-04-08",105.080002
"2016-04-11",104.300003
"2016-04-12",104.910004
"2016-04-13",104.120003
"2016-04-14",103.160004
"2016-04-15",103.769997
"2016-04-18",103.720001
"2016-04-19",104.32
"2016-04-20",102.440002
"2016-04-21",100.989998
"2016-04-22",101.980003
"2016-04-25",102.800003
"2016-04-26",102.599998
"2016-04-27",102.629997
"2016-04-28",102.970001
"2016-04-29",102.959999
"2016-05-02",103.43
"2016-05-03",103.559998
"2016-05-04",104.019997
"2016-05-05",104.209999
"2016-05-06",104.959999
"2016-05-09",105.279999
"2016-05-10",106.57
"2016-05-11",105.720001
"2016-05-12",106.099998
"2016-05-13",104.18
"2016-05-16",104.129997
"2016-05-17",102.370003
"2016-05-18",100.910004
"2016-05-19",101.330002
"2016-05-20",100.099998
"2016-05-23",100.419998
"2016-05-24",101.089996
"2016-05-25",101.089996
"2016-05-26",101.900002
"2016-05-27",101.959999
"2016-05-31",101.169998
"2016-06-01",101.57
"2016-06-02",102
"2016-06-03",102.529999
"2016-06-06",102.699997
"2016-06-07",102.489998
"2016-06-08",103.18
"2016-06-09",103.660004
"2016-06-10",103.309998
"2016-06-13",103.059998
"2016-06-14",103.230003
"2016-06-15",102.860001
"2016-06-16",103.849998
"2016-06-17",103.410004
"2016-06-20",103.370003
"2016-06-21",104.080002
"2016-06-22",103.739998
"2016-06-23",104.440002
"2016-06-24",101.980003
"2016-06-27",102.129997
"2016-06-28",102.139999
"2016-06-29",103.120003
"2016-06-30",105.940002
"2016-07-01",105.629997
"2016-07-05",106.419998
"2016-07-06",105.919998
"2016-07-07",107.489998
"2016-07-08",108.269997
"2016-07-11",108.910004
"2016-07-12",108.790001
"2016-07-13",109.910004
"2016-07-14",109.959999
"2016-07-15",109.660004
"2016-07-18",109.209999
"2016-07-19",109.529999
"2016-07-20",108.919998
"2016-07-21",108.580002
"2016-07-22",109.190002
"2016-07-25",109.019997
"2016-07-26",108.199997
"2016-07-27",107.480003
"2016-07-28",108.129997
"2016-07-29",108.919998
"2016-08-01",108.93
"2016-08-02",108.720001
"2016-08-03",108.040001
"2016-08-04",108.419998
"2016-08-05",108.660004
"2016-08-08",108.139999
"2016-08-09",108.279999
"2016-08-10",108.82
"2016-08-11",108.480003
"2016-08-12",108.589996
"2016-08-15",108.720001
"2016-08-16",108
"2016-08-17",108.470001
"2016-08-18",108.279999
"2016-08-19",108.169998
"2016-08-22",107.959999
"2016-08-23",107.879997
"2016-08-24",108.110001
"2016-08-25",107.879997
"2016-08-26",107.449997
"2016-08-29",107.989998
"2016-08-30",107.209999
"2016-08-31",106.75
"2016-09-01",107.290001
"2016-09-02",107.870003
"2016-09-06",107.919998
"2016-09-07",107.209999
"2016-09-08",106.879997
"2016-09-09",104.050003
"2016-09-12",106.019997
"2016-09-13",104.589996
"2016-09-14",105.050003
"2016-09-15",105.480003
"2016-09-16",105.279999
"2016-09-19",105.669998
"2016-09-20",106.300003
"2016-09-21",107.129997
"2016-09-22",107.82
"2016-09-23",107.339996
"2016-09-26",107.029999
"2016-09-27",107.489998
"2016-09-28",107.379997
"2016-09-29",107.760002
"2016-09-30",108.769997
"2016-10-03",108.25
"2016-10-04",107.099998
"2016-10-05",106.010002
"2016-10-06",106.400002
"2016-10-07",105.989998
"2016-10-10",106.220001
"2016-10-11",105.57
"2016-10-12",106.080002
"2016-10-13",105.919998
"2016-10-14",106.830002
"2016-10-17",106.849998
"2016-10-18",106.949997
"2016-10-19",106.260002
"2016-10-20",105.870003
"2016-10-21",105.620003
"2016-10-24",107.309998
"2016-10-25",107.230003
"2016-10-26",107.07
"2016-10-27",106.629997
"2016-10-28",107.07
"2016-10-31",107.199997
"2016-11-01",106.709999
"2016-11-02",106.709999
"2016-11-03",106.629997
"2016-11-04",105.809998
"2016-11-07",106.959999
"2016-11-08",108.720001
"2016-11-09",107.25
"2016-11-10",103.25
"2016-11-11",103.190002
"2016-11-14",101.389999
"2016-11-15",101.849998
"2016-11-16",101.709999
"2016-11-17",101.620003
"2016-11-18",101.309998
"2016-11-21",102.260002
"2016-11-22",102.889999
"2016-11-23",101.529999
"2016-11-25",102.169998
"2016-11-28",102.790001
"2016-11-29",102.540001
"2016-11-30",100.099998
"2016-12-01",99.029999
"2016-12-02",100.599998
"2016-12-05",100.709999
"2016-12-06",101.550003
"2016-12-07",102.809998
"2016-12-08",102.150002
"2016-12-09",103.57
"2016-12-12",104.720001
"2016-12-13",105.629997
"2016-12-14",104.470001
"2016-12-15",105.300003
"2016-12-16",105.870003
"2016-12-19",105.410004
"2016-12-20",104.900002
"2016-12-21",104.699997
"2016-12-22",105.349998
"2016-12-23",105.089996
"2016-12-27",105.129997
"2016-12-28",104.620003
"2016-12-29",104.989998
"2016-12-30",104.629997
"2017-01-03",104.650002
"2017-01-04",104.849998
"2017-01-05",104.709999
"2017-01-06",104.559998
"2017-01-09",103.459999
"2017-01-10",101.970001
"2017-01-11",101.809998
"2017-01-12",101.839996
"2017-01-13",101.550003
"2017-01-17",102.190002
"2017-01-18",102.739998
"2017-01-19",102.360001
"2017-01-20",103.239998
"2017-01-23",104.010002
"2017-01-24",104.709999
"2017-01-25",104.610001
"2017-01-26",104.139999
"2017-01-27",103.480003
"2017-01-30",103.690002
"2017-01-31",103.779999
"2017-02-01",103.010002
"2017-02-02",104.029999
"2017-02-03",105.110001
"2017-02-06",104.57
"2017-02-07",105.610001
"2017-02-08",105.690002
"2017-02-09",105.970001
"2017-02-10",106.099998
"2017-02-13",106.519997
"2017-02-14",106.919998
"2017-02-15",106.730003
"2017-02-16",108.120003
"2017-02-17",108.150002
"2017-02-21",109.360001
"2017-02-22",109.410004
"2017-02-23",109.540001
"2017-02-24",109.830002
"2017-02-27",109.269997
"2017-02-28",110.379997
"2017-03-01",109.730003
"2017-03-02",110.110001
"2017-03-03",110.559998
"2017-03-06",109.629997
"2017-03-07",109.32
"2017-03-08",109.300003
"2017-03-09",109.019997
"2017-03-10",109.589996
"2017-03-13",109.410004
"2017-03-14",109.339996
"2017-03-15",111.110001
"2017-03-16",111.139999
"2017-03-17",111.389999
"2017-03-20",111.150002
"2017-03-21",111.769997
"2017-03-22",112.019997
"2017-03-23",111.779999
"2017-03-24",112.120003
"2017-03-27",111.830002
"2017-03-28",112.449997
"2017-03-29",112.43
"2017-03-30",112.18
"2017-03-31",111.860001
"2017-04-03",111.860001
"2017-04-04",112.080002
"2017-04-05",111.940002
"2017-04-06",111.580002
"2017-04-07",111.610001
"2017-04-10",112.019997
"2017-04-11",111.730003
"2017-04-12",113.610001
"2017-04-13",112.68
"2017-04-17",113.32
"2017-04-18",114.279999
"2017-04-19",113.620003
"2017-04-20",113.589996
"2017-04-21",113.43
"2017-04-24",114.32
"2017-04-25",114.160004
"2017-04-26",113.330002
"2017-04-27",112.639999
"2017-04-28",113.279999
"2017-05-01",112.279999
"2017-05-02",112.290001
"2017-05-03",111.790001
"2017-05-04",112.959999
"2017-05-05",113.220001
"2017-05-08",113.220001
"2017-05-09",112.720001
"2017-05-10",112.839996
"2017-05-11",113.040001
"2017-05-12",112.910004
"2017-05-15",113.940002
"2017-05-16",113.790001
"2017-05-17",113.739998
"2017-05-18",114.029999
"2017-05-19",113.690002
"2017-05-22",114.699997
"2017-05-23",115.050003
"2017-05-24",116.059998
"2017-05-25",117.529999
"2017-05-26",117.910004
"2017-05-30",118.010002
"2017-05-31",116.870003
"2017-06-01",117.230003
"2017-06-02",117.669998
"2017-06-05",117.879997
"2017-06-06",117.699997
"2017-06-07",117.050003
"2017-06-08",115.889999
"2017-06-09",115.940002
"2017-06-12",116.230003
"2017-06-13",116.32
"2017-06-14",117.370003
"2017-06-15",117.209999
"2017-06-16",116.860001
"2017-06-19",117.290001
"2017-06-20",117.949997
"2017-06-21",117.419998
"2017-06-22",116.150002
"2017-06-23",116.959999
"2017-06-26",117.120003
"2017-06-27",115.940002
"2017-06-28",116.379997
"2017-06-29",115.18
"2017-06-30",115.489998
"2017-07-03",115.440002
"2017-07-05",115.300003
"2017-07-06",115.129997
"2017-07-07",115.510002
"2017-07-10",114.269997
"2017-07-11",113.739998
"2017-07-12",114.769997
"2017-07-13",114.019997
"2017-07-14",114.93
"2017-07-17",114.93
"2017-07-18",115.010002
"2017-07-19",115.339996
"2017-07-20",115.510002
"2017-07-21",116.629997
"2017-07-24",116.129997
"2017-07-25",116.449997
"2017-07-26",117.190002
"2017-07-27",117.339996
"2017-07-28",116.610001
"2017-07-31",116.610001
"2017-08-01",115.919998
"2017-08-02",115.610001
"2017-08-03",116.300003
"2017-08-04",116.370003
"2017-08-07",116.959999
"2017-08-08",116.709999
"2017-08-09",116.629997
"2017-08-10",116.379997
"2017-08-11",116.510002
"2017-08-14",117.839996
"2017-08-15",118.970001
"2017-08-16",119.099998
"2017-08-17",118.389999
"2017-08-18",117.599998
"2017-08-21",118.260002
"2017-08-22",117.919998
"2017-08-23",117.290001
"2017-08-24",116.220001
"2017-08-25",115.849998
"2017-08-28",115.540001
"2017-08-29",115.839996
"2017-08-30",115.150002
"2017-08-31",115.730003
"2017-09-01",115.839996
"2017-09-05",115.870003
"2017-09-06",116.349998
"2017-09-07",116.989998
"2017-09-08",115.040001
"2017-09-11",115.690002
"2017-09-12",115
"2017-09-13",114.449997
"2017-09-14",114.190002
"2017-09-15",114.849998
"2017-09-18",114.989998
"2017-09-19",114.489998
"2017-09-20",113.580002
"2017-09-21",112.800003
"2017-09-22",111.849998
"2017-09-25",111.940002
"2017-09-26",111.809998
"2017-09-27",111.099998
"2017-09-28",111.639999
"2017-09-29",111.43
"2017-10-02",109.120003
"2017-10-03",109.129997
"2017-10-04",109.339996
"2017-10-05",110.449997
"2017-10-06",110.400002
"2017-10-09",110.010002
"2017-10-10",110.779999
"2017-10-11",111.510002
"2017-10-12",112.449997
"2017-10-13",112.620003
"2017-10-16",113.57
"2017-10-17",112.190002
"2017-10-18",111.949997
"2017-10-19",112.669998
"2017-10-20",111.610001
"2017-10-23",111.690002
"2017-10-24",110.75
"2017-10-25",110.07
"2017-10-26",110.730003
"2017-10-27",110.599998
"2017-10-30",109.650002
"2017-10-31",110.230003
"2017-11-01",110.129997
"2017-11-02",110.050003
"2017-11-03",110.220001
"2017-11-06",109.260002
"2017-11-07",110.470001
"2017-11-08",112
"2017-11-09",111.480003
"2017-11-10",112.75
"2017-11-13",114.040001
"2017-11-14",115.760002
"2017-11-15",115.099998
"2017-11-16",115.230003
"2017-11-17",114.68
"2017-11-20",114.910004
"2017-11-21",116.050003
"2017-11-22",115.080002
"2017-11-24",115.900002
"2017-11-27",115.849998
"2017-11-28",116.769997
"2017-11-29",116.839996
"2017-11-30",116.519997
"2017-12-01",116.779999
"2017-12-04",117.459999
"2017-12-05",117.589996
"2017-12-06",118.900002
"2017-12-07",116.730003
"2017-12-08",116.57
"2017-12-11",117.389999
"2017-12-12",117.400002
"2017-12-13",117.800003
"2017-12-14",118.019997
"2017-12-15",119.220001
"2017-12-18",118.050003
"2017-12-19",118.610001
"2017-12-20",119.019997
"2017-12-21",118.260002
"2017-12-22",118.599998
"2017-12-26",118.889999
"2017-12-27",119.300003
"2017-12-28",119.349998
"2017-12-29",119.919998
"2018-01-02",118.059998
"2018-01-03",117.75
"2018-01-04",118.330002
"2018-01-05",118.669998
"2018-01-08",117.989998
"2018-01-09",118.080002
"2018-01-10",117.480003
"2018-01-11",116.879997
"2018-01-12",117.379997
"2018-01-16",117.860001
"2018-01-17",119.18
"2018-01-18",119.050003
"2018-01-19",120.169998
"2018-01-22",121.510002
"2018-01-23",121.300003
"2018-01-24",121.139999
"2018-01-25",120.900002
"2018-01-26",121.760002
"2018-01-29",119.669998
"2018-01-30",119.889999
"2018-01-31",120.300003
"2018-02-01",120.300003
"2018-02-02",118.669998
"2018-02-05",114.459999
"2018-02-06",113.559998
"2018-02-07",113.5
"2018-02-08",110.150002
"2018-02-09",111.18
"2018-02-12",111.93
"2018-02-13",112.139999
"2018-02-14",109.110001
"2018-02-15",110.970001
"2018-02-16",111.059998
"2018-02-20",109.480003
"2018-02-21",108
"2018-02-22",109.260002
"2018-02-23",109.68
"2018-02-26",110.940002
"2018-02-27",110.889999
"2018-02-28",109.730003
"2018-03-01",108.120003
"2018-03-02",109.040001
"2018-03-05",109.43
"2018-03-06",109.580002
"2018-03-07",109.839996
"2018-03-08",112.080002
"2018-03-09",112.540001
"2018-03-12",112.75
"2018-03-13",113.599998
"2018-03-14",112.610001
"2018-03-15",111.989998
"2018-03-16",111.639999
"2018-03-19",110.360001
"2018-03-20",109.900002
"2018-03-21",108.739998
"2018-03-22",107.940002
"2018-03-23",106.150002
"2018-03-26",106.809998
"2018-03-27",107.639999
"2018-03-28",109.18
"2018-03-29",109.150002
"2018-04-02",107.050003
"2018-04-03",108.190002
"2018-04-04",110.18
"2018-04-05",110.57
"2018-04-06",109.300003
"2018-04-09",109.379997
"2018-04-10",109.400002
"2018-04-11",108.68
"2018-04-12",108.309998
"2018-04-13",109.260002
"2018-04-16",109.919998
"2018-04-17",108.870003
"2018-04-18",106.980003
"2018-04-19",105.57
"2018-04-20",102.480003
"2018-04-23",102.580002
"2018-04-24",101.440002
"2018-04-25",101.150002
"2018-04-26",103.260002
"2018-04-27",101.709999
"2018-04-30",100.940002
"2018-05-01",99.129997
"2018-05-02",97.230003
"2018-05-03",97.599998
"2018-05-04",98.989998
"2018-05-07",98.230003
"2018-05-08",96.790001
"2018-05-09",96.160004
"2018-05-10",97.269997
"2018-05-11",97.43
"2018-05-14",97.150002
"2018-05-15",96.800003
"2018-05-16",97.190002
"2018-05-17",97.919998
"2018-05-18",97.510002
"2018-05-21",99.510002
"2018-05-22",99.93
"2018-05-23",100.449997
"2018-05-24",100.18
"2018-05-25",100.309998
"2018-05-29",101.099998
"2018-05-30",101.830002
"2018-05-31",100.25
"2018-06-01",100.25
"2018-06-04",100.120003
"2018-06-05",100.209999
"2018-06-06",100.830002
"2018-06-07",101.160004
"2018-06-08",102.489998
"2018-06-11",103.209999
"2018-06-12",104.480003
"2018-06-13",105.269997
"2018-06-14",105.129997
"2018-06-15",107.610001
"2018-06-18",105.379997
"2018-06-19",105.959999
"2018-06-20",105.809998
"2018-06-21",107.239998
"2018-06-22",108.370003
"2018-06-25",108.989998
"2018-06-26",108.050003
"2018-06-27",108.269997
"2018-06-28",108.68
"2018-06-29",108.870003
"2018-07-02",109.529999
"2018-07-03",108.800003
"2018-07-05",109.550003
"2018-07-06",109.559998
"2018-07-09",107.760002
"2018-07-10",112.889999
"2018-07-11",112.540001
"2018-07-12",111.529999
"2018-07-13",112.690002
"2018-07-16",112.959999
"2018-07-17",114.879997
"2018-07-18",114.830002
"2018-07-19",115.769997
"2018-07-20",116.010002
"2018-07-23",114.389999
"2018-07-24",114.739998
"2018-07-25",115.209999
"2018-07-26",115
"2018-07-27",114.279999
"2018-07-30",114.18
"2018-07-31",115
"2018-08-01",113.610001
"2018-08-02",114.690002
"2018-08-03",116.300003
"2018-08-06",117.379997
"2018-08-07",114.220001
"2018-08-08",113.489998
"2018-08-09",113.699997
"2018-08-10",112.870003
"2018-08-13",113.019997
"2018-08-14",113.099998
"2018-08-15",113.449997
"2018-08-16",114.25
"2018-08-17",114.959999
"2018-08-20",114.839996
"2018-08-21",113.720001
"2018-08-22",112.239998
"2018-08-23",111.93
"2018-08-24",112.150002
"2018-08-27",112.410004
"2018-08-28",111.169998
"2018-08-29",112.050003
"2018-08-30",111.959999
"2018-08-31",112.010002
"2018-09-04",111
"2018-09-05",113.120003
"2018-09-06",113.5
"2018-09-07",112.739998
"2018-09-10",113.57
"2018-09-11",113.330002
"2018-09-12",113.849998
"2018-09-13",114.989998
"2018-09-14",114.57
"2018-09-17",115.400002
"2018-09-18",113.980003
"2018-09-19",113.769997
"2018-09-20",115.220001
"2018-09-21",114.910004
"2018-09-24",112.269997
"2018-09-25",111.970001
"2018-09-26",111.5
"2018-09-27",111.050003
"2018-09-28",111.800003
"2018-10-01",110.709999
"2018-10-02",108.720001
"2018-10-03",107.519997
"2018-10-04",106.610001
"2018-10-05",106.489998
"2018-10-08",108.190002
"2018-10-09",108.120003
"2018-10-10",107.339996
"2018-10-11",105.059998
"2018-10-12",105.279999
"2018-10-15",105.629997
"2018-10-16",107.389999
"2018-10-17",108.309998
"2018-10-18",107.93
"2018-10-19",110.290001
"2018-10-22",109.400002
"2018-10-23",110.129997
"2018-10-24",112.959999
"2018-10-25",112.849998
"2018-10-26",110.449997
"2018-10-29",112.889999
"2018-10-30",113.769997
"2018-10-31",112.379997
"2018-11-01",111.510002
"2018-11-02",111.169998
"2018-11-05",114.389999
"2018-11-06",115.209999
"2018-11-07",115.610001
"2018-11-08",116.059998
"2018-11-09",117.480003
"2018-11-12",116.970001
"2018-11-13",117.139999
"2018-11-14",116.650002
"2018-11-15",116.800003
"2018-11-16",118.349998
"2018-11-19",119.010002
"2018-11-20",116
"2018-11-21",115.279999
"2018-11-23",115.410004
"2018-11-26",115.860001
"2018-11-27",116.440002
"2018-11-28",118.5
"2018-11-29",118.269997
"2018-11-30",121.940002
"2018-12-03",118.980003
"2018-12-04",117.800003
"2018-12-06",116.839996
"2018-12-07",115.82
"2018-12-10",116.190002
"2018-12-11",117.290001
"2018-12-12",117
"2018-12-13",118.349998
"2018-12-14",113.949997
"2018-12-17",112.870003
"2018-12-18",111.839996
"2018-12-19",110.040001
"2018-12-20",110.209999
"2018-12-21",109.419998
"2018-12-24",106.029999
"2018-12-26",108.330002
"2018-12-27",109.419998
"2018-12-28",110.360001
"2018-12-31",110.480003
"2019-01-02",109.279999
"2019-01-03",108.260002
"2019-01-04",110.480003
"2019-01-07",109.529999
"2019-01-08",110.580002
"2019-01-09",107.489998
"2019-01-10",108.150002
"2019-01-11",108.160004
"2019-01-14",107.32
"2019-01-15",108.989998
"2019-01-16",108.339996
"2019-01-17",109.220001
"2019-01-18",110.07
"2019-01-22",109.910004
"2019-01-23",110.730003
"2019-01-24",109.5
"2019-01-25",109.349998
"2019-01-28",108.82
"2019-01-29",109
"2019-01-30",110.82
"2019-01-31",112.669998
"2019-02-01",112.190002
"2019-02-04",113.089996
"2019-02-05",112.900002
"2019-02-06",113.050003
"2019-02-07",113.089996
"2019-02-08",113.019997
"2019-02-11",112.970001
"2019-02-12",113.790001
"2019-02-13",114.120003
"2019-02-14",112.589996
"2019-02-15",115.910004
"2019-02-19",115.93
"2019-02-20",115.830002
"2019-02-21",116.099998
"2019-02-22",116.760002
"2019-02-25",116.059998
"2019-02-26",115.970001
"2019-02-27",115.370003
"2019-02-28",115.639999
"2019-03-01",116.18
"2019-03-04",116.169998
"2019-03-05",116.029999
"2019-03-06",116.660004
"2019-03-07",116.099998
"2019-03-08",115.230003
"2019-03-11",116.589996
"2019-03-12",116.57
"2019-03-13",116.580002
"2019-03-14",115.5
"2019-03-15",115.660004
"2019-03-18",117.269997
"2019-03-19",118.089996
"2019-03-20",118.32
"2019-03-21",119.440002
"2019-03-22",120.720001
"2019-03-25",120.849998
"2019-03-26",122.019997
"2019-03-27",121.889999
"2019-03-28",121.839996
"2019-03-29",122.550003
"2019-04-01",122
"2019-04-02",121.68
"2019-04-03",121.559998
"2019-04-04",121.470001
"2019-04-05",121.620003
"2019-04-08",122
"2019-04-09",122.169998
"2019-04-10",122.040001
"2019-04-11",121.669998
"2019-04-12",122.230003
"2019-04-15",123.660004
"2019-04-16",122.410004
"2019-04-17",127.010002
"2019-04-18",127.089996
"2019-04-22",126.440002
"2019-04-23",127.089996
"2019-04-24",126.919998
"2019-04-25",126.129997
"2019-04-26",126.400002
"2019-04-29",126.690002
"2019-04-30",128.050003
"2019-05-01",127.239998
"2019-05-02",126.830002
"2019-05-03",127.669998
"2019-05-06",127.269997
"2019-05-07",125.980003
"2019-05-08",126.019997
"2019-05-09",126.050003
"2019-05-10",128.009995
"2019-05-13",127.160004
"2019-05-14",127.410004
"2019-05-15",129.350006
"2019-05-16",130.270004
"2019-05-17",130.509995
"2019-05-20",129.990005
"2019-05-21",129.050003
"2019-05-22",130.070007
"2019-05-23",129.970001
"2019-05-24",129.5
"2019-05-28",127.629997
"2019-05-29",128.169998
"2019-05-30",128.610001
"2019-05-31",128
"2019-06-03",128.979996
"2019-06-04",129.070007
"2019-06-05",131.389999
"2019-06-06",131.979996
"2019-06-07",133.470001
"2019-06-10",133.589996
"2019-06-11",133.199997
"2019-06-12",133.139999
"2019-06-13",132.940002
"2019-06-14",132.729996
"2019-06-17",132.520004
"2019-06-18",132.059998
"2019-06-19",132.850006
"2019-06-20",134.160004
"2019-06-21",133.960007
"2019-06-24",134.139999
"2019-06-25",133.809998
"2019-06-26",132.320007
"2019-06-27",131.690002
"2019-06-28",131.130005
"2019-07-01",131.869995
"2019-07-02",132.429993
"2019-07-03",133.990005
"2019-07-05",133.020004
"2019-07-08",132.559998
"2019-07-09",131.740005
"2019-07-10",134.410004
"2019-07-11",134.350006
"2019-07-12",133.279999
"2019-07-15",134.149994
"2019-07-16",133.800003
"2019-07-17",132.779999
"2019-07-18",132.880005
"2019-07-19",130.089996
"2019-07-22",130.279999
"2019-07-23",130.740005
"2019-07-24",129.210007
"2019-07-25",128.990005
"2019-07-26",131.220001
"2019-07-29",131.529999
"2019-07-30",130.479996
"2019-07-31",127.809998
"2019-08-01",127.139999
"2019-08-02",127.919998
"2019-08-05",124.400002
"2019-08-06",126.449997
"2019-08-07",127.779999
"2019-08-08",129.470001
"2019-08-09",128.600006
"2019-08-12",128.350006
"2019-08-13",129.929993
"2019-08-14",129.119995
"2019-08-15",130.720001
"2019-08-16",131.759995
"2019-08-19",132.570007
"2019-08-20",132.059998
"2019-08-21",132.339996
"2019-08-22",132.660004
"2019-08-23",130.270004
"2019-08-26",133.740005
"2019-08-27",134.759995
"2019-08-28",135.190002
"2019-08-29",136.020004
"2019-08-30",136.729996
"2019-09-03",137.460007
"2019-09-04",139.149994
"2019-09-05",135.979996
"2019-09-06",137.369995
"2019-09-09",136.399994
"2019-09-10",135.860001
"2019-09-11",136.360001
"2019-09-12",137.289993
"2019-09-13",136.440002
"2019-09-16",134.880005
"2019-09-17",135.699997
"2019-09-18",135.5
"2019-09-19",135.479996
"2019-09-20",134.710007
"2019-09-23",135.440002
"2019-09-24",135.360001
"2019-09-25",135.089996
"2019-09-26",135.720001
"2019-09-27",135.600006
"2019-09-30",137.100006
"2019-10-01",137.369995
"2019-10-02",133.940002
"2019-10-03",137.929993
"2019-10-04",140.279999
"2019-10-07",138.339996
"2019-10-08",137.240005
"2019-10-09",137.850006
"2019-10-10",137.889999
"2019-10-11",137.639999
"2019-10-14",137.449997
"2019-10-15",136.330002
"2019-10-16",136.419998
"2019-10-17",136.960007
"2019-10-18",136.25
"2019-10-21",136.119995
"2019-10-22",136.660004
"2019-10-23",137.449997
"2019-10-24",137.889999
"2019-10-25",136.639999
"2019-10-28",136.570007
"2019-10-29",136.080002
"2019-10-30",136.899994
"2019-10-31",137.169998
"2019-11-01",136.929993
"2019-11-04",135.160004
"2019-11-05",134.009995
"2019-11-06",134.440002
"2019-11-07",133.320007
"2019-11-08",133.130005
"2019-11-11",132.389999
"2019-11-12",131.979996
"2019-11-13",133.289993
"2019-11-14",133.330002
"2019-11-15",133.809998
"2019-11-18",134.059998
"2019-11-19",134.570007
"2019-11-20",133.740005
"2019-11-21",133.910004
"2019-11-22",134.070007
"2019-11-25",133.830002
"2019-11-26",135.699997
"2019-11-27",135.910004
"2019-11-29",135.830002
"2019-12-02",135.880005
"2019-12-03",135.460007
"2019-12-04",137.300003
"2019-12-05",136.339996
"2019-12-06",137.360001
"2019-12-09",137.160004
"2019-12-10",136.270004
"2019-12-11",137.100006
"2019-12-12",137.179993
"2019-12-13",137.940002
"2019-12-16",137.059998
"2019-12-17",136.169998
"2019-12-18",135.970001
"2019-12-19",136.470001
"2019-12-20",137.919998
"2019-12-23",137.039993
"2019-12-24",136.889999
"2019-12-26",136.690002
"2019-12-27",137.539993
"2019-12-30",136.809998
"2019-12-31",136.669998
"2020-01-02",135.820007
"2020-01-03",135.630005
"2020-01-06",136.149994
"2020-01-07",134.009995
"2020-01-08",134.699997
"2020-01-09",134.789993
"2020-01-10",134.529999
"2020-01-13",136.529999
"2020-01-14",136.850006
"2020-01-15",139.199997
"2020-01-16",139.610001
"2020-01-17",141.259995
"2020-01-21",141.860001
"2020-01-22",143.380005
"2020-01-23",143.649994
"2020-01-24",142.919998
"2020-01-27",142.139999
"2020-01-28",142.440002
"2020-01-29",141.729996
"2020-01-30",143.830002
"2020-01-31",142.020004
"2020-02-03",142.509995
"2020-02-04",143.220001
"2020-02-05",144.300003
"2020-02-06",144.330002
"2020-02-07",145.369995
"2020-02-10",145.660004
"2020-02-11",146.080002
"2020-02-12",146.080002
"2020-02-13",146.470001
"2020-02-14",146.990005
"2020-02-18",145.600006
"2020-02-19",145.529999
"2020-02-20",145.160004
"2020-02-21",145.850006
"2020-02-24",142.639999
"2020-02-25",141.100006
"2020-02-26",141.979996
"2020-02-27",136.369995
"2020-02-28",132.029999
"2020-03-02",137.580002
"2020-03-03",135.580002
"2020-03-04",142.389999
"2020-03-05",138.100006
"2020-03-06",137.259995
"2020-03-09",130.160004
"2020-03-10",134.139999
"2020-03-11",129.75
"2020-03-12",115.339996
"2020-03-13",127.449997
"2020-03-16",113.089996
"2020-03-17",127.720001
"2020-03-18",120.919998
"2020-03-19",117.339996
"2020-03-20",103.93
"2020-03-23",105.18
"2020-03-24",113.839996
"2020-03-25",112.5
"2020-03-26",120.260002
"2020-03-27",120.459999
"2020-03-30",125.480003
"2020-03-31",120.099998
"2020-04-01",118.120003
"2020-04-02",123.860001
"2020-04-03",124.589996
"2020-04-06",131.160004
"2020-04-07",130.479996
"2020-04-08",132.610001
"2020-04-09",133.630005
"2020-04-13",130.889999
"2020-04-14",138.399994
"2020-04-15",135.029999
"2020-04-16",135.639999
"2020-04-17",137.550003
"2020-04-20",134.550003
"2020-04-21",130.940002
"2020-04-22",132.619995
"2020-04-23",130.259995
"2020-04-24",134.360001
"2020-04-27",134.460007
"2020-04-28",136.320007
"2020-04-29",133.360001
"2020-04-30",132.289993
"2020-05-01",130.139999
"2020-05-04",130.919998
"2020-05-05",131.669998
"2020-05-06",130.779999
"2020-05-07",131.550003
"2020-05-08",134.229996
"2020-05-11",134.380005
"2020-05-12",132.940002
"2020-05-13",132.960007
"2020-05-14",133.080002
"2020-05-15",135.949997
"2020-05-18",135.520004
"2020-05-19",131.729996
"2020-05-20",131.259995
"2020-05-21",130.210007
"2020-05-22",130.479996
"2020-05-26",129.75
"2020-05-27",130.809998
"2020-05-28",132.289993
"2020-05-29",131.550003
"2020-06-01",132.990005
"2020-06-02",132.630005
"2020-06-03",132.820007
"2020-06-04",130.570007
"2020-06-05",132.440002
"2020-06-08",132.210007
"2020-06-09",132.970001
"2020-06-10",134.130005
"2020-06-11",127.839996
"2020-06-12",129
"2020-06-15",130.479996
"2020-06-16",131.669998
"2020-06-17",131.759995
"2020-06-18",132.779999
"2020-06-19",131.279999
"2020-06-22",131.050003
"2020-06-23",131.360001
"2020-06-24",129.559998
"2020-06-25",131.410004
"2020-06-26",128.929993
"2020-06-29",131.080002
"2020-06-30",132.259995
"2020-07-01",132.360001
"2020-07-02",132.850006
"2020-07-06",133.300003
"2020-07-07",133.570007
"2020-07-08",134.220001
"2020-07-09",132.710007
"2020-07-10",134.460007
"2020-07-13",134.910004
"2020-07-14",135.520004
"2020-07-15",133.690002
"2020-07-16",133.880005
"2020-07-17",134.660004
"2020-07-20",133.110001
"2020-07-21",134.429993
"2020-07-22",136.009995
"2020-07-23",137.080002
"2020-07-24",136.059998
"2020-07-27",137.669998
"2020-07-28",137.380005
"2020-07-29",137.929993
"2020-07-30",137.690002
"2020-07-31",137.660004
"2020-08-03",136.699997
"2020-08-04",137.470001
"2020-08-05",136.25
"2020-08-06",135.860001
"2020-08-07",136.740005
"2020-08-10",135.979996
"2020-08-11",135.119995
"2020-08-12",137.800003
"2020-08-13",138.100006
"2020-08-14",137.559998
"2020-08-17",137.919998
"2020-08-18",138.110001
"2020-08-19",136.449997
"2020-08-20",136.720001
"2020-08-21",136.460007
"2020-08-24",137.639999
"2020-08-25",137.300003
"2020-08-26",138.470001
"2020-08-27",138.399994
"2020-08-28",139.940002
"2020-08-31",140.059998
"2020-09-01",139.190002
"2020-09-02",143.289993
"2020-09-03",139.369995
"2020-09-04",138.759995
"2020-09-08",135.550003
"2020-09-09",137.110001
"2020-09-10",134.759995
"2020-09-11",135.809998
"2020-09-14",136.669998
"2020-09-15",135.619995
"2020-09-16",134.979996
"2020-09-17",133.199997
"2020-09-18",131.470001
"2020-09-21",131.240005
"2020-09-22",132.149994
"2020-09-23",131
"2020-09-24",131.580002
"2020-09-25",133.550003
"2020-09-28",137.970001
"2020-09-29",137.160004
"2020-09-30",138.600006
"2020-10-01",140.800003
"2020-10-02",138.059998
"2020-10-05",137.929993
"2020-10-06",135.699997
"2020-10-07",137.009995
"2020-10-08",137.850006
"2020-10-09",138.440002
"2020-10-12",142.130005
"2020-10-13",143.539993
"2020-10-14",142.520004
"2020-10-15",141.429993
"2020-10-16",141.729996
"2020-10-19",139.679993
"2020-10-20",139.710007
"2020-10-21",139.600006
"2020-10-22",139.610001
"2020-10-23",139.559998
"2020-10-26",138.059998
"2020-10-27",139.119995
"2020-10-28",134.169998
"2020-10-29",133.990005
"2020-10-30",133.289993
"2020-11-02",135.149994
"2020-11-03",137.039993
"2020-11-04",137.860001
"2020-11-05",138.050003
"2020-11-06",138.380005
"2020-11-09",138.449997
"2020-11-10",141.720001
"2020-11-11",143.899994
"2020-11-12",143.839996
"2020-11-13",144.710007
"2020-11-16",145.759995
"2020-11-17",145.240005
"2020-11-18",143.380005
"2020-11-19",143.320007
"2020-11-20",143.419998
"2020-11-23",143.020004
"2020-11-24",144.029999
"2020-11-25",144.160004
"2020-11-27",144.600006
"2020-11-30",144.229996
"2020-12-01",146.070007
"2020-12-02",144.619995
"2020-12-03",144.449997
"2020-12-04",145.850006
"2020-12-07",145.369995
"2020-12-08",145.520004
"2020-12-09",145.690002
"2020-12-10",144.669998
"2020-12-11",144.970001
"2020-12-14",144.229996
"2020-12-15",144.770004
"2020-12-16",144.889999
"2020-12-17",145.710007
"2020-12-18",146.929993
"2020-12-21",145.399994
"2020-12-22",144.020004
"2020-12-23",144.410004
"2020-12-24",145.059998
"2020-12-28",146.910004
"2020-12-29",147.419998
"2020-12-30",147.309998
"2020-12-31",148.300003
"2021-01-04",144.270004
"2021-01-05",144.699997
"2021-01-06",142.929993
"2021-01-07",142.470001
"2021-01-08",144.179993
"2021-01-11",142.089996
"2021-01-12",141.429993
"2021-01-13",142.589996
"2021-01-14",141.759995
"2021-01-15",141.389999
"2021-01-19",142.059998
"2021-01-20",141.330002
"2021-01-21",139.610001
"2021-01-22",138.589996
"2021-01-25",140.179993
"2021-01-26",141.800003
"2021-01-27",138.039993
"2021-01-28",139.190002
"2021-01-29",136.570007
"2021-02-01",136.979996
"2021-02-02",138.380005
"2021-02-03",138.020004
"2021-02-04",139.679993
"2021-02-05",140.960007
"2021-02-08",140.399994
"2021-02-09",139.600006
"2021-02-10",137.699997
"2021-02-11",134.970001
"2021-02-12",133.869995
"2021-02-16",134.380005
"2021-02-17",134.460007
"2021-02-18",135.369995
"2021-02-19",132.509995
"2021-02-22",131.990005
"2021-02-23",132.779999
"2021-02-24",132.089996
"2021-02-25",130
"2021-02-26",129.190002
"2021-03-01",130.619995
"2021-03-02",131.070007
"2021-03-03",129.139999
"2021-03-04",128.830002
"2021-03-05",133.029999
"2021-03-08",132.130005
"2021-03-09",132.25
"2021-03-10",133.580002
