"Index","QCOM.Close"
"2010-01-04",46.939999
"2010-01-05",48.07
"2010-01-06",47.599998
"2010-01-07",48.98
"2010-01-08",49.470001
"2010-01-11",49.290001
"2010-01-12",48.490002
"2010-01-13",48.700001
"2010-01-14",48.369999
"2010-01-15",48.529999
"2010-01-19",49.32
"2010-01-20",48.349998
"2010-01-21",48.09
"2010-01-22",46.779999
"2010-01-25",46.91
"2010-01-26",46.889999
"2010-01-27",47.200001
"2010-01-28",40.48
"2010-01-29",39.189999
"2010-02-01",39.77
"2010-02-02",39.259998
"2010-02-03",39.630001
"2010-02-04",38.169998
"2010-02-05",38.040001
"2010-02-08",37.509998
"2010-02-09",37.91
"2010-02-10",37.43
"2010-02-11",38.009998
"2010-02-12",38.84
"2010-02-16",39.02
"2010-02-17",39.43
"2010-02-18",39.810001
"2010-02-19",39.59
"2010-02-22",39.009998
"2010-02-23",38.540001
"2010-02-24",37.869999
"2010-02-25",37.18
"2010-02-26",36.68
"2010-03-01",35.560001
"2010-03-02",37.93
"2010-03-03",38.689999
"2010-03-04",39.25
"2010-03-05",38.759998
"2010-03-08",38.790001
"2010-03-09",38.68
"2010-03-10",38.880001
"2010-03-11",39.099998
"2010-03-12",38.950001
"2010-03-15",38.869999
"2010-03-16",39.009998
"2010-03-17",38.900002
"2010-03-18",40.43
"2010-03-19",40.049999
"2010-03-22",40.279999
"2010-03-23",40.52
"2010-03-24",40.189999
"2010-03-25",42.189999
"2010-03-26",41.830002
"2010-03-29",41.759998
"2010-03-30",42.130001
"2010-03-31",41.959999
"2010-04-01",42.27
"2010-04-05",42.529999
"2010-04-06",42.43
"2010-04-07",42.77
"2010-04-08",42.400002
"2010-04-09",42.169998
"2010-04-12",42.23
"2010-04-13",42.299999
"2010-04-14",42.599998
"2010-04-15",42.700001
"2010-04-16",42.740002
"2010-04-19",42.75
"2010-04-20",43.290001
"2010-04-21",42.630001
"2010-04-22",39.330002
"2010-04-23",38.25
"2010-04-26",38.110001
"2010-04-27",37.919998
"2010-04-28",38.82
"2010-04-29",38.98
"2010-04-30",38.68
"2010-05-03",38.639999
"2010-05-04",37.599998
"2010-05-05",37.630001
"2010-05-06",36.669998
"2010-05-07",36.5
"2010-05-10",37.369999
"2010-05-11",37.48
"2010-05-12",38.16
"2010-05-13",37.959999
"2010-05-14",37.299999
"2010-05-17",37.369999
"2010-05-18",36.709999
"2010-05-19",36.450001
"2010-05-20",35.59
"2010-05-21",35.889999
"2010-05-24",35.669998
"2010-05-25",35.610001
"2010-05-26",34.880001
"2010-05-27",35.560001
"2010-05-28",35.560001
"2010-06-01",35.07
"2010-06-02",36.02
"2010-06-03",36.470001
"2010-06-04",35.299999
"2010-06-07",35.009998
"2010-06-08",35.27
"2010-06-09",34.720001
"2010-06-10",35.029999
"2010-06-11",35.360001
"2010-06-14",34.790001
"2010-06-15",35.580002
"2010-06-16",35.080002
"2010-06-17",35.709999
"2010-06-18",35.689999
"2010-06-21",35.639999
"2010-06-22",35.57
"2010-06-23",35.419998
"2010-06-24",34.790001
"2010-06-25",34.57
"2010-06-28",34.040001
"2010-06-29",33.139999
"2010-06-30",32.84
"2010-07-01",31.959999
"2010-07-02",32.369999
"2010-07-06",32.650002
"2010-07-07",33.380001
"2010-07-08",33.93
"2010-07-09",33.91
"2010-07-12",35.099998
"2010-07-13",35.950001
"2010-07-14",36.900002
"2010-07-15",36.880001
"2010-07-16",35.959999
"2010-07-19",36.77
"2010-07-20",36.75
"2010-07-21",36.16
"2010-07-22",39.110001
"2010-07-23",39.080002
"2010-07-26",39.240002
"2010-07-27",39.220001
"2010-07-28",38.759998
"2010-07-29",38.779999
"2010-07-30",38.080002
"2010-08-02",38.759998
"2010-08-03",38.459999
"2010-08-04",38.43
"2010-08-05",38.5
"2010-08-06",38.650002
"2010-08-09",39.75
"2010-08-10",39.779999
"2010-08-11",39.360001
"2010-08-12",38.240002
"2010-08-13",37.950001
"2010-08-16",38.639999
"2010-08-17",39.139999
"2010-08-18",39.040001
"2010-08-19",38.110001
"2010-08-20",38.91
"2010-08-23",38.540001
"2010-08-24",38.040001
"2010-08-25",38.459999
"2010-08-26",38.279999
"2010-08-27",38.639999
"2010-08-30",38.290001
"2010-08-31",38.299999
"2010-09-01",39.599998
"2010-09-02",40.02
"2010-09-03",40.380001
"2010-09-07",40.57
"2010-09-08",40.919998
"2010-09-09",40.900002
"2010-09-10",40.419998
"2010-09-13",41
"2010-09-14",41.110001
"2010-09-15",41.98
"2010-09-16",41.970001
"2010-09-17",42.529999
"2010-09-20",43.009998
"2010-09-21",43.509998
"2010-09-22",43.299999
"2010-09-23",43.650002
"2010-09-24",44.549999
"2010-09-27",44.59
"2010-09-28",44.07
"2010-09-29",44.310001
"2010-09-30",45.130001
"2010-10-01",44.259998
"2010-10-04",43.889999
"2010-10-05",44.259998
"2010-10-06",44.650002
"2010-10-07",44.549999
"2010-10-08",44.759998
"2010-10-11",44.18
"2010-10-12",44.790001
"2010-10-13",45.32
"2010-10-14",45.040001
"2010-10-15",44.790001
"2010-10-18",44.490002
"2010-10-19",44.220001
"2010-10-20",44.380001
"2010-10-21",43.98
"2010-10-22",44.18
"2010-10-25",44.330002
"2010-10-26",43.939999
"2010-10-27",44.48
"2010-10-28",44.419998
"2010-10-29",45.16
"2010-11-01",45.330002
"2010-11-02",45.380001
"2010-11-03",45.689999
"2010-11-04",48.34
"2010-11-05",48.330002
"2010-11-08",47.799999
"2010-11-09",47.919998
"2010-11-10",47.68
"2010-11-11",47.919998
"2010-11-12",47.470001
"2010-11-15",46.869999
"2010-11-16",46.380001
"2010-11-17",47.98
"2010-11-18",47.720001
"2010-11-19",47.959999
"2010-11-22",47.619999
"2010-11-23",47.099998
"2010-11-24",48.07
"2010-11-26",47.700001
"2010-11-29",47.279999
"2010-11-30",46.82
"2010-12-01",47.889999
"2010-12-02",48.490002
"2010-12-03",48.82
"2010-12-06",48.32
"2010-12-07",48.470001
"2010-12-08",48.880001
"2010-12-09",49.080002
"2010-12-10",49.48
"2010-12-13",49.119999
"2010-12-14",49.18
"2010-12-15",49.09
"2010-12-16",49.650002
"2010-12-17",49.459999
"2010-12-20",49.439999
"2010-12-21",49.990002
"2010-12-22",49.990002
"2010-12-23",49.439999
"2010-12-27",49.610001
"2010-12-28",49.860001
"2010-12-29",49.990002
"2010-12-30",49.73
"2010-12-31",49.490002
"2011-01-03",50.18
"2011-01-04",50.970001
"2011-01-05",52.029999
"2011-01-06",52.669998
"2011-01-07",51.73
"2011-01-10",51.689999
"2011-01-11",52.07
"2011-01-12",52.34
"2011-01-13",51.869999
"2011-01-14",52.040001
"2011-01-18",53.029999
"2011-01-19",52.139999
"2011-01-20",51.330002
"2011-01-21",51.240002
"2011-01-24",51.490002
"2011-01-25",51.52
"2011-01-26",51.860001
"2011-01-27",54.900002
"2011-01-28",53.740002
"2011-01-31",54.130001
"2011-02-01",55.080002
"2011-02-02",53.990002
"2011-02-03",54.98
"2011-02-04",55.23
"2011-02-07",55.07
"2011-02-08",56.099998
"2011-02-09",56.209999
"2011-02-10",57
"2011-02-11",57.599998
"2011-02-14",58.169998
"2011-02-15",58.639999
"2011-02-16",58.540001
"2011-02-17",59
"2011-02-18",59.189999
"2011-02-22",58.240002
"2011-02-23",57.009998
"2011-02-24",57.799999
"2011-02-25",59.02
"2011-02-28",59.580002
"2011-03-01",58.040001
"2011-03-02",57.099998
"2011-03-03",58.84
"2011-03-04",58.150002
"2011-03-07",57.580002
"2011-03-08",57.150002
"2011-03-09",55
"2011-03-10",54.040001
"2011-03-11",53.610001
"2011-03-14",53.48
"2011-03-15",53
"2011-03-16",50.5
"2011-03-17",52.32
"2011-03-18",51.709999
"2011-03-21",53.630001
"2011-03-22",52.490002
"2011-03-23",52.450001
"2011-03-24",53.720001
"2011-03-25",52.75
"2011-03-28",52.18
"2011-03-29",53.91
"2011-03-30",54.509998
"2011-03-31",54.830002
"2011-04-01",54.470001
"2011-04-04",53.110001
"2011-04-05",52.580002
"2011-04-06",53.540001
"2011-04-07",53.23
"2011-04-08",53.630001
"2011-04-11",53.400002
"2011-04-12",52.25
"2011-04-13",52.68
"2011-04-14",52.599998
"2011-04-15",53.139999
"2011-04-18",53.290001
"2011-04-19",53.419998
"2011-04-20",55.27
"2011-04-21",56.939999
"2011-04-25",56.82
"2011-04-26",57.220001
"2011-04-27",58.18
"2011-04-28",57.580002
"2011-04-29",57.09
"2011-05-02",57.240002
"2011-05-03",56.490002
"2011-05-04",56.080002
"2011-05-05",56.130001
"2011-05-06",56.57
"2011-05-09",56.66
"2011-05-10",56.91
"2011-05-11",56.59
"2011-05-12",57.34
"2011-05-13",57.119999
"2011-05-16",56.700001
"2011-05-17",56.349998
"2011-05-18",56.450001
"2011-05-19",57.299999
"2011-05-20",57.380001
"2011-05-23",56.380001
"2011-05-24",56.310001
"2011-05-25",56.990002
"2011-05-26",57.169998
"2011-05-27",57.349998
"2011-05-31",58.59
"2011-06-01",57.150002
"2011-06-02",57.799999
"2011-06-03",57.040001
"2011-06-06",56.48
"2011-06-07",56.509998
"2011-06-08",56.299999
"2011-06-09",55.869999
"2011-06-10",54.599998
"2011-06-13",54.400002
"2011-06-14",55.580002
"2011-06-15",54.099998
"2011-06-16",52.990002
"2011-06-17",52.689999
"2011-06-20",53.48
"2011-06-21",54.43
"2011-06-22",53.990002
"2011-06-23",54.959999
"2011-06-24",54.189999
"2011-06-27",54.75
"2011-06-28",55.450001
"2011-06-29",55.43
"2011-06-30",56.790001
"2011-07-01",57.880001
"2011-07-05",58.139999
"2011-07-06",58.700001
"2011-07-07",59.259998
"2011-07-08",59.360001
"2011-07-11",58.240002
"2011-07-12",56.52
"2011-07-13",56.09
"2011-07-14",54.919998
"2011-07-15",54.959999
"2011-07-18",55.279999
"2011-07-19",56.98
"2011-07-20",57.299999
"2011-07-21",56.939999
"2011-07-22",57.459999
"2011-07-25",56.810001
"2011-07-26",56.540001
"2011-07-27",54.59
"2011-07-28",54.990002
"2011-07-29",54.779999
"2011-08-01",54.119999
"2011-08-02",53.009998
"2011-08-03",53.73
"2011-08-04",51.25
"2011-08-05",51.02
"2011-08-08",47.290001
"2011-08-09",49.889999
"2011-08-10",47.259998
"2011-08-11",49.549999
"2011-08-12",50.5
"2011-08-15",51.259998
"2011-08-16",51.07
"2011-08-17",51.009998
"2011-08-18",47.950001
"2011-08-19",46.52
"2011-08-22",46.400002
"2011-08-23",48.060001
"2011-08-24",47.93
"2011-08-25",46.950001
"2011-08-26",48.939999
"2011-08-29",50.919998
"2011-08-30",51.240002
"2011-08-31",51.459999
"2011-09-01",51.060001
"2011-09-02",49.68
"2011-09-06",49.450001
"2011-09-07",51.689999
"2011-09-08",51.549999
"2011-09-09",50.400002
"2011-09-12",51.389999
"2011-09-13",52.32
"2011-09-14",53.07
"2011-09-15",53.630001
"2011-09-16",53.869999
"2011-09-19",53.669998
"2011-09-20",53.110001
"2011-09-21",51.66
"2011-09-22",50.029999
"2011-09-23",50.290001
"2011-09-26",50.580002
"2011-09-27",51.779999
"2011-09-28",51.060001
"2011-09-29",50.130001
"2011-09-30",48.630001
"2011-10-03",47.650002
"2011-10-04",49.43
"2011-10-05",50.77
"2011-10-06",50.869999
"2011-10-07",50.23
"2011-10-10",52.09
"2011-10-11",51.650002
"2011-10-12",52.040001
"2011-10-13",53.310001
"2011-10-14",54.98
"2011-10-17",53.639999
"2011-10-18",54.560001
"2011-10-19",52.599998
"2011-10-20",52.009998
"2011-10-21",52.02
"2011-10-24",53.610001
"2011-10-25",52.32
"2011-10-26",51.599998
"2011-10-27",53.52
"2011-10-28",53.23
"2011-10-31",51.599998
"2011-11-01",50.139999
"2011-11-02",52.18
"2011-11-03",56.110001
"2011-11-04",56.5
"2011-11-07",56.919998
"2011-11-08",57.029999
"2011-11-09",55.41
"2011-11-10",55.209999
"2011-11-11",56.619999
"2011-11-14",57.099998
"2011-11-15",57.400002
"2011-11-16",56.880001
"2011-11-17",56.380001
"2011-11-18",55.669998
"2011-11-21",54.27
"2011-11-22",54.48
"2011-11-23",52.029999
"2011-11-25",51.860001
"2011-11-28",53.939999
"2011-11-29",53.110001
"2011-11-30",54.799999
"2011-12-01",54.73
"2011-12-02",54.34
"2011-12-05",54.490002
"2011-12-06",54.830002
"2011-12-07",54.450001
"2011-12-08",54.07
"2011-12-09",55.18
"2011-12-12",54.779999
"2011-12-13",54.189999
"2011-12-14",53.099998
"2011-12-15",52.549999
"2011-12-16",52.610001
"2011-12-19",51.919998
"2011-12-20",54.110001
"2011-12-21",53.490002
"2011-12-22",54.380001
"2011-12-23",54.630001
"2011-12-27",54.869999
"2011-12-28",54.34
"2011-12-29",54.849998
"2011-12-30",54.700001
"2012-01-03",55.27
"2012-01-04",55.830002
"2012-01-05",56.060001
"2012-01-06",56.16
"2012-01-09",55.91
"2012-01-10",55.75
"2012-01-11",55.619999
"2012-01-12",56.330002
"2012-01-13",56.540001
"2012-01-17",57.139999
"2012-01-18",57.59
"2012-01-19",58
"2012-01-20",57.73
"2012-01-23",58.150002
"2012-01-24",58.68
"2012-01-25",58.990002
"2012-01-26",57.810001
"2012-01-27",57.790001
"2012-01-30",58.630001
"2012-01-31",58.82
"2012-02-01",59.560001
"2012-02-02",60.73
"2012-02-03",61.060001
"2012-02-06",61.07
"2012-02-07",61.549999
"2012-02-08",61.470001
"2012-02-09",61.939999
"2012-02-10",61.73
"2012-02-13",61.740002
"2012-02-14",61.709999
"2012-02-15",61.580002
"2012-02-16",62.27
"2012-02-17",62.52
"2012-02-21",62.779999
"2012-02-22",62.549999
"2012-02-23",63.509998
"2012-02-24",63.439999
"2012-02-27",63.310001
"2012-02-28",62.68
"2012-02-29",62.18
"2012-03-01",62.610001
"2012-03-02",62.43
"2012-03-05",62.110001
"2012-03-06",61.560001
"2012-03-07",62.720001
"2012-03-08",63.32
"2012-03-09",63.93
"2012-03-12",63.849998
"2012-03-13",64.849998
"2012-03-14",65.110001
"2012-03-15",65.209999
"2012-03-16",65.410004
"2012-03-19",66.75
"2012-03-20",66.75
"2012-03-21",66.43
"2012-03-22",66.290001
"2012-03-23",66.68
"2012-03-26",68.589996
"2012-03-27",68.489998
"2012-03-28",68.120003
"2012-03-29",67.93
"2012-03-30",68.059998
"2012-04-02",68.32
"2012-04-03",68.129997
"2012-04-04",67.389999
"2012-04-05",67.190002
"2012-04-09",66.5
"2012-04-10",66.220001
"2012-04-11",66.220001
"2012-04-12",68.330002
"2012-04-13",66.669998
"2012-04-16",66.25
"2012-04-17",67.230003
"2012-04-18",66.989998
"2012-04-19",62.560001
"2012-04-20",62.25
"2012-04-23",61.560001
"2012-04-24",61.860001
"2012-04-25",63.259998
"2012-04-26",63.91
"2012-04-27",64.18
"2012-04-30",63.830002
"2012-05-01",63.639999
"2012-05-02",64.239998
"2012-05-03",63.549999
"2012-05-04",61.91
"2012-05-07",61.919998
"2012-05-08",62.669998
"2012-05-09",62.009998
"2012-05-10",62.48
"2012-05-11",61.860001
"2012-05-14",61.459999
"2012-05-15",61.439999
"2012-05-16",59.110001
"2012-05-17",57.16
"2012-05-18",55.98
"2012-05-21",57.220001
"2012-05-22",57.93
"2012-05-23",58.139999
"2012-05-24",57.150002
"2012-05-25",57.32
"2012-05-29",58.389999
"2012-05-30",57.450001
"2012-05-31",57.310001
"2012-06-01",55.119999
"2012-06-04",55.849998
"2012-06-05",57.18
"2012-06-06",58.400002
"2012-06-07",58
"2012-06-08",58.759998
"2012-06-11",57.790001
"2012-06-12",59.400002
"2012-06-13",58.939999
"2012-06-14",56.790001
"2012-06-15",56.5
"2012-06-18",56.77
"2012-06-19",57.02
"2012-06-20",57
"2012-06-21",55.130001
"2012-06-22",55.639999
"2012-06-25",53.560001
"2012-06-26",53.919998
"2012-06-27",54.91
"2012-06-28",54.299999
"2012-06-29",55.68
"2012-07-02",55.669998
"2012-07-03",56.259998
"2012-07-05",56.25
"2012-07-06",55.310001
"2012-07-09",55.32
"2012-07-10",55.169998
"2012-07-11",54.369999
"2012-07-12",53.73
"2012-07-13",54.98
"2012-07-16",54.360001
"2012-07-17",54.459999
"2012-07-18",56.049999
"2012-07-19",58.439999
"2012-07-20",57.68
"2012-07-23",57.32
"2012-07-24",56.790001
"2012-07-25",57.279999
"2012-07-26",58.209999
"2012-07-27",59.34
"2012-07-30",59.150002
"2012-07-31",59.68
"2012-08-01",59.52
"2012-08-02",58.880001
"2012-08-03",60.240002
"2012-08-06",60.130001
"2012-08-07",61.34
"2012-08-08",61.450001
"2012-08-09",62
"2012-08-10",61.98
"2012-08-13",62.099998
"2012-08-14",62.389999
"2012-08-15",62.52
"2012-08-16",62.57
"2012-08-17",63.290001
"2012-08-20",62.799999
"2012-08-21",62.080002
"2012-08-22",62.169998
"2012-08-23",62.040001
"2012-08-24",62.43
"2012-08-27",62.369999
"2012-08-28",62.009998
"2012-08-29",62.110001
"2012-08-30",61.200001
"2012-08-31",61.459999
"2012-09-04",60.810001
"2012-09-05",60.68
"2012-09-06",62.619999
"2012-09-07",61.93
"2012-09-10",61.290001
"2012-09-11",61.849998
"2012-09-12",62.439999
"2012-09-13",63.849998
"2012-09-14",64.879997
"2012-09-17",64.809998
"2012-09-18",65.080002
"2012-09-19",65.080002
"2012-09-20",64.349998
"2012-09-21",64.269997
"2012-09-24",63.669998
"2012-09-25",62.73
"2012-09-26",62.32
"2012-09-27",63.490002
"2012-09-28",62.470001
"2012-10-01",61.91
"2012-10-02",61.790001
"2012-10-03",62.07
"2012-10-04",62.650002
"2012-10-05",62.639999
"2012-10-08",61.400002
"2012-10-09",60.389999
"2012-10-10",59.779999
"2012-10-11",59.209999
"2012-10-12",58.889999
"2012-10-15",59.290001
"2012-10-16",60.360001
"2012-10-17",60.98
"2012-10-18",59.959999
"2012-10-19",58.75
"2012-10-22",58.68
"2012-10-23",58.310001
"2012-10-24",57.630001
"2012-10-25",57.43
"2012-10-26",59.040001
"2012-10-31",58.610001
"2012-11-01",59.73
"2012-11-02",59.299999
"2012-11-05",60.43
"2012-11-06",60.369999
"2012-11-07",58.119999
"2012-11-08",60.669998
"2012-11-09",61.619999
"2012-11-12",61.619999
"2012-11-13",62.130001
"2012-11-14",61.73
"2012-11-15",61.279999
"2012-11-16",61.93
"2012-11-19",62.09
"2012-11-20",62.139999
"2012-11-21",62.139999
"2012-11-23",63.130001
"2012-11-26",62.490002
"2012-11-27",62.259998
"2012-11-28",62.650002
"2012-11-29",63.349998
"2012-11-30",63.619999
"2012-12-03",63.369999
"2012-12-04",63.470001
"2012-12-05",63.630001
"2012-12-06",64.199997
"2012-12-07",63.860001
"2012-12-10",63.93
"2012-12-11",64.349998
"2012-12-12",63.490002
"2012-12-13",62.759998
"2012-12-14",59.830002
"2012-12-17",62.040001
"2012-12-18",63.360001
"2012-12-19",62.549999
"2012-12-20",62.860001
"2012-12-21",61.610001
"2012-12-24",61.900002
"2012-12-26",61.59
"2012-12-27",61.509998
"2012-12-28",60.639999
"2012-12-31",61.860001
"2013-01-02",64.75
"2013-01-03",64.449997
"2013-01-04",63.5
"2013-01-07",64.010002
"2013-01-08",63.91
"2013-01-09",64.879997
"2013-01-10",64.779999
"2013-01-11",64.900002
"2013-01-14",64.239998
"2013-01-15",64.440002
"2013-01-16",64.790001
"2013-01-17",65.139999
"2013-01-18",64.68
"2013-01-22",64.68
"2013-01-23",64.889999
"2013-01-24",64.400002
"2013-01-25",63.66
"2013-01-28",63.669998
"2013-01-29",63.450001
"2013-01-30",63.529999
"2013-01-31",66.019997
"2013-02-01",66.730003
"2013-02-04",65.639999
"2013-02-05",66.949997
"2013-02-06",67.18
"2013-02-07",66.540001
"2013-02-08",66.949997
"2013-02-11",67.18
"2013-02-12",65.889999
"2013-02-13",65.449997
"2013-02-14",65.529999
"2013-02-15",65.43
"2013-02-19",65.669998
"2013-02-20",65.269997
"2013-02-21",64.82
"2013-02-22",64.940002
"2013-02-25",64.800003
"2013-02-26",65.269997
"2013-02-27",65.639999
"2013-02-28",65.639999
"2013-03-01",66.300003
"2013-03-04",66.629997
"2013-03-05",67.970001
"2013-03-06",66.669998
"2013-03-07",66.790001
"2013-03-08",66.650002
"2013-03-11",66.699997
"2013-03-12",67.040001
"2013-03-13",66.75
"2013-03-14",66.57
"2013-03-15",64.970001
"2013-03-18",64.559998
"2013-03-19",64.720001
"2013-03-20",65.739998
"2013-03-21",65.349998
"2013-03-22",65.919998
"2013-03-25",65.669998
"2013-03-26",66.620003
"2013-03-27",66.68
"2013-03-28",66.940002
"2013-04-01",66
"2013-04-02",66.25
"2013-04-03",65.970001
"2013-04-04",65.809998
"2013-04-05",65.160004
"2013-04-08",65.860001
"2013-04-09",65.959999
"2013-04-10",67.290001
"2013-04-11",67.029999
"2013-04-12",66.68
"2013-04-15",65.489998
"2013-04-16",65.809998
"2013-04-17",64.230003
"2013-04-18",63.639999
"2013-04-19",63.93
"2013-04-22",64.580002
"2013-04-23",65.349998
"2013-04-24",66
"2013-04-25",62.439999
"2013-04-26",61.52
"2013-04-29",61.610001
"2013-04-30",61.599998
"2013-05-01",61.919998
"2013-05-02",62.889999
"2013-05-03",63.77
"2013-05-06",63.860001
"2013-05-07",63.970001
"2013-05-08",64.120003
"2013-05-09",64.110001
"2013-05-10",64.639999
"2013-05-13",64.82
"2013-05-14",65.32
"2013-05-15",65.540001
"2013-05-16",65.639999
"2013-05-17",66.610001
"2013-05-20",66.099998
"2013-05-21",65.760002
"2013-05-22",65.230003
"2013-05-23",63.91
"2013-05-24",64.260002
"2013-05-28",64.07
"2013-05-29",64.110001
"2013-05-30",64.18
"2013-05-31",63.48
"2013-06-03",63.23
"2013-06-04",63.709999
"2013-06-05",63.150002
"2013-06-06",62.970001
"2013-06-07",62.099998
"2013-06-10",62.029999
"2013-06-11",61.66
"2013-06-12",61.110001
"2013-06-13",61.959999
"2013-06-14",61.380001
"2013-06-17",62.07
"2013-06-18",62.380001
"2013-06-19",61.91
"2013-06-20",60.919998
"2013-06-21",60.669998
"2013-06-24",59.880001
"2013-06-25",61.810001
"2013-06-26",61.27
"2013-06-27",61.080002
"2013-06-28",61.09
"2013-07-01",60.959999
"2013-07-02",60.919998
"2013-07-03",60.91
"2013-07-05",60.950001
"2013-07-08",59.990002
"2013-07-09",59.389999
"2013-07-10",60.439999
"2013-07-11",61.299999
"2013-07-12",62.02
"2013-07-15",61.279999
"2013-07-16",61.849998
"2013-07-17",62.650002
"2013-07-18",61.119999
"2013-07-19",61.459999
"2013-07-22",62.209999
"2013-07-23",62.299999
"2013-07-24",61.389999
"2013-07-25",63.419998
"2013-07-26",64.610001
"2013-07-29",64.239998
"2013-07-30",64.510002
"2013-07-31",64.559998
"2013-08-01",65.269997
"2013-08-02",66.75
"2013-08-05",66.25
"2013-08-06",65.589996
"2013-08-07",65.209999
"2013-08-08",66.349998
"2013-08-09",66.269997
"2013-08-12",66.459999
"2013-08-13",67.25
"2013-08-14",66.959999
"2013-08-15",66.949997
"2013-08-16",66.900002
"2013-08-19",66.330002
"2013-08-20",66.709999
"2013-08-21",66.57
"2013-08-22",67.129997
"2013-08-23",67.150002
"2013-08-26",66.949997
"2013-08-27",66.019997
"2013-08-28",66.559998
"2013-08-29",66.709999
"2013-08-30",66.279999
"2013-09-03",66.75
"2013-09-04",67.279999
"2013-09-05",67.830002
"2013-09-06",68.019997
"2013-09-09",69.300003
"2013-09-10",70.089996
"2013-09-11",68.089996
"2013-09-12",68.809998
"2013-09-13",68.580002
"2013-09-16",68.089996
"2013-09-17",69.419998
"2013-09-18",69.639999
"2013-09-19",69.459999
"2013-09-20",69.059998
"2013-09-23",68.980003
"2013-09-24",68.510002
"2013-09-25",68.75
"2013-09-26",68.870003
"2013-09-27",67.379997
"2013-09-30",67.32
"2013-10-01",67.489998
"2013-10-02",67.68
"2013-10-03",67.110001
"2013-10-04",68.019997
"2013-10-07",67.190002
"2013-10-08",66.349998
"2013-10-09",65.709999
"2013-10-10",66.839996
"2013-10-11",67.550003
"2013-10-14",67.75
"2013-10-15",68.169998
"2013-10-16",68.870003
"2013-10-17",68.699997
"2013-10-18",68.400002
"2013-10-21",68.769997
"2013-10-22",68.919998
"2013-10-23",67.040001
"2013-10-24",66.940002
"2013-10-25",68.269997
"2013-10-28",68.540001
"2013-10-29",68.93
"2013-10-30",69.040001
"2013-10-31",69.489998
"2013-11-01",69.900002
"2013-11-04",69.57
"2013-11-05",69.010002
"2013-11-06",69.739998
"2013-11-07",67.089996
"2013-11-08",67.449997
"2013-11-11",67.620003
"2013-11-12",68.510002
"2013-11-13",70.029999
"2013-11-14",71.220001
"2013-11-15",72.169998
"2013-11-18",71.940002
"2013-11-19",71.839996
"2013-11-20",71.029999
"2013-11-21",71.709999
"2013-11-22",72.959999
"2013-11-25",72.489998
"2013-11-26",73.650002
"2013-11-27",73.559998
"2013-11-29",73.580002
"2013-12-02",73.440002
"2013-12-03",73.309998
"2013-12-04",73.18
"2013-12-05",73.230003
"2013-12-06",73.760002
"2013-12-09",73.370003
"2013-12-10",73.379997
"2013-12-11",73.010002
"2013-12-12",72.730003
"2013-12-13",72.580002
"2013-12-16",72.790001
"2013-12-17",72.919998
"2013-12-18",73.18
"2013-12-19",72.43
"2013-12-20",72.910004
"2013-12-23",72.839996
"2013-12-24",73.040001
"2013-12-26",73.480003
"2013-12-27",73.800003
"2013-12-30",73.57
"2013-12-31",74.25
"2014-01-02",73.32
"2014-01-03",72.889999
"2014-01-06",72.699997
"2014-01-07",73.239998
"2014-01-08",73.68
"2014-01-09",73.910004
"2014-01-10",73.870003
"2014-01-13",73.220001
"2014-01-14",73.389999
"2014-01-15",74.510002
"2014-01-16",74.720001
"2014-01-17",74.730003
"2014-01-21",75.459999
"2014-01-22",75.779999
"2014-01-23",75.870003
"2014-01-24",74.080002
"2014-01-27",73.199997
"2014-01-28",71.989998
"2014-01-29",71.120003
"2014-01-30",73.260002
"2014-01-31",74.220001
"2014-02-03",73.32
"2014-02-04",72.510002
"2014-02-05",72.370003
"2014-02-06",73.239998
"2014-02-07",74.410004
"2014-02-10",74.690002
"2014-02-11",75.620003
"2014-02-12",76.419998
"2014-02-13",76.440002
"2014-02-14",76.279999
"2014-02-18",75.599998
"2014-02-19",75.769997
"2014-02-20",75.949997
"2014-02-21",75.610001
"2014-02-24",75.43
"2014-02-25",74.910004
"2014-02-26",75.050003
"2014-02-27",75.190002
"2014-02-28",75.290001
"2014-03-03",73.629997
"2014-03-04",76.110001
"2014-03-05",76.669998
"2014-03-06",77
"2014-03-07",76.790001
"2014-03-10",77.07
"2014-03-11",76.709999
"2014-03-12",76.970001
"2014-03-13",75.629997
"2014-03-14",74.739998
"2014-03-17",77.019997
"2014-03-18",77.449997
"2014-03-19",76.809998
"2014-03-20",78.099998
"2014-03-21",78.190002
"2014-03-24",77.739998
"2014-03-25",78.559998
"2014-03-26",78.309998
"2014-03-27",79.050003
"2014-03-28",79.279999
"2014-03-31",78.860001
"2014-04-01",80.099998
"2014-04-02",80.139999
"2014-04-03",80.550003
"2014-04-04",78.529999
"2014-04-07",78.080002
"2014-04-08",78.889999
"2014-04-09",79.93
"2014-04-10",78.07
"2014-04-11",78.010002
"2014-04-14",79.139999
"2014-04-15",79.489998
"2014-04-16",80.18
"2014-04-17",81.32
"2014-04-21",80.93
"2014-04-22",80.610001
"2014-04-23",80.709999
"2014-04-24",77.870003
"2014-04-25",77.610001
"2014-04-28",78.050003
"2014-04-29",78.519997
"2014-04-30",78.709999
"2014-05-01",78.989998
"2014-05-02",78.989998
"2014-05-05",79.559998
"2014-05-06",79.309998
"2014-05-07",79.330002
"2014-05-08",79.5
"2014-05-09",79.5
"2014-05-12",79.970001
"2014-05-13",80.370003
"2014-05-14",80.410004
"2014-05-15",79.779999
"2014-05-16",79.419998
"2014-05-19",79.809998
"2014-05-20",79.860001
"2014-05-21",79.669998
"2014-05-22",79.559998
"2014-05-23",79.879997
"2014-05-27",80.459999
"2014-05-28",80.220001
"2014-05-29",80.190002
"2014-05-30",80.449997
"2014-06-02",80.480003
"2014-06-03",80.400002
"2014-06-04",79.919998
"2014-06-05",79.660004
"2014-06-06",80.379997
"2014-06-09",79.949997
"2014-06-10",79.18
"2014-06-11",79.209999
"2014-06-12",79.339996
"2014-06-13",79.110001
"2014-06-16",78.650002
"2014-06-17",79.160004
"2014-06-18",79.190002
"2014-06-19",79.75
"2014-06-20",79.860001
"2014-06-23",79.43
"2014-06-24",78.779999
"2014-06-25",78.050003
"2014-06-26",78.769997
"2014-06-27",78.989998
"2014-06-30",79.199997
"2014-07-01",79.730003
"2014-07-02",80.169998
"2014-07-03",80.989998
"2014-07-07",80.82
"2014-07-08",80.650002
"2014-07-09",80.769997
"2014-07-10",80.43
"2014-07-11",79.599998
"2014-07-14",79.519997
"2014-07-15",79.440002
"2014-07-16",79.620003
"2014-07-17",78.110001
"2014-07-18",79.389999
"2014-07-21",79.669998
"2014-07-22",81.529999
"2014-07-23",81.599998
"2014-07-24",76.169998
"2014-07-25",76.099998
"2014-07-28",75.830002
"2014-07-29",75.309998
"2014-07-30",76.040001
"2014-07-31",73.720001
"2014-08-01",72.550003
"2014-08-04",73.260002
"2014-08-05",72.75
"2014-08-06",72.889999
"2014-08-07",72.489998
"2014-08-08",73.879997
"2014-08-11",74.730003
"2014-08-12",74.139999
"2014-08-13",74.5
"2014-08-14",74.760002
"2014-08-15",74.410004
"2014-08-18",75.029999
"2014-08-19",75.129997
"2014-08-20",76.440002
"2014-08-21",76.769997
"2014-08-22",76.82
"2014-08-25",76.589996
"2014-08-26",77.010002
"2014-08-27",76.970001
"2014-08-28",76.339996
"2014-08-29",76.099998
"2014-09-02",75.059998
"2014-09-03",74.889999
"2014-09-04",75.110001
"2014-09-05",75.809998
"2014-09-08",75.900002
"2014-09-09",75.839996
"2014-09-10",75.93
"2014-09-11",76.110001
"2014-09-12",75.330002
"2014-09-15",75.080002
"2014-09-16",75.709999
"2014-09-17",75.830002
"2014-09-18",76.440002
"2014-09-19",75.529999
"2014-09-22",76.290001
"2014-09-23",75.830002
"2014-09-24",76.239998
"2014-09-25",74.809998
"2014-09-26",75.059998
"2014-09-29",74.82
"2014-09-30",74.769997
"2014-10-01",73.879997
"2014-10-02",73.660004
"2014-10-03",74.860001
"2014-10-06",74.720001
"2014-10-07",73.510002
"2014-10-08",75.190002
"2014-10-09",74.080002
"2014-10-10",71.220001
"2014-10-13",70.709999
"2014-10-14",71.860001
"2014-10-15",71.199997
"2014-10-16",71.139999
"2014-10-17",72.43
"2014-10-20",73.269997
"2014-10-21",75
"2014-10-22",74.300003
"2014-10-23",75.139999
"2014-10-24",76
"2014-10-27",75.839996
"2014-10-28",76.57
"2014-10-29",76.889999
"2014-10-30",77.370003
"2014-10-31",78.510002
"2014-11-03",78.239998
"2014-11-04",77.110001
"2014-11-05",77.199997
"2014-11-06",70.580002
"2014-11-07",69.260002
"2014-11-10",69.360001
"2014-11-11",69.639999
"2014-11-12",70.290001
"2014-11-13",70.650002
"2014-11-14",70.849998
"2014-11-17",70.400002
"2014-11-18",72.010002
"2014-11-19",70.470001
"2014-11-20",70.709999
"2014-11-21",71.470001
"2014-11-24",71.690002
"2014-11-25",72.269997
"2014-11-26",72.260002
"2014-11-28",72.900002
"2014-12-01",71.790001
"2014-12-02",73.32
"2014-12-03",74.370003
"2014-12-04",73.339996
"2014-12-05",73.370003
"2014-12-08",72.610001
"2014-12-09",73.010002
"2014-12-10",71.5
"2014-12-11",71.989998
"2014-12-12",70.580002
"2014-12-15",70.370003
"2014-12-16",70.309998
"2014-12-17",72.209999
"2014-12-18",73.360001
"2014-12-19",73.43
"2014-12-22",74.559998
"2014-12-23",74.599998
"2014-12-24",74.660004
"2014-12-26",75.620003
"2014-12-29",74.989998
"2014-12-30",75.019997
"2014-12-31",74.330002
"2015-01-02",74.279999
"2015-01-05",73.93
"2015-01-06",72.879997
"2015-01-07",73.730003
"2015-01-08",74.510002
"2015-01-09",74.419998
"2015-01-12",73.57
"2015-01-13",72.970001
"2015-01-14",72.220001
"2015-01-15",71.379997
"2015-01-16",71.290001
"2015-01-20",72.480003
"2015-01-21",71.589996
"2015-01-22",71.910004
"2015-01-23",72.18
"2015-01-26",72.610001
"2015-01-27",71.769997
"2015-01-28",70.989998
"2015-01-29",63.689999
"2015-01-30",62.459999
"2015-02-02",65.529999
"2015-02-03",66.959999
"2015-02-04",66.959999
"2015-02-05",67.949997
"2015-02-06",66.349998
"2015-02-09",67.110001
"2015-02-10",70.260002
"2015-02-11",70.209999
"2015-02-12",70.389999
"2015-02-13",70.879997
"2015-02-17",70.800003
"2015-02-18",70.540001
"2015-02-19",70.980003
"2015-02-20",71.519997
"2015-02-23",70.940002
"2015-02-24",71.370003
"2015-02-25",71.68
"2015-02-26",72.010002
"2015-02-27",72.510002
"2015-03-02",72.660004
"2015-03-03",71.410004
"2015-03-04",70.849998
"2015-03-05",70.93
"2015-03-06",71.510002
"2015-03-09",72.709999
"2015-03-10",71.889999
"2015-03-11",70.269997
"2015-03-12",69.370003
"2015-03-13",68.639999
"2015-03-16",70
"2015-03-17",69.82
"2015-03-18",70.230003
"2015-03-19",69.830002
"2015-03-20",70.040001
"2015-03-23",70.07
"2015-03-24",68.970001
"2015-03-25",67.209999
"2015-03-26",67.160004
"2015-03-27",67.029999
"2015-03-30",68.879997
"2015-03-31",69.339996
"2015-04-01",69.43
"2015-04-02",67.970001
"2015-04-06",67.760002
"2015-04-07",67.32
"2015-04-08",67.260002
"2015-04-09",68.809998
"2015-04-10",69.160004
"2015-04-13",68.730003
"2015-04-14",68.970001
"2015-04-15",68.459999
"2015-04-16",67.910004
"2015-04-17",67.110001
"2015-04-20",68.639999
"2015-04-21",68.57
"2015-04-22",68.940002
"2015-04-23",68.339996
"2015-04-24",68.239998
"2015-04-27",69.230003
"2015-04-28",69.650002
"2015-04-29",68.669998
"2015-04-30",68
"2015-05-01",68.419998
"2015-05-04",69.059998
"2015-05-05",68.370003
"2015-05-06",67.809998
"2015-05-07",68.43
"2015-05-08",69.410004
"2015-05-11",69.050003
"2015-05-12",68.790001
"2015-05-13",69.730003
"2015-05-14",70.519997
"2015-05-15",71.059998
"2015-05-18",70.419998
"2015-05-19",69.620003
"2015-05-20",69.279999
"2015-05-21",70.089996
"2015-05-22",69.510002
"2015-05-26",69.360001
"2015-05-27",71.019997
"2015-05-28",70.599998
"2015-05-29",69.68
"2015-06-01",69.419998
"2015-06-02",69.349998
"2015-06-03",69.860001
"2015-06-04",68.900002
"2015-06-05",68.260002
"2015-06-08",67.279999
"2015-06-09",66.839996
"2015-06-10",67.309998
"2015-06-11",67.599998
"2015-06-12",67.029999
"2015-06-15",66.629997
"2015-06-16",66.459999
"2015-06-17",66.550003
"2015-06-18",67.360001
"2015-06-19",66.879997
"2015-06-22",67.360001
"2015-06-23",66.980003
"2015-06-24",65.349998
"2015-06-25",65.260002
"2015-06-26",64.669998
"2015-06-29",62.619999
"2015-06-30",62.630001
"2015-07-01",62.900002
"2015-07-02",63.110001
"2015-07-06",63.110001
"2015-07-07",62.799999
"2015-07-08",61.91
"2015-07-09",61.860001
"2015-07-10",62.73
"2015-07-13",63.43
"2015-07-14",63.939999
"2015-07-15",63.880001
"2015-07-16",64.550003
"2015-07-17",64.339996
"2015-07-20",63.790001
"2015-07-21",65.139999
"2015-07-22",64.190002
"2015-07-23",61.779999
"2015-07-24",61.639999
"2015-07-27",61.98
"2015-07-28",63.099998
"2015-07-29",63.169998
"2015-07-30",64.410004
"2015-07-31",64.389999
"2015-08-03",64.43
"2015-08-04",63.450001
"2015-08-05",63.880001
"2015-08-06",62.84
"2015-08-07",63.02
"2015-08-10",63.150002
"2015-08-11",62.549999
"2015-08-12",62.580002
"2015-08-13",62.029999
"2015-08-14",61.91
"2015-08-17",62.07
"2015-08-18",61.32
"2015-08-19",61.18
"2015-08-20",60.150002
"2015-08-21",57.610001
"2015-08-24",55.279999
"2015-08-25",53.880001
"2015-08-26",56.66
"2015-08-27",57.360001
"2015-08-28",57.450001
"2015-08-31",56.580002
"2015-09-01",55.02
"2015-09-02",55.860001
"2015-09-03",55.549999
"2015-09-04",54.290001
"2015-09-08",55.200001
"2015-09-09",54.32
"2015-09-10",55.330002
"2015-09-11",54.66
"2015-09-14",54.310001
"2015-09-15",54.869999
"2015-09-16",55.200001
"2015-09-17",54.98
"2015-09-18",54.450001
"2015-09-21",54.389999
"2015-09-22",53.939999
"2015-09-23",53.560001
"2015-09-24",53.27
"2015-09-25",53.220001
"2015-09-28",52.540001
"2015-09-29",52.43
"2015-09-30",53.73
"2015-10-01",53.18
"2015-10-02",55.07
"2015-10-05",56.23
"2015-10-06",56.32
"2015-10-07",56.610001
"2015-10-08",57.66
"2015-10-09",57.779999
"2015-10-12",57.790001
"2015-10-13",57.509998
"2015-10-14",58.630001
"2015-10-15",59.259998
"2015-10-16",59.91
"2015-10-19",59.099998
"2015-10-20",59
"2015-10-21",58.970001
"2015-10-22",60.43
"2015-10-23",60.73
"2015-10-26",59.209999
"2015-10-27",59.279999
"2015-10-28",60.27
"2015-10-29",60
"2015-10-30",59.419998
"2015-11-02",60.639999
"2015-11-03",60.869999
"2015-11-04",60.259998
"2015-11-05",51.07
"2015-11-06",53.419998
"2015-11-09",52.939999
"2015-11-10",52.27
"2015-11-11",52.849998
"2015-11-12",52.580002
"2015-11-13",51.939999
"2015-11-16",52.77
"2015-11-17",52.98
"2015-11-18",48
"2015-11-19",48.389999
"2015-11-20",49.619999
"2015-11-23",48.970001
"2015-11-24",49.41
"2015-11-25",49.099998
"2015-11-27",48.540001
"2015-11-30",48.790001
"2015-12-01",49.299999
"2015-12-02",51.849998
"2015-12-03",51.400002
"2015-12-04",52.34
"2015-12-07",52.43
"2015-12-08",49.48
"2015-12-09",48.59
"2015-12-10",48.57
"2015-12-11",47.459999
"2015-12-14",46.830002
"2015-12-15",48.02
"2015-12-16",48.07
"2015-12-17",47.540001
"2015-12-18",47.43
"2015-12-21",48.759998
"2015-12-22",49.07
"2015-12-23",49.040001
"2015-12-24",49.549999
"2015-12-28",49.580002
"2015-12-29",50.880001
"2015-12-30",50.41
"2015-12-31",49.990002
"2016-01-04",50.119999
"2016-01-05",49.139999
"2016-01-06",48.639999
"2016-01-07",46.139999
"2016-01-08",45.880001
"2016-01-11",46.07
"2016-01-12",46.52
"2016-01-13",46.099998
"2016-01-14",47.73
"2016-01-15",45.82
"2016-01-19",46.09
"2016-01-20",45.93
"2016-01-21",47.049999
"2016-01-22",48.07
"2016-01-25",47.580002
"2016-01-26",48.52
"2016-01-27",47.529999
"2016-01-28",43.59
"2016-01-29",45.34
"2016-02-01",46.110001
"2016-02-02",43.150002
"2016-02-03",44.73
"2016-02-04",45.66
"2016-02-05",44.02
"2016-02-08",43.889999
"2016-02-09",43.610001
"2016-02-10",42.959999
"2016-02-11",43
"2016-02-12",44.560001
"2016-02-16",46.73
"2016-02-17",48.41
"2016-02-18",49.080002
"2016-02-19",49.419998
"2016-02-22",51.279999
"2016-02-23",50.419998
"2016-02-24",51.52
"2016-02-25",51.639999
"2016-02-26",51.619999
"2016-02-29",50.790001
"2016-03-01",52.110001
"2016-03-02",52.849998
"2016-03-03",52.380001
"2016-03-04",52.66
"2016-03-07",53.299999
"2016-03-08",52.459999
"2016-03-09",51.950001
"2016-03-10",52.02
"2016-03-11",52.220001
"2016-03-14",52.09
"2016-03-15",51.630001
"2016-03-16",51.299999
"2016-03-17",51.380001
"2016-03-18",51.59
"2016-03-21",52.209999
"2016-03-22",52.02
"2016-03-23",50.990002
"2016-03-24",50.860001
"2016-03-28",50.189999
"2016-03-29",50.689999
"2016-03-30",50.990002
"2016-03-31",51.139999
"2016-04-01",50.880001
"2016-04-04",50.650002
"2016-04-05",50.07
"2016-04-06",50.619999
"2016-04-07",50.029999
"2016-04-08",50.560001
"2016-04-11",51
"2016-04-12",50.82
"2016-04-13",51.919998
"2016-04-14",51.82
"2016-04-15",51.060001
"2016-04-18",51.549999
"2016-04-19",51.830002
"2016-04-20",52.09
"2016-04-21",51.669998
"2016-04-22",52.639999
"2016-04-25",52.43
"2016-04-26",52.91
"2016-04-27",52.900002
"2016-04-28",52.130001
"2016-04-29",50.52
"2016-05-02",51.110001
"2016-05-03",50.73
"2016-05-04",50.490002
"2016-05-05",51.130001
"2016-05-06",50.919998
"2016-05-09",51.200001
"2016-05-10",52.150002
"2016-05-11",52.150002
"2016-05-12",51.509998
"2016-05-13",51.32
"2016-05-16",51.91
"2016-05-17",51.990002
"2016-05-18",52.790001
"2016-05-19",52.759998
"2016-05-20",54.52
"2016-05-23",54.18
"2016-05-24",55.59
"2016-05-25",55.98
"2016-05-26",55.740002
"2016-05-27",55.27
"2016-05-31",54.919998
"2016-06-01",54.790001
"2016-06-02",54.880001
"2016-06-03",54.939999
"2016-06-06",54.889999
"2016-06-07",54.84
"2016-06-08",54.939999
"2016-06-09",54.98
"2016-06-10",53.830002
"2016-06-13",52.830002
"2016-06-14",52.700001
"2016-06-15",53.279999
"2016-06-16",53.419998
"2016-06-17",53.549999
"2016-06-20",53.889999
"2016-06-21",53.880001
"2016-06-22",54.040001
"2016-06-23",55.549999
"2016-06-24",52.119999
"2016-06-27",51.139999
"2016-06-28",52.509998
"2016-06-29",53.549999
"2016-06-30",53.57
"2016-07-01",53
"2016-07-05",51.939999
"2016-07-06",52.369999
"2016-07-07",52.93
"2016-07-08",54.189999
"2016-07-11",54.119999
"2016-07-12",54.619999
"2016-07-13",54.830002
"2016-07-14",54.880001
"2016-07-15",54.75
"2016-07-18",55.349998
"2016-07-19",55.139999
"2016-07-20",55.82
"2016-07-21",59.93
"2016-07-22",61.150002
"2016-07-25",60.73
"2016-07-26",61.349998
"2016-07-27",62.509998
"2016-07-28",62.43
"2016-07-29",62.580002
"2016-08-01",61.849998
"2016-08-02",60.599998
"2016-08-03",61.009998
"2016-08-04",60.98
"2016-08-05",62
"2016-08-08",61.580002
"2016-08-09",61.990002
"2016-08-10",61.709999
"2016-08-11",61.740002
"2016-08-12",61.709999
"2016-08-15",62.43
"2016-08-16",62.07
"2016-08-17",62.279999
"2016-08-18",63.040001
"2016-08-19",62.759998
"2016-08-22",62.830002
"2016-08-23",63.09
"2016-08-24",62.610001
"2016-08-25",62.639999
"2016-08-26",62.970001
"2016-08-29",62.98
"2016-08-30",62.939999
"2016-08-31",63.07
"2016-09-01",63.470001
"2016-09-02",63.349998
"2016-09-06",63.09
"2016-09-07",62.43
"2016-09-08",62.689999
"2016-09-09",60.52
"2016-09-12",62.25
"2016-09-13",61.290001
"2016-09-14",61.59
"2016-09-15",62.540001
"2016-09-16",62.990002
"2016-09-19",62.860001
"2016-09-20",62.700001
"2016-09-21",63.57
"2016-09-22",63.52
"2016-09-23",62.75
"2016-09-26",62.310001
"2016-09-27",63.310001
"2016-09-28",63.450001
"2016-09-29",67.449997
"2016-09-30",68.5
"2016-10-03",67.110001
"2016-10-04",66.68
"2016-10-05",66.839996
"2016-10-06",67.540001
"2016-10-07",68.190002
"2016-10-10",67.25
"2016-10-11",66.089996
"2016-10-12",66.059998
"2016-10-13",65.699997
"2016-10-14",65.699997
"2016-10-17",65.190002
"2016-10-18",66.099998
"2016-10-19",65.790001
"2016-10-20",67.339996
"2016-10-21",67.93
"2016-10-24",68.059998
"2016-10-25",67.709999
"2016-10-26",68.199997
"2016-10-27",70.089996
"2016-10-28",68.400002
"2016-10-31",68.720001
"2016-11-01",68.339996
"2016-11-02",67.089996
"2016-11-03",66.949997
"2016-11-04",66.730003
"2016-11-07",68.459999
"2016-11-08",68.269997
"2016-11-09",67.879997
"2016-11-10",66.309998
"2016-11-11",66.879997
"2016-11-14",65.93
"2016-11-15",66.769997
"2016-11-16",66.300003
"2016-11-17",66.669998
"2016-11-18",67.309998
"2016-11-21",67.099998
"2016-11-22",68.309998
"2016-11-23",68.129997
"2016-11-25",68.290001
"2016-11-28",67.099998
"2016-11-29",66.769997
"2016-11-30",68.129997
"2016-12-01",64.160004
"2016-12-02",65.839996
"2016-12-05",66.360001
"2016-12-06",67.449997
"2016-12-07",68.339996
"2016-12-08",68.550003
"2016-12-09",68.519997
"2016-12-12",68.470001
"2016-12-13",69.339996
"2016-12-14",67.559998
"2016-12-15",68.029999
"2016-12-16",66.459999
"2016-12-19",67.019997
"2016-12-20",66.910004
"2016-12-21",67.160004
"2016-12-22",66.760002
"2016-12-23",66.860001
"2016-12-27",67.25
"2016-12-28",65.75
"2016-12-29",66.040001
"2016-12-30",65.199997
"2017-01-03",65.400002
"2017-01-04",65.470001
"2017-01-05",65.550003
"2017-01-06",65.529999
"2017-01-09",65.650002
"2017-01-10",65.629997
"2017-01-11",66.099998
"2017-01-12",66.120003
"2017-01-13",66.879997
"2017-01-17",64.190002
"2017-01-18",65.129997
"2017-01-19",64.440002
"2017-01-20",62.880001
"2017-01-23",54.880001
"2017-01-24",55
"2017-01-25",56.900002
"2017-01-26",54.049999
"2017-01-27",54.240002
"2017-01-30",53.610001
"2017-01-31",53.43
"2017-02-01",53.150002
"2017-02-02",52.66
"2017-02-03",52.98
"2017-02-06",52.880001
"2017-02-07",53.27
"2017-02-08",52.889999
"2017-02-09",52.880001
"2017-02-10",54
"2017-02-13",54.93
"2017-02-14",55.48
"2017-02-15",56.490002
"2017-02-16",56.880001
"2017-02-17",56.459999
"2017-02-21",56.75
"2017-02-22",57.099998
"2017-02-23",57.139999
"2017-02-24",57.220001
"2017-02-27",56.73
"2017-02-28",56.48
"2017-03-01",57.009998
"2017-03-02",56.369999
"2017-03-03",56.439999
"2017-03-06",56.450001
"2017-03-07",56.73
"2017-03-08",57.77
"2017-03-09",57.970001
"2017-03-10",58.639999
"2017-03-13",58.459999
"2017-03-14",58.220001
"2017-03-15",58.52
"2017-03-16",58.349998
"2017-03-17",57.549999
"2017-03-20",57.810001
"2017-03-21",56.799999
"2017-03-22",57.040001
"2017-03-23",56.810001
"2017-03-24",56.919998
"2017-03-27",56.66
"2017-03-28",57.380001
"2017-03-29",57.360001
"2017-03-30",57.200001
"2017-03-31",57.34
"2017-04-03",56.5
"2017-04-04",56.68
"2017-04-05",56.470001
"2017-04-06",56.529999
"2017-04-07",56.32
"2017-04-10",56.52
"2017-04-11",55.349998
"2017-04-12",53.389999
"2017-04-13",52.790001
"2017-04-17",52.889999
"2017-04-18",52.669998
"2017-04-19",52.610001
"2017-04-20",52.66
"2017-04-21",52.5
"2017-04-24",52.810001
"2017-04-25",53
"2017-04-26",53.040001
"2017-04-27",53.209999
"2017-04-28",53.740002
"2017-05-01",53.599998
"2017-05-02",53.290001
"2017-05-03",54.490002
"2017-05-04",54.91
"2017-05-05",54.93
"2017-05-08",54.619999
"2017-05-09",55.150002
"2017-05-10",55.330002
"2017-05-11",54.68
"2017-05-12",55.32
"2017-05-15",55.400002
"2017-05-16",55.950001
"2017-05-17",55.360001
"2017-05-18",56.119999
"2017-05-19",57.669998
"2017-05-22",59.279999
"2017-05-23",59.220001
"2017-05-24",58.639999
"2017-05-25",58.450001
"2017-05-26",57.52
"2017-05-30",57.34
"2017-05-31",57.27
"2017-06-01",58.619999
"2017-06-02",58.580002
"2017-06-05",58.860001
"2017-06-06",58.200001
"2017-06-07",57.529999
"2017-06-08",58.119999
"2017-06-09",57.049999
"2017-06-12",57.490002
"2017-06-13",57.540001
"2017-06-14",57.009998
"2017-06-15",56.93
"2017-06-16",56.82
"2017-06-19",57.610001
"2017-06-20",56.790001
"2017-06-21",56.330002
"2017-06-22",56.470001
"2017-06-23",56.91
"2017-06-26",56.560001
"2017-06-27",55.43
"2017-06-28",56.16
"2017-06-29",55.080002
"2017-06-30",55.220001
"2017-07-03",54.950001
"2017-07-05",55.450001
"2017-07-06",54.790001
"2017-07-07",55.349998
"2017-07-10",55.639999
"2017-07-11",55.330002
"2017-07-12",56.200001
"2017-07-13",56.23
"2017-07-14",56.810001
"2017-07-17",56.459999
"2017-07-18",56.290001
"2017-07-19",56.779999
"2017-07-20",53.970001
"2017-07-21",53.84
"2017-07-24",53.220001
"2017-07-25",53.27
"2017-07-26",53.139999
"2017-07-27",52.490002
"2017-07-28",52.880001
"2017-07-31",53.189999
"2017-08-01",53.41
"2017-08-02",53.169998
"2017-08-03",52.950001
"2017-08-04",52.619999
"2017-08-07",52.700001
"2017-08-08",52.290001
"2017-08-09",52.77
"2017-08-10",52.34
"2017-08-11",52.720001
"2017-08-14",53.549999
"2017-08-15",53.869999
"2017-08-16",53.310001
"2017-08-17",52.27
"2017-08-18",51.919998
"2017-08-21",51.98
"2017-08-22",52.349998
"2017-08-23",52.23
"2017-08-24",52.490002
"2017-08-25",52.029999
"2017-08-28",51.810001
"2017-08-29",51.810001
"2017-08-30",52.119999
"2017-08-31",52.27
"2017-09-01",52.049999
"2017-09-05",50.029999
"2017-09-06",50.450001
"2017-09-07",50.380001
"2017-09-08",49.639999
"2017-09-11",50.57
"2017-09-12",50.900002
"2017-09-13",51.009998
"2017-09-14",51.48
"2017-09-15",52.189999
"2017-09-18",52.25
"2017-09-19",52.299999
"2017-09-20",51.98
"2017-09-21",52.029999
"2017-09-22",52.09
"2017-09-25",51.619999
"2017-09-26",51.130001
"2017-09-27",51.549999
"2017-09-28",51.75
"2017-09-29",51.84
"2017-10-02",51.880001
"2017-10-03",52.02
"2017-10-04",51.959999
"2017-10-05",52.349998
"2017-10-06",52.490002
"2017-10-09",52.880001
"2017-10-10",53.869999
"2017-10-11",54.119999
"2017-10-12",53
"2017-10-13",52.82
"2017-10-16",52.380001
"2017-10-17",52.41
"2017-10-18",52.209999
"2017-10-19",52.290001
"2017-10-20",52.02
"2017-10-23",53.389999
"2017-10-24",54.25
"2017-10-25",53.84
"2017-10-26",53.799999
"2017-10-27",54.57
"2017-10-30",54.66
"2017-10-31",51.009998
"2017-11-01",53.459999
"2017-11-02",54.84
"2017-11-03",61.810001
"2017-11-06",62.52
"2017-11-07",64.099998
"2017-11-08",65.489998
"2017-11-09",64.599998
"2017-11-10",64.57
"2017-11-13",66.489998
"2017-11-14",66
"2017-11-15",65.610001
"2017-11-16",66.110001
"2017-11-17",66.720001
"2017-11-20",66.470001
"2017-11-21",66.669998
"2017-11-22",68.129997
"2017-11-24",68.910004
"2017-11-27",68.139999
"2017-11-28",68.379997
"2017-11-29",66.519997
"2017-11-30",66.339996
"2017-12-01",65.489998
"2017-12-04",64.559998
"2017-12-05",64.690002
"2017-12-06",64.980003
"2017-12-07",65.230003
"2017-12-08",64.239998
"2017-12-11",65.18
"2017-12-12",64.860001
"2017-12-13",64.900002
"2017-12-14",64.699997
"2017-12-15",64.760002
"2017-12-18",65.379997
"2017-12-19",64.5
"2017-12-20",64.599998
"2017-12-21",64.389999
"2017-12-22",64.730003
"2017-12-26",64.300003
"2017-12-27",64.540001
"2017-12-28",64.379997
"2017-12-29",64.019997
"2018-01-02",65.199997
"2018-01-03",65.940002
"2018-01-04",66.029999
"2018-01-05",66.470001
"2018-01-08",66.269997
"2018-01-09",65.269997
"2018-01-10",65.260002
"2018-01-11",65.43
"2018-01-12",65.379997
"2018-01-16",68.25
"2018-01-17",68.019997
"2018-01-18",68.050003
"2018-01-19",68.040001
"2018-01-22",68.669998
"2018-01-23",68.339996
"2018-01-24",67.980003
"2018-01-25",67.419998
"2018-01-26",68.529999
"2018-01-29",67.32
"2018-01-30",66.989998
"2018-01-31",68.25
"2018-02-01",66.800003
"2018-02-02",66.07
"2018-02-05",61.73
"2018-02-06",64.400002
"2018-02-07",65.040001
"2018-02-08",62.419998
"2018-02-09",63.990002
"2018-02-12",65.660004
"2018-02-13",65.699997
"2018-02-14",66.589996
"2018-02-15",65.279999
"2018-02-16",64.849998
"2018-02-20",63.990002
"2018-02-21",63.400002
"2018-02-22",62.18
"2018-02-23",63.32
"2018-02-26",66.980003
"2018-02-27",66.339996
"2018-02-28",65
"2018-03-01",64.959999
"2018-03-02",64.739998
"2018-03-05",64.010002
"2018-03-06",62.139999
"2018-03-07",62.490002
"2018-03-08",61.82
"2018-03-09",63.029999
"2018-03-12",62.810001
"2018-03-13",59.700001
"2018-03-14",60.119999
"2018-03-15",59.889999
"2018-03-16",60.619999
"2018-03-19",58.369999
"2018-03-20",58.259998
"2018-03-21",56.810001
"2018-03-22",55.580002
"2018-03-23",53.66
"2018-03-26",56.130001
"2018-03-27",54.84
"2018-03-28",54.700001
"2018-03-29",55.41
"2018-04-02",53.810001
"2018-04-03",54.779999
"2018-04-04",54.990002
"2018-04-05",55.040001
"2018-04-06",53.119999
"2018-04-09",53.43
"2018-04-10",54.77
"2018-04-11",55.009998
"2018-04-12",55.200001
"2018-04-13",55.73
"2018-04-16",54.77
"2018-04-17",55.349998
"2018-04-18",55.23
"2018-04-19",52.57
"2018-04-20",51.439999
"2018-04-23",50.529999
"2018-04-24",49.939999
"2018-04-25",49.75
"2018-04-26",50.470001
"2018-04-27",51.110001
"2018-04-30",51.009998
"2018-05-01",50.82
"2018-05-02",50.259998
"2018-05-03",50.310001
"2018-05-04",52.490002
"2018-05-07",53.009998
"2018-05-08",52.860001
"2018-05-09",53.169998
"2018-05-10",54.970001
"2018-05-11",55.23
"2018-05-14",56.740002
"2018-05-15",55.639999
"2018-05-16",56.700001
"2018-05-17",56.950001
"2018-05-18",57.509998
"2018-05-21",57.709999
"2018-05-22",57.389999
"2018-05-23",58.82
"2018-05-24",59.080002
"2018-05-25",59.959999
"2018-05-29",58.23
"2018-05-30",58.389999
"2018-05-31",58.119999
"2018-06-01",58.610001
"2018-06-04",58.709999
"2018-06-05",58.98
"2018-06-06",59.84
"2018-06-07",60.639999
"2018-06-08",60.259998
"2018-06-11",59.93
"2018-06-12",59.790001
"2018-06-13",59.220001
"2018-06-14",59.459999
"2018-06-15",59.860001
"2018-06-18",59.200001
"2018-06-19",58.700001
"2018-06-20",58.790001
"2018-06-21",58.75
"2018-06-22",58.5
"2018-06-25",57.049999
"2018-06-26",56.450001
"2018-06-27",55.169998
"2018-06-28",55.900002
"2018-06-29",56.119999
"2018-07-02",56.18
"2018-07-03",55.330002
"2018-07-05",57.380001
"2018-07-06",57.84
"2018-07-09",58.040001
"2018-07-10",58.369999
"2018-07-11",57.299999
"2018-07-12",58.32
"2018-07-13",58.389999
"2018-07-16",58.349998
"2018-07-17",58.91
"2018-07-18",58.759998
"2018-07-19",59.310001
"2018-07-20",58.610001
"2018-07-23",59.080002
"2018-07-24",58.849998
"2018-07-25",59.419998
"2018-07-26",63.580002
"2018-07-27",62.689999
"2018-07-30",62.040001
"2018-07-31",64.089996
"2018-08-01",64.349998
"2018-08-02",64.769997
"2018-08-03",65.400002
"2018-08-06",65.730003
"2018-08-07",65.440002
"2018-08-08",65.160004
"2018-08-09",65.080002
"2018-08-10",64.82
"2018-08-13",64.839996
"2018-08-14",65.43
"2018-08-15",65.68
"2018-08-16",65.760002
"2018-08-17",66.059998
"2018-08-20",66.160004
"2018-08-21",66.550003
"2018-08-22",66.839996
"2018-08-23",66.860001
"2018-08-24",67.150002
"2018-08-27",67.339996
"2018-08-28",69.779999
"2018-08-29",69.199997
"2018-08-30",68.139999
"2018-08-31",68.709999
"2018-09-04",69.980003
"2018-09-05",70.889999
"2018-09-06",70.360001
"2018-09-07",70.379997
"2018-09-10",72.32
"2018-09-11",72.510002
"2018-09-12",71.75
"2018-09-13",74.610001
"2018-09-14",75.089996
"2018-09-17",73.239998
"2018-09-18",74.720001
"2018-09-19",74.059998
"2018-09-20",74.599998
"2018-09-21",73.699997
"2018-09-24",73.580002
"2018-09-25",72.739998
"2018-09-26",71.760002
"2018-09-27",71.709999
"2018-09-28",72.029999
"2018-10-01",72.599998
"2018-10-02",73.349998
"2018-10-03",72.639999
"2018-10-04",72.379997
"2018-10-05",71.209999
"2018-10-08",70.93
"2018-10-09",70.129997
"2018-10-10",66.730003
"2018-10-11",64.290001
"2018-10-12",64.290001
"2018-10-15",64.169998
"2018-10-16",66.120003
"2018-10-17",66.099998
"2018-10-18",65.150002
"2018-10-19",65.360001
"2018-10-22",66.120003
"2018-10-23",66.379997
"2018-10-24",62.619999
"2018-10-25",63.200001
"2018-10-26",62.48
"2018-10-29",62.169998
"2018-10-30",63.18
"2018-10-31",62.889999
"2018-11-01",63.709999
"2018-11-02",63.330002
"2018-11-05",63.470001
"2018-11-06",63.630001
"2018-11-07",63.209999
"2018-11-08",58.049999
"2018-11-09",56.720001
"2018-11-12",54.490002
"2018-11-13",54.16
"2018-11-14",53.939999
"2018-11-15",55.389999
"2018-11-16",55.880001
"2018-11-19",54.900002
"2018-11-20",54.919998
"2018-11-21",55.27
"2018-11-23",55.25
"2018-11-26",55.73
"2018-11-27",55.57
"2018-11-28",56.650002
"2018-11-29",58.110001
"2018-11-30",58.259998
"2018-12-03",59.139999
"2018-12-04",57.73
"2018-12-06",57.110001
"2018-12-07",55.990002
"2018-12-10",57.240002
"2018-12-11",57.349998
"2018-12-12",57.720001
"2018-12-13",58.09
"2018-12-14",57.619999
"2018-12-17",57
"2018-12-18",57.779999
"2018-12-19",56.689999
"2018-12-20",56.369999
"2018-12-21",54.849998
"2018-12-24",53.650002
"2018-12-26",55.959999
"2018-12-27",56.09
"2018-12-28",56.810001
"2018-12-31",56.91
"2019-01-02",57.400002
"2019-01-03",55.700001
"2019-01-04",56.599998
"2019-01-07",56.439999
"2019-01-08",55.950001
"2019-01-09",56.610001
"2019-01-10",56.799999
"2019-01-11",57.5
"2019-01-14",57.299999
"2019-01-15",55.73
"2019-01-16",55.27
"2019-01-17",54.77
"2019-01-18",55.27
"2019-01-22",54.290001
"2019-01-23",51.77
"2019-01-24",50.810001
"2019-01-25",51.299999
"2019-01-28",50.639999
"2019-01-29",49.400002
"2019-01-30",50.169998
"2019-01-31",49.52
"2019-02-01",49.610001
"2019-02-04",49.689999
"2019-02-05",50.73
"2019-02-06",51.099998
"2019-02-07",50.549999
"2019-02-08",50.290001
"2019-02-11",50.830002
"2019-02-12",51.66
"2019-02-13",51.59
"2019-02-14",51.57
"2019-02-15",51.98
"2019-02-19",52.009998
"2019-02-20",52.450001
"2019-02-21",52.349998
"2019-02-22",53.119999
"2019-02-25",52.990002
"2019-02-26",53.029999
"2019-02-27",53.040001
"2019-02-28",53.389999
"2019-03-01",54.200001
"2019-03-04",53.779999
"2019-03-05",53.939999
"2019-03-06",54.799999
"2019-03-07",54.029999
"2019-03-08",53.529999
"2019-03-11",54.349998
"2019-03-12",54.84
"2019-03-13",55.389999
"2019-03-14",55.400002
"2019-03-15",56.599998
"2019-03-18",56.830002
"2019-03-19",56.970001
"2019-03-20",57.16
"2019-03-21",57.77
"2019-03-22",56.82
"2019-03-25",56.639999
"2019-03-26",58
"2019-03-27",56.91
"2019-03-28",56.549999
"2019-03-29",57.029999
"2019-04-01",57.810001
"2019-04-02",58.09
"2019-04-03",57.68
"2019-04-04",57.860001
"2019-04-05",57.990002
"2019-04-08",57.759998
"2019-04-09",57.439999
"2019-04-10",56.330002
"2019-04-11",55.900002
"2019-04-12",56.950001
"2019-04-15",57.18
"2019-04-16",70.449997
"2019-04-17",79.080002
"2019-04-18",79.889999
"2019-04-22",81.970001
"2019-04-23",86.720001
"2019-04-24",86.830002
"2019-04-25",85.07
"2019-04-26",86.639999
"2019-04-29",87.25
"2019-04-30",86.129997
"2019-05-01",86.370003
"2019-05-02",87.139999
"2019-05-03",89.290001
"2019-05-06",88.25
"2019-05-07",85.199997
"2019-05-08",84.540001
"2019-05-09",83.779999
"2019-05-10",85.839996
"2019-05-13",83.889999
"2019-05-14",86.129997
"2019-05-15",86.260002
"2019-05-16",82.809998
"2019-05-17",81.5
"2019-05-20",76.620003
"2019-05-21",77.75
"2019-05-22",69.309998
"2019-05-23",68.260002
"2019-05-24",66.209999
"2019-05-28",65.370003
"2019-05-29",65.760002
"2019-05-30",66.589996
"2019-05-31",66.82
"2019-06-03",66.660004
"2019-06-04",68.449997
"2019-06-05",67.019997
"2019-06-06",67.589996
"2019-06-07",68.690002
"2019-06-10",70.540001
"2019-06-11",71.239998
"2019-06-12",69.589996
"2019-06-13",69.93
"2019-06-14",68.720001
"2019-06-17",69.110001
"2019-06-18",71.959999
"2019-06-19",71.800003
"2019-06-20",72.739998
"2019-06-21",72.720001
"2019-06-24",73.160004
"2019-06-25",72.550003
"2019-06-26",74.949997
"2019-06-27",75.43
"2019-06-28",76.07
"2019-07-01",77.519997
"2019-07-02",77.010002
"2019-07-03",76.629997
"2019-07-05",76.660004
"2019-07-08",76.629997
"2019-07-09",76.550003
"2019-07-10",74.360001
"2019-07-11",73.709999
"2019-07-12",74.900002
"2019-07-15",75.43
"2019-07-16",75.669998
"2019-07-17",75.760002
"2019-07-18",74.370003
"2019-07-19",75
"2019-07-22",75.949997
"2019-07-23",74.120003
"2019-07-24",75.870003
"2019-07-25",75.349998
"2019-07-26",75.220001
"2019-07-29",74.970001
"2019-07-30",74.809998
"2019-07-31",73.160004
"2019-08-01",71.199997
"2019-08-02",71.150002
"2019-08-05",68.800003
"2019-08-06",68.169998
"2019-08-07",69.400002
"2019-08-08",71.260002
"2019-08-09",71.5
"2019-08-12",69.800003
"2019-08-13",72.18
"2019-08-14",70.879997
"2019-08-15",71.160004
"2019-08-16",73.279999
"2019-08-19",74.870003
"2019-08-20",76.07
"2019-08-21",76.699997
"2019-08-22",77.150002
"2019-08-23",73.519997
"2019-08-26",72.910004
"2019-08-27",73.970001
"2019-08-28",74.349998
"2019-08-29",76.449997
"2019-08-30",77.769997
"2019-09-03",75.120003
"2019-09-04",77.089996
"2019-09-05",78.989998
"2019-09-06",78.839996
"2019-09-09",78.209999
"2019-09-10",78.709999
"2019-09-11",79.900002
"2019-09-12",79.080002
"2019-09-13",78.410004
"2019-09-16",78.040001
"2019-09-17",78.690002
"2019-09-18",78.900002
"2019-09-19",78.230003
"2019-09-20",76.440002
"2019-09-23",77.239998
"2019-09-24",75.230003
"2019-09-25",77.260002
"2019-09-26",77.349998
"2019-09-27",76.629997
"2019-09-30",76.279999
"2019-10-01",75.470001
"2019-10-02",73.989998
"2019-10-03",75.730003
"2019-10-04",77.489998
"2019-10-07",76.339996
"2019-10-08",72.849998
"2019-10-09",74.349998
"2019-10-10",74.970001
"2019-10-11",76.699997
"2019-10-14",76.300003
"2019-10-15",77.82
"2019-10-16",78.230003
"2019-10-17",78.970001
"2019-10-18",77.68
"2019-10-21",78.980003
"2019-10-22",78.470001
"2019-10-23",77.239998
"2019-10-24",78.989998
"2019-10-25",80.169998
"2019-10-28",83.050003
"2019-10-29",81.660004
"2019-10-30",81.440002
"2019-10-31",80.440002
"2019-11-01",83.580002
"2019-11-04",85.089996
"2019-11-05",85.459999
"2019-11-06",84.629997
"2019-11-07",89.980003
"2019-11-08",94.029999
"2019-11-11",91.839996
"2019-11-12",90.970001
"2019-11-13",90.470001
"2019-11-14",90.480003
"2019-11-15",90.809998
"2019-11-18",90.480003
"2019-11-19",87.959999
"2019-11-20",85.620003
"2019-11-21",85.110001
"2019-11-22",84.889999
"2019-11-25",85.290001
"2019-11-26",84.629997
"2019-11-27",84.800003
"2019-11-29",83.550003
"2019-12-02",82.449997
"2019-12-03",80.580002
"2019-12-04",82.080002
"2019-12-05",82.589996
"2019-12-06",83.82
"2019-12-09",84.919998
"2019-12-10",84.120003
"2019-12-11",86.989998
"2019-12-12",89.050003
"2019-12-13",87.830002
"2019-12-16",88.43
"2019-12-17",88.32
"2019-12-18",87.980003
"2019-12-19",88.489998
"2019-12-20",88.849998
"2019-12-23",88.449997
"2019-12-24",88.769997
"2019-12-26",88.400002
"2019-12-27",88.800003
"2019-12-30",88.43
"2019-12-31",88.230003
"2020-01-02",88.690002
"2020-01-03",87.019997
"2020-01-06",86.510002
"2020-01-07",88.970001
"2020-01-08",88.709999
"2020-01-09",89.910004
"2020-01-10",90.260002
"2020-01-13",90.970001
"2020-01-14",90.559998
"2020-01-15",89.669998
"2020-01-16",91.790001
"2020-01-17",95.910004
"2020-01-21",94.540001
"2020-01-22",92.970001
"2020-01-23",92
"2020-01-24",89.650002
"2020-01-27",87.050003
"2020-01-28",89.150002
"2020-01-29",88.230003
"2020-01-30",87.779999
"2020-01-31",85.309998
"2020-02-03",86.480003
"2020-02-04",88.93
"2020-02-05",90.910004
"2020-02-06",90.610001
"2020-02-07",87.419998
"2020-02-10",88.599998
"2020-02-11",90
"2020-02-12",91.720001
"2020-02-13",90.029999
"2020-02-14",89.599998
"2020-02-18",88.029999
"2020-02-19",90.559998
"2020-02-20",89.470001
"2020-02-21",87.029999
"2020-02-24",83.32
"2020-02-25",80.220001
"2020-02-26",79.660004
"2020-02-27",75.940002
"2020-02-28",78.300003
"2020-03-02",80.559998
"2020-03-03",78.559998
"2020-03-04",81.800003
"2020-03-05",79.169998
"2020-03-06",77.470001
"2020-03-09",72.639999
"2020-03-10",78.889999
"2020-03-11",74.620003
"2020-03-12",67.019997
"2020-03-13",75.809998
"2020-03-16",64.480003
"2020-03-17",68.860001
"2020-03-18",61.189999
"2020-03-19",65
"2020-03-20",60.91
"2020-03-23",62.529999
"2020-03-24",65.459999
"2020-03-25",63.080002
"2020-03-26",68.980003
"2020-03-27",66.589996
"2020-03-30",69.029999
"2020-03-31",67.650002
"2020-04-01",65.900002
"2020-04-02",68.019997
"2020-04-03",65.230003
"2020-04-06",70.949997
"2020-04-07",72.730003
"2020-04-08",73.330002
"2020-04-09",71.580002
"2020-04-13",73.300003
"2020-04-14",77.550003
"2020-04-15",75.989998
"2020-04-16",76.849998
"2020-04-17",76.169998
"2020-04-20",74.309998
"2020-04-21",71.839996
"2020-04-22",74.68
"2020-04-23",73.809998
"2020-04-24",76.040001
"2020-04-27",75.980003
"2020-04-28",75.290001
"2020-04-29",78.970001
"2020-04-30",78.669998
"2020-05-01",75.639999
"2020-05-04",75.68
"2020-05-05",77.629997
"2020-05-06",78.870003
"2020-05-07",78.830002
"2020-05-08",80.559998
"2020-05-11",80.480003
"2020-05-12",78.419998
"2020-05-13",78
"2020-05-14",79.870003
"2020-05-15",75.769997
"2020-05-18",79.940002
"2020-05-19",78.089996
"2020-05-20",80.629997
"2020-05-21",78
"2020-05-22",78.699997
"2020-05-26",78.019997
"2020-05-27",79.290001
"2020-05-28",78.110001
"2020-05-29",80.879997
"2020-06-01",79.730003
"2020-06-02",84.629997
"2020-06-03",84.110001
"2020-06-04",86.040001
"2020-06-05",88.550003
"2020-06-08",91.370003
"2020-06-09",89.75
"2020-06-10",91.010002
"2020-06-11",84.019997
"2020-06-12",85.239998
"2020-06-15",86.389999
"2020-06-16",89.519997
"2020-06-17",89.940002
"2020-06-18",89.919998
"2020-06-19",88.809998
"2020-06-22",89.129997
"2020-06-23",89.349998
"2020-06-24",89.139999
"2020-06-25",88.959999
"2020-06-26",88.019997
"2020-06-29",89.010002
"2020-06-30",91.209999
"2020-07-01",89.779999
"2020-07-02",91.870003
"2020-07-06",92.919998
"2020-07-07",92.139999
"2020-07-08",93.529999
"2020-07-09",93.25
"2020-07-10",92.510002
"2020-07-13",91.330002
"2020-07-14",92.379997
"2020-07-15",92.550003
"2020-07-16",91.199997
"2020-07-17",92.230003
"2020-07-20",93.169998
"2020-07-21",92.309998
"2020-07-22",92.599998
"2020-07-23",89.669998
"2020-07-24",88.889999
"2020-07-27",92.699997
"2020-07-28",91.449997
"2020-07-29",93.029999
"2020-07-30",107.190002
"2020-07-31",105.610001
"2020-08-03",109.589996
"2020-08-04",110.949997
"2020-08-05",111.389999
"2020-08-06",111.059998
"2020-08-07",108.25
"2020-08-10",106.360001
"2020-08-11",108.830002
"2020-08-12",115.790001
"2020-08-13",113.410004
"2020-08-14",113.739998
"2020-08-17",112.18
"2020-08-18",112.029999
"2020-08-19",111.040001
"2020-08-20",110.660004
"2020-08-21",113
"2020-08-24",115.910004
"2020-08-25",115.949997
"2020-08-26",116.040001
"2020-08-27",116.019997
"2020-08-28",118.199997
"2020-08-31",119.099998
"2020-09-01",122.010002
"2020-09-02",123.18
"2020-09-03",116.43
"2020-09-04",115.970001
"2020-09-08",109.769997
"2020-09-09",114.019997
"2020-09-10",112.440002
"2020-09-11",113.419998
"2020-09-14",113.459999
"2020-09-15",116.580002
"2020-09-16",114.559998
"2020-09-17",114.879997
"2020-09-18",110.690002
"2020-09-21",111.919998
"2020-09-22",113.82
"2020-09-23",110.57
"2020-09-24",112.190002
"2020-09-25",114.5
"2020-09-28",118.470001
"2020-09-29",117.379997
"2020-09-30",117.68
"2020-10-01",119.519997
"2020-10-02",115.470001
"2020-10-05",120.519997
"2020-10-06",119.540001
"2020-10-07",123.029999
"2020-10-08",122.339996
"2020-10-09",124.870003
"2020-10-12",126.690002
"2020-10-13",127.459999
"2020-10-14",129.880005
"2020-10-15",128.580002
"2020-10-16",129.029999
"2020-10-19",128.419998
"2020-10-20",128.300003
"2020-10-21",128.550003
"2020-10-22",128.380005
"2020-10-23",128.880005
"2020-10-26",126.199997
"2020-10-27",125.910004
"2020-10-28",121.580002
"2020-10-29",126.440002
"2020-10-30",123.360001
"2020-11-02",123.970001
"2020-11-03",125.449997
"2020-11-04",128.970001
"2020-11-05",145.410004
"2020-11-06",145.009995
"2020-11-09",142.610001
"2020-11-10",140.110001
"2020-11-11",147.690002
"2020-11-12",143.910004
"2020-11-13",144.259995
"2020-11-16",149.070007
"2020-11-17",148.740005
"2020-11-18",147.050003
"2020-11-19",147.529999
"2020-11-20",146.029999
"2020-11-23",143.820007
"2020-11-24",145.929993
"2020-11-25",144.080002
"2020-11-27",143.830002
"2020-11-30",147.169998
"2020-12-01",151.259995
"2020-12-02",149.979996
"2020-12-03",149.910004
"2020-12-04",157.619995
"2020-12-07",158.020004
"2020-12-08",158.800003
"2020-12-09",156.020004
"2020-12-10",155.75
"2020-12-11",144.279999
"2020-12-14",146.289993
"2020-12-15",148.360001
"2020-12-16",149.740005
"2020-12-17",149.529999
"2020-12-18",147.419998
"2020-12-21",146.800003
"2020-12-22",146.339996
"2020-12-23",146.960007
"2020-12-24",148.789993
"2020-12-28",147.740005
"2020-12-29",148.490005
"2020-12-30",149.949997
"2020-12-31",152.339996
"2021-01-04",148.5
"2021-01-05",152.429993
"2021-01-06",151.190002
"2021-01-07",155.699997
"2021-01-08",156.639999
"2021-01-11",156.110001
"2021-01-12",154.449997
"2021-01-13",157.419998
"2021-01-14",160.850006
"2021-01-15",157.089996
"2021-01-19",163.770004
"2021-01-20",164.600006
"2021-01-21",164.75
"2021-01-22",162.419998
"2021-01-25",164.399994
"2021-01-26",162.550003
"2021-01-27",153.669998
"2021-01-28",155.550003
"2021-01-29",156.279999
"2021-02-01",161.580002
"2021-02-02",164.779999
"2021-02-03",162.300003
"2021-02-04",147.970001
"2021-02-05",145.839996
"2021-02-08",147.380005
"2021-02-09",146.110001
"2021-02-10",145.5
"2021-02-11",145.559998
"2021-02-12",147.979996
"2021-02-16",147.160004
"2021-02-17",144.75
"2021-02-18",143.910004
"2021-02-19",144.940002
"2021-02-22",139.460007
"2021-02-23",137.119995
"2021-02-24",141.100006
"2021-02-25",135.529999
"2021-02-26",136.190002
"2021-03-01",139.490005
"2021-03-02",137.039993
"2021-03-03",131.660004
"2021-03-04",127.800003
"2021-03-05",129.75
"2021-03-08",123.199997
"2021-03-09",129.110001
"2021-03-10",127.870003
