"Index","SLB.Close"
"2010-01-04",67.110001
"2010-01-05",67.300003
"2010-01-06",68.800003
"2010-01-07",69.510002
"2010-01-08",70.650002
"2010-01-11",70.650002
"2010-01-12",69.589996
"2010-01-13",70.849998
"2010-01-14",71.290001
"2010-01-15",70.830002
"2010-01-19",70.93
"2010-01-20",69.089996
"2010-01-21",68.309998
"2010-01-22",65.239998
"2010-01-25",65.809998
"2010-01-26",65.75
"2010-01-27",65.699997
"2010-01-28",64.629997
"2010-01-29",63.459999
"2010-02-01",64.790001
"2010-02-02",66.120003
"2010-02-03",65.989998
"2010-02-04",62.5
"2010-02-05",62.060001
"2010-02-08",62.119999
"2010-02-09",63.759998
"2010-02-10",63.650002
"2010-02-11",64.760002
"2010-02-12",64.300003
"2010-02-16",65.650002
"2010-02-17",65.43
"2010-02-18",65.809998
"2010-02-19",63.900002
"2010-02-22",61.57
"2010-02-23",60.880001
"2010-02-24",60.91
"2010-02-25",60.810001
"2010-02-26",61.099998
"2010-03-01",61.419998
"2010-03-02",62.810001
"2010-03-03",63.23
"2010-03-04",62.880001
"2010-03-05",63.810001
"2010-03-08",64.480003
"2010-03-09",64.099998
"2010-03-10",64.199997
"2010-03-11",63.900002
"2010-03-12",64.540001
"2010-03-15",64.309998
"2010-03-16",65.519997
"2010-03-17",66.599998
"2010-03-18",65.25
"2010-03-19",64.32
"2010-03-22",63.490002
"2010-03-23",63.029999
"2010-03-24",62.209999
"2010-03-25",60.759998
"2010-03-26",61.669998
"2010-03-29",63.07
"2010-03-30",63.049999
"2010-03-31",63.459999
"2010-04-01",64.57
"2010-04-05",65.769997
"2010-04-06",66.790001
"2010-04-07",66.040001
"2010-04-08",66.620003
"2010-04-09",66.529999
"2010-04-12",66.309998
"2010-04-13",65.510002
"2010-04-14",67.099998
"2010-04-15",67.209999
"2010-04-16",65.800003
"2010-04-19",65.239998
"2010-04-20",67.849998
"2010-04-21",68.019997
"2010-04-22",68.18
"2010-04-23",72.68
"2010-04-26",72.690002
"2010-04-27",70.309998
"2010-04-28",71.010002
"2010-04-29",73.150002
"2010-04-30",71.419998
"2010-05-03",71.309998
"2010-05-04",68.949997
"2010-05-05",67.300003
"2010-05-06",65.349998
"2010-05-07",62.860001
"2010-05-10",66.830002
"2010-05-11",66.839996
"2010-05-12",66.650002
"2010-05-13",66.940002
"2010-05-14",64.879997
"2010-05-17",64.150002
"2010-05-18",63.740002
"2010-05-19",62.59
"2010-05-20",59.220001
"2010-05-21",60.5
"2010-05-24",57.599998
"2010-05-25",58.459999
"2010-05-26",58.75
"2010-05-27",60.02
"2010-05-28",56.150002
"2010-06-01",51.75
"2010-06-02",56.310001
"2010-06-03",56.630001
"2010-06-04",55.740002
"2010-06-07",54.23
"2010-06-08",55.560001
"2010-06-09",55.470001
"2010-06-10",59.169998
"2010-06-11",59.48
"2010-06-14",58.66
"2010-06-15",60.869999
"2010-06-16",60.810001
"2010-06-17",61.360001
"2010-06-18",60.529999
"2010-06-21",60.330002
"2010-06-22",58.259998
"2010-06-23",58.330002
"2010-06-24",57.139999
"2010-06-25",58.220001
"2010-06-28",57.34
"2010-06-29",55.080002
"2010-06-30",55.34
"2010-07-01",55.259998
"2010-07-02",54.959999
"2010-07-06",55.540001
"2010-07-07",57.540001
"2010-07-08",58.540001
"2010-07-09",58.560001
"2010-07-12",58.25
"2010-07-13",58.619999
"2010-07-14",58.889999
"2010-07-15",58.669998
"2010-07-16",56.68
"2010-07-19",59.150002
"2010-07-20",61.040001
"2010-07-21",59.59
"2010-07-22",61.299999
"2010-07-23",59.349998
"2010-07-26",58.849998
"2010-07-27",58.93
"2010-07-28",59.73
"2010-07-29",59.810001
"2010-07-30",59.66
"2010-08-02",62.740002
"2010-08-03",62.860001
"2010-08-04",62.919998
"2010-08-05",63.259998
"2010-08-06",62.34
"2010-08-09",62.75
"2010-08-10",62.150002
"2010-08-11",60.060001
"2010-08-12",59.299999
"2010-08-13",58.759998
"2010-08-16",59.369999
"2010-08-17",60.310001
"2010-08-18",59.18
"2010-08-19",57.82
"2010-08-20",56.459999
"2010-08-23",55.82
"2010-08-24",54.77
"2010-08-25",54.689999
"2010-08-26",53.459999
"2010-08-27",55.759998
"2010-08-30",54.169998
"2010-08-31",53.330002
"2010-09-01",55.18
"2010-09-02",56.419998
"2010-09-03",57.369999
"2010-09-07",57.130001
"2010-09-08",58.34
"2010-09-09",58.529999
"2010-09-10",59.310001
"2010-09-13",60.150002
"2010-09-14",58.849998
"2010-09-15",58.189999
"2010-09-16",58.18
"2010-09-17",58.099998
"2010-09-20",58.84
"2010-09-21",59.290001
"2010-09-22",58.98
"2010-09-23",58.110001
"2010-09-24",60.639999
"2010-09-27",59.860001
"2010-09-28",60.290001
"2010-09-29",61.52
"2010-09-30",61.610001
"2010-10-01",62.43
"2010-10-04",61.200001
"2010-10-05",62.959999
"2010-10-06",63.130001
"2010-10-07",62.990002
"2010-10-08",63.560001
"2010-10-11",63.5
"2010-10-12",62.66
"2010-10-13",64.620003
"2010-10-14",64.260002
"2010-10-15",64.5
"2010-10-18",64.510002
"2010-10-19",63.139999
"2010-10-20",64.290001
"2010-10-21",64.309998
"2010-10-22",67.769997
"2010-10-25",68.529999
"2010-10-26",69.110001
"2010-10-27",69.239998
"2010-10-28",69.779999
"2010-10-29",69.889999
"2010-11-01",70.169998
"2010-11-02",71.470001
"2010-11-03",72.209999
"2010-11-04",75.800003
"2010-11-05",75.660004
"2010-11-08",74.839996
"2010-11-09",73.919998
"2010-11-10",74.650002
"2010-11-11",75.019997
"2010-11-12",74.110001
"2010-11-15",74.300003
"2010-11-16",73.18
"2010-11-17",74.400002
"2010-11-18",75.5
"2010-11-19",76.43
"2010-11-22",76.400002
"2010-11-23",75.440002
"2010-11-24",77.150002
"2010-11-26",75.980003
"2010-11-29",77
"2010-11-30",77.339996
"2010-12-01",80.849998
"2010-12-02",80.739998
"2010-12-03",82.739998
"2010-12-06",82.860001
"2010-12-07",81
"2010-12-08",80.900002
"2010-12-09",81.239998
"2010-12-10",81.540001
"2010-12-13",82.43
"2010-12-14",81.330002
"2010-12-15",80.720001
"2010-12-16",81.129997
"2010-12-17",81.339996
"2010-12-20",82.18
"2010-12-21",82.440002
"2010-12-22",82.809998
"2010-12-23",82.519997
"2010-12-27",82.419998
"2010-12-28",82.209999
"2010-12-29",83.629997
"2010-12-30",83.360001
"2010-12-31",83.5
"2011-01-03",83.650002
"2011-01-04",81.629997
"2011-01-05",82.589996
"2011-01-06",80.529999
"2011-01-07",81.559998
"2011-01-10",80.68
"2011-01-11",82.260002
"2011-01-12",84.449997
"2011-01-13",84.599998
"2011-01-14",86.910004
"2011-01-18",86.760002
"2011-01-19",86.260002
"2011-01-20",85.279999
"2011-01-21",83.480003
"2011-01-24",84.25
"2011-01-25",83.25
"2011-01-26",87.449997
"2011-01-27",85.980003
"2011-01-28",86.669998
"2011-01-31",88.989998
"2011-02-01",89.639999
"2011-02-02",89.080002
"2011-02-03",89.43
"2011-02-04",89.330002
"2011-02-07",89.830002
"2011-02-08",89.059998
"2011-02-09",88.489998
"2011-02-10",90.629997
"2011-02-11",90.370003
"2011-02-14",92.239998
"2011-02-15",92.339996
"2011-02-16",94.010002
"2011-02-17",94.370003
"2011-02-18",95.040001
"2011-02-22",92.910004
"2011-02-23",92.900002
"2011-02-24",89.650002
"2011-02-25",92.849998
"2011-02-28",93.419998
"2011-03-01",91.5
"2011-03-02",90.989998
"2011-03-03",92.849998
"2011-03-04",91.400002
"2011-03-07",90.25
"2011-03-08",89.849998
"2011-03-09",88.550003
"2011-03-10",84.610001
"2011-03-11",86.239998
"2011-03-14",85.360001
"2011-03-15",84.800003
"2011-03-16",83.099998
"2011-03-17",87.050003
"2011-03-18",85.93
"2011-03-21",89.730003
"2011-03-22",88.769997
"2011-03-23",88.5
"2011-03-24",88.099998
"2011-03-25",86.889999
"2011-03-28",90.43
"2011-03-29",94.360001
"2011-03-30",93.650002
"2011-03-31",93.260002
"2011-04-01",93.699997
"2011-04-04",92.769997
"2011-04-05",92.870003
"2011-04-06",91.940002
"2011-04-07",91.620003
"2011-04-08",90.849998
"2011-04-11",88.800003
"2011-04-12",86.239998
"2011-04-13",85.790001
"2011-04-14",86.019997
"2011-04-15",86.660004
"2011-04-18",84.75
"2011-04-19",86.129997
"2011-04-20",87.889999
"2011-04-21",89.779999
"2011-04-25",88.050003
"2011-04-26",89.470001
"2011-04-27",89.379997
"2011-04-28",89.110001
"2011-04-29",89.75
"2011-05-02",87.790001
"2011-05-03",85.849998
"2011-05-04",84.790001
"2011-05-05",82.839996
"2011-05-06",82.660004
"2011-05-09",83.589996
"2011-05-10",84.489998
"2011-05-11",82.25
"2011-05-12",83.519997
"2011-05-13",82.709999
"2011-05-16",82.190002
"2011-05-17",82.059998
"2011-05-18",83.75
"2011-05-19",83.580002
"2011-05-20",83.5
"2011-05-23",82.080002
"2011-05-24",83.279999
"2011-05-25",84.089996
"2011-05-26",85.190002
"2011-05-27",84.709999
"2011-05-31",85.720001
"2011-06-01",83.190002
"2011-06-02",84.290001
"2011-06-03",85.040001
"2011-06-06",83.059998
"2011-06-07",82.879997
"2011-06-08",83.730003
"2011-06-09",85.839996
"2011-06-10",83.660004
"2011-06-13",82.699997
"2011-06-14",84.5
"2011-06-15",82.660004
"2011-06-16",82.25
"2011-06-17",81.790001
"2011-06-20",82.129997
"2011-06-21",83.5
"2011-06-22",83.580002
"2011-06-23",83.07
"2011-06-24",80.919998
"2011-06-27",80.639999
"2011-06-28",84.349998
"2011-06-29",85.209999
"2011-06-30",86.400002
"2011-07-01",87.599998
"2011-07-05",88.349998
"2011-07-06",89.110001
"2011-07-07",90.400002
"2011-07-08",89.959999
"2011-07-11",88.07
"2011-07-12",86.839996
"2011-07-13",87
"2011-07-14",85.919998
"2011-07-15",87.989998
"2011-07-18",87.209999
"2011-07-19",88.699997
"2011-07-20",88.410004
"2011-07-21",90.959999
"2011-07-22",93.809998
"2011-07-25",94.699997
"2011-07-26",93.93
"2011-07-27",91.68
"2011-07-28",91.400002
"2011-07-29",90.370003
"2011-08-01",90.209999
"2011-08-02",87.620003
"2011-08-03",87.190002
"2011-08-04",80.790001
"2011-08-05",80.879997
"2011-08-08",73.669998
"2011-08-09",77.629997
"2011-08-10",73.809998
"2011-08-11",77.529999
"2011-08-12",77.989998
"2011-08-15",80.07
"2011-08-16",78.629997
"2011-08-17",79.519997
"2011-08-18",74.410004
"2011-08-19",73.120003
"2011-08-22",72.489998
"2011-08-23",76.129997
"2011-08-24",76.230003
"2011-08-25",73.110001
"2011-08-26",74.839996
"2011-08-29",77.25
"2011-08-30",77.330002
"2011-08-31",78.120003
"2011-09-01",76.5
"2011-09-02",74.419998
"2011-09-06",74.32
"2011-09-07",76.790001
"2011-09-08",75.470001
"2011-09-09",71.800003
"2011-09-12",72.379997
"2011-09-13",72.129997
"2011-09-14",72.93
"2011-09-15",74.220001
"2011-09-16",72.839996
"2011-09-19",70.760002
"2011-09-20",69.290001
"2011-09-21",65.150002
"2011-09-22",61.220001
"2011-09-23",61.200001
"2011-09-26",63.27
"2011-09-27",63.419998
"2011-09-28",60.330002
"2011-09-29",61.330002
"2011-09-30",59.73
"2011-10-03",57.720001
"2011-10-04",59.110001
"2011-10-05",61.580002
"2011-10-06",63.889999
"2011-10-07",62.639999
"2011-10-10",65.790001
"2011-10-11",66.82
"2011-10-12",67.309998
"2011-10-13",67.199997
"2011-10-14",70.940002
"2011-10-17",67.519997
"2011-10-18",69.910004
"2011-10-19",67.900002
"2011-10-20",67.989998
"2011-10-21",67.379997
"2011-10-24",69.879997
"2011-10-25",68.029999
"2011-10-26",69.839996
"2011-10-27",75.769997
"2011-10-28",75.959999
"2011-10-31",73.470001
"2011-11-01",71.129997
"2011-11-02",72.739998
"2011-11-03",75.93
"2011-11-04",74.970001
"2011-11-07",75.330002
"2011-11-08",76.830002
"2011-11-09",73.089996
"2011-11-10",74.050003
"2011-11-11",76.540001
"2011-11-14",75.620003
"2011-11-15",75.970001
"2011-11-16",74.769997
"2011-11-17",71.709999
"2011-11-18",71.32
"2011-11-21",70.18
"2011-11-22",68.949997
"2011-11-23",66.5
"2011-11-25",66.370003
"2011-11-28",69.220001
"2011-11-29",70.43
"2011-11-30",75.330002
"2011-12-01",74.870003
"2011-12-02",75.010002
"2011-12-05",77.150002
"2011-12-06",76.650002
"2011-12-07",75.089996
"2011-12-08",71.949997
"2011-12-09",74.150002
"2011-12-12",71.919998
"2011-12-13",70.410004
"2011-12-14",67
"2011-12-15",66.330002
"2011-12-16",66.910004
"2011-12-19",65.07
"2011-12-20",68.169998
"2011-12-21",67.709999
"2011-12-22",67.93
"2011-12-23",69.139999
"2011-12-27",68.599998
"2011-12-28",67.040001
"2011-12-29",67.410004
"2011-12-30",68.309998
"2012-01-03",70.089996
"2012-01-04",69.559998
"2012-01-05",68.07
"2012-01-06",67.779999
"2012-01-09",68.82
"2012-01-10",70.75
"2012-01-11",70.160004
"2012-01-12",69.699997
"2012-01-13",67.989998
"2012-01-17",67.639999
"2012-01-18",70.629997
"2012-01-19",72.860001
"2012-01-20",73.800003
"2012-01-23",74.160004
"2012-01-24",74.589996
"2012-01-25",76.190002
"2012-01-26",75.980003
"2012-01-27",76.660004
"2012-01-30",76.269997
"2012-01-31",75.169998
"2012-02-01",76.120003
"2012-02-02",77.309998
"2012-02-03",78.660004
"2012-02-06",79.639999
"2012-02-07",79.5
"2012-02-08",78.410004
"2012-02-09",78.639999
"2012-02-10",77.169998
"2012-02-13",78.029999
"2012-02-14",77.800003
"2012-02-15",77.360001
"2012-02-16",78.059998
"2012-02-17",77.739998
"2012-02-21",78.580002
"2012-02-22",80
"2012-02-23",79.589996
"2012-02-24",79.849998
"2012-02-27",79.110001
"2012-02-28",78.779999
"2012-02-29",77.610001
"2012-03-01",78.370003
"2012-03-02",77.190002
"2012-03-05",75.690002
"2012-03-06",73.790001
"2012-03-07",74.699997
"2012-03-08",75.82
"2012-03-09",75.839996
"2012-03-12",74.019997
"2012-03-13",74.769997
"2012-03-14",74.019997
"2012-03-15",74.919998
"2012-03-16",76.760002
"2012-03-19",77.099998
"2012-03-20",75.709999
"2012-03-21",74.010002
"2012-03-22",71.980003
"2012-03-23",73.18
"2012-03-26",72.400002
"2012-03-27",69.959999
"2012-03-28",69.779999
"2012-03-29",69.139999
"2012-03-30",69.93
"2012-04-02",69.839996
"2012-04-03",69.730003
"2012-04-04",68.690002
"2012-04-05",68.419998
"2012-04-09",67.589996
"2012-04-10",67.260002
"2012-04-11",68.120003
"2012-04-12",70.339996
"2012-04-13",68.379997
"2012-04-16",67.440002
"2012-04-17",69.349998
"2012-04-18",69.93
"2012-04-19",69.800003
"2012-04-20",71.699997
"2012-04-23",71.190002
"2012-04-24",72.709999
"2012-04-25",74.459999
"2012-04-26",74.25
"2012-04-27",73.949997
"2012-04-30",74.139999
"2012-05-01",75.129997
"2012-05-02",74.169998
"2012-05-03",72.610001
"2012-05-04",69.959999
"2012-05-07",70.599998
"2012-05-08",70.389999
"2012-05-09",69.639999
"2012-05-10",69.440002
"2012-05-11",68.800003
"2012-05-14",67.25
"2012-05-15",65.519997
"2012-05-16",64.809998
"2012-05-17",64.75
"2012-05-18",64.059998
"2012-05-21",66.760002
"2012-05-22",66.400002
"2012-05-23",67.18
"2012-05-24",65.849998
"2012-05-25",65.410004
"2012-05-29",67.239998
"2012-05-30",64.18
"2012-05-31",63.25
"2012-06-01",62.07
"2012-06-04",62.209999
"2012-06-05",62.240002
"2012-06-06",64.589996
"2012-06-07",64.43
"2012-06-08",64.540001
"2012-06-11",64.07
"2012-06-12",64.93
"2012-06-13",63.950001
"2012-06-14",65.379997
"2012-06-15",66.459999
"2012-06-18",66.540001
"2012-06-19",67.150002
"2012-06-20",65.540001
"2012-06-21",62.560001
"2012-06-22",61.560001
"2012-06-25",60.060001
"2012-06-26",59.669998
"2012-06-27",61.470001
"2012-06-28",62.720001
"2012-06-29",64.910004
"2012-07-02",64.940002
"2012-07-03",67.339996
"2012-07-05",66.099998
"2012-07-06",65.169998
"2012-07-09",65.82
"2012-07-10",64.970001
"2012-07-11",65.660004
"2012-07-12",65.389999
"2012-07-13",66.720001
"2012-07-16",66.300003
"2012-07-17",67.790001
"2012-07-18",68.760002
"2012-07-19",68.639999
"2012-07-20",69.330002
"2012-07-23",69.550003
"2012-07-24",67.940002
"2012-07-25",68.25
"2012-07-26",71.309998
"2012-07-27",72.959999
"2012-07-30",72.540001
"2012-07-31",71.260002
"2012-08-01",71.68
"2012-08-02",70.830002
"2012-08-03",72.389999
"2012-08-06",72.400002
"2012-08-07",73.610001
"2012-08-08",73.660004
"2012-08-09",74.330002
"2012-08-10",75.349998
"2012-08-13",75.199997
"2012-08-14",74.470001
"2012-08-15",73.870003
"2012-08-16",74.980003
"2012-08-17",74.779999
"2012-08-20",74.339996
"2012-08-21",74.349998
"2012-08-22",74.82
"2012-08-23",74.190002
"2012-08-24",74.589996
"2012-08-27",74.849998
"2012-08-28",74.379997
"2012-08-29",72.959999
"2012-08-30",71.599998
"2012-08-31",72.379997
"2012-09-04",71.419998
"2012-09-05",71.25
"2012-09-06",72.459999
"2012-09-07",73.169998
"2012-09-10",72.690002
"2012-09-11",73.660004
"2012-09-12",74.32
"2012-09-13",75.669998
"2012-09-14",77.599998
"2012-09-17",77.139999
"2012-09-18",76.230003
"2012-09-19",74.709999
"2012-09-20",75.230003
"2012-09-21",75.019997
"2012-09-24",74.260002
"2012-09-25",72.690002
"2012-09-26",72.050003
"2012-09-27",73.239998
"2012-09-28",72.330002
"2012-10-01",72.580002
"2012-10-02",72.260002
"2012-10-03",71.190002
"2012-10-04",71.669998
"2012-10-05",71.489998
"2012-10-08",71.610001
"2012-10-09",71.730003
"2012-10-10",71.080002
"2012-10-11",72.419998
"2012-10-12",72.190002
"2012-10-15",72.760002
"2012-10-16",73.519997
"2012-10-17",74.550003
"2012-10-18",74.800003
"2012-10-19",74
"2012-10-22",73.160004
"2012-10-23",71.260002
"2012-10-24",70.089996
"2012-10-25",70.739998
"2012-10-26",70.099998
"2012-10-31",69.529999
"2012-11-01",70.150002
"2012-11-02",68.769997
"2012-11-05",69.949997
"2012-11-06",71.150002
"2012-11-07",70.129997
"2012-11-08",67.769997
"2012-11-09",68.370003
"2012-11-12",68.480003
"2012-11-13",69.07
"2012-11-14",67.830002
"2012-11-15",69.160004
"2012-11-16",68.220001
"2012-11-19",70.690002
"2012-11-20",70.019997
"2012-11-21",70.209999
"2012-11-23",71.18
"2012-11-26",70.43
"2012-11-27",69.870003
"2012-11-28",70.730003
"2012-11-29",70.599998
"2012-11-30",71.620003
"2012-12-03",71.019997
"2012-12-04",71.220001
"2012-12-05",71.32
"2012-12-06",71.5
"2012-12-07",71.830002
"2012-12-10",72
"2012-12-11",72.599998
"2012-12-12",72.790001
"2012-12-13",72.559998
"2012-12-14",68.910004
"2012-12-17",69.68
"2012-12-18",71.349998
"2012-12-19",70.660004
"2012-12-20",71.099998
"2012-12-21",69.690002
"2012-12-24",69.279999
"2012-12-26",69.099998
"2012-12-27",69.169998
"2012-12-28",67.959999
"2012-12-31",69.300003
"2013-01-02",71.400002
"2013-01-03",70.919998
"2013-01-04",72.010002
"2013-01-07",72.209999
"2013-01-08",72.510002
"2013-01-09",72.199997
"2013-01-10",73.25
"2013-01-11",73.75
"2013-01-14",72.769997
"2013-01-15",72.589996
"2013-01-16",73.220001
"2013-01-17",73.370003
"2013-01-18",76.5
"2013-01-22",78
"2013-01-23",78.169998
"2013-01-24",78.019997
"2013-01-25",79.510002
"2013-01-28",79.279999
"2013-01-29",79.949997
"2013-01-30",78.599998
"2013-01-31",78.050003
"2013-02-01",79.699997
"2013-02-04",79.449997
"2013-02-05",80.160004
"2013-02-06",78.730003
"2013-02-07",78
"2013-02-08",79.07
"2013-02-11",77.93
"2013-02-12",78.529999
"2013-02-13",78.629997
"2013-02-14",81.559998
"2013-02-15",80.029999
"2013-02-19",79.989998
"2013-02-20",78.529999
"2013-02-21",77.43
"2013-02-22",77.790001
"2013-02-25",75.830002
"2013-02-26",76.330002
"2013-02-27",77.900002
"2013-02-28",77.849998
"2013-03-01",77.639999
"2013-03-04",76.5
"2013-03-05",76.949997
"2013-03-06",77.160004
"2013-03-07",77.82
"2013-03-08",77.959999
"2013-03-11",77.779999
"2013-03-12",77.440002
"2013-03-13",77.389999
"2013-03-14",78.75
"2013-03-15",79.400002
"2013-03-18",76.339996
"2013-03-19",73.980003
"2013-03-20",73.790001
"2013-03-21",73.440002
"2013-03-22",74.370003
"2013-03-25",73.860001
"2013-03-26",74.419998
"2013-03-27",75.099998
"2013-03-28",74.889999
"2013-04-01",74.019997
"2013-04-02",74.809998
"2013-04-03",74.010002
"2013-04-04",73.940002
"2013-04-05",74.349998
"2013-04-08",74.959999
"2013-04-09",75.43
"2013-04-10",76.989998
"2013-04-11",77.139999
"2013-04-12",75.660004
"2013-04-15",71.889999
"2013-04-16",73.290001
"2013-04-17",70.970001
"2013-04-18",71
"2013-04-19",69.949997
"2013-04-22",71.230003
"2013-04-23",71.940002
"2013-04-24",73.169998
"2013-04-25",73.440002
"2013-04-26",73.339996
"2013-04-29",74.029999
"2013-04-30",74.43
"2013-05-01",73.790001
"2013-05-02",74.25
"2013-05-03",75.720001
"2013-05-06",76.160004
"2013-05-07",76.889999
"2013-05-08",77.589996
"2013-05-09",77.25
"2013-05-10",76.82
"2013-05-13",77.040001
"2013-05-14",76.860001
"2013-05-15",75.68
"2013-05-16",75.269997
"2013-05-17",75.739998
"2013-05-20",77.419998
"2013-05-21",77.080002
"2013-05-22",75.580002
"2013-05-23",75.379997
"2013-05-24",74.660004
"2013-05-28",75.400002
"2013-05-29",74.980003
"2013-05-30",74.809998
"2013-05-31",73.029999
"2013-06-03",73.25
"2013-06-04",72.849998
"2013-06-05",72.18
"2013-06-06",73.300003
"2013-06-07",73.93
"2013-06-10",73.300003
"2013-06-11",71.440002
"2013-06-12",70.949997
"2013-06-13",72.459999
"2013-06-14",71.599998
"2013-06-17",73.099998
"2013-06-18",74.160004
"2013-06-19",73.400002
"2013-06-20",72.139999
"2013-06-21",72.830002
"2013-06-24",71.239998
"2013-06-25",72.089996
"2013-06-26",71.809998
"2013-06-27",71.93
"2013-06-28",71.660004
"2013-07-01",72.779999
"2013-07-02",72.610001
"2013-07-03",73.010002
"2013-07-05",74.089996
"2013-07-08",74.790001
"2013-07-09",76.540001
"2013-07-10",76.18
"2013-07-11",76.629997
"2013-07-12",76.839996
"2013-07-15",77.019997
"2013-07-16",76.519997
"2013-07-17",77.610001
"2013-07-18",78.480003
"2013-07-19",82.739998
"2013-07-22",83.809998
"2013-07-23",83.57
"2013-07-24",82.849998
"2013-07-25",82.57
"2013-07-26",81.910004
"2013-07-29",81.150002
"2013-07-30",81.43
"2013-07-31",81.330002
"2013-08-01",83.550003
"2013-08-02",82.889999
"2013-08-05",82.889999
"2013-08-06",82.220001
"2013-08-07",81.050003
"2013-08-08",81.230003
"2013-08-09",80.489998
"2013-08-12",80.25
"2013-08-13",82.220001
"2013-08-14",82.160004
"2013-08-15",81.989998
"2013-08-16",81.919998
"2013-08-19",80.410004
"2013-08-20",80.620003
"2013-08-21",80.050003
"2013-08-22",82.209999
"2013-08-23",81.669998
"2013-08-26",81.900002
"2013-08-27",81.169998
"2013-08-28",82.68
"2013-08-29",81.599998
"2013-08-30",80.940002
"2013-09-03",82.419998
"2013-09-04",82.860001
"2013-09-05",84.220001
"2013-09-06",85.139999
"2013-09-09",86.449997
"2013-09-10",86.900002
"2013-09-11",87.050003
"2013-09-12",86.580002
"2013-09-13",86.720001
"2013-09-16",87
"2013-09-17",87.739998
"2013-09-18",88.949997
"2013-09-19",88.790001
"2013-09-20",87.440002
"2013-09-23",87.040001
"2013-09-24",87.910004
"2013-09-25",88.57
"2013-09-26",88.830002
"2013-09-27",88.82
"2013-09-30",88.360001
"2013-10-01",89.050003
"2013-10-02",89.849998
"2013-10-03",89.440002
"2013-10-04",90.010002
"2013-10-07",89.290001
"2013-10-08",87.949997
"2013-10-09",87.040001
"2013-10-10",89.419998
"2013-10-11",90.019997
"2013-10-14",91.169998
"2013-10-15",90.540001
"2013-10-16",92.18
"2013-10-17",91.43
"2013-10-18",93.989998
"2013-10-21",93.480003
"2013-10-22",94.459999
"2013-10-23",92.839996
"2013-10-24",92.849998
"2013-10-25",92.900002
"2013-10-28",92.849998
"2013-10-29",94
"2013-10-30",93.879997
"2013-10-31",93.720001
"2013-11-01",93
"2013-11-04",93.510002
"2013-11-05",92.389999
"2013-11-06",93.230003
"2013-11-07",92.050003
"2013-11-08",93.790001
"2013-11-11",93.870003
"2013-11-12",91.989998
"2013-11-13",93.080002
"2013-11-14",93.309998
"2013-11-15",92.980003
"2013-11-18",92.019997
"2013-11-19",91.279999
"2013-11-20",90.449997
"2013-11-21",91.010002
"2013-11-22",92.730003
"2013-11-25",89.809998
"2013-11-26",89.459999
"2013-11-27",87.949997
"2013-11-29",88.419998
"2013-12-02",87.599998
"2013-12-03",87.639999
"2013-12-04",87.279999
"2013-12-05",86.870003
"2013-12-06",88.150002
"2013-12-09",88.029999
"2013-12-10",87.010002
"2013-12-11",86.139999
"2013-12-12",86.959999
"2013-12-13",86.370003
"2013-12-16",87
"2013-12-17",85.540001
"2013-12-18",87.260002
"2013-12-19",86.470001
"2013-12-20",87.269997
"2013-12-23",87.32
"2013-12-24",88.309998
"2013-12-26",89.389999
"2013-12-27",89.900002
"2013-12-30",89.169998
"2013-12-31",90.110001
"2014-01-02",88.82
"2014-01-03",88.349998
"2014-01-06",88.019997
"2014-01-07",87.510002
"2014-01-08",86.980003
"2014-01-09",86.480003
"2014-01-10",88.169998
"2014-01-13",87.459999
"2014-01-14",88.870003
"2014-01-15",88.889999
"2014-01-16",88.610001
"2014-01-17",90.209999
"2014-01-21",91.089996
"2014-01-22",91.209999
"2014-01-23",90.260002
"2014-01-24",88.150002
"2014-01-27",87.910004
"2014-01-28",87.760002
"2014-01-29",87.300003
"2014-01-30",88.809998
"2014-01-31",87.57
"2014-02-03",86.230003
"2014-02-04",87.190002
"2014-02-05",86.160004
"2014-02-06",88.510002
"2014-02-07",89.5
"2014-02-10",89.040001
"2014-02-11",90.370003
"2014-02-12",90.029999
"2014-02-13",90.260002
"2014-02-14",90.449997
"2014-02-18",90.629997
"2014-02-19",90.480003
"2014-02-20",91.029999
"2014-02-21",90.07
"2014-02-24",92.720001
"2014-02-25",92.559998
"2014-02-26",92.349998
"2014-02-27",92.57
"2014-02-28",93
"2014-03-03",91.260002
"2014-03-04",92.489998
"2014-03-05",92.010002
"2014-03-06",92.75
"2014-03-07",92.980003
"2014-03-10",92.870003
"2014-03-11",91.949997
"2014-03-12",91.169998
"2014-03-13",90.269997
"2014-03-14",89.089996
"2014-03-17",89.779999
"2014-03-18",90.5
"2014-03-19",90.360001
"2014-03-20",91.110001
"2014-03-21",92.669998
"2014-03-24",93.230003
"2014-03-25",95.559998
"2014-03-26",95.43
"2014-03-27",96.489998
"2014-03-28",97.57
"2014-03-31",97.5
"2014-04-01",97.959999
"2014-04-02",97.690002
"2014-04-03",98.07
"2014-04-04",98.029999
"2014-04-07",97.599998
"2014-04-08",98.440002
"2014-04-09",99.019997
"2014-04-10",97.32
"2014-04-11",97.099998
"2014-04-14",98.480003
"2014-04-15",100.110001
"2014-04-16",100.940002
"2014-04-17",99.910004
"2014-04-21",101.800003
"2014-04-22",102.029999
"2014-04-23",102.209999
"2014-04-24",101.800003
"2014-04-25",101.75
"2014-04-28",101.290001
"2014-04-29",101.389999
"2014-04-30",101.550003
"2014-05-01",100.800003
"2014-05-02",101.029999
"2014-05-05",101.099998
"2014-05-06",101
"2014-05-07",101.879997
"2014-05-08",100.279999
"2014-05-09",100.220001
"2014-05-12",100.290001
"2014-05-13",100.25
"2014-05-14",100.739998
"2014-05-15",99.5
"2014-05-16",99.589996
"2014-05-19",100.290001
"2014-05-20",100.389999
"2014-05-21",101.580002
"2014-05-22",101.599998
"2014-05-23",101.389999
"2014-05-27",102.160004
"2014-05-28",101.870003
"2014-05-29",103.860001
"2014-05-30",104.040001
"2014-06-02",103.910004
"2014-06-03",103.849998
"2014-06-04",103.720001
"2014-06-05",103.910004
"2014-06-06",105.989998
"2014-06-09",106.720001
"2014-06-10",106.529999
"2014-06-11",106.540001
"2014-06-12",106.330002
"2014-06-13",108.25
"2014-06-16",107.050003
"2014-06-17",106.099998
"2014-06-18",107.080002
"2014-06-19",107.599998
"2014-06-20",108.830002
"2014-06-23",108.900002
"2014-06-24",106.980003
"2014-06-25",113.849998
"2014-06-26",116.120003
"2014-06-27",117.800003
"2014-06-30",117.949997
"2014-07-01",117.849998
"2014-07-02",117.730003
"2014-07-03",117.5
"2014-07-07",117.43
"2014-07-08",116.75
"2014-07-09",116.959999
"2014-07-10",115.400002
"2014-07-11",114.699997
"2014-07-14",115.940002
"2014-07-15",114.459999
"2014-07-16",115.879997
"2014-07-17",114.639999
"2014-07-18",112.360001
"2014-07-21",113.040001
"2014-07-22",113.410004
"2014-07-23",112.110001
"2014-07-24",113.099998
"2014-07-25",111.779999
"2014-07-28",111.889999
"2014-07-29",111.120003
"2014-07-30",110.269997
"2014-07-31",108.389999
"2014-08-01",107.949997
"2014-08-04",109.669998
"2014-08-05",107.080002
"2014-08-06",107.57
"2014-08-07",107.010002
"2014-08-08",108.379997
"2014-08-11",109.209999
"2014-08-12",107.870003
"2014-08-13",107.620003
"2014-08-14",105.910004
"2014-08-15",106.529999
"2014-08-18",108.139999
"2014-08-19",109.419998
"2014-08-20",109.849998
"2014-08-21",109.440002
"2014-08-22",109.029999
"2014-08-25",110.220001
"2014-08-26",111.019997
"2014-08-27",111.040001
"2014-08-28",110.160004
"2014-08-29",109.639999
"2014-09-02",108.059998
"2014-09-03",108.169998
"2014-09-04",105.639999
"2014-09-05",106.760002
"2014-09-08",104.489998
"2014-09-09",103.970001
"2014-09-10",104.269997
"2014-09-11",104.449997
"2014-09-12",102.220001
"2014-09-15",103.050003
"2014-09-16",104.959999
"2014-09-17",103.309998
"2014-09-18",104.470001
"2014-09-19",103.209999
"2014-09-22",101.720001
"2014-09-23",102.089996
"2014-09-24",102.07
"2014-09-25",101.010002
"2014-09-26",103.459999
"2014-09-29",103.279999
"2014-09-30",101.690002
"2014-10-01",98.849998
"2014-10-02",97.779999
"2014-10-03",97.900002
"2014-10-06",98.559998
"2014-10-07",98.230003
"2014-10-08",98.440002
"2014-10-09",94.919998
"2014-10-10",93.07
"2014-10-13",90.93
"2014-10-14",88.959999
"2014-10-15",89.209999
"2014-10-16",90.639999
"2014-10-17",93.970001
"2014-10-20",94.599998
"2014-10-21",97.75
"2014-10-22",95.989998
"2014-10-23",98.260002
"2014-10-24",97.239998
"2014-10-27",93.519997
"2014-10-28",96.510002
"2014-10-29",97.410004
"2014-10-30",97.620003
"2014-10-31",98.660004
"2014-11-03",96.519997
"2014-11-04",94.160004
"2014-11-05",96.639999
"2014-11-06",96.980003
"2014-11-07",98.730003
"2014-11-10",98.290001
"2014-11-11",98.360001
"2014-11-12",97.43
"2014-11-13",94.849998
"2014-11-14",95.32
"2014-11-17",95.629997
"2014-11-18",95.279999
"2014-11-19",95
"2014-11-20",96.139999
"2014-11-21",97.870003
"2014-11-24",98.449997
"2014-11-25",95.199997
"2014-11-26",92.809998
"2014-11-28",85.949997
"2014-12-01",84.839996
"2014-12-02",85.220001
"2014-12-03",86.760002
"2014-12-04",87.43
"2014-12-05",87.160004
"2014-12-08",84.209999
"2014-12-09",85.470001
"2014-12-10",83.169998
"2014-12-11",83.010002
"2014-12-12",80
"2014-12-15",79.900002
"2014-12-16",80.190002
"2014-12-17",82.879997
"2014-12-18",84.230003
"2014-12-19",87.519997
"2014-12-22",86.75
"2014-12-23",87.32
"2014-12-24",87.059998
"2014-12-26",87.129997
"2014-12-29",87.349998
"2014-12-30",86.440002
"2014-12-31",85.410004
"2015-01-02",85.669998
"2015-01-05",83.349998
"2015-01-06",81.720001
"2015-01-07",81.709999
"2015-01-08",82.699997
"2015-01-09",81.220001
"2015-01-12",78.050003
"2015-01-13",77.779999
"2015-01-14",78.389999
"2015-01-15",76.629997
"2015-01-16",81.330002
"2015-01-20",80.480003
"2015-01-21",82.209999
"2015-01-22",82.139999
"2015-01-23",82
"2015-01-26",83.68
"2015-01-27",84.550003
"2015-01-28",80.75
"2015-01-29",81.900002
"2015-01-30",82.389999
"2015-02-02",84.639999
"2015-02-03",87.080002
"2015-02-04",84.550003
"2015-02-05",85.919998
"2015-02-06",86.160004
"2015-02-09",85.82
"2015-02-10",85.220001
"2015-02-11",84.730003
"2015-02-12",85.959999
"2015-02-13",88.379997
"2015-02-17",88.889999
"2015-02-18",87.739998
"2015-02-19",86.980003
"2015-02-20",85.879997
"2015-02-23",85.540001
"2015-02-24",85.309998
"2015-02-25",85.209999
"2015-02-26",83.889999
"2015-02-27",84.160004
"2015-03-02",84.620003
"2015-03-03",84.910004
"2015-03-04",85.139999
"2015-03-05",84.82
"2015-03-06",83.110001
"2015-03-09",82.360001
"2015-03-10",81.309998
"2015-03-11",81.269997
"2015-03-12",80.940002
"2015-03-13",80.419998
"2015-03-16",81.260002
"2015-03-17",80.470001
"2015-03-18",82.050003
"2015-03-19",81.010002
"2015-03-20",82.370003
"2015-03-23",82
"2015-03-24",81.849998
"2015-03-25",83.290001
"2015-03-26",83.160004
"2015-03-27",83.309998
"2015-03-30",84.480003
"2015-03-31",83.440002
"2015-04-01",84.279999
"2015-04-02",84.389999
"2015-04-06",85.910004
"2015-04-07",86.269997
"2015-04-08",86.120003
"2015-04-09",88.449997
"2015-04-10",89.110001
"2015-04-13",88.019997
"2015-04-14",88.800003
"2015-04-15",92
"2015-04-16",91.889999
"2015-04-17",92.860001
"2015-04-20",92.470001
"2015-04-21",91.290001
"2015-04-22",92.160004
"2015-04-23",93.050003
"2015-04-24",91.610001
"2015-04-27",92.330002
"2015-04-28",92.660004
"2015-04-29",94.279999
"2015-04-30",94.610001
"2015-05-01",93
"2015-05-04",92.980003
"2015-05-05",92.040001
"2015-05-06",92.269997
"2015-05-07",90.230003
"2015-05-08",92.43
"2015-05-11",91.769997
"2015-05-12",92.470001
"2015-05-13",92.510002
"2015-05-14",92.169998
"2015-05-15",92.139999
"2015-05-18",92.75
"2015-05-19",90.559998
"2015-05-20",90.75
"2015-05-21",92.029999
"2015-05-22",92.019997
"2015-05-26",90.739998
"2015-05-27",91
"2015-05-28",90.650002
"2015-05-29",90.769997
"2015-06-01",90.650002
"2015-06-02",91.5
"2015-06-03",91.360001
"2015-06-04",90.07
"2015-06-05",90.169998
"2015-06-08",89.370003
"2015-06-09",89.860001
"2015-06-10",91.629997
"2015-06-11",90.669998
"2015-06-12",90.150002
"2015-06-15",89.43
"2015-06-16",89.690002
"2015-06-17",89.669998
"2015-06-18",88.629997
"2015-06-19",86.620003
"2015-06-22",86.970001
"2015-06-23",88
"2015-06-24",87.510002
"2015-06-25",86.669998
"2015-06-26",86.669998
"2015-06-29",85.660004
"2015-06-30",86.190002
"2015-07-01",84.300003
"2015-07-02",84.010002
"2015-07-06",83.489998
"2015-07-07",84.199997
"2015-07-08",82.919998
"2015-07-09",83.550003
"2015-07-10",83.959999
"2015-07-13",84.290001
"2015-07-14",85.290001
"2015-07-15",83.629997
"2015-07-16",83.889999
"2015-07-17",83.709999
"2015-07-20",83.519997
"2015-07-21",84.300003
"2015-07-22",85.260002
"2015-07-23",86.019997
"2015-07-24",82.900002
"2015-07-27",81.760002
"2015-07-28",82.5
"2015-07-29",83.889999
"2015-07-30",83.519997
"2015-07-31",82.82
"2015-08-03",82.080002
"2015-08-04",82.269997
"2015-08-05",82.5
"2015-08-06",83.589996
"2015-08-07",82.25
"2015-08-10",84.440002
"2015-08-11",84.360001
"2015-08-12",84.830002
"2015-08-13",84.089996
"2015-08-14",83.860001
"2015-08-17",83.5
"2015-08-18",83.150002
"2015-08-19",80.669998
"2015-08-20",79.440002
"2015-08-21",77.5
"2015-08-24",73.870003
"2015-08-25",72.519997
"2015-08-26",70.089996
"2015-08-27",73.849998
"2015-08-28",76.059998
"2015-08-31",77.370003
"2015-09-01",75.419998
"2015-09-02",75.410004
"2015-09-03",76.260002
"2015-09-04",75
"2015-09-08",75.540001
"2015-09-09",74.400002
"2015-09-10",74.07
"2015-09-11",73.699997
"2015-09-14",72.839996
"2015-09-15",73.589996
"2015-09-16",76.160004
"2015-09-17",75.300003
"2015-09-18",72.540001
"2015-09-21",72.870003
"2015-09-22",72.57
"2015-09-23",71.940002
"2015-09-24",72.690002
"2015-09-25",72.900002
"2015-09-28",69.370003
"2015-09-29",69.099998
"2015-09-30",68.970001
"2015-10-01",67.650002
"2015-10-02",70.32
"2015-10-05",72.089996
"2015-10-06",73.940002
"2015-10-07",75.349998
"2015-10-08",76.639999
"2015-10-09",76.360001
"2015-10-12",74.940002
"2015-10-13",74.639999
"2015-10-14",75.010002
"2015-10-15",76.160004
"2015-10-16",74.510002
"2015-10-19",74.139999
"2015-10-20",75.550003
"2015-10-21",75.629997
"2015-10-22",78.260002
"2015-10-23",78.349998
"2015-10-26",77.150002
"2015-10-27",76.949997
"2015-10-28",79.129997
"2015-10-29",78.690002
"2015-10-30",78.160004
"2015-11-02",79.43
"2015-11-03",81.519997
"2015-11-04",80.309998
"2015-11-05",78.800003
"2015-11-06",79.059998
"2015-11-09",77.910004
"2015-11-10",78.769997
"2015-11-11",77.629997
"2015-11-12",76.599998
"2015-11-13",76.139999
"2015-11-16",78.330002
"2015-11-17",76.739998
"2015-11-18",78.550003
"2015-11-19",77.919998
"2015-11-20",77.150002
"2015-11-23",77.220001
"2015-11-24",78.18
"2015-11-25",77.529999
"2015-11-27",77.330002
"2015-11-30",77.150002
"2015-12-01",78.169998
"2015-12-02",75.809998
"2015-12-03",74.809998
"2015-12-04",74.709999
"2015-12-07",72.800003
"2015-12-08",71.5
"2015-12-09",72.120003
"2015-12-10",71.480003
"2015-12-11",69.82
"2015-12-14",70.019997
"2015-12-15",71.839996
"2015-12-16",71.220001
"2015-12-17",69.199997
"2015-12-18",67.339996
"2015-12-21",67.949997
"2015-12-22",69.489998
"2015-12-23",71.010002
"2015-12-24",70.529999
"2015-12-28",70.419998
"2015-12-29",70.510002
"2015-12-30",69.639999
"2015-12-31",69.75
"2016-01-04",69.18
"2016-01-05",69.5
"2016-01-06",67.699997
"2016-01-07",66.190002
"2016-01-08",65.080002
"2016-01-11",64.830002
"2016-01-12",64.739998
"2016-01-13",63.950001
"2016-01-14",64.68
"2016-01-15",63.009998
"2016-01-19",62.82
"2016-01-20",61.060001
"2016-01-21",61.450001
"2016-01-22",65.199997
"2016-01-25",63.299999
"2016-01-26",65.330002
"2016-01-27",65.550003
"2016-01-28",69.510002
"2016-01-29",72.269997
"2016-02-01",71.459999
"2016-02-02",68.839996
"2016-02-03",70.830002
"2016-02-04",70.540001
"2016-02-05",68.809998
"2016-02-08",69.779999
"2016-02-09",67.800003
"2016-02-10",67.730003
"2016-02-11",68.830002
"2016-02-12",70.309998
"2016-02-16",71.75
"2016-02-17",72.93
"2016-02-18",72.68
"2016-02-19",72.870003
"2016-02-22",74.370003
"2016-02-23",72.080002
"2016-02-24",72.209999
"2016-02-25",72.349998
"2016-02-26",72.470001
"2016-02-29",71.720001
"2016-03-01",74.010002
"2016-03-02",74.410004
"2016-03-03",74.849998
"2016-03-04",74.830002
"2016-03-07",76.160004
"2016-03-08",72.699997
"2016-03-09",72.75
"2016-03-10",73.18
"2016-03-11",75
"2016-03-14",73.440002
"2016-03-15",73.230003
"2016-03-16",73.349998
"2016-03-17",74.540001
"2016-03-18",73.519997
"2016-03-21",74.889999
"2016-03-22",73.610001
"2016-03-23",72.959999
"2016-03-24",72.580002
"2016-03-28",72.800003
"2016-03-29",73
"2016-03-30",74.410004
"2016-03-31",73.75
"2016-04-01",72.120003
"2016-04-04",72.639999
"2016-04-05",72.660004
"2016-04-06",73.160004
"2016-04-07",72.010002
"2016-04-08",73.849998
"2016-04-11",73.879997
"2016-04-12",75.900002
"2016-04-13",77.370003
"2016-04-14",77.160004
"2016-04-15",76.260002
"2016-04-18",77.449997
"2016-04-19",79.639999
"2016-04-20",81.099998
"2016-04-21",80.269997
"2016-04-22",79.93
"2016-04-25",78.769997
"2016-04-26",79.199997
"2016-04-27",80.599998
"2016-04-28",79.779999
"2016-04-29",80.339996
"2016-05-02",79.400002
"2016-05-03",77.230003
"2016-05-04",75.730003
"2016-05-05",75.400002
"2016-05-06",75.120003
"2016-05-09",72.769997
"2016-05-10",74.260002
"2016-05-11",73.809998
"2016-05-12",74.089996
"2016-05-13",72.43
"2016-05-16",74
"2016-05-17",74.879997
"2016-05-18",73.169998
"2016-05-19",74.199997
"2016-05-20",74.959999
"2016-05-23",75.010002
"2016-05-24",75.620003
"2016-05-25",77.910004
"2016-05-26",77.879997
"2016-05-27",77.169998
"2016-05-31",76.300003
"2016-06-01",75.860001
"2016-06-02",75.449997
"2016-06-03",75.629997
"2016-06-06",79.089996
"2016-06-07",80.099998
"2016-06-08",80.809998
"2016-06-09",79.959999
"2016-06-10",78.529999
"2016-06-13",77.639999
"2016-06-14",77.459999
"2016-06-15",76.849998
"2016-06-16",76.339996
"2016-06-17",77.5
"2016-06-20",77.589996
"2016-06-21",78.519997
"2016-06-22",78.269997
"2016-06-23",79.589996
"2016-06-24",76.660004
"2016-06-27",75.07
"2016-06-28",76.629997
"2016-06-29",77.830002
"2016-06-30",79.080002
"2016-07-01",79.519997
"2016-07-05",77.629997
"2016-07-06",78.059998
"2016-07-07",77.699997
"2016-07-08",78.739998
"2016-07-11",78.019997
"2016-07-12",79.650002
"2016-07-13",78.879997
"2016-07-14",79.099998
"2016-07-15",79.349998
"2016-07-18",79.699997
"2016-07-19",79.809998
"2016-07-20",80.599998
"2016-07-21",80.019997
"2016-07-22",81.610001
"2016-07-25",80.709999
"2016-07-26",80.599998
"2016-07-27",79.879997
"2016-07-28",79.050003
"2016-07-29",80.519997
"2016-08-01",78.459999
"2016-08-02",78.889999
"2016-08-03",79.620003
"2016-08-04",80.389999
"2016-08-05",81.199997
"2016-08-08",82.5
"2016-08-09",81.830002
"2016-08-10",80.849998
"2016-08-11",81.5
"2016-08-12",81.199997
"2016-08-15",82.040001
"2016-08-16",81.919998
"2016-08-17",82.209999
"2016-08-18",83.860001
"2016-08-19",83.309998
"2016-08-22",82.050003
"2016-08-23",81.75
"2016-08-24",81.330002
"2016-08-25",81.339996
"2016-08-26",80.900002
"2016-08-29",81.139999
"2016-08-30",80.639999
"2016-08-31",79
"2016-09-01",78.959999
"2016-09-02",78.550003
"2016-09-06",78.779999
"2016-09-07",78.610001
"2016-09-08",79.379997
"2016-09-09",77.559998
"2016-09-12",78.800003
"2016-09-13",77.080002
"2016-09-14",76.370003
"2016-09-15",76.800003
"2016-09-16",76.330002
"2016-09-19",75.959999
"2016-09-20",75.370003
"2016-09-21",76.559998
"2016-09-22",77.010002
"2016-09-23",75.919998
"2016-09-26",75.580002
"2016-09-27",75.330002
"2016-09-28",78.010002
"2016-09-29",77.370003
"2016-09-30",78.639999
"2016-10-03",78.900002
"2016-10-04",78.540001
"2016-10-05",80.150002
"2016-10-06",81.419998
"2016-10-07",81.309998
"2016-10-10",82.330002
"2016-10-11",81.690002
"2016-10-12",81.440002
"2016-10-13",81.529999
"2016-10-14",81.32
"2016-10-17",80.980003
"2016-10-18",81.389999
"2016-10-19",83.440002
"2016-10-20",82.989998
"2016-10-21",80.470001
"2016-10-24",80.309998
"2016-10-25",80.220001
"2016-10-26",80.019997
"2016-10-27",79.599998
"2016-10-28",79.199997
"2016-10-31",78.230003
"2016-11-01",78.699997
"2016-11-02",77.760002
"2016-11-03",78.459999
"2016-11-04",77.839996
"2016-11-07",79.75
"2016-11-08",79.839996
"2016-11-09",79.940002
"2016-11-10",79.879997
"2016-11-11",78.660004
"2016-11-14",78.709999
"2016-11-15",81.160004
"2016-11-16",81.040001
"2016-11-17",80.099998
"2016-11-18",80
"2016-11-21",81.709999
"2016-11-22",81.5
"2016-11-23",81.400002
"2016-11-25",81.290001
"2016-11-28",81.059998
"2016-11-29",79.919998
"2016-11-30",84.050003
"2016-12-01",84.610001
"2016-12-02",85.010002
"2016-12-05",84.43
"2016-12-06",83.959999
"2016-12-07",84.349998
"2016-12-08",84.470001
"2016-12-09",84.779999
"2016-12-12",85.010002
"2016-12-13",86.129997
"2016-12-14",85.160004
"2016-12-15",85.279999
"2016-12-16",85.5
"2016-12-19",85.120003
"2016-12-20",85.279999
"2016-12-21",86.160004
"2016-12-22",86.379997
"2016-12-23",85.510002
"2016-12-27",85.440002
"2016-12-28",84.629997
"2016-12-29",84.199997
"2016-12-30",83.949997
"2017-01-03",84.800003
"2017-01-04",85.43
"2017-01-05",85.300003
"2017-01-06",86.480003
"2017-01-09",85.769997
"2017-01-10",84.599998
"2017-01-11",85.660004
"2017-01-12",85.330002
"2017-01-13",84.82
"2017-01-17",86.43
"2017-01-18",87.480003
"2017-01-19",87.199997
"2017-01-20",86.489998
"2017-01-23",84.269997
"2017-01-24",84.580002
"2017-01-25",85.510002
"2017-01-26",84.879997
"2017-01-27",84.5
"2017-01-30",83.610001
"2017-01-31",83.709999
"2017-02-01",83.169998
"2017-02-02",82.440002
"2017-02-03",82.5
"2017-02-06",81.690002
"2017-02-07",81.07
"2017-02-08",81.120003
"2017-02-09",81.209999
"2017-02-10",82.160004
"2017-02-13",81.82
"2017-02-14",82.459999
"2017-02-15",81.75
"2017-02-16",81.129997
"2017-02-17",80.650002
"2017-02-21",80.68
"2017-02-22",79.699997
"2017-02-23",80.470001
"2017-02-24",80.150002
"2017-02-27",81.059998
"2017-02-28",80.360001
"2017-03-01",82.269997
"2017-03-02",80.949997
"2017-03-03",80.699997
"2017-03-06",80.720001
"2017-03-07",79.949997
"2017-03-08",78.099998
"2017-03-09",78.699997
"2017-03-10",78.690002
"2017-03-13",78.589996
"2017-03-14",78.379997
"2017-03-15",80.25
"2017-03-16",79.650002
"2017-03-17",79.550003
"2017-03-20",78.919998
"2017-03-21",78.690002
"2017-03-22",78.379997
"2017-03-23",77.669998
"2017-03-24",76.959999
"2017-03-27",77.019997
"2017-03-28",78.309998
"2017-03-29",78.669998
"2017-03-30",77.839996
"2017-03-31",78.099998
"2017-04-03",77.699997
"2017-04-04",78.209999
"2017-04-05",78.300003
"2017-04-06",78.620003
"2017-04-07",78.330002
"2017-04-10",78.709999
"2017-04-11",79.650002
"2017-04-12",79.57
"2017-04-13",78.150002
"2017-04-17",78.239998
"2017-04-18",77.93
"2017-04-19",76.480003
"2017-04-20",76.510002
"2017-04-21",74.839996
"2017-04-24",74.099998
"2017-04-25",74.089996
"2017-04-26",74.110001
"2017-04-27",72.839996
"2017-04-28",72.589996
"2017-05-01",72.300003
"2017-05-02",71.449997
"2017-05-03",71.529999
"2017-05-04",70.940002
"2017-05-05",71.970001
"2017-05-08",72.220001
"2017-05-09",72.279999
"2017-05-10",72.669998
"2017-05-11",71.779999
"2017-05-12",71.019997
"2017-05-15",72
"2017-05-16",71.370003
"2017-05-17",70.989998
"2017-05-18",71.43
"2017-05-19",71.75
"2017-05-22",71.889999
"2017-05-23",72.089996
"2017-05-24",71.360001
"2017-05-25",69.389999
"2017-05-26",70.089996
"2017-05-30",68.739998
"2017-05-31",69.589996
"2017-06-01",69.779999
"2017-06-02",68.959999
"2017-06-05",69.269997
"2017-06-06",69.970001
"2017-06-07",68.669998
"2017-06-08",68.309998
"2017-06-09",69.68
"2017-06-12",69.309998
"2017-06-13",69.349998
"2017-06-14",68.18
"2017-06-15",67.330002
"2017-06-16",68.580002
"2017-06-19",68.099998
"2017-06-20",66.75
"2017-06-21",65.470001
"2017-06-22",65.370003
"2017-06-23",65.93
"2017-06-26",65.889999
"2017-06-27",65.360001
"2017-06-28",65.25
"2017-06-29",65.379997
"2017-06-30",65.839996
"2017-07-03",66.970001
"2017-07-05",65.739998
"2017-07-06",65.129997
"2017-07-07",65.080002
"2017-07-10",65.349998
"2017-07-11",65.790001
"2017-07-12",65.580002
"2017-07-13",66.489998
"2017-07-14",66.849998
"2017-07-17",66.830002
"2017-07-18",66.18
"2017-07-19",67.440002
"2017-07-20",67.019997
"2017-07-21",66.529999
"2017-07-24",66.419998
"2017-07-25",67.010002
"2017-07-26",66.989998
"2017-07-27",67.779999
"2017-07-28",68.459999
"2017-07-31",68.599998
"2017-08-01",69.010002
"2017-08-02",69.129997
"2017-08-03",68.220001
"2017-08-04",67.540001
"2017-08-07",66.550003
"2017-08-08",65.489998
"2017-08-09",65.489998
"2017-08-10",64.400002
"2017-08-11",63.830002
"2017-08-14",63.950001
"2017-08-15",63.439999
"2017-08-16",63.709999
"2017-08-17",63.029999
"2017-08-18",63.32
"2017-08-21",63
"2017-08-22",63.349998
"2017-08-23",63.189999
"2017-08-24",62.880001
"2017-08-25",63.880001
"2017-08-28",63.450001
"2017-08-29",63.5
"2017-08-30",63.389999
"2017-08-31",63.509998
"2017-09-01",63.349998
"2017-09-05",65.099998
"2017-09-06",65.720001
"2017-09-07",65.870003
"2017-09-08",64.860001
"2017-09-11",65.769997
"2017-09-12",66.43
"2017-09-13",66.919998
"2017-09-14",67.699997
"2017-09-15",67.239998
"2017-09-18",67.870003
"2017-09-19",67.889999
"2017-09-20",67.620003
"2017-09-21",68.089996
"2017-09-22",68.800003
"2017-09-25",69.650002
"2017-09-26",68.82
"2017-09-27",69.080002
"2017-09-28",69.160004
"2017-09-29",69.760002
"2017-10-02",69.32
"2017-10-03",69.059998
"2017-10-04",68.82
"2017-10-05",68.870003
"2017-10-06",68.339996
"2017-10-09",68.330002
"2017-10-10",68.330002
"2017-10-11",67.739998
"2017-10-12",67.290001
"2017-10-13",67.169998
"2017-10-16",66.800003
"2017-10-17",66.5
"2017-10-18",65.910004
"2017-10-19",64.5
"2017-10-20",63.150002
"2017-10-23",61.91
"2017-10-24",62.439999
"2017-10-25",63.439999
"2017-10-26",63.369999
"2017-10-27",63.549999
"2017-10-30",64.110001
"2017-10-31",64
"2017-11-01",64.279999
"2017-11-02",63.25
"2017-11-03",63.580002
"2017-11-06",67.080002
"2017-11-07",66.43
"2017-11-08",67.059998
"2017-11-09",66.889999
"2017-11-10",65.739998
"2017-11-13",65.040001
"2017-11-14",62.779999
"2017-11-15",61.549999
"2017-11-16",61.310001
"2017-11-17",61.959999
"2017-11-20",61.720001
"2017-11-21",61.880001
"2017-11-22",62.139999
"2017-11-24",61.93
"2017-11-27",61.360001
"2017-11-28",62.290001
"2017-11-29",62.150002
"2017-11-30",62.849998
"2017-12-01",64.730003
"2017-12-04",64.599998
"2017-12-05",63.450001
"2017-12-06",62.07
"2017-12-07",62.07
"2017-12-08",63.540001
"2017-12-11",64.559998
"2017-12-12",64.18
"2017-12-13",63.299999
"2017-12-14",62.369999
"2017-12-15",62.09
"2017-12-18",63.599998
"2017-12-19",64.389999
"2017-12-20",65.279999
"2017-12-21",67.860001
"2017-12-22",67.440002
"2017-12-26",67.610001
"2017-12-27",67.919998
"2017-12-28",67.459999
"2017-12-29",67.389999
"2018-01-02",69.519997
"2018-01-03",71.330002
"2018-01-04",73.099998
"2018-01-05",73.599998
"2018-01-08",74.800003
"2018-01-09",74.900002
"2018-01-10",75.599998
"2018-01-11",77.050003
"2018-01-12",77.970001
"2018-01-16",77.169998
"2018-01-17",77.209999
"2018-01-18",76.370003
"2018-01-19",76.419998
"2018-01-22",79.790001
"2018-01-23",79.209999
"2018-01-24",78.18
"2018-01-25",77.330002
"2018-01-26",77.610001
"2018-01-29",76.379997
"2018-01-30",74.540001
"2018-01-31",73.580002
"2018-02-01",75.510002
"2018-02-02",73.690002
"2018-02-05",71.349998
"2018-02-06",71.040001
"2018-02-07",69.75
"2018-02-08",67.400002
"2018-02-09",65.190002
"2018-02-12",66.839996
"2018-02-13",65.919998
"2018-02-14",65.870003
"2018-02-15",66.209999
"2018-02-16",66.279999
"2018-02-20",65.610001
"2018-02-21",64.400002
"2018-02-22",64.959999
"2018-02-23",66.5
"2018-02-26",66.730003
"2018-02-27",66.910004
"2018-02-28",65.639999
"2018-03-01",65.220001
"2018-03-02",65.470001
"2018-03-05",66.160004
"2018-03-06",66.629997
"2018-03-07",66.230003
"2018-03-08",66.739998
"2018-03-09",68.779999
"2018-03-12",68.089996
"2018-03-13",67.139999
"2018-03-14",66.43
"2018-03-15",65.349998
"2018-03-16",66.099998
"2018-03-19",64.699997
"2018-03-20",65.559998
"2018-03-21",67.739998
"2018-03-22",65.519997
"2018-03-23",64.139999
"2018-03-26",64.459999
"2018-03-27",64.480003
"2018-03-28",63.209999
"2018-03-29",64.779999
"2018-04-02",63.48
"2018-04-03",64.790001
"2018-04-04",64.809998
"2018-04-05",65.769997
"2018-04-06",64.360001
"2018-04-09",64.260002
"2018-04-10",66.709999
"2018-04-11",67.550003
"2018-04-12",67.559998
"2018-04-13",67.949997
"2018-04-16",68.519997
"2018-04-17",68.660004
"2018-04-18",70.339996
"2018-04-19",70.279999
"2018-04-20",69.230003
"2018-04-23",68.910004
"2018-04-24",68.279999
"2018-04-25",69.099998
"2018-04-26",69.470001
"2018-04-27",69.080002
"2018-04-30",68.559998
"2018-05-01",68.400002
"2018-05-02",68.660004
"2018-05-03",67.720001
"2018-05-04",68.790001
"2018-05-07",69.209999
"2018-05-08",69.540001
"2018-05-09",70.879997
"2018-05-10",71.120003
"2018-05-11",71.080002
"2018-05-14",71.599998
"2018-05-15",71.599998
"2018-05-16",73.110001
"2018-05-17",74.43
"2018-05-18",74.290001
"2018-05-21",75.029999
"2018-05-22",73.730003
"2018-05-23",73.449997
"2018-05-24",71.220001
"2018-05-25",68.599998
"2018-05-29",68.07
"2018-05-30",69.480003
"2018-05-31",68.669998
"2018-06-01",68.959999
"2018-06-04",69.07
"2018-06-05",68.459999
"2018-06-06",68.889999
"2018-06-07",69.599998
"2018-06-08",69.43
"2018-06-11",69.870003
"2018-06-12",68.599998
"2018-06-13",67.970001
"2018-06-14",68.330002
"2018-06-15",66.830002
"2018-06-18",67.040001
"2018-06-19",65.699997
"2018-06-20",65.550003
"2018-06-21",64.790001
"2018-06-22",66.580002
"2018-06-25",65.43
"2018-06-26",66.019997
"2018-06-27",66.809998
"2018-06-28",67.010002
"2018-06-29",67.029999
"2018-07-02",65.209999
"2018-07-03",65.839996
"2018-07-05",66.43
"2018-07-06",67.029999
"2018-07-09",68.339996
"2018-07-10",69.489998
"2018-07-11",68.339996
"2018-07-12",67.470001
"2018-07-13",68.080002
"2018-07-16",67.419998
"2018-07-17",66.739998
"2018-07-18",67.059998
"2018-07-19",66.919998
"2018-07-20",66.089996
"2018-07-23",65.739998
"2018-07-24",65.519997
"2018-07-25",65.779999
"2018-07-26",66.860001
"2018-07-27",67.040001
"2018-07-30",67.580002
"2018-07-31",67.519997
"2018-08-01",66.660004
"2018-08-02",65.940002
"2018-08-03",65.889999
"2018-08-06",65.739998
"2018-08-07",66.68
"2018-08-08",66.410004
"2018-08-09",65.400002
"2018-08-10",66.040001
"2018-08-13",64.970001
"2018-08-14",64.800003
"2018-08-15",62.290001
"2018-08-16",62.490002
"2018-08-17",62.830002
"2018-08-20",63.5
"2018-08-21",64.760002
"2018-08-22",65.089996
"2018-08-23",64.650002
"2018-08-24",65.25
"2018-08-27",64.849998
"2018-08-28",64.07
"2018-08-29",64.489998
"2018-08-30",64.339996
"2018-08-31",63.16
"2018-09-04",61.919998
"2018-09-05",61.02
"2018-09-06",60.209999
"2018-09-07",59.700001
"2018-09-10",59.98
"2018-09-11",60.32
"2018-09-12",60.82
"2018-09-13",61.02
"2018-09-14",61.23
"2018-09-17",60.970001
"2018-09-18",60.990002
"2018-09-19",61.23
"2018-09-20",61.57
"2018-09-21",61.130001
"2018-09-24",61.599998
"2018-09-25",62.529999
"2018-09-26",60.880001
"2018-09-27",61.169998
"2018-09-28",60.919998
"2018-10-01",61.59
"2018-10-02",61.889999
"2018-10-03",62.619999
"2018-10-04",62.849998
"2018-10-05",63
"2018-10-08",62.939999
"2018-10-09",63.110001
"2018-10-10",60.82
"2018-10-11",59.119999
"2018-10-12",59.330002
"2018-10-15",59.549999
"2018-10-16",59.68
"2018-10-17",59.240002
"2018-10-18",58.43
"2018-10-19",58.470001
"2018-10-22",56.810001
"2018-10-23",55.09
"2018-10-24",53.009998
"2018-10-25",53.299999
"2018-10-26",52.900002
"2018-10-29",51.450001
"2018-10-30",52.32
"2018-10-31",51.310001
"2018-11-01",51.66
"2018-11-02",51.400002
"2018-11-05",51.959999
"2018-11-06",52.080002
"2018-11-07",52.32
"2018-11-08",51.580002
"2018-11-09",50.400002
"2018-11-12",49.450001
"2018-11-13",47.34
"2018-11-14",47.810001
"2018-11-15",48.080002
"2018-11-16",48.220001
"2018-11-19",48.310001
"2018-11-20",46.900002
"2018-11-21",47.639999
"2018-11-23",46.369999
"2018-11-26",46.630001
"2018-11-27",46.200001
"2018-11-28",46.41
"2018-11-29",45.900002
"2018-11-30",45.099998
"2018-12-03",46.299999
"2018-12-04",44.119999
"2018-12-06",42.32
"2018-12-07",43.040001
"2018-12-10",41.970001
"2018-12-11",41.240002
"2018-12-12",41.439999
"2018-12-13",41.02
"2018-12-14",39.099998
"2018-12-17",39.049999
"2018-12-18",37.84
"2018-12-19",37.790001
"2018-12-20",36.200001
"2018-12-21",35.700001
"2018-12-24",35.189999
"2018-12-26",36.610001
"2018-12-27",36.330002
"2018-12-28",36.599998
"2018-12-31",36.080002
"2019-01-02",37.200001
"2019-01-03",37.599998
"2019-01-04",39.09
"2019-01-07",40.169998
"2019-01-08",40.669998
"2019-01-09",41.240002
"2019-01-10",41.650002
"2019-01-11",41.740002
"2019-01-14",41.32
"2019-01-15",41.720001
"2019-01-16",41.25
"2019-01-17",41.369999
"2019-01-18",44.73
"2019-01-22",43.959999
"2019-01-23",43.310001
"2019-01-24",43.560001
"2019-01-25",45
"2019-01-28",44.240002
"2019-01-29",44
"2019-01-30",45
"2019-01-31",44.209999
"2019-02-01",44.560001
"2019-02-04",44.599998
"2019-02-05",45.139999
"2019-02-06",45.07
"2019-02-07",43.459999
"2019-02-08",42.779999
"2019-02-11",43.689999
"2019-02-12",44.060001
"2019-02-13",44.419998
"2019-02-14",44.139999
"2019-02-15",44.950001
"2019-02-19",45.540001
"2019-02-20",45.900002
"2019-02-21",44.720001
"2019-02-22",44.360001
"2019-02-25",44.790001
"2019-02-26",44.310001
"2019-02-27",44.349998
"2019-02-28",44.060001
"2019-03-01",45.189999
"2019-03-04",45.240002
"2019-03-05",44.790001
"2019-03-06",43.369999
"2019-03-07",42.490002
"2019-03-08",41.290001
"2019-03-11",42.080002
"2019-03-12",42.59
"2019-03-13",43.150002
"2019-03-14",43.09
"2019-03-15",42.389999
"2019-03-18",43.360001
"2019-03-19",43.25
"2019-03-20",44.290001
"2019-03-21",44.220001
"2019-03-22",42.470001
"2019-03-25",42.470001
"2019-03-26",43.049999
"2019-03-27",42.68
"2019-03-28",43.619999
"2019-03-29",43.57
"2019-04-01",44.759998
"2019-04-02",44.490002
"2019-04-03",43.59
"2019-04-04",44.099998
"2019-04-05",45
"2019-04-08",46.169998
"2019-04-09",45.580002
"2019-04-10",45.549999
"2019-04-11",45.310001
"2019-04-12",45.650002
"2019-04-15",46.400002
"2019-04-16",47.34
"2019-04-17",47.41
"2019-04-18",45.560001
"2019-04-22",45.849998
"2019-04-23",45.889999
"2019-04-24",44.240002
"2019-04-25",43.299999
"2019-04-26",43.299999
"2019-04-29",43.43
"2019-04-30",42.68
"2019-05-01",41.369999
"2019-05-02",41.119999
"2019-05-03",41.279999
"2019-05-06",41.240002
"2019-05-07",40.599998
"2019-05-08",40.27
"2019-05-09",40.27
"2019-05-10",39.560001
"2019-05-13",38.16
"2019-05-14",39
"2019-05-15",39.330002
"2019-05-16",39.860001
"2019-05-17",39.02
"2019-05-20",39.119999
"2019-05-21",39.5
"2019-05-22",38.34
"2019-05-23",37.490002
"2019-05-24",37
"2019-05-28",36.5
"2019-05-29",36.18
"2019-05-30",35.18
"2019-05-31",34.689999
"2019-06-03",35.490002
"2019-06-04",35.73
"2019-06-05",34.939999
"2019-06-06",35.049999
"2019-06-07",35.599998
"2019-06-10",35.470001
"2019-06-11",36.689999
"2019-06-12",35.580002
"2019-06-13",36.790001
"2019-06-14",35.93
"2019-06-17",36.66
"2019-06-18",36.93
"2019-06-19",36.509998
"2019-06-20",38.25
"2019-06-21",38.880001
"2019-06-24",38.650002
"2019-06-25",38.580002
"2019-06-26",39.02
"2019-06-27",39.110001
"2019-06-28",39.740002
"2019-07-01",39.32
"2019-07-02",39.18
"2019-07-03",39.490002
"2019-07-05",39.57
"2019-07-08",39.889999
"2019-07-09",40.200001
"2019-07-10",40.619999
"2019-07-11",40.970001
"2019-07-12",40.810001
"2019-07-15",40.470001
"2019-07-16",40.07
"2019-07-17",38.630001
"2019-07-18",38.779999
"2019-07-19",38.709999
"2019-07-22",39.490002
"2019-07-23",39.75
"2019-07-24",40.330002
"2019-07-25",39.950001
"2019-07-26",40.009998
"2019-07-29",39.209999
"2019-07-30",39.549999
"2019-07-31",39.970001
"2019-08-01",38.509998
"2019-08-02",37.419998
"2019-08-05",35.990002
"2019-08-06",35.459999
"2019-08-07",34.740002
"2019-08-08",35.209999
"2019-08-09",34.529999
"2019-08-12",34.27
"2019-08-13",34.630001
"2019-08-14",32.34
"2019-08-15",31.65
"2019-08-16",32.720001
"2019-08-19",34.099998
"2019-08-20",33.900002
"2019-08-21",33.689999
"2019-08-22",33.709999
"2019-08-23",32.029999
"2019-08-26",31.59
"2019-08-27",31.25
"2019-08-28",31.620001
"2019-08-29",32.259998
"2019-08-30",32.43
"2019-09-03",31.719999
"2019-09-04",32.98
"2019-09-05",34.060001
"2019-09-06",34.200001
"2019-09-09",36.23
"2019-09-10",37.459999
"2019-09-11",37.32
"2019-09-12",36.900002
"2019-09-13",37.330002
"2019-09-16",39.310001
"2019-09-17",38.169998
"2019-09-18",38.029999
"2019-09-19",37.759998
"2019-09-20",37.299999
"2019-09-23",37.330002
"2019-09-24",35.560001
"2019-09-25",35.240002
"2019-09-26",34.540001
"2019-09-27",34.330002
"2019-09-30",34.169998
"2019-10-01",32.700001
"2019-10-02",31.76
"2019-10-03",32.049999
"2019-10-04",31.879999
"2019-10-07",31.799999
"2019-10-08",30.709999
"2019-10-09",30.9
"2019-10-10",31.07
"2019-10-11",32.48
"2019-10-14",32.57
"2019-10-15",32.810001
"2019-10-16",31.950001
"2019-10-17",31.889999
"2019-10-18",32.310001
"2019-10-21",33.59
"2019-10-22",34.82
"2019-10-23",35.330002
"2019-10-24",35.110001
"2019-10-25",35.09
"2019-10-28",35.02
"2019-10-29",34.790001
"2019-10-30",33.099998
"2019-10-31",32.689999
"2019-11-01",34.439999
"2019-11-04",36.240002
"2019-11-05",36.720001
"2019-11-06",35.560001
"2019-11-07",36.080002
"2019-11-08",36.34
"2019-11-11",36.41
"2019-11-12",36.209999
"2019-11-13",35.029999
"2019-11-14",34.709999
"2019-11-15",35.360001
"2019-11-18",34.689999
"2019-11-19",34.310001
"2019-11-20",36.139999
"2019-11-21",36.619999
"2019-11-22",36.610001
"2019-11-25",37.080002
"2019-11-26",36.389999
"2019-11-27",36.77
"2019-11-29",36.200001
"2019-12-02",36.360001
"2019-12-03",34.990002
"2019-12-04",36.189999
"2019-12-05",35.849998
"2019-12-06",36.889999
"2019-12-09",37.16
"2019-12-10",37.34
"2019-12-11",38.400002
"2019-12-12",39.07
"2019-12-13",39
"2019-12-16",39.400002
"2019-12-17",39.459999
"2019-12-18",39.619999
"2019-12-19",39.610001
"2019-12-20",39.43
"2019-12-23",40.790001
"2019-12-24",40.650002
"2019-12-26",40.07
"2019-12-27",40
"2019-12-30",40.400002
"2019-12-31",40.200001
"2020-01-02",40.169998
"2020-01-03",40.560001
"2020-01-06",40.82
"2020-01-07",40.610001
"2020-01-08",39.41
"2020-01-09",39.860001
"2020-01-10",39.830002
"2020-01-13",39.23
"2020-01-14",39.529999
"2020-01-15",38.330002
"2020-01-16",38.779999
"2020-01-17",38.369999
"2020-01-21",36.950001
"2020-01-22",36.68
"2020-01-23",36.43
"2020-01-24",35.77
"2020-01-27",33.959999
"2020-01-28",33.959999
"2020-01-29",33.73
"2020-01-30",34.040001
"2020-01-31",33.509998
"2020-02-03",33.459999
"2020-02-04",34.07
"2020-02-05",35.07
"2020-02-06",34.509998
"2020-02-07",34.419998
"2020-02-10",34.349998
"2020-02-11",34.290001
"2020-02-12",35.049999
"2020-02-13",34.669998
"2020-02-14",34.419998
"2020-02-18",33.650002
"2020-02-19",34.290001
"2020-02-20",33.830002
"2020-02-21",33.389999
"2020-02-24",30.93
"2020-02-25",29.34
"2020-02-26",28.379999
"2020-02-27",26.84
"2020-02-28",27.09
"2020-03-02",27.790001
"2020-03-03",26.809999
"2020-03-04",27.08
"2020-03-05",25.83
"2020-03-06",23.85
"2020-03-09",17.309999
"2020-03-10",18.190001
"2020-03-11",17.379999
"2020-03-12",14.42
"2020-03-13",16.16
"2020-03-16",14.41
"2020-03-17",14
"2020-03-18",12.05
"2020-03-19",13.87
"2020-03-20",14.28
"2020-03-23",12.83
"2020-03-24",14.65
"2020-03-25",14.6
"2020-03-26",15.52
"2020-03-27",13.76
"2020-03-30",13.28
"2020-03-31",13.49
"2020-04-01",12.59
"2020-04-02",13.88
"2020-04-03",14.29
"2020-04-06",15.67
"2020-04-07",16.469999
"2020-04-08",17.280001
"2020-04-09",16.469999
"2020-04-13",15.95
"2020-04-14",15.54
"2020-04-15",14.73
"2020-04-16",14.05
"2020-04-17",15.28
"2020-04-20",15.21
"2020-04-21",14.69
"2020-04-22",15.34
"2020-04-23",16.52
"2020-04-24",16.110001
"2020-04-27",16.049999
"2020-04-28",16.15
"2020-04-29",18.200001
"2020-04-30",16.82
"2020-05-01",15.75
"2020-05-04",16.23
"2020-05-05",16.25
"2020-05-06",15.82
"2020-05-07",16.73
"2020-05-08",18.049999
"2020-05-11",17.360001
"2020-05-12",17.08
"2020-05-13",15.85
"2020-05-14",16.1
"2020-05-15",15.95
"2020-05-18",17.950001
"2020-05-19",17.110001
"2020-05-20",18.209999
"2020-05-21",17.790001
"2020-05-22",17.58
"2020-05-26",18.4
"2020-05-27",19.049999
"2020-05-28",18.790001
"2020-05-29",18.469999
"2020-06-01",18.43
"2020-06-02",18.860001
"2020-06-03",19.610001
"2020-06-04",20.33
"2020-06-05",21.99
"2020-06-08",23.65
"2020-06-09",22.51
"2020-06-10",20.959999
"2020-06-11",18.51
"2020-06-12",19
"2020-06-15",19.32
"2020-06-16",19.549999
"2020-06-17",19.83
"2020-06-18",20.18
"2020-06-19",19.709999
"2020-06-22",19.82
"2020-06-23",19.57
"2020-06-24",17.860001
"2020-06-25",18.42
"2020-06-26",17.440001
"2020-06-29",18.01
"2020-06-30",18.389999
"2020-07-01",17.719999
"2020-07-02",17.98
"2020-07-06",18.75
"2020-07-07",18.18
"2020-07-08",18.07
"2020-07-09",17.129999
"2020-07-10",17.790001
"2020-07-13",17.379999
"2020-07-14",18.389999
"2020-07-15",18.9
"2020-07-16",18.82
"2020-07-17",18.620001
"2020-07-20",18.440001
"2020-07-21",19.559999
"2020-07-22",19.17
"2020-07-23",19.299999
"2020-07-24",19.48
"2020-07-27",19.68
"2020-07-28",19.15
"2020-07-29",19.43
"2020-07-30",18.440001
"2020-07-31",18.139999
"2020-08-03",18.719999
"2020-08-04",19.23
"2020-08-05",19.5
"2020-08-06",19.32
"2020-08-07",19.629999
"2020-08-10",20.219999
"2020-08-11",20.299999
"2020-08-12",20.360001
"2020-08-13",19.870001
"2020-08-14",20.07
"2020-08-17",20.01
"2020-08-18",19.77
"2020-08-19",19.719999
"2020-08-20",18.77
"2020-08-21",18.58
"2020-08-24",19.549999
"2020-08-25",19.26
"2020-08-26",18.67
"2020-08-27",18.700001
"2020-08-28",19.42
"2020-08-31",19.01
"2020-09-01",18.629999
"2020-09-02",18.77
"2020-09-03",19.120001
"2020-09-04",19.309999
"2020-09-08",18.379999
"2020-09-09",18.610001
"2020-09-10",17.709999
"2020-09-11",17.870001
"2020-09-14",18.030001
"2020-09-15",18.200001
"2020-09-16",19.18
"2020-09-17",19.08
"2020-09-18",18.73
"2020-09-21",17.27
"2020-09-22",17.33
"2020-09-23",16.610001
"2020-09-24",16.620001
"2020-09-25",15.92
"2020-09-28",16.450001
"2020-09-29",15.6
"2020-09-30",15.56
"2020-10-01",15.01
"2020-10-02",15.57
"2020-10-05",16.07
"2020-10-06",15.67
"2020-10-07",15.95
"2020-10-08",16.43
"2020-10-09",16.23
"2020-10-12",16.120001
"2020-10-13",15.73
"2020-10-14",15.95
"2020-10-15",16.42
"2020-10-16",14.97
"2020-10-19",15.01
"2020-10-20",15.49
"2020-10-21",15.01
"2020-10-22",15.3
"2020-10-23",15.4
"2020-10-26",15.17
"2020-10-27",15.09
"2020-10-28",14.18
"2020-10-29",14.45
"2020-10-30",14.94
"2020-11-02",15.58
"2020-11-03",15.76
"2020-11-04",15.97
"2020-11-05",15.52
"2020-11-06",15.22
"2020-11-09",18.25
"2020-11-10",18.309999
"2020-11-11",17.709999
"2020-11-12",17.299999
"2020-11-13",18
"2020-11-16",20.040001
"2020-11-17",20.09
"2020-11-18",19.969999
"2020-11-19",20.459999
"2020-11-20",20.209999
"2020-11-23",21.610001
"2020-11-24",22.23
"2020-11-25",22.1
"2020-11-27",21.879999
"2020-11-30",20.790001
"2020-12-01",21.07
"2020-12-02",21.639999
"2020-12-03",22.07
"2020-12-04",23.450001
"2020-12-07",22.83
"2020-12-08",23.23
"2020-12-09",23.370001
"2020-12-10",23.379999
"2020-12-11",22.940001
"2020-12-14",22.18
"2020-12-15",22.969999
"2020-12-16",22.84
"2020-12-17",22.93
"2020-12-18",22.309999
"2020-12-21",21.780001
"2020-12-22",21.360001
"2020-12-23",21.92
"2020-12-24",21.639999
"2020-12-28",21.57
"2020-12-29",21.379999
"2020-12-30",21.879999
"2020-12-31",21.83
"2021-01-04",21.950001
"2021-01-05",23.129999
"2021-01-06",24.41
"2021-01-07",24.879999
"2021-01-08",24.84
"2021-01-11",24.99
"2021-01-12",26.139999
"2021-01-13",25.459999
"2021-01-14",25.959999
"2021-01-15",24.91
"2021-01-19",25.42
"2021-01-20",25.35
"2021-01-21",24.190001
"2021-01-22",24.41
"2021-01-25",23.74
"2021-01-26",22.74
"2021-01-27",21.809999
"2021-01-28",22.639999
"2021-01-29",22.209999
"2021-02-01",22.16
"2021-02-02",22.51
"2021-02-03",24.18
"2021-02-04",24.809999
"2021-02-05",25.01
"2021-02-08",25.99
"2021-02-09",26
"2021-02-10",26.620001
"2021-02-11",26.370001
"2021-02-12",26.77
"2021-02-16",26.809999
"2021-02-17",26.870001
"2021-02-18",25.58
"2021-02-19",26.120001
"2021-02-22",27.540001
"2021-02-23",27.74
"2021-02-24",29.41
"2021-02-25",28.51
"2021-02-26",27.91
"2021-03-01",28.719999
"2021-03-02",28.139999
"2021-03-03",28.370001
"2021-03-04",28.58
"2021-03-05",29.07
"2021-03-08",29.709999
"2021-03-09",29.35
"2021-03-10",29.950001
