"Index","VZ.Close"
"2010-01-04",31.212946
"2010-01-05",31.269218
"2010-01-06",29.937416
"2010-01-07",29.759218
"2010-01-08",29.777975
"2010-01-11",29.8999
"2010-01-12",29.928038
"2010-01-13",29.890522
"2010-01-14",29.280895
"2010-01-15",28.680647
"2010-01-19",29.290274
"2010-01-20",28.80257
"2010-01-21",28.727539
"2010-01-22",28.455551
"2010-01-25",28.774435
"2010-01-26",28.29611
"2010-01-27",28.014744
"2010-01-28",27.508284
"2010-01-29",27.592693
"2010-02-01",27.770893
"2010-02-02",27.88344
"2010-02-03",27.37698
"2010-02-04",26.851763
"2010-02-05",26.954929
"2010-02-08",26.60791
"2010-02-09",26.96431
"2010-02-10",27.076855
"2010-02-11",27.236298
"2010-02-12",27.133129
"2010-02-16",27.367601
"2010-02-17",27.330086
"2010-02-18",27.339464
"2010-02-19",27.217539
"2010-02-22",27.19878
"2010-02-23",26.954929
"2010-02-24",27.161264
"2010-02-25",27.086233
"2010-02-26",27.133129
"2010-03-01",27.189402
"2010-03-02",27.442633
"2010-03-03",27.320707
"2010-03-04",27.452011
"2010-03-05",27.414495
"2010-03-08",27.789652
"2010-03-09",28.052259
"2010-03-10",27.902199
"2010-03-11",27.986609
"2010-03-12",27.88344
"2010-03-15",28.005365
"2010-03-16",28.071018
"2010-03-17",28.277353
"2010-03-18",28.418037
"2010-03-19",28.521204
"2010-03-22",28.746298
"2010-03-23",29.055801
"2010-03-24",28.568098
"2010-03-25",28.427416
"2010-03-26",28.483688
"2010-03-29",28.55872
"2010-03-30",29.290274
"2010-03-31",29.093317
"2010-04-01",29.337168
"2010-04-05",29.505987
"2010-04-06",29.262136
"2010-04-07",28.361763
"2010-04-08",28.286732
"2010-04-09",28.2117
"2010-04-12",28.080397
"2010-04-13",28.202322
"2010-04-14",27.995987
"2010-04-15",27.70524
"2010-04-16",27.742758
"2010-04-19",27.88344
"2010-04-20",27.911577
"2010-04-21",27.723999
"2010-04-22",27.46139
"2010-04-23",27.245674
"2010-04-26",27.142508
"2010-04-27",26.96431
"2010-04-28",27.311329
"2010-04-29",27.405117
"2010-04-30",27.104992
"2010-05-03",27.47077
"2010-05-04",26.96431
"2010-05-05",26.898657
"2010-05-06",26.270271
"2010-05-07",26.439091
"2010-05-10",26.833004
"2010-05-11",26.636047
"2010-05-12",26.917414
"2010-05-13",26.908035
"2010-05-14",26.739216
"2010-05-17",26.879898
"2010-05-18",26.654804
"2010-05-19",26.739216
"2010-05-20",26.035799
"2010-05-21",26.223375
"2010-05-24",25.78257
"2010-05-25",25.698158
"2010-05-26",25.257351
"2010-05-27",25.86698
"2010-05-28",25.810705
"2010-06-01",25.51996
"2010-06-02",25.876358
"2010-06-03",25.923252
"2010-06-04",25.51996
"2010-06-07",25.398033
"2010-06-08",25.960768
"2010-06-09",26.054556
"2010-06-10",26.579775
"2010-06-11",26.78611
"2010-06-14",26.851763
"2010-06-15",27.301949
"2010-06-16",27.367601
"2010-06-17",27.283192
"2010-06-18",27.320707
"2010-06-21",27.255054
"2010-06-22",27.255054
"2010-06-23",27.508284
"2010-06-24",27.161264
"2010-06-25",26.776731
"2010-06-28",26.926792
"2010-06-29",26.842382
"2010-06-30",26.27965
"2010-07-01",26.382818
"2010-07-02",26.809999
"2010-07-06",26.610001
"2010-07-07",26.52
"2010-07-08",26.780001
"2010-07-09",26.65
"2010-07-12",26.49
"2010-07-13",26.889999
"2010-07-14",26.84
"2010-07-15",26.799999
"2010-07-16",26.690001
"2010-07-19",26.719999
"2010-07-20",26.67
"2010-07-21",26.52
"2010-07-22",27
"2010-07-23",28.02
"2010-07-26",28.280001
"2010-07-27",28.59
"2010-07-28",28.91
"2010-07-29",28.879999
"2010-07-30",29.059999
"2010-08-02",29.559999
"2010-08-03",29.540001
"2010-08-04",29.4
"2010-08-05",29.549999
"2010-08-06",29.549999
"2010-08-09",29.860001
"2010-08-10",30.02
"2010-08-11",29.559999
"2010-08-12",30.32
"2010-08-13",30.030001
"2010-08-16",29.959999
"2010-08-17",30.17
"2010-08-18",30.15
"2010-08-19",29.620001
"2010-08-20",29.370001
"2010-08-23",29.41
"2010-08-24",29.469999
"2010-08-25",29.66
"2010-08-26",29.5
"2010-08-27",29.84
"2010-08-30",29.440001
"2010-08-31",29.530001
"2010-09-01",30.26
"2010-09-02",30.110001
"2010-09-03",30.200001
"2010-09-07",30.219999
"2010-09-08",30.459999
"2010-09-09",30.84
"2010-09-10",30.82
"2010-09-13",30.9
"2010-09-14",30.91
"2010-09-15",31.190001
"2010-09-16",31.42
"2010-09-17",31.68
"2010-09-20",32.09
"2010-09-21",32.32
"2010-09-22",32.389999
"2010-09-23",32.169998
"2010-09-24",32.639999
"2010-09-27",32.860001
"2010-09-28",32.720001
"2010-09-29",32.66
"2010-09-30",32.59
"2010-10-01",32.889999
"2010-10-04",33.029999
"2010-10-05",33.57
"2010-10-06",33.360001
"2010-10-07",32.93
"2010-10-08",32.830002
"2010-10-11",33.029999
"2010-10-12",32.540001
"2010-10-13",32.209999
"2010-10-14",32.439999
"2010-10-15",32.43
"2010-10-18",32.59
"2010-10-19",32.16
"2010-10-20",32.639999
"2010-10-21",32.52
"2010-10-22",32.09
"2010-10-25",32.349998
"2010-10-26",32.5
"2010-10-27",32.509998
"2010-10-28",32.41
"2010-10-29",32.48
"2010-11-01",32.400002
"2010-11-02",32.799999
"2010-11-03",32.990002
"2010-11-04",33.52
"2010-11-05",33.43
"2010-11-08",33.169998
"2010-11-09",33.009998
"2010-11-10",32.849998
"2010-11-11",32.630001
"2010-11-12",32.560001
"2010-11-15",32.77
"2010-11-16",32.189999
"2010-11-17",32.34
"2010-11-18",32.650002
"2010-11-19",32.59
"2010-11-22",32.5
"2010-11-23",32.389999
"2010-11-24",32.349998
"2010-11-26",32.209999
"2010-11-29",31.9
"2010-11-30",32.009998
"2010-12-01",32.349998
"2010-12-02",32.740002
"2010-12-03",32.900002
"2010-12-06",32.889999
"2010-12-07",32.950001
"2010-12-08",32.98
"2010-12-09",33.560001
"2010-12-10",34.040001
"2010-12-13",34.110001
"2010-12-14",34.669998
"2010-12-15",34.630001
"2010-12-16",34.759998
"2010-12-17",34.639999
"2010-12-20",34.740002
"2010-12-21",34.939999
"2010-12-22",35.18
"2010-12-23",35.439999
"2010-12-27",35.5
"2010-12-28",35.619999
"2010-12-29",35.580002
"2010-12-30",35.560001
"2010-12-31",35.779999
"2011-01-03",36.43
"2011-01-04",37.16
"2011-01-05",37.669998
"2011-01-06",36.23
"2011-01-07",35.93
"2011-01-10",35.919998
"2011-01-11",35.360001
"2011-01-12",35.470001
"2011-01-13",35.799999
"2011-01-14",35.459999
"2011-01-18",34.360001
"2011-01-19",34.599998
"2011-01-20",34.610001
"2011-01-21",34.950001
"2011-01-24",35.240002
"2011-01-25",35.790001
"2011-01-26",36.400002
"2011-01-27",36.490002
"2011-01-28",35.630001
"2011-01-31",35.619999
"2011-02-01",36.27
"2011-02-02",36.16
"2011-02-03",36.380001
"2011-02-04",36.310001
"2011-02-07",36.02
"2011-02-08",36.34
"2011-02-09",36.68
"2011-02-10",36.419998
"2011-02-11",36.389999
"2011-02-14",35.900002
"2011-02-15",36.459999
"2011-02-16",36.169998
"2011-02-17",36.369999
"2011-02-18",36.619999
"2011-02-22",36
"2011-02-23",35.810001
"2011-02-24",35.580002
"2011-02-25",35.970001
"2011-02-28",36.919998
"2011-03-01",36.02
"2011-03-02",36.34
"2011-03-03",36.360001
"2011-03-04",36.080002
"2011-03-07",36.009998
"2011-03-08",36.48
"2011-03-09",36.650002
"2011-03-10",36.400002
"2011-03-11",35.849998
"2011-03-14",35.18
"2011-03-15",34.869999
"2011-03-16",34.299999
"2011-03-17",35.330002
"2011-03-18",35.84
"2011-03-21",36.459999
"2011-03-22",36.950001
"2011-03-23",36.98
"2011-03-24",37.18
"2011-03-25",37.290001
"2011-03-28",37.75
"2011-03-29",38.290001
"2011-03-30",38.459999
"2011-03-31",38.540001
"2011-04-01",38.470001
"2011-04-04",38.610001
"2011-04-05",38.380001
"2011-04-06",37.849998
"2011-04-07",37.759998
"2011-04-08",37.720001
"2011-04-11",37.849998
"2011-04-12",37.639999
"2011-04-13",37.689999
"2011-04-14",37.709999
"2011-04-15",37.849998
"2011-04-18",37.310001
"2011-04-19",37.240002
"2011-04-20",37.790001
"2011-04-21",36.91
"2011-04-25",36.990002
"2011-04-26",37.630001
"2011-04-27",38.25
"2011-04-28",38.27
"2011-04-29",37.779999
"2011-05-02",37.560001
"2011-05-03",37.799999
"2011-05-04",37.669998
"2011-05-05",37.119999
"2011-05-06",37.279999
"2011-05-09",37.240002
"2011-05-10",37.57
"2011-05-11",37.259998
"2011-05-12",37.43
"2011-05-13",37.259998
"2011-05-16",36.970001
"2011-05-17",37.110001
"2011-05-18",37.09
"2011-05-19",37.32
"2011-05-20",37.150002
"2011-05-23",36.849998
"2011-05-24",36.900002
"2011-05-25",36.400002
"2011-05-26",36.610001
"2011-05-27",36.669998
"2011-05-31",36.93
"2011-06-01",36.27
"2011-06-02",36.169998
"2011-06-03",35.630001
"2011-06-06",35.209999
"2011-06-07",35.380001
"2011-06-08",35.900002
"2011-06-09",35.669998
"2011-06-10",35.189999
"2011-06-13",35.630001
"2011-06-14",35.580002
"2011-06-15",35.119999
"2011-06-16",35.240002
"2011-06-17",35.509998
"2011-06-20",35.650002
"2011-06-21",35.990002
"2011-06-22",35.939999
"2011-06-23",36.049999
"2011-06-24",36
"2011-06-27",36.400002
"2011-06-28",36.57
"2011-06-29",36.720001
"2011-06-30",37.23
"2011-07-01",37.799999
"2011-07-05",37.82
"2011-07-06",37.540001
"2011-07-07",37.419998
"2011-07-08",37.48
"2011-07-11",37.119999
"2011-07-12",37.09
"2011-07-13",36.939999
"2011-07-14",36.880001
"2011-07-15",36.82
"2011-07-18",36.709999
"2011-07-19",36.970001
"2011-07-20",37.330002
"2011-07-21",37.57
"2011-07-22",36.740002
"2011-07-25",36.220001
"2011-07-26",36.279999
"2011-07-27",36.209999
"2011-07-28",35.66
"2011-07-29",35.290001
"2011-08-01",35.869999
"2011-08-02",35.490002
"2011-08-03",35.970001
"2011-08-04",34.919998
"2011-08-05",35.049999
"2011-08-08",33.119999
"2011-08-09",34.290001
"2011-08-10",33.66
"2011-08-11",34.619999
"2011-08-12",34.299999
"2011-08-15",35.049999
"2011-08-16",34.880001
"2011-08-17",35.610001
"2011-08-18",35.07
"2011-08-19",34.709999
"2011-08-22",34.82
"2011-08-23",35.959999
"2011-08-24",36.470001
"2011-08-25",35.77
"2011-08-26",35.759998
"2011-08-29",36.139999
"2011-08-30",36.310001
"2011-08-31",36.169998
"2011-09-01",35.880001
"2011-09-02",35.560001
"2011-09-06",35.220001
"2011-09-07",35.619999
"2011-09-08",35.380001
"2011-09-09",35.240002
"2011-09-12",35.25
"2011-09-13",35.5
"2011-09-14",35.599998
"2011-09-15",36.189999
"2011-09-16",36.720001
"2011-09-19",36.279999
"2011-09-20",36.41
"2011-09-21",35.84
"2011-09-22",35.59
"2011-09-23",35.880001
"2011-09-26",36.360001
"2011-09-27",36.889999
"2011-09-28",36.84
"2011-09-29",37.150002
"2011-09-30",36.799999
"2011-10-03",36.34
"2011-10-04",36.400002
"2011-10-05",35.77
"2011-10-06",35.91
"2011-10-07",36.16
"2011-10-10",36.900002
"2011-10-11",36.5
"2011-10-12",36.669998
"2011-10-13",37.02
"2011-10-14",37.330002
"2011-10-17",36.939999
"2011-10-18",37.240002
"2011-10-19",37.049999
"2011-10-20",37.099998
"2011-10-21",37.419998
"2011-10-24",36.93
"2011-10-25",36.189999
"2011-10-26",36.810001
"2011-10-27",37.66
"2011-10-28",37.630001
"2011-10-31",36.98
"2011-11-01",36.470001
"2011-11-02",36.799999
"2011-11-03",37.450001
"2011-11-04",37.169998
"2011-11-07",37.34
"2011-11-08",37.52
"2011-11-09",36.889999
"2011-11-10",37.330002
"2011-11-11",37.52
"2011-11-14",37
"2011-11-15",37.240002
"2011-11-16",36.650002
"2011-11-17",36.700001
"2011-11-18",36.459999
"2011-11-21",36.07
"2011-11-22",36.189999
"2011-11-23",35.349998
"2011-11-25",35.349998
"2011-11-28",36.25
"2011-11-29",36.630001
"2011-11-30",37.73
"2011-12-01",37.77
"2011-12-02",37.849998
"2011-12-05",38.049999
"2011-12-06",38.32
"2011-12-07",38.310001
"2011-12-08",37.810001
"2011-12-09",38.43
"2011-12-12",38.349998
"2011-12-13",38.259998
"2011-12-14",38.259998
"2011-12-15",38.419998
"2011-12-16",38.779999
"2011-12-19",38.630001
"2011-12-20",39.209999
"2011-12-21",39.23
"2011-12-22",39.290001
"2011-12-23",39.98
"2011-12-27",39.990002
"2011-12-28",39.759998
"2011-12-29",40.049999
"2011-12-30",40.119999
"2012-01-03",39.73
"2012-01-04",39.209999
"2012-01-05",38.939999
"2012-01-06",38.330002
"2012-01-09",38.369999
"2012-01-10",38.57
"2012-01-11",38.900002
"2012-01-12",38.919998
"2012-01-13",38.919998
"2012-01-17",39.02
"2012-01-18",39.009998
"2012-01-19",39
"2012-01-20",38.970001
"2012-01-23",38.400002
"2012-01-24",37.790001
"2012-01-25",37.689999
"2012-01-26",37.34
"2012-01-27",37.209999
"2012-01-30",37.610001
"2012-01-31",37.66
"2012-02-01",37.799999
"2012-02-02",37.560001
"2012-02-03",37.84
"2012-02-06",38.139999
"2012-02-07",37.919998
"2012-02-08",37.919998
"2012-02-09",37.919998
"2012-02-10",37.689999
"2012-02-13",38.130001
"2012-02-14",38.040001
"2012-02-15",37.830002
"2012-02-16",38.049999
"2012-02-17",38.459999
"2012-02-21",38.490002
"2012-02-22",38.209999
"2012-02-23",38.130001
"2012-02-24",38.139999
"2012-02-27",38.130001
"2012-02-28",38.150002
"2012-02-29",38.110001
"2012-03-01",38.43
"2012-03-02",38.669998
"2012-03-05",39
"2012-03-06",38.689999
"2012-03-07",38.869999
"2012-03-08",39.220001
"2012-03-09",39.099998
"2012-03-12",39.32
"2012-03-13",39.48
"2012-03-14",39.470001
"2012-03-15",39.540001
"2012-03-16",39.57
"2012-03-19",39.650002
"2012-03-20",39.630001
"2012-03-21",39.779999
"2012-03-22",39.66
"2012-03-23",39.419998
"2012-03-26",39.330002
"2012-03-27",38.66
"2012-03-28",38.259998
"2012-03-29",38.07
"2012-03-30",38.23
"2012-04-02",38.52
"2012-04-03",38.459999
"2012-04-04",38.389999
"2012-04-05",37.66
"2012-04-09",37.459999
"2012-04-10",36.799999
"2012-04-11",37.380001
"2012-04-12",37.549999
"2012-04-13",37.259998
"2012-04-16",37.43
"2012-04-17",37.740002
"2012-04-18",37.66
"2012-04-19",38.150002
"2012-04-20",38.73
"2012-04-23",38.57
"2012-04-24",39.5
"2012-04-25",39.48
"2012-04-26",40.139999
"2012-04-27",40.23
"2012-04-30",40.380001
"2012-05-01",40.560001
"2012-05-02",40.599998
"2012-05-03",40.639999
"2012-05-04",40.259998
"2012-05-07",40.529999
"2012-05-08",40.549999
"2012-05-09",40.25
"2012-05-10",40.549999
"2012-05-11",41.16
"2012-05-14",40.889999
"2012-05-15",41.049999
"2012-05-16",40.880001
"2012-05-17",41.369999
"2012-05-18",41.529999
"2012-05-21",41.34
"2012-05-22",41.389999
"2012-05-23",41.279999
"2012-05-24",41.389999
"2012-05-25",41.450001
"2012-05-29",41.75
"2012-05-30",41.419998
"2012-05-31",41.639999
"2012-06-01",41.029999
"2012-06-04",41.34
"2012-06-05",41.200001
"2012-06-06",41.77
"2012-06-07",41.639999
"2012-06-08",42.439999
"2012-06-11",42.560001
"2012-06-12",42.939999
"2012-06-13",42.990002
"2012-06-14",43.75
"2012-06-15",43.549999
"2012-06-18",43.82
"2012-06-19",43.73
"2012-06-20",43.299999
"2012-06-21",43.330002
"2012-06-22",43.950001
"2012-06-25",43.650002
"2012-06-26",43.84
"2012-06-27",43.779999
"2012-06-28",43.970001
"2012-06-29",44.439999
"2012-07-02",44.93
"2012-07-03",44.950001
"2012-07-05",44.889999
"2012-07-06",44.419998
"2012-07-09",44.740002
"2012-07-10",44.700001
"2012-07-11",44.900002
"2012-07-12",44.669998
"2012-07-13",45.209999
"2012-07-16",45.27
"2012-07-17",45.66
"2012-07-18",45.889999
"2012-07-19",44.540001
"2012-07-20",44.490002
"2012-07-23",44.349998
"2012-07-24",43.77
"2012-07-25",43.720001
"2012-07-26",44.459999
"2012-07-27",44.900002
"2012-07-30",44.950001
"2012-07-31",45.139999
"2012-08-01",45.209999
"2012-08-02",44.619999
"2012-08-03",44.459999
"2012-08-06",44.689999
"2012-08-07",44.470001
"2012-08-08",44.18
"2012-08-09",44.34
"2012-08-10",44.599998
"2012-08-13",44.27
"2012-08-14",44.330002
"2012-08-15",44.189999
"2012-08-16",44.119999
"2012-08-17",44.060001
"2012-08-20",43.700001
"2012-08-21",42.889999
"2012-08-22",42.619999
"2012-08-23",42.25
"2012-08-24",43.169998
"2012-08-27",42.759998
"2012-08-28",42.669998
"2012-08-29",43.09
"2012-08-30",42.77
"2012-08-31",42.939999
"2012-09-04",43.700001
"2012-09-05",43.799999
"2012-09-06",44.150002
"2012-09-07",43.720001
"2012-09-10",44.060001
"2012-09-11",44.240002
"2012-09-12",44.889999
"2012-09-13",45.580002
"2012-09-14",44.529999
"2012-09-17",44.580002
"2012-09-18",44.91
"2012-09-19",45.27
"2012-09-20",45.490002
"2012-09-21",45.639999
"2012-09-24",45.68
"2012-09-25",45.619999
"2012-09-26",45.59
"2012-09-27",45.759998
"2012-09-28",45.57
"2012-10-01",45.810001
"2012-10-02",45.860001
"2012-10-03",46.279999
"2012-10-04",47.259998
"2012-10-05",47.049999
"2012-10-08",46.57
"2012-10-09",46.110001
"2012-10-10",45.779999
"2012-10-11",45.200001
"2012-10-12",44.619999
"2012-10-15",44.5
"2012-10-16",44.080002
"2012-10-17",44.720001
"2012-10-18",45.779999
"2012-10-19",45.16
"2012-10-22",44.77
"2012-10-23",44.07
"2012-10-24",44.23
"2012-10-25",44.25
"2012-10-26",44.73
"2012-10-31",44.639999
"2012-11-01",45.139999
"2012-11-02",44.52
"2012-11-05",44.200001
"2012-11-06",44.299999
"2012-11-07",43.189999
"2012-11-08",42.610001
"2012-11-09",42.639999
"2012-11-12",42.560001
"2012-11-13",42.540001
"2012-11-14",42.240002
"2012-11-15",41.700001
"2012-11-16",41.400002
"2012-11-19",42.810001
"2012-11-20",42.82
"2012-11-21",43.16
"2012-11-23",43.759998
"2012-11-26",43.299999
"2012-11-27",42.98
"2012-11-28",43.560001
"2012-11-29",44.009998
"2012-11-30",44.119999
"2012-12-03",44.099998
"2012-12-04",43.669998
"2012-12-05",44.099998
"2012-12-06",44.450001
"2012-12-07",44.41
"2012-12-10",44.029999
"2012-12-11",44.439999
"2012-12-12",44.790001
"2012-12-13",44.52
"2012-12-14",44.209999
"2012-12-17",44.119999
"2012-12-18",43.869999
"2012-12-19",43.380001
"2012-12-20",43.810001
"2012-12-21",43.57
"2012-12-24",43.540001
"2012-12-26",43.450001
"2012-12-27",43.48
"2012-12-28",42.900002
"2012-12-31",43.27
"2013-01-02",44.27
"2013-01-03",44.060001
"2013-01-04",44.299999
"2013-01-07",44.689999
"2013-01-08",43.099998
"2013-01-09",43
"2013-01-10",43.59
"2013-01-11",43.299999
"2013-01-14",42.59
"2013-01-15",41.970001
"2013-01-16",41.509998
"2013-01-17",42.130001
"2013-01-18",42.540001
"2013-01-22",42.939999
"2013-01-23",42.790001
"2013-01-24",42.59
"2013-01-25",42.669998
"2013-01-28",42.77
"2013-01-29",43.5
"2013-01-30",43.610001
"2013-01-31",43.610001
"2013-02-01",44.560001
"2013-02-04",44.52
"2013-02-05",44.560001
"2013-02-06",44.75
"2013-02-07",44.459999
"2013-02-08",44.349998
"2013-02-11",44.32
"2013-02-12",44.439999
"2013-02-13",44.52
"2013-02-14",44.330002
"2013-02-15",44.400002
"2013-02-19",44.5
"2013-02-20",44.919998
"2013-02-21",45.119999
"2013-02-22",45.400002
"2013-02-25",45.720001
"2013-02-26",46.119999
"2013-02-27",46.349998
"2013-02-28",46.529999
"2013-03-01",46.720001
"2013-03-04",47.110001
"2013-03-05",47.689999
"2013-03-06",47.279999
"2013-03-07",47.48
"2013-03-08",47.959999
"2013-03-11",47.810001
"2013-03-12",48.360001
"2013-03-13",47.939999
"2013-03-14",48.48
"2013-03-15",48.02
"2013-03-18",48.75
"2013-03-19",48.950001
"2013-03-20",48.599998
"2013-03-21",48.799999
"2013-03-22",49.02
"2013-03-25",49.16
"2013-03-26",49.48
"2013-03-27",48.939999
"2013-03-28",49.150002
"2013-04-01",49.220001
"2013-04-02",49.5
"2013-04-03",48.990002
"2013-04-04",49.299999
"2013-04-05",49.560001
"2013-04-08",49.43
"2013-04-09",49.360001
"2013-04-10",49.860001
"2013-04-11",50.509998
"2013-04-12",50.860001
"2013-04-15",50.639999
"2013-04-16",50.459999
"2013-04-17",49.540001
"2013-04-18",50.91
"2013-04-19",52.25
"2013-04-22",52.189999
"2013-04-23",52.32
"2013-04-24",51.799999
"2013-04-25",53.220001
"2013-04-26",53.630001
"2013-04-29",53.459999
"2013-04-30",53.91
"2013-05-01",52.400002
"2013-05-02",52.529999
"2013-05-03",52.68
"2013-05-06",52.049999
"2013-05-07",52.919998
"2013-05-08",53.110001
"2013-05-09",52.709999
"2013-05-10",52.889999
"2013-05-13",52.549999
"2013-05-14",53.169998
"2013-05-15",53.599998
"2013-05-16",53.200001
"2013-05-17",53.349998
"2013-05-20",52.740002
"2013-05-21",52.07
"2013-05-22",51.470001
"2013-05-23",51.889999
"2013-05-24",51.389999
"2013-05-28",50.82
"2013-05-29",49.57
"2013-05-30",49.080002
"2013-05-31",48.48
"2013-06-03",48.66
"2013-06-04",48.84
"2013-06-05",48.299999
"2013-06-06",49.970001
"2013-06-07",50.240002
"2013-06-10",50.529999
"2013-06-11",50.18
"2013-06-12",49.900002
"2013-06-13",50.639999
"2013-06-14",51.07
"2013-06-17",50.709999
"2013-06-18",51.549999
"2013-06-19",50.049999
"2013-06-20",48.959999
"2013-06-21",49.52
"2013-06-24",49.119999
"2013-06-25",50.439999
"2013-06-26",50.66
"2013-06-27",51
"2013-06-28",50.34
"2013-07-01",50.360001
"2013-07-02",50.630001
"2013-07-03",51.009998
"2013-07-05",51.299999
"2013-07-08",51.169998
"2013-07-09",50.959999
"2013-07-10",50.540001
"2013-07-11",51.209999
"2013-07-12",50.41
"2013-07-15",49.959999
"2013-07-16",50.279999
"2013-07-17",50.740002
"2013-07-18",49.970001
"2013-07-19",49.950001
"2013-07-22",50.27
"2013-07-23",50.360001
"2013-07-24",50.380001
"2013-07-25",50.709999
"2013-07-26",51.02
"2013-07-29",51.490002
"2013-07-30",50.419998
"2013-07-31",49.48
"2013-08-01",50.009998
"2013-08-02",50.25
"2013-08-05",50.209999
"2013-08-06",50.09
"2013-08-07",49.93
"2013-08-08",49.619999
"2013-08-09",49.32
"2013-08-12",49.650002
"2013-08-13",49.150002
"2013-08-14",48.889999
"2013-08-15",48.540001
"2013-08-16",47.709999
"2013-08-19",47.5
"2013-08-20",47.91
"2013-08-21",47.27
"2013-08-22",47.02
"2013-08-23",47.610001
"2013-08-26",46.939999
"2013-08-27",46.950001
"2013-08-28",46.560001
"2013-08-29",47.82
"2013-08-30",47.380001
"2013-09-03",46.009998
"2013-09-04",46.779999
"2013-09-05",46.639999
"2013-09-06",46.34
"2013-09-09",45.91
"2013-09-10",46.470001
"2013-09-11",46.52
"2013-09-12",47.349998
"2013-09-13",47.759998
"2013-09-16",48.299999
"2013-09-17",48.57
"2013-09-18",48.720001
"2013-09-19",48.509998
"2013-09-20",47.779999
"2013-09-23",47.98
"2013-09-24",47.27
"2013-09-25",46.950001
"2013-09-26",47.669998
"2013-09-27",47
"2013-09-30",46.669998
"2013-10-01",46.990002
"2013-10-02",46.790001
"2013-10-03",47.009998
"2013-10-04",47.099998
"2013-10-07",47.290001
"2013-10-08",46.049999
"2013-10-09",46.200001
"2013-10-10",46.860001
"2013-10-11",47.09
"2013-10-14",46.810001
"2013-10-15",46.32
"2013-10-16",47.25
"2013-10-17",48.900002
"2013-10-18",50.009998
"2013-10-21",50.580002
"2013-10-22",51.139999
"2013-10-23",50.82
"2013-10-24",50.419998
"2013-10-25",50.709999
"2013-10-28",50.57
"2013-10-29",51.09
"2013-10-30",50.529999
"2013-10-31",50.509998
"2013-11-01",50.490002
"2013-11-04",51.080002
"2013-11-05",50.099998
"2013-11-06",50.610001
"2013-11-07",50.169998
"2013-11-08",50.200001
"2013-11-11",49.959999
"2013-11-12",50.16
"2013-11-13",49.990002
"2013-11-14",50.27
"2013-11-15",50.310001
"2013-11-18",50.759998
"2013-11-19",50.779999
"2013-11-20",50.400002
"2013-11-21",50.380001
"2013-11-22",50.220001
"2013-11-25",50.009998
"2013-11-26",50.049999
"2013-11-27",49.93
"2013-11-29",49.619999
"2013-12-02",49.259998
"2013-12-03",49.599998
"2013-12-04",49.369999
"2013-12-05",48.91
"2013-12-06",49.48
"2013-12-09",49.57
"2013-12-10",49.049999
"2013-12-11",48.490002
"2013-12-12",48.130001
"2013-12-13",47.84
"2013-12-16",48.259998
"2013-12-17",47.560001
"2013-12-18",48.470001
"2013-12-19",48.43
"2013-12-20",48.080002
"2013-12-23",48.580002
"2013-12-24",48.98
"2013-12-26",49.18
"2013-12-27",49.169998
"2013-12-30",49.150002
"2013-12-31",49.139999
"2014-01-02",49
"2014-01-03",48.419998
"2014-01-06",48.689999
"2014-01-07",49.299999
"2014-01-08",48.5
"2014-01-09",47.5
"2014-01-10",47.75
"2014-01-13",47.029999
"2014-01-14",47.080002
"2014-01-15",48.27
"2014-01-16",48.529999
"2014-01-17",48.349998
"2014-01-21",47.700001
"2014-01-22",47.330002
"2014-01-23",47.860001
"2014-01-24",47.630001
"2014-01-27",47.689999
"2014-01-28",47.360001
"2014-01-29",47.689999
"2014-01-30",47.630001
"2014-01-31",48.02
"2014-02-03",46.41
"2014-02-04",46.82
"2014-02-05",46.689999
"2014-02-06",46.68
"2014-02-07",46.810001
"2014-02-10",46.91
"2014-02-11",47.209999
"2014-02-12",47.369999
"2014-02-13",47.310001
"2014-02-14",46.509998
"2014-02-18",45.98
"2014-02-19",46.529999
"2014-02-20",48.119999
"2014-02-21",47.27
"2014-02-24",46.23
"2014-02-25",46.290001
"2014-02-26",46.349998
"2014-02-27",47.5
"2014-02-28",47.580002
"2014-03-03",47.310001
"2014-03-04",47.900002
"2014-03-05",47.380001
"2014-03-06",47.459999
"2014-03-07",47.150002
"2014-03-10",47.029999
"2014-03-11",46.700001
"2014-03-12",46.360001
"2014-03-13",46.029999
"2014-03-14",46.080002
"2014-03-17",46.310001
"2014-03-18",46.700001
"2014-03-19",46.360001
"2014-03-20",47.209999
"2014-03-21",46.91
"2014-03-24",47.009998
"2014-03-25",47.220001
"2014-03-26",47.009998
"2014-03-27",47.689999
"2014-03-28",47.419998
"2014-03-31",47.57
"2014-04-01",47.75
"2014-04-02",47.82
"2014-04-03",48.119999
"2014-04-04",48.040001
"2014-04-07",48.119999
"2014-04-08",48.209999
"2014-04-09",47.98
"2014-04-10",47.470001
"2014-04-11",47.07
"2014-04-14",47.27
"2014-04-15",46.919998
"2014-04-16",47.099998
"2014-04-17",47.599998
"2014-04-21",47.98
"2014-04-22",47.919998
"2014-04-23",47.43
"2014-04-24",46.279999
"2014-04-25",45.939999
"2014-04-28",46.599998
"2014-04-29",46.77
"2014-04-30",46.73
"2014-05-01",47.220001
"2014-05-02",47.119999
"2014-05-05",47.389999
"2014-05-06",47.470001
"2014-05-07",48.099998
"2014-05-08",48.490002
"2014-05-09",48.48
"2014-05-12",48.16
"2014-05-13",47.849998
"2014-05-14",48.009998
"2014-05-15",47.959999
"2014-05-16",49.07
"2014-05-19",49.150002
"2014-05-20",48.650002
"2014-05-21",49.169998
"2014-05-22",49.450001
"2014-05-23",49.740002
"2014-05-27",49.619999
"2014-05-28",49.740002
"2014-05-29",49.720001
"2014-05-30",49.959999
"2014-06-02",50.049999
"2014-06-03",49.290001
"2014-06-04",49.150002
"2014-06-05",49.279999
"2014-06-06",49.419998
"2014-06-09",49.57
"2014-06-10",49.52
"2014-06-11",49.369999
"2014-06-12",49.040001
"2014-06-13",49.18
"2014-06-16",49.310001
"2014-06-17",49.209999
"2014-06-18",49.419998
"2014-06-19",49.470001
"2014-06-20",49.389999
"2014-06-23",49.73
"2014-06-24",49.279999
"2014-06-25",49.41
"2014-06-26",49.209999
"2014-06-27",49.32
"2014-06-30",48.93
"2014-07-01",49.369999
"2014-07-02",49.66
"2014-07-03",49.709999
"2014-07-07",49.75
"2014-07-08",48.759998
"2014-07-09",48.900002
"2014-07-10",49.639999
"2014-07-11",50.32
"2014-07-14",50.529999
"2014-07-15",50.709999
"2014-07-16",50.959999
"2014-07-17",50.32
"2014-07-18",50.75
"2014-07-21",50.700001
"2014-07-22",50.98
"2014-07-23",50.91
"2014-07-24",51.049999
"2014-07-25",51.279999
"2014-07-28",51.580002
"2014-07-29",51.970001
"2014-07-30",51.759998
"2014-07-31",50.419998
"2014-08-01",49.830002
"2014-08-04",50.209999
"2014-08-05",49.66
"2014-08-06",49.130001
"2014-08-07",48.650002
"2014-08-08",48.700001
"2014-08-11",48.669998
"2014-08-12",48.84
"2014-08-13",48.919998
"2014-08-14",49
"2014-08-15",48.799999
"2014-08-18",48.779999
"2014-08-19",48.700001
"2014-08-20",48.82
"2014-08-21",48.869999
"2014-08-22",48.639999
"2014-08-25",49.150002
"2014-08-26",49.25
"2014-08-27",49.43
"2014-08-28",49.41
"2014-08-29",49.82
"2014-09-02",49.77
"2014-09-03",49.880001
"2014-09-04",49.720001
"2014-09-05",49.939999
"2014-09-08",49.529999
"2014-09-09",48.900002
"2014-09-10",48.75
"2014-09-11",49.009998
"2014-09-12",48.400002
"2014-09-15",48.560001
"2014-09-16",48.959999
"2014-09-17",49.209999
"2014-09-18",49.689999
"2014-09-19",50.349998
"2014-09-22",50.18
"2014-09-23",49.91
"2014-09-24",50.07
"2014-09-25",49.610001
"2014-09-26",49.77
"2014-09-29",49.75
"2014-09-30",49.990002
"2014-10-01",49.43
"2014-10-02",49.290001
"2014-10-03",49.709999
"2014-10-06",50.080002
"2014-10-07",49.68
"2014-10-08",49.869999
"2014-10-09",48.93
"2014-10-10",48.939999
"2014-10-13",48.369999
"2014-10-14",48.220001
"2014-10-15",47.919998
"2014-10-16",47.669998
"2014-10-17",48.07
"2014-10-20",48.48
"2014-10-21",48.689999
"2014-10-22",48.310001
"2014-10-23",48.220001
"2014-10-24",48.77
"2014-10-27",49.419998
"2014-10-28",49.959999
"2014-10-29",49.830002
"2014-10-30",49.900002
"2014-10-31",50.25
"2014-11-03",50.389999
"2014-11-04",50.330002
"2014-11-05",50.34
"2014-11-06",50.279999
"2014-11-07",50.860001
"2014-11-10",50.720001
"2014-11-11",50.610001
"2014-11-12",50.82
"2014-11-13",51.200001
"2014-11-14",51.5
"2014-11-17",51.400002
"2014-11-18",51.220001
"2014-11-19",50.490002
"2014-11-20",50.189999
"2014-11-21",50.209999
"2014-11-24",49.5
"2014-11-25",49.34
"2014-11-26",50.040001
"2014-11-28",50.59
"2014-12-01",50.029999
"2014-12-02",49.110001
"2014-12-03",48.790001
"2014-12-04",48.779999
"2014-12-05",48.610001
"2014-12-08",48.900002
"2014-12-09",46.919998
"2014-12-10",46.18
"2014-12-11",46.360001
"2014-12-12",45.580002
"2014-12-15",45.419998
"2014-12-16",45.529999
"2014-12-17",46.439999
"2014-12-18",47.049999
"2014-12-19",47.02
"2014-12-22",47.509998
"2014-12-23",47.669998
"2014-12-24",47.669998
"2014-12-26",47.860001
"2014-12-29",47.549999
"2014-12-30",47.330002
"2014-12-31",46.779999
"2015-01-02",46.959999
"2015-01-05",46.57
"2015-01-06",47.040001
"2015-01-07",46.189999
"2015-01-08",47.18
"2015-01-09",46.759998
"2015-01-12",47.080002
"2015-01-13",47.18
"2015-01-14",46.970001
"2015-01-15",47.099998
"2015-01-16",47.990002
"2015-01-20",48.18
"2015-01-21",48.25
"2015-01-22",47.799999
"2015-01-23",47.150002
"2015-01-26",46.959999
"2015-01-27",46.349998
"2015-01-28",46.049999
"2015-01-29",46.110001
"2015-01-30",45.709999
"2015-02-02",46.98
"2015-02-03",47.830002
"2015-02-04",47.799999
"2015-02-05",47.860001
"2015-02-06",49.330002
"2015-02-09",49.09
"2015-02-10",49.509998
"2015-02-11",49.810001
"2015-02-12",49.52
"2015-02-13",49.310001
"2015-02-17",49.18
"2015-02-18",48.939999
"2015-02-19",48.91
"2015-02-20",48.970001
"2015-02-23",48.77
"2015-02-24",49.220001
"2015-02-25",49.200001
"2015-02-26",49.369999
"2015-02-27",49.450001
"2015-03-02",49.470001
"2015-03-03",49.549999
"2015-03-04",49.07
"2015-03-05",48.919998
"2015-03-06",48.290001
"2015-03-09",48.23
"2015-03-10",47.509998
"2015-03-11",47.68
"2015-03-12",48.73
"2015-03-13",48.84
"2015-03-16",49.27
"2015-03-17",48.950001
"2015-03-18",49.540001
"2015-03-19",49.299999
"2015-03-20",49.560001
"2015-03-23",49.639999
"2015-03-24",49.41
"2015-03-25",48.73
"2015-03-26",48.419998
"2015-03-27",48.560001
"2015-03-30",49.119999
"2015-03-31",48.630001
"2015-04-01",48.919998
"2015-04-02",49.470001
"2015-04-06",49.630001
"2015-04-07",49.27
"2015-04-08",49.130001
"2015-04-09",49.009998
"2015-04-10",49.220001
"2015-04-13",49.040001
"2015-04-14",49.18
"2015-04-15",49.389999
"2015-04-16",49.27
"2015-04-17",48.900002
"2015-04-20",49.380001
"2015-04-21",49.169998
"2015-04-22",49.57
"2015-04-23",50.049999
"2015-04-24",50.029999
"2015-04-27",50.080002
"2015-04-28",50.549999
"2015-04-29",50.470001
"2015-04-30",50.439999
"2015-05-01",50.41
"2015-05-04",50.52
"2015-05-05",50.09
"2015-05-06",49.639999
"2015-05-07",49.73
"2015-05-08",50.139999
"2015-05-11",49.799999
"2015-05-12",49.619999
"2015-05-13",49.73
"2015-05-14",49.970001
"2015-05-15",49.790001
"2015-05-18",49.599998
"2015-05-19",49.549999
"2015-05-20",49.689999
"2015-05-21",49.900002
"2015-05-22",49.610001
"2015-05-26",49.419998
"2015-05-27",49.57
"2015-05-28",49.540001
"2015-05-29",49.439999
"2015-06-01",49.220001
"2015-06-02",49.139999
"2015-06-03",49.080002
"2015-06-04",48.099998
"2015-06-05",47.23
"2015-06-08",47.439999
"2015-06-09",47.34
"2015-06-10",47.470001
"2015-06-11",47.759998
"2015-06-12",47.25
"2015-06-15",47
"2015-06-16",47.419998
"2015-06-17",47.27
"2015-06-18",47.77
"2015-06-19",47.459999
"2015-06-22",47.529999
"2015-06-23",47.77
"2015-06-24",47.290001
"2015-06-25",47.439999
"2015-06-26",47.619999
"2015-06-29",46.77
"2015-06-30",46.610001
"2015-07-01",47
"2015-07-02",47.200001
"2015-07-06",47.040001
"2015-07-07",47.25
"2015-07-08",46.580002
"2015-07-09",46.259998
"2015-07-10",47
"2015-07-13",47.200001
"2015-07-14",47.41
"2015-07-15",47.330002
"2015-07-16",47.830002
"2015-07-17",47.59
"2015-07-20",48.099998
"2015-07-21",46.970001
"2015-07-22",46.450001
"2015-07-23",46.349998
"2015-07-24",46.040001
"2015-07-27",45.830002
"2015-07-28",45.889999
"2015-07-29",46.560001
"2015-07-30",46.669998
"2015-07-31",46.790001
"2015-08-03",46.970001
"2015-08-04",46.669998
"2015-08-05",46.639999
"2015-08-06",46.630001
"2015-08-07",46.360001
"2015-08-10",47.23
"2015-08-11",47.599998
"2015-08-12",47.849998
"2015-08-13",47.66
"2015-08-14",47.490002
"2015-08-17",47.52
"2015-08-18",47.459999
"2015-08-19",47.439999
"2015-08-20",46.880001
"2015-08-21",46.099998
"2015-08-24",44.740002
"2015-08-25",43.5
"2015-08-26",45.16
"2015-08-27",46.189999
"2015-08-28",46.07
"2015-08-31",46.009998
"2015-09-01",44.900002
"2015-09-02",45.349998
"2015-09-03",45.720001
"2015-09-04",44.82
"2015-09-08",45.880001
"2015-09-09",45.389999
"2015-09-10",45.459999
"2015-09-11",45.73
"2015-09-14",45.650002
"2015-09-15",46.369999
"2015-09-16",46.189999
"2015-09-17",45.23
"2015-09-18",44.57
"2015-09-21",44.799999
"2015-09-22",44.43
"2015-09-23",43.98
"2015-09-24",44.09
"2015-09-25",44.220001
"2015-09-28",43.740002
"2015-09-29",43.529999
"2015-09-30",43.509998
"2015-10-01",42.959999
"2015-10-02",42.84
"2015-10-05",44
"2015-10-06",44.060001
"2015-10-07",43.849998
"2015-10-08",44.23
"2015-10-09",44.16
"2015-10-12",44.299999
"2015-10-13",44.360001
"2015-10-14",43.990002
"2015-10-15",44.669998
"2015-10-16",44.700001
"2015-10-19",44.700001
"2015-10-20",45.240002
"2015-10-21",44.860001
"2015-10-22",45.889999
"2015-10-23",46.16
"2015-10-26",46.360001
"2015-10-27",46.169998
"2015-10-28",46.48
"2015-10-29",46.400002
"2015-10-30",46.880001
"2015-11-02",46.779999
"2015-11-03",46.450001
"2015-11-04",46.139999
"2015-11-05",46.200001
"2015-11-06",45.779999
"2015-11-09",45.299999
"2015-11-10",45.099998
"2015-11-11",45.32
"2015-11-12",44.830002
"2015-11-13",44.23
"2015-11-16",45.040001
"2015-11-17",45.080002
"2015-11-18",45.380001
"2015-11-19",45.759998
"2015-11-20",45.389999
"2015-11-23",44.990002
"2015-11-24",45.189999
"2015-11-25",44.919998
"2015-11-27",45.23
"2015-11-30",45.450001
"2015-12-01",45.580002
"2015-12-02",44.919998
"2015-12-03",44.560001
"2015-12-04",45.709999
"2015-12-07",46.060001
"2015-12-08",45.700001
"2015-12-09",45.360001
"2015-12-10",45.32
"2015-12-11",44.82
"2015-12-14",45.450001
"2015-12-15",45.549999
"2015-12-16",46.509998
"2015-12-17",46.099998
"2015-12-18",45.560001
"2015-12-21",45.900002
"2015-12-22",46.34
"2015-12-23",46.950001
"2015-12-24",46.709999
"2015-12-28",46.75
"2015-12-29",47.209999
"2015-12-30",46.77
"2015-12-31",46.220001
"2016-01-04",45.869999
"2016-01-05",46.5
"2016-01-06",45.52
"2016-01-07",45.27
"2016-01-08",44.830002
"2016-01-11",45.09
"2016-01-12",44.93
"2016-01-13",44.150002
"2016-01-14",44.869999
"2016-01-15",44.43
"2016-01-19",44.869999
"2016-01-20",44.419998
"2016-01-21",45.869999
"2016-01-22",47.040001
"2016-01-25",47.029999
"2016-01-26",48.25
"2016-01-27",49.029999
"2016-01-28",49.009998
"2016-01-29",49.970001
"2016-02-01",50.759998
"2016-02-02",49.91
"2016-02-03",50.619999
"2016-02-04",50.43
"2016-02-05",50.970001
"2016-02-08",50.740002
"2016-02-09",50.150002
"2016-02-10",49.98
"2016-02-11",49.389999
"2016-02-12",50.110001
"2016-02-16",50.240002
"2016-02-17",50.32
"2016-02-18",50.939999
"2016-02-19",50.860001
"2016-02-22",51.07
"2016-02-23",50.630001
"2016-02-24",50.82
"2016-02-25",51.110001
"2016-02-26",51.02
"2016-02-29",50.73
"2016-03-01",51.459999
"2016-03-02",52.119999
"2016-03-03",51.889999
"2016-03-04",51.810001
"2016-03-07",52.209999
"2016-03-08",52.459999
"2016-03-09",52.34
"2016-03-10",52.32
"2016-03-11",52.529999
"2016-03-14",52.540001
"2016-03-15",52.669998
"2016-03-16",53.209999
"2016-03-17",53.630001
"2016-03-18",53.240002
"2016-03-21",53.439999
"2016-03-22",53.209999
"2016-03-23",52.91
"2016-03-24",53.560001
"2016-03-28",53.400002
"2016-03-29",54.049999
"2016-03-30",54.040001
"2016-03-31",54.080002
"2016-04-01",54.009998
"2016-04-04",54.419998
"2016-04-05",54.09
"2016-04-06",53.52
"2016-04-07",52
"2016-04-08",52.18
"2016-04-11",51.610001
"2016-04-12",51.950001
"2016-04-13",51.290001
"2016-04-14",51.360001
"2016-04-15",51.349998
"2016-04-18",51.73
"2016-04-19",52.080002
"2016-04-20",51.75
"2016-04-21",50.029999
"2016-04-22",50.549999
"2016-04-25",50.759998
"2016-04-26",50.439999
"2016-04-27",51.689999
"2016-04-28",51.02
"2016-04-29",50.939999
"2016-05-02",51.32
"2016-05-03",50.68
"2016-05-04",50.84
"2016-05-05",50.84
"2016-05-06",51.119999
"2016-05-09",51.080002
"2016-05-10",51.540001
"2016-05-11",51.150002
"2016-05-12",51.470001
"2016-05-13",50.939999
"2016-05-16",51.23
"2016-05-17",50.900002
"2016-05-18",50.389999
"2016-05-19",49.630001
"2016-05-20",49.66
"2016-05-23",49.139999
"2016-05-24",49.580002
"2016-05-25",49.849998
"2016-05-26",50.16
"2016-05-27",50.619999
"2016-05-31",50.900002
"2016-06-01",50.43
"2016-06-02",50.77
"2016-06-03",50.919998
"2016-06-06",50.709999
"2016-06-07",51.75
"2016-06-08",51.52
"2016-06-09",51.950001
"2016-06-10",52.669998
"2016-06-13",52.57
"2016-06-14",52.990002
"2016-06-15",52.84
"2016-06-16",53.459999
"2016-06-17",53.779999
"2016-06-20",53.759998
"2016-06-21",54.099998
"2016-06-22",54.029999
"2016-06-23",54.669998
"2016-06-24",54.43
"2016-06-27",54.740002
"2016-06-28",54.82
"2016-06-29",55.060001
"2016-06-30",55.84
"2016-07-01",56.23
"2016-07-05",56.529999
"2016-07-06",56.259998
"2016-07-07",55.380001
"2016-07-08",55.900002
"2016-07-11",55.93
"2016-07-12",55.470001
"2016-07-13",56
"2016-07-14",55.84
"2016-07-15",55.84
"2016-07-18",55.93
"2016-07-19",55.700001
"2016-07-20",55.619999
"2016-07-21",55.369999
"2016-07-22",56.099998
"2016-07-25",55.869999
"2016-07-26",54.810001
"2016-07-27",55.32
"2016-07-28",54.860001
"2016-07-29",55.41
"2016-08-01",54.5
"2016-08-02",54
"2016-08-03",53.900002
"2016-08-04",53.93
"2016-08-05",53.639999
"2016-08-08",53.59
"2016-08-09",53.66
"2016-08-10",53.810001
"2016-08-11",53.860001
"2016-08-12",53.650002
"2016-08-15",53.610001
"2016-08-16",52.759998
"2016-08-17",53.169998
"2016-08-18",52.869999
"2016-08-19",52.450001
"2016-08-22",52.549999
"2016-08-23",52.630001
"2016-08-24",52.529999
"2016-08-25",52.75
"2016-08-26",52.07
"2016-08-29",52.5
"2016-08-30",52.27
"2016-08-31",52.330002
"2016-09-01",52.560001
"2016-09-02",52.880001
"2016-09-06",53.509998
"2016-09-07",53.709999
"2016-09-08",53.599998
"2016-09-09",51.82
"2016-09-12",52.57
"2016-09-13",51.450001
"2016-09-14",51.490002
"2016-09-15",51.98
"2016-09-16",51.880001
"2016-09-19",51.200001
"2016-09-20",51.27
"2016-09-21",51.869999
"2016-09-22",52.349998
"2016-09-23",52.560001
"2016-09-26",52.150002
"2016-09-27",52.490002
"2016-09-28",52.060001
"2016-09-29",52.119999
"2016-09-30",51.98
"2016-10-03",51.880001
"2016-10-04",51.259998
"2016-10-05",50.27
"2016-10-06",50.259998
"2016-10-07",49.919998
"2016-10-10",50.189999
"2016-10-11",49.900002
"2016-10-12",50.299999
"2016-10-13",50.290001
"2016-10-14",50.279999
"2016-10-17",50.43
"2016-10-18",50.27
"2016-10-19",50.380001
"2016-10-20",49.139999
"2016-10-21",48.200001
"2016-10-24",48.209999
"2016-10-25",47.84
"2016-10-26",47.630001
"2016-10-27",48.540001
"2016-10-28",48.209999
"2016-10-31",48.099998
"2016-11-01",47.66
"2016-11-02",46.939999
"2016-11-03",46.869999
"2016-11-04",47.080002
"2016-11-07",47.459999
"2016-11-08",47.650002
"2016-11-09",47.860001
"2016-11-10",46.689999
"2016-11-11",46.689999
"2016-11-14",46.18
"2016-11-15",47.369999
"2016-11-16",47.93
"2016-11-17",47.84
"2016-11-18",48.07
"2016-11-21",48.310001
"2016-11-22",49.490002
"2016-11-23",50.23
"2016-11-25",50.669998
"2016-11-28",51.119999
"2016-11-29",50.959999
"2016-11-30",49.900002
"2016-12-01",49.869999
"2016-12-02",49.810001
"2016-12-05",49.75
"2016-12-06",50.360001
"2016-12-07",51.380001
"2016-12-08",51.130001
"2016-12-09",51.490002
"2016-12-12",51.759998
"2016-12-13",52.360001
"2016-12-14",51.630001
"2016-12-15",51.810001
"2016-12-16",52.27
"2016-12-19",52.91
"2016-12-20",53.119999
"2016-12-21",52.970001
"2016-12-22",53.650002
"2016-12-23",53.68
"2016-12-27",53.639999
"2016-12-28",53.439999
"2016-12-29",53.740002
"2016-12-30",53.380001
"2017-01-03",54.580002
"2017-01-04",54.52
"2017-01-05",54.639999
"2017-01-06",53.259998
"2017-01-09",52.68
"2017-01-10",52.759998
"2017-01-11",52.459999
"2017-01-12",52.68
"2017-01-13",52.549999
"2017-01-17",52.740002
"2017-01-18",52.25
"2017-01-19",52.360001
"2017-01-20",52.720001
"2017-01-23",52.41
"2017-01-24",50.119999
"2017-01-25",49.77
"2017-01-26",49.119999
"2017-01-27",49.599998
"2017-01-30",49.369999
"2017-01-31",49.009998
"2017-02-01",48.389999
"2017-02-02",48.279999
"2017-02-03",48.580002
"2017-02-06",48.029999
"2017-02-07",48.040001
"2017-02-08",48.369999
"2017-02-09",48.810001
"2017-02-10",48.98
"2017-02-13",48.549999
"2017-02-14",48.27
"2017-02-15",48.080002
"2017-02-16",48.459999
"2017-02-17",49.189999
"2017-02-21",49.43
"2017-02-22",49.669998
"2017-02-23",50.310001
"2017-02-24",50.599998
"2017-02-27",49.939999
"2017-02-28",49.630001
"2017-03-01",49.810001
"2017-03-02",49.98
"2017-03-03",50.09
"2017-03-06",50.029999
"2017-03-07",49.439999
"2017-03-08",49.16
"2017-03-09",49.279999
"2017-03-10",49.349998
"2017-03-13",49.470001
"2017-03-14",49.360001
"2017-03-15",50.139999
"2017-03-16",50.040001
"2017-03-17",50.389999
"2017-03-20",50.240002
"2017-03-21",50.16
"2017-03-22",49.709999
"2017-03-23",49.639999
"2017-03-24",49.68
"2017-03-27",49.139999
"2017-03-28",49.299999
"2017-03-29",49.130001
"2017-03-30",49.060001
"2017-03-31",48.75
"2017-04-03",49.18
"2017-04-04",49.310001
"2017-04-05",49.02
"2017-04-06",48.43
"2017-04-07",48.66
"2017-04-10",48.540001
"2017-04-11",48.700001
"2017-04-12",48.919998
"2017-04-13",48.619999
"2017-04-17",48.810001
"2017-04-18",49.220001
"2017-04-19",48.939999
"2017-04-20",48.41
"2017-04-21",47.25
"2017-04-24",47.049999
"2017-04-25",46.700001
"2017-04-26",47.360001
"2017-04-27",46.669998
"2017-04-28",45.91
"2017-05-01",45.880001
"2017-05-02",45.91
"2017-05-03",46.150002
"2017-05-04",45.880001
"2017-05-05",46.689999
"2017-05-08",46.630001
"2017-05-09",46.419998
"2017-05-10",46.380001
"2017-05-11",46.02
"2017-05-12",45.84
"2017-05-15",45.380001
"2017-05-16",45.310001
"2017-05-17",44.48
"2017-05-18",45.040001
"2017-05-19",45.419998
"2017-05-22",45.48
"2017-05-23",45.48
"2017-05-24",45.040001
"2017-05-25",45.310001
"2017-05-26",45.32
"2017-05-30",46.200001
"2017-05-31",46.639999
"2017-06-01",46.509998
"2017-06-02",46.439999
"2017-06-05",46.369999
"2017-06-06",46.439999
"2017-06-07",46.5
"2017-06-08",46.189999
"2017-06-09",46.720001
"2017-06-12",47.189999
"2017-06-13",46.459999
"2017-06-14",46.689999
"2017-06-15",46.639999
"2017-06-16",46.630001
"2017-06-19",46.57
"2017-06-20",45.939999
"2017-06-21",45.41
"2017-06-22",45.419998
"2017-06-23",45.389999
"2017-06-26",45.75
"2017-06-27",44.84
"2017-06-28",44.84
"2017-06-29",44.41
"2017-06-30",44.66
"2017-07-03",45
"2017-07-05",44.650002
"2017-07-06",43.52
"2017-07-07",43.48
"2017-07-10",43.200001
"2017-07-11",42.889999
"2017-07-12",43.220001
"2017-07-13",43.490002
"2017-07-14",43.560001
"2017-07-17",43.66
"2017-07-18",43.360001
"2017-07-19",43.450001
"2017-07-20",44.220001
"2017-07-21",44.23
"2017-07-24",43.709999
"2017-07-25",43.98
"2017-07-26",44.400002
"2017-07-27",47.810001
"2017-07-28",47.939999
"2017-07-31",48.400002
"2017-08-01",48.889999
"2017-08-02",48.209999
"2017-08-03",48.610001
"2017-08-04",48.91
"2017-08-07",48.860001
"2017-08-08",48.599998
"2017-08-09",48.220001
"2017-08-10",48.02
"2017-08-11",48.060001
"2017-08-14",48.779999
"2017-08-15",48.48
"2017-08-16",48.41
"2017-08-17",47.889999
"2017-08-18",47.689999
"2017-08-21",48.139999
"2017-08-22",48.349998
"2017-08-23",48.279999
"2017-08-24",48.310001
"2017-08-25",48.68
"2017-08-28",48.610001
"2017-08-29",48.509998
"2017-08-30",48.119999
"2017-08-31",47.970001
"2017-09-01",47.919998
"2017-09-05",47.360001
"2017-09-06",46.91
"2017-09-07",46.200001
"2017-09-08",46.110001
"2017-09-11",46.299999
"2017-09-12",46.790001
"2017-09-13",47.25
"2017-09-14",47.18
"2017-09-15",47.860001
"2017-09-18",48.09
"2017-09-19",49.34
"2017-09-20",49.48
"2017-09-21",48.939999
"2017-09-22",49.900002
"2017-09-25",49.900002
"2017-09-26",49.509998
"2017-09-27",49.509998
"2017-09-28",49.41
"2017-09-29",49.490002
"2017-10-02",49.360001
"2017-10-03",49.849998
"2017-10-04",49.900002
"2017-10-05",49.77
"2017-10-06",48.810001
"2017-10-09",49.049999
"2017-10-10",49.139999
"2017-10-11",48.860001
"2017-10-12",48.349998
"2017-10-13",47.860001
"2017-10-16",48.09
"2017-10-17",48.400002
"2017-10-18",48.650002
"2017-10-19",49.209999
"2017-10-20",49.529999
"2017-10-23",48.990002
"2017-10-24",48.939999
"2017-10-25",48.639999
"2017-10-26",48.889999
"2017-10-27",48.869999
"2017-10-30",47.830002
"2017-10-31",47.869999
"2017-11-01",47.830002
"2017-11-02",47.459999
"2017-11-03",47.419998
"2017-11-06",45.529999
"2017-11-07",45.57
"2017-11-08",45.459999
"2017-11-09",45.07
"2017-11-10",44.880001
"2017-11-13",44.75
"2017-11-14",44.220001
"2017-11-15",44.110001
"2017-11-16",44.77
"2017-11-17",45.419998
"2017-11-20",46.200001
"2017-11-21",46.18
"2017-11-22",47.099998
"2017-11-24",47.009998
"2017-11-27",47.66
"2017-11-28",48.82
"2017-11-29",49.900002
"2017-11-30",50.889999
"2017-12-01",51.25
"2017-12-04",51.720001
"2017-12-05",50.919998
"2017-12-06",50.68
"2017-12-07",50.419998
"2017-12-08",51.09
"2017-12-11",51.84
"2017-12-12",53.189999
"2017-12-13",52.889999
"2017-12-14",52.34
"2017-12-15",52.669998
"2017-12-18",53.25
"2017-12-19",52.830002
"2017-12-20",52.77
"2017-12-21",53.009998
"2017-12-22",53.189999
"2017-12-26",53.220001
"2017-12-27",53.279999
"2017-12-28",53.43
"2017-12-29",52.93
"2018-01-02",53.529999
"2018-01-03",52.43
"2018-01-04",52.599998
"2018-01-05",52.48
"2018-01-08",52.389999
"2018-01-09",51.610001
"2018-01-10",51.689999
"2018-01-11",52.110001
"2018-01-12",51.860001
"2018-01-16",51.66
"2018-01-17",51.720001
"2018-01-18",51.549999
"2018-01-19",51.91
"2018-01-22",53.459999
"2018-01-23",53.23
"2018-01-24",54.220001
"2018-01-25",54.290001
"2018-01-26",54.720001
"2018-01-29",54.130001
"2018-01-30",53.900002
"2018-01-31",54.07
"2018-02-01",54.299999
"2018-02-02",52.98
"2018-02-05",50.5
"2018-02-06",50.830002
"2018-02-07",51.009998
"2018-02-08",49.040001
"2018-02-09",49.880001
"2018-02-12",50.110001
"2018-02-13",50.080002
"2018-02-14",49.509998
"2018-02-15",49.740002
"2018-02-16",50.150002
"2018-02-20",48.919998
"2018-02-21",47.959999
"2018-02-22",47.869999
"2018-02-23",48.290001
"2018-02-26",49.09
"2018-02-27",48.040001
"2018-02-28",47.740002
"2018-03-01",47.959999
"2018-03-02",48.259998
"2018-03-05",48.709999
"2018-03-06",48.889999
"2018-03-07",48.84
"2018-03-08",49.009998
"2018-03-09",49.009998
"2018-03-12",48.799999
"2018-03-13",48.650002
"2018-03-14",48.450001
"2018-03-15",48.290001
"2018-03-16",48.560001
"2018-03-19",48.310001
"2018-03-20",47.689999
"2018-03-21",47.279999
"2018-03-22",46.880001
"2018-03-23",46.290001
"2018-03-26",47.07
"2018-03-27",47.310001
"2018-03-28",48
"2018-03-29",47.82
"2018-04-02",47.16
"2018-04-03",47.5
"2018-04-04",47.93
"2018-04-05",48.240002
"2018-04-06",47.48
"2018-04-09",46.919998
"2018-04-10",48.27
"2018-04-11",47.580002
"2018-04-12",47.740002
"2018-04-13",47.66
"2018-04-16",48.389999
"2018-04-17",48.849998
"2018-04-18",48.619999
"2018-04-19",48.43
"2018-04-20",47.900002
"2018-04-23",48.66
"2018-04-24",49.669998
"2018-04-25",50.099998
"2018-04-26",49.759998
"2018-04-27",51.57
"2018-04-30",49.349998
"2018-05-01",48.82
"2018-05-02",47.75
"2018-05-03",47.84
"2018-05-04",48.189999
"2018-05-07",47.73
"2018-05-08",47.02
"2018-05-09",46.380001
"2018-05-10",47.200001
"2018-05-11",48.619999
"2018-05-14",48.490002
"2018-05-15",47.790001
"2018-05-16",47.860001
"2018-05-17",47.849998
"2018-05-18",47.740002
"2018-05-21",48.43
"2018-05-22",48.810001
"2018-05-23",48.59
"2018-05-24",48.639999
"2018-05-25",48.52
"2018-05-29",48.200001
"2018-05-30",48.599998
"2018-05-31",47.669998
"2018-06-01",47.810001
"2018-06-04",47.82
"2018-06-05",47.970001
"2018-06-06",48.41
"2018-06-07",49.009998
"2018-06-08",49.18
"2018-06-11",49.299999
"2018-06-12",48.810001
"2018-06-13",47.400002
"2018-06-14",47.82
"2018-06-15",48.060001
"2018-06-18",47.459999
"2018-06-19",48.5
"2018-06-20",48.09
"2018-06-21",48.630001
"2018-06-22",49.759998
"2018-06-25",49.599998
"2018-06-26",49.299999
"2018-06-27",49.310001
"2018-06-28",50.860001
"2018-06-29",50.310001
"2018-07-02",50.419998
"2018-07-03",50.700001
"2018-07-05",51.279999
"2018-07-06",51.48
"2018-07-09",50.740002
"2018-07-10",51.34
"2018-07-11",51.34
"2018-07-12",51.240002
"2018-07-13",51.41
"2018-07-16",51.59
"2018-07-17",51.43
"2018-07-18",51.139999
"2018-07-19",50.75
"2018-07-20",50.619999
"2018-07-23",50.75
"2018-07-24",51.509998
"2018-07-25",50.91
"2018-07-26",51.18
"2018-07-27",52.009998
"2018-07-30",52.490002
"2018-07-31",51.639999
"2018-08-01",51.73
"2018-08-02",51.98
"2018-08-03",52.27
"2018-08-06",52.48
"2018-08-07",52.459999
"2018-08-08",52.700001
"2018-08-09",53.009998
"2018-08-10",52.470001
"2018-08-13",52.220001
"2018-08-14",52.869999
"2018-08-15",53.240002
"2018-08-16",54.27
"2018-08-17",54.790001
"2018-08-20",54.650002
"2018-08-21",54.91
"2018-08-22",54.139999
"2018-08-23",54.279999
"2018-08-24",54.779999
"2018-08-27",54.849998
"2018-08-28",54.650002
"2018-08-29",54.57
"2018-08-30",54.75
"2018-08-31",54.369999
"2018-09-04",53.189999
"2018-09-05",53.82
"2018-09-06",54.290001
"2018-09-07",54
"2018-09-10",54.119999
"2018-09-11",54.720001
"2018-09-12",54.970001
"2018-09-13",54.939999
"2018-09-14",54.549999
"2018-09-17",54.700001
"2018-09-18",54.389999
"2018-09-19",53.5
"2018-09-20",53.950001
"2018-09-21",54.419998
"2018-09-24",53.540001
"2018-09-25",53.049999
"2018-09-26",53.139999
"2018-09-27",53.59
"2018-09-28",53.389999
"2018-10-01",53.84
"2018-10-02",54.419998
"2018-10-03",54.290001
"2018-10-04",55.02
"2018-10-05",54.939999
"2018-10-08",55.02
"2018-10-09",54.990002
"2018-10-10",54.330002
"2018-10-11",53.330002
"2018-10-12",53.73
"2018-10-15",53.599998
"2018-10-16",53.700001
"2018-10-17",53.959999
"2018-10-18",54.650002
"2018-10-19",54.900002
"2018-10-22",54.98
"2018-10-23",57.209999
"2018-10-24",57.419998
"2018-10-25",56.43
"2018-10-26",55.509998
"2018-10-29",56.48
"2018-10-30",58.18
"2018-10-31",57.09
"2018-11-01",56.049999
"2018-11-02",56.630001
"2018-11-05",57.209999
"2018-11-06",57.209999
"2018-11-07",57.650002
"2018-11-08",58.27
"2018-11-09",58.459999
"2018-11-12",58.720001
"2018-11-13",58.66
"2018-11-14",58.939999
"2018-11-15",59.080002
"2018-11-16",60.209999
"2018-11-19",60.619999
"2018-11-20",59.459999
"2018-11-21",59.16
"2018-11-23",58.639999
"2018-11-26",59.169998
"2018-11-27",60.650002
"2018-11-28",60.060001
"2018-11-29",59.450001
"2018-11-30",60.299999
"2018-12-03",58.16
"2018-12-04",58.09
"2018-12-06",58.080002
"2018-12-07",57.68
"2018-12-10",58.27
"2018-12-11",58.849998
"2018-12-12",57.25
"2018-12-13",57.09
"2018-12-14",57.080002
"2018-12-17",55.950001
"2018-12-18",55.650002
"2018-12-19",55.860001
"2018-12-20",55.07
"2018-12-21",54.919998
"2018-12-24",53.049999
"2018-12-26",54.439999
"2018-12-27",55.150002
"2018-12-28",55.27
"2018-12-31",56.220001
"2019-01-02",56.02
"2019-01-03",56.220001
"2019-01-04",56.360001
"2019-01-07",56.720001
"2019-01-08",58.380001
"2019-01-09",57.049999
"2019-01-10",57.599998
"2019-01-11",58.02
"2019-01-14",58.029999
"2019-01-15",58.099998
"2019-01-16",57.080002
"2019-01-17",56.830002
"2019-01-18",57.09
"2019-01-22",56.990002
"2019-01-23",57.759998
"2019-01-24",57.07
"2019-01-25",56.400002
"2019-01-28",55.07
"2019-01-29",53.279999
"2019-01-30",54
"2019-01-31",55.060001
"2019-02-01",54.549999
"2019-02-04",54.040001
"2019-02-05",54.139999
"2019-02-06",53.790001
"2019-02-07",53.57
"2019-02-08",53.950001
"2019-02-11",54.049999
"2019-02-12",54.419998
"2019-02-13",54.48
"2019-02-14",54.029999
"2019-02-15",55.16
"2019-02-19",55.439999
"2019-02-20",55.759998
"2019-02-21",56.150002
"2019-02-22",56.919998
"2019-02-25",56.779999
"2019-02-26",56.639999
"2019-02-27",56.720001
"2019-02-28",56.919998
"2019-03-01",56.959999
"2019-03-04",56.240002
"2019-03-05",56.080002
"2019-03-06",55.68
"2019-03-07",56.299999
"2019-03-08",56.529999
"2019-03-11",57.580002
"2019-03-12",57.43
"2019-03-13",57.66
"2019-03-14",57.950001
"2019-03-15",58.389999
"2019-03-18",58.07
"2019-03-19",57.5
"2019-03-20",57.669998
"2019-03-21",58.290001
"2019-03-22",59.759998
"2019-03-25",60.080002
"2019-03-26",60.630001
"2019-03-27",60.880001
"2019-03-28",59.080002
"2019-03-29",59.130001
"2019-04-01",59.09
"2019-04-02",58.529999
"2019-04-03",58.869999
"2019-04-04",58.990002
"2019-04-05",59.09
"2019-04-08",59.130001
"2019-04-09",58.400002
"2019-04-10",58.610001
"2019-04-11",58.560001
"2019-04-12",58.740002
"2019-04-15",58.709999
"2019-04-16",58.790001
"2019-04-17",57.779999
"2019-04-18",58.040001
"2019-04-22",58.369999
"2019-04-23",57.150002
"2019-04-24",57.080002
"2019-04-25",55.849998
"2019-04-26",56.580002
"2019-04-29",56.84
"2019-04-30",57.189999
"2019-05-01",56.52
"2019-05-02",56.990002
"2019-05-03",57.240002
"2019-05-06",56.91
"2019-05-07",56.630001
"2019-05-08",56.380001
"2019-05-09",56.48
"2019-05-10",56.91
"2019-05-13",56.75
"2019-05-14",56.549999
"2019-05-15",56.810001
"2019-05-16",57.380001
"2019-05-17",58.09
"2019-05-20",59.009998
"2019-05-21",59.5
"2019-05-22",59.25
"2019-05-23",58.869999
"2019-05-24",59.32
"2019-05-28",58.73
"2019-05-29",58.18
"2019-05-30",56.830002
"2019-05-31",54.349998
"2019-06-03",56.380001
"2019-06-04",56.220001
"2019-06-05",57.029999
"2019-06-06",57.540001
"2019-06-07",57.240002
"2019-06-10",56.150002
"2019-06-11",56.830002
"2019-06-12",57.360001
"2019-06-13",57.619999
"2019-06-14",58.279999
"2019-06-17",57.630001
"2019-06-18",57.330002
"2019-06-19",57.630001
"2019-06-20",57.34
"2019-06-21",57.77
"2019-06-24",58.27
"2019-06-25",58
"2019-06-26",56.990002
"2019-06-27",57.25
"2019-06-28",57.130001
"2019-07-01",56.66
"2019-07-02",58.130001
"2019-07-03",58.130001
"2019-07-05",58.310001
"2019-07-08",57.889999
"2019-07-09",56.41
"2019-07-10",57
"2019-07-11",56.919998
"2019-07-12",57.189999
"2019-07-15",57.580002
"2019-07-16",57.41
"2019-07-17",57.220001
"2019-07-18",57.209999
"2019-07-19",56.59
"2019-07-22",55.5
"2019-07-23",55.48
"2019-07-24",55.970001
"2019-07-25",56.360001
"2019-07-26",57.080002
"2019-07-29",57.369999
"2019-07-30",56.630001
"2019-07-31",55.27
"2019-08-01",55.259998
"2019-08-02",55.59
"2019-08-05",55.220001
"2019-08-06",55.049999
"2019-08-07",55.09
"2019-08-08",55.82
"2019-08-09",55.779999
"2019-08-12",55.689999
"2019-08-13",56.369999
"2019-08-14",55.720001
"2019-08-15",56.299999
"2019-08-16",56.650002
"2019-08-19",57
"2019-08-20",56.27
"2019-08-21",56.59
"2019-08-22",56.779999
"2019-08-23",55.919998
"2019-08-26",56.709999
"2019-08-27",57.18
"2019-08-28",57.950001
"2019-08-29",57.939999
"2019-08-30",58.16
"2019-09-03",58.040001
"2019-09-04",58.18
"2019-09-05",58.59
"2019-09-06",59.060001
"2019-09-09",58.66
"2019-09-10",59.709999
"2019-09-11",60.130001
"2019-09-12",60.43
"2019-09-13",59.959999
"2019-09-16",59.5
"2019-09-17",59.869999
"2019-09-18",59.93
"2019-09-19",59.98
"2019-09-20",60.290001
"2019-09-23",60.209999
"2019-09-24",60.509998
"2019-09-25",60.27
"2019-09-26",60.439999
"2019-09-27",60.299999
"2019-09-30",60.360001
"2019-10-01",59.849998
"2019-10-02",58.91
"2019-10-03",59.009998
"2019-10-04",59.900002
"2019-10-07",60.25
"2019-10-08",59.720001
"2019-10-09",59.220001
"2019-10-10",59.830002
"2019-10-11",59.93
"2019-10-14",59.599998
"2019-10-15",60.549999
"2019-10-16",60.290001
"2019-10-17",60.41
"2019-10-18",61.049999
"2019-10-21",60.75
"2019-10-22",60.77
"2019-10-23",60.880001
"2019-10-24",60.580002
"2019-10-25",60.369999
"2019-10-28",60.18
"2019-10-29",60.189999
"2019-10-30",60.82
"2019-10-31",60.470001
"2019-11-01",60.369999
"2019-11-04",59.869999
"2019-11-05",59.5
"2019-11-06",60.130001
"2019-11-07",60.529999
"2019-11-08",59.349998
"2019-11-11",59.610001
"2019-11-12",59.32
"2019-11-13",59.41
"2019-11-14",59.34
"2019-11-15",59.509998
"2019-11-18",59.439999
"2019-11-19",59.5
"2019-11-20",59.48
"2019-11-21",59.610001
"2019-11-22",59.75
"2019-11-25",59.380001
"2019-11-26",59.889999
"2019-11-27",60.099998
"2019-11-29",60.240002
"2019-12-02",59.959999
"2019-12-03",60.139999
"2019-12-04",60.529999
"2019-12-05",60.82
"2019-12-06",61.189999
"2019-12-09",61.009998
"2019-12-10",61.23
"2019-12-11",61.080002
"2019-12-12",61.169998
"2019-12-13",60.810001
"2019-12-16",61.23
"2019-12-17",61.490002
"2019-12-18",60.860001
"2019-12-19",60.799999
"2019-12-20",62.07
"2019-12-23",61.400002
"2019-12-24",61.279999
"2019-12-26",61.290001
"2019-12-27",61.529999
"2019-12-30",61.209999
"2019-12-31",61.400002
"2020-01-02",61.049999
"2020-01-03",60.400002
"2020-01-06",60.27
"2020-01-07",59.599998
"2020-01-08",59.709999
"2020-01-09",58.849998
"2020-01-10",58.990002
"2020-01-13",59.150002
"2020-01-14",59.040001
"2020-01-15",59.099998
"2020-01-16",59.669998
"2020-01-17",60.130001
"2020-01-21",60.32
"2020-01-22",60.48
"2020-01-23",60.509998
"2020-01-24",60.279999
"2020-01-27",59.91
"2020-01-28",60.700001
"2020-01-29",59.529999
"2020-01-30",59.360001
"2020-01-31",59.439999
"2020-02-03",58.049999
"2020-02-04",58.290001
"2020-02-05",59.130001
"2020-02-06",59.439999
"2020-02-07",59.939999
"2020-02-10",60.240002
"2020-02-11",58.689999
"2020-02-12",58.23
"2020-02-13",58.650002
"2020-02-14",58.509998
"2020-02-18",57.91
"2020-02-19",58.220001
"2020-02-20",58.09
"2020-02-21",58.200001
"2020-02-24",57.990002
"2020-02-25",57.119999
"2020-02-26",57.139999
"2020-02-27",55.060001
"2020-02-28",54.16
"2020-03-02",57.32
"2020-03-03",55.700001
"2020-03-04",58.119999
"2020-03-05",57.16
"2020-03-06",56.869999
"2020-03-09",55.830002
"2020-03-10",56.52
"2020-03-11",54.830002
"2020-03-12",51.200001
"2020-03-13",54.169998
"2020-03-16",50.990002
"2020-03-17",54.310001
"2020-03-18",54.32
"2020-03-19",53.619999
"2020-03-20",51.799999
"2020-03-23",50.310001
"2020-03-24",49.990002
"2020-03-25",49.939999
"2020-03-26",53.540001
"2020-03-27",52.77
"2020-03-30",54.77
"2020-03-31",53.73
"2020-04-01",52.919998
"2020-04-02",55.25
"2020-04-03",54.700001
"2020-04-06",56.700001
"2020-04-07",56.98
"2020-04-08",57.799999
"2020-04-09",57.439999
"2020-04-13",56.669998
"2020-04-14",58.139999
"2020-04-15",56.93
"2020-04-16",57.66
"2020-04-17",58.459999
"2020-04-20",58.130001
"2020-04-21",56.82
"2020-04-22",57.990002
"2020-04-23",57.59
"2020-04-24",57.93
"2020-04-27",57.810001
"2020-04-28",57.830002
"2020-04-29",58.119999
"2020-04-30",57.450001
"2020-05-01",56.830002
"2020-05-04",56.240002
"2020-05-05",56.509998
"2020-05-06",55.639999
"2020-05-07",55.580002
"2020-05-08",57
"2020-05-11",56.400002
"2020-05-12",55.459999
"2020-05-13",54.849998
"2020-05-14",54.91
"2020-05-15",54.709999
"2020-05-18",55.720001
"2020-05-19",54.380001
"2020-05-20",54.259998
"2020-05-21",53.970001
"2020-05-22",54.099998
"2020-05-26",54.299999
"2020-05-27",55.139999
"2020-05-28",55.720001
"2020-05-29",57.380001
"2020-06-01",55.779999
"2020-06-02",56.400002
"2020-06-03",56.830002
"2020-06-04",57.220001
"2020-06-05",57.740002
"2020-06-08",58.09
"2020-06-09",57.860001
"2020-06-10",58.049999
"2020-06-11",56.450001
"2020-06-12",56.529999
"2020-06-15",56.150002
"2020-06-16",56.919998
"2020-06-17",56.650002
"2020-06-18",56.889999
"2020-06-19",56.16
"2020-06-22",55.66
"2020-06-23",54.939999
"2020-06-24",53.93
"2020-06-25",54.279999
"2020-06-26",53.16
"2020-06-29",54.689999
"2020-06-30",55.130001
"2020-07-01",54.669998
"2020-07-02",54.790001
"2020-07-06",55.240002
"2020-07-07",55.040001
"2020-07-08",55.380001
"2020-07-09",53.939999
"2020-07-10",54.490002
"2020-07-13",54.450001
"2020-07-14",55.439999
"2020-07-15",55.060001
"2020-07-16",55.779999
"2020-07-17",56.299999
"2020-07-20",55.869999
"2020-07-21",55.84
"2020-07-22",55.75
"2020-07-23",55.849998
"2020-07-24",56.849998
"2020-07-27",56.869999
"2020-07-28",57.48
"2020-07-29",57.450001
"2020-07-30",57.299999
"2020-07-31",57.48
"2020-08-03",57.240002
"2020-08-04",57.91
"2020-08-05",57.540001
"2020-08-06",57.830002
"2020-08-07",58.529999
"2020-08-10",58.990002
"2020-08-11",58.509998
"2020-08-12",58.599998
"2020-08-13",58.52
"2020-08-14",58.790001
"2020-08-17",58.779999
"2020-08-18",59.18
"2020-08-19",59.049999
"2020-08-20",58.959999
"2020-08-21",58.990002
"2020-08-24",59.57
"2020-08-25",59.419998
"2020-08-26",59.459999
"2020-08-27",59.43
"2020-08-28",59.259998
"2020-08-31",59.27
"2020-09-01",59.16
"2020-09-02",60.529999
"2020-09-03",60.610001
"2020-09-04",60.48
"2020-09-08",59.959999
"2020-09-09",60.040001
"2020-09-10",59.529999
"2020-09-11",59.790001
"2020-09-14",60.32
"2020-09-15",60.599998
"2020-09-16",60.369999
"2020-09-17",60.59
"2020-09-18",60.349998
"2020-09-21",59.610001
"2020-09-22",59.82
"2020-09-23",58.91
"2020-09-24",59.189999
"2020-09-25",59.389999
"2020-09-28",59.360001
"2020-09-29",59.240002
"2020-09-30",59.490002
"2020-10-01",59.450001
"2020-10-02",59.240002
"2020-10-05",59.66
"2020-10-06",59.459999
"2020-10-07",59.610001
"2020-10-08",59.189999
"2020-10-09",59.330002
"2020-10-12",59.549999
"2020-10-13",59.360001
"2020-10-14",58.43
"2020-10-15",58.16
"2020-10-16",58.049999
"2020-10-19",57.299999
"2020-10-20",57.25
"2020-10-21",56.75
"2020-10-22",57.330002
"2020-10-23",57.959999
"2020-10-26",57.810001
"2020-10-27",57.380001
"2020-10-28",56.310001
"2020-10-29",56.759998
"2020-10-30",56.990002
"2020-11-02",57.700001
"2020-11-03",57.75
"2020-11-04",57.220001
"2020-11-05",58.150002
"2020-11-06",58.529999
"2020-11-09",59.84
"2020-11-10",61.099998
"2020-11-11",61
"2020-11-12",60.790001
"2020-11-13",61.060001
"2020-11-16",60.889999
"2020-11-17",60.75
"2020-11-18",60.32
"2020-11-19",60.209999
"2020-11-20",60.040001
"2020-11-23",60.23
"2020-11-24",60.639999
"2020-11-25",60.41
"2020-11-27",60.580002
"2020-11-30",60.41
"2020-12-01",60.580002
"2020-12-02",61.360001
"2020-12-03",61.740002
"2020-12-04",61.549999
"2020-12-07",61.349998
"2020-12-08",61.450001
"2020-12-09",61.459999
"2020-12-10",60.509998
"2020-12-11",60.349998
"2020-12-14",59.98
"2020-12-15",60.549999
"2020-12-16",59.91
"2020-12-17",60.009998
"2020-12-18",60.459999
"2020-12-21",59.490002
"2020-12-22",58.990002
"2020-12-23",58.959999
"2020-12-24",58.84
"2020-12-28",58.98
"2020-12-29",58.810001
"2020-12-30",58.139999
"2020-12-31",58.75
"2021-01-04",58.849998
"2021-01-05",58.580002
"2021-01-06",59.290001
"2021-01-07",58.529999
"2021-01-08",57.799999
"2021-01-11",57.459999
"2021-01-12",57.259998
"2021-01-13",57.060001
"2021-01-14",57.040001
"2021-01-15",57.380001
"2021-01-19",57.049999
"2021-01-20",57.259998
"2021-01-21",57.27
"2021-01-22",57.470001
"2021-01-25",58.419998
"2021-01-26",56.57
"2021-01-27",55.130001
"2021-01-28",55.369999
"2021-01-29",54.75
"2021-02-01",54.279999
"2021-02-02",54.5
"2021-02-03",54.790001
"2021-02-04",55.139999
"2021-02-05",55.32
"2021-02-08",55.049999
"2021-02-09",55
"2021-02-10",54.959999
"2021-02-11",54.599998
"2021-02-12",54.200001
"2021-02-16",54.150002
"2021-02-17",56.990002
"2021-02-18",56.98
"2021-02-19",56.450001
"2021-02-22",56.450001
"2021-02-23",57.029999
"2021-02-24",57.119999
"2021-02-25",56.5
"2021-02-26",55.299999
"2021-03-01",55.360001
"2021-03-02",54.98
"2021-03-03",55.380001
"2021-03-04",54.799999
"2021-03-05",56
"2021-03-08",56.790001
"2021-03-09",56.200001
"2021-03-10",57.080002
