"Index","WFC.Close"
"2010-01-04",27.32
"2010-01-05",28.07
"2010-01-06",28.110001
"2010-01-07",29.129999
"2010-01-08",28.860001
"2010-01-11",28.799999
"2010-01-12",28.08
"2010-01-13",28.58
"2010-01-14",28.99
"2010-01-15",28.08
"2010-01-19",28.280001
"2010-01-20",27.82
"2010-01-21",28
"2010-01-22",27.26
"2010-01-25",27.66
"2010-01-26",26.99
"2010-01-27",28.200001
"2010-01-28",28.450001
"2010-01-29",28.43
"2010-02-01",28.93
"2010-02-02",28.790001
"2010-02-03",28.139999
"2010-02-04",27.059999
"2010-02-05",27.42
"2010-02-08",26.43
"2010-02-09",26.709999
"2010-02-10",27.18
"2010-02-11",27.08
"2010-02-12",26.879999
"2010-02-16",27.389999
"2010-02-17",27.33
"2010-02-18",27.34
"2010-02-19",27.370001
"2010-02-22",28.01
"2010-02-23",27.290001
"2010-02-24",27.66
"2010-02-25",27.440001
"2010-02-26",27.34
"2010-03-01",27.35
"2010-03-02",27.870001
"2010-03-03",28.200001
"2010-03-04",28.43
"2010-03-05",29.15
"2010-03-08",28.889999
"2010-03-09",28.98
"2010-03-10",29.57
"2010-03-11",29.76
"2010-03-12",29.629999
"2010-03-15",29.889999
"2010-03-16",30.280001
"2010-03-17",30.549999
"2010-03-18",30.290001
"2010-03-19",30.379999
"2010-03-22",30.41
"2010-03-23",31.08
"2010-03-24",30.860001
"2010-03-25",31.059999
"2010-03-26",31.219999
"2010-03-29",31.1
"2010-03-30",30.84
"2010-03-31",31.120001
"2010-04-01",31.370001
"2010-04-05",31.51
"2010-04-06",32.279999
"2010-04-07",31.99
"2010-04-08",32.23
"2010-04-09",32.299999
"2010-04-12",32.419998
"2010-04-13",32.150002
"2010-04-14",33.279999
"2010-04-15",33.509998
"2010-04-16",32.560001
"2010-04-19",33.02
"2010-04-20",33.689999
"2010-04-21",33.009998
"2010-04-22",33.580002
"2010-04-23",33.48
"2010-04-26",32.720001
"2010-04-27",31.719999
"2010-04-28",32.450001
"2010-04-29",33.23
"2010-04-30",33.110001
"2010-05-03",33.880001
"2010-05-04",32.939999
"2010-05-05",32.66
"2010-05-06",31.18
"2010-05-07",30.82
"2010-05-10",32.970001
"2010-05-11",32.91
"2010-05-12",33.66
"2010-05-13",33.080002
"2010-05-14",32.040001
"2010-05-17",31.969999
"2010-05-18",30.59
"2010-05-19",30.08
"2010-05-20",28.690001
"2010-05-21",30.110001
"2010-05-24",28.709999
"2010-05-25",28.9
"2010-05-26",28.040001
"2010-05-27",29.41
"2010-05-28",28.690001
"2010-06-01",28.23
"2010-06-02",29.18
"2010-06-03",28.860001
"2010-06-04",27.780001
"2010-06-07",27.290001
"2010-06-08",27.76
"2010-06-09",27.030001
"2010-06-10",28.129999
"2010-06-11",27.84
"2010-06-14",27.4
"2010-06-15",27.91
"2010-06-16",28.120001
"2010-06-17",27.93
"2010-06-18",28.07
"2010-06-21",27.940001
"2010-06-22",27.459999
"2010-06-23",27.32
"2010-06-24",26.860001
"2010-06-25",27.049999
"2010-06-28",27.030001
"2010-06-29",25.93
"2010-06-30",25.6
"2010-07-01",25.18
"2010-07-02",24.879999
"2010-07-06",25.15
"2010-07-07",26.66
"2010-07-08",26.639999
"2010-07-09",27
"2010-07-12",27.059999
"2010-07-13",27.940001
"2010-07-14",27.66
"2010-07-15",27.809999
"2010-07-16",26.24
"2010-07-19",26.02
"2010-07-20",25.91
"2010-07-21",26.059999
"2010-07-22",27.389999
"2010-07-23",27.42
"2010-07-26",27.91
"2010-07-27",28.389999
"2010-07-28",28.07
"2010-07-29",27.690001
"2010-07-30",27.73
"2010-08-02",28.57
"2010-08-03",28.120001
"2010-08-04",27.93
"2010-08-05",27.879999
"2010-08-06",27.75
"2010-08-09",28.23
"2010-08-10",27.77
"2010-08-11",26.299999
"2010-08-12",26
"2010-08-13",25.84
"2010-08-16",25.68
"2010-08-17",25.34
"2010-08-18",25.379999
"2010-08-19",24.43
"2010-08-20",24.6
"2010-08-23",24.23
"2010-08-24",23.639999
"2010-08-25",23.6
"2010-08-26",23.49
"2010-08-27",24
"2010-08-30",23.25
"2010-08-31",23.549999
"2010-09-01",24.66
"2010-09-02",25.1
"2010-09-03",25.84
"2010-09-07",24.92
"2010-09-08",25.219999
"2010-09-09",25.690001
"2010-09-10",25.75
"2010-09-13",26.5
"2010-09-14",26.059999
"2010-09-15",26.34
"2010-09-16",26.059999
"2010-09-17",26.01
"2010-09-20",26.559999
"2010-09-21",26.379999
"2010-09-22",25.809999
"2010-09-23",25.040001
"2010-09-24",25.59
"2010-09-27",25.530001
"2010-09-28",25.35
"2010-09-29",25.040001
"2010-09-30",25.120001
"2010-10-01",25.559999
"2010-10-04",25.379999
"2010-10-05",26.25
"2010-10-06",26.299999
"2010-10-07",26
"2010-10-08",25.950001
"2010-10-11",25.65
"2010-10-12",25.98
"2010-10-13",25.809999
"2010-10-14",24.719999
"2010-10-15",23.58
"2010-10-18",24.870001
"2010-10-19",24.549999
"2010-10-20",25.6
"2010-10-21",26.030001
"2010-10-22",26.110001
"2010-10-25",25.719999
"2010-10-26",25.91
"2010-10-27",25.75
"2010-10-28",25.940001
"2010-10-29",26.059999
"2010-11-01",25.93
"2010-11-02",25.969999
"2010-11-03",26.459999
"2010-11-04",27.459999
"2010-11-05",29.219999
"2010-11-08",29.040001
"2010-11-09",28.129999
"2010-11-10",28.58
"2010-11-11",28.190001
"2010-11-12",27.540001
"2010-11-15",27.65
"2010-11-16",27.190001
"2010-11-17",26.860001
"2010-11-18",27.51
"2010-11-19",27.49
"2010-11-22",26.950001
"2010-11-23",26.799999
"2010-11-24",27.110001
"2010-11-26",26.65
"2010-11-29",27.200001
"2010-11-30",27.209999
"2010-12-01",27.530001
"2010-12-02",28.780001
"2010-12-03",29.049999
"2010-12-06",28.74
"2010-12-07",28.469999
"2010-12-08",29.370001
"2010-12-09",30.07
"2010-12-10",30.27
"2010-12-13",30.219999
"2010-12-14",29.82
"2010-12-15",29.790001
"2010-12-16",30.02
"2010-12-17",29.959999
"2010-12-20",30.1
"2010-12-21",30.82
"2010-12-22",31.309999
"2010-12-23",30.99
"2010-12-27",31.209999
"2010-12-28",31.200001
"2010-12-29",31.02
"2010-12-30",30.82
"2010-12-31",30.99
"2011-01-03",31.58
"2011-01-04",31.65
"2011-01-05",32.369999
"2011-01-06",32.150002
"2011-01-07",31.5
"2011-01-10",31.200001
"2011-01-11",31.4
"2011-01-12",32.009998
"2011-01-13",31.889999
"2011-01-14",32.75
"2011-01-18",32.490002
"2011-01-19",31.809999
"2011-01-20",31.889999
"2011-01-21",32.509998
"2011-01-24",32.700001
"2011-01-25",32.700001
"2011-01-26",32.450001
"2011-01-27",32.5
"2011-01-28",31.84
"2011-01-31",32.419998
"2011-02-01",33.439999
"2011-02-02",32.720001
"2011-02-03",32.75
"2011-02-04",32.759998
"2011-02-07",33.32
"2011-02-08",34.099998
"2011-02-09",33.130001
"2011-02-10",33
"2011-02-11",33.759998
"2011-02-14",33.869999
"2011-02-15",33.68
"2011-02-16",33.299999
"2011-02-17",32.950001
"2011-02-18",32.639999
"2011-02-22",31.379999
"2011-02-23",31.5
"2011-02-24",31.440001
"2011-02-25",32.400002
"2011-02-28",32.259998
"2011-03-01",31.65
"2011-03-02",31.549999
"2011-03-03",32.41
"2011-03-04",31.91
"2011-03-07",31.719999
"2011-03-08",32.509998
"2011-03-09",32.799999
"2011-03-10",32.060001
"2011-03-11",32.380001
"2011-03-14",32.099998
"2011-03-15",32.27
"2011-03-16",31.23
"2011-03-17",31.360001
"2011-03-18",31.83
"2011-03-21",31.879999
"2011-03-22",31.51
"2011-03-23",31.450001
"2011-03-24",31.540001
"2011-03-25",31.940001
"2011-03-28",31.610001
"2011-03-29",31.59
"2011-03-30",31.91
"2011-03-31",31.709999
"2011-04-01",32.060001
"2011-04-04",31.799999
"2011-04-05",31.99
"2011-04-06",32.400002
"2011-04-07",32.169998
"2011-04-08",31.620001
"2011-04-11",31.4
"2011-04-12",31.4
"2011-04-13",30.68
"2011-04-14",30.15
"2011-04-15",29.889999
"2011-04-18",29.52
"2011-04-19",30.07
"2011-04-20",28.83
"2011-04-21",28.540001
"2011-04-25",28.559999
"2011-04-26",28.870001
"2011-04-27",29.27
"2011-04-28",29.27
"2011-04-29",29.110001
"2011-05-02",29.129999
"2011-05-03",29.51
"2011-05-04",28.780001
"2011-05-05",28.129999
"2011-05-06",28.25
"2011-05-09",28.209999
"2011-05-10",28.530001
"2011-05-11",28.16
"2011-05-12",28.23
"2011-05-13",27.93
"2011-05-16",27.860001
"2011-05-17",28.75
"2011-05-18",28.92
"2011-05-19",28.610001
"2011-05-20",28
"2011-05-23",27.530001
"2011-05-24",27.629999
"2011-05-25",27.559999
"2011-05-26",27.700001
"2011-05-27",28.139999
"2011-05-31",28.370001
"2011-06-01",26.940001
"2011-06-02",27.16
"2011-06-03",26.860001
"2011-06-06",26.26
"2011-06-07",25.77
"2011-06-08",25.360001
"2011-06-09",26.219999
"2011-06-10",26.280001
"2011-06-13",26.9
"2011-06-14",27.02
"2011-06-15",26.549999
"2011-06-16",26.799999
"2011-06-17",27.33
"2011-06-20",26.950001
"2011-06-21",27.459999
"2011-06-22",27.370001
"2011-06-23",27.040001
"2011-06-24",27.26
"2011-06-27",27.450001
"2011-06-28",27.49
"2011-06-29",28.07
"2011-06-30",28.059999
"2011-07-01",28.67
"2011-07-05",28.42
"2011-07-06",28.120001
"2011-07-07",28.66
"2011-07-08",28.299999
"2011-07-11",27.59
"2011-07-12",27.389999
"2011-07-13",27.530001
"2011-07-14",27.280001
"2011-07-15",27.18
"2011-07-18",26.879999
"2011-07-19",28.41
"2011-07-20",28.700001
"2011-07-21",29.379999
"2011-07-22",29.139999
"2011-07-25",28.950001
"2011-07-26",28.969999
"2011-07-27",28.58
"2011-07-28",28.299999
"2011-07-29",27.940001
"2011-08-01",27.93
"2011-08-02",27.18
"2011-08-03",27.299999
"2011-08-04",25.74
"2011-08-05",25.209999
"2011-08-08",22.93
"2011-08-09",24.780001
"2011-08-10",22.879999
"2011-08-11",24.290001
"2011-08-12",24.129999
"2011-08-15",25.02
"2011-08-16",24.549999
"2011-08-17",24.879999
"2011-08-18",23.719999
"2011-08-19",23.360001
"2011-08-22",22.889999
"2011-08-23",23.940001
"2011-08-24",24.43
"2011-08-25",24.76
"2011-08-26",24.59
"2011-08-29",25.42
"2011-08-30",25.4
"2011-08-31",26.1
"2011-09-01",25.23
"2011-09-02",24.200001
"2011-09-06",23.92
"2011-09-07",24.959999
"2011-09-08",24.4
"2011-09-09",23.52
"2011-09-12",24.1
"2011-09-13",24.360001
"2011-09-14",24.690001
"2011-09-15",25.190001
"2011-09-16",24.950001
"2011-09-19",24.33
"2011-09-20",24.67
"2011-09-21",23.709999
"2011-09-22",23.17
"2011-09-23",23.690001
"2011-09-26",24.790001
"2011-09-27",24.959999
"2011-09-28",24.450001
"2011-09-29",24.99
"2011-09-30",24.120001
"2011-10-03",23.18
"2011-10-04",24.209999
"2011-10-05",24.5
"2011-10-06",25.370001
"2011-10-07",24.540001
"2011-10-10",26.129999
"2011-10-11",26.049999
"2011-10-12",26.950001
"2011-10-13",26.120001
"2011-10-14",26.67
"2011-10-17",24.42
"2011-10-18",25.860001
"2011-10-19",25.18
"2011-10-20",25.76
"2011-10-21",26.309999
"2011-10-24",26.52
"2011-10-25",25.549999
"2011-10-26",25.76
"2011-10-27",27.07
"2011-10-28",27.08
"2011-10-31",25.91
"2011-11-01",24.77
"2011-11-02",25.33
"2011-11-03",25.809999
"2011-11-04",25.4
"2011-11-07",25.42
"2011-11-08",26.530001
"2011-11-09",24.99
"2011-11-10",25.08
"2011-11-11",25.65
"2011-11-14",25.1
"2011-11-15",25.290001
"2011-11-16",24.940001
"2011-11-17",24.67
"2011-11-18",24.690001
"2011-11-21",24.18
"2011-11-22",23.93
"2011-11-23",23.209999
"2011-11-25",23.51
"2011-11-28",24.15
"2011-11-29",24.08
"2011-11-30",25.860001
"2011-12-01",25.639999
"2011-12-02",26.07
"2011-12-05",26.74
"2011-12-06",26.65
"2011-12-07",27.049999
"2011-12-08",26.190001
"2011-12-09",26.91
"2011-12-12",26.290001
"2011-12-13",25.790001
"2011-12-14",25.860001
"2011-12-15",25.610001
"2011-12-16",25.98
"2011-12-19",25.309999
"2011-12-20",26.5
"2011-12-21",26.889999
"2011-12-22",27.25
"2011-12-23",27.790001
"2011-12-27",27.610001
"2011-12-28",27.110001
"2011-12-29",27.76
"2011-12-30",27.559999
"2012-01-03",28.43
"2012-01-04",28.559999
"2012-01-05",29.02
"2012-01-06",28.940001
"2012-01-09",29.299999
"2012-01-10",29.41
"2012-01-11",29.620001
"2012-01-12",29.610001
"2012-01-13",29.610001
"2012-01-17",29.83
"2012-01-18",30.24
"2012-01-19",30.15
"2012-01-20",30.540001
"2012-01-23",30.92
"2012-01-24",30.540001
"2012-01-25",30.200001
"2012-01-26",29.049999
"2012-01-27",29.6
"2012-01-30",29.25
"2012-01-31",29.209999
"2012-02-01",29.889999
"2012-02-02",29.9
"2012-02-03",30.629999
"2012-02-06",30.200001
"2012-02-07",30.26
"2012-02-08",30.629999
"2012-02-09",30.58
"2012-02-10",30.26
"2012-02-13",30.620001
"2012-02-14",30.42
"2012-02-15",30.17
"2012-02-16",30.370001
"2012-02-17",31.09
"2012-02-21",30.959999
"2012-02-22",30.59
"2012-02-23",30.65
"2012-02-24",30.18
"2012-02-27",31.030001
"2012-02-28",31.370001
"2012-02-29",31.290001
"2012-03-01",31.540001
"2012-03-02",31.280001
"2012-03-05",30.969999
"2012-03-06",30.110001
"2012-03-07",30.41
"2012-03-08",31.4
"2012-03-09",31.66
"2012-03-12",31.51
"2012-03-13",33.330002
"2012-03-14",33.369999
"2012-03-15",34.07
"2012-03-16",33.889999
"2012-03-19",34.25
"2012-03-20",34.32
"2012-03-21",34.02
"2012-03-22",33.360001
"2012-03-23",33.529999
"2012-03-26",34.389999
"2012-03-27",34
"2012-03-28",34.470001
"2012-03-29",33.939999
"2012-03-30",34.139999
"2012-04-02",34.509998
"2012-04-03",34.48
"2012-04-04",33.880001
"2012-04-05",33.73
"2012-04-09",33.419998
"2012-04-10",32.919998
"2012-04-11",33.619999
"2012-04-12",34.02
"2012-04-13",32.84
"2012-04-16",33.150002
"2012-04-17",33.68
"2012-04-18",33.57
"2012-04-19",33.119999
"2012-04-20",33
"2012-04-23",32.689999
"2012-04-24",33.07
"2012-04-25",33.349998
"2012-04-26",33.84
"2012-04-27",33.77
"2012-04-30",33.419998
"2012-05-01",34.09
"2012-05-02",33.57
"2012-05-03",33.389999
"2012-05-04",33.029999
"2012-05-07",33.5
"2012-05-08",33.150002
"2012-05-09",32.630001
"2012-05-10",33.189999
"2012-05-11",33.310001
"2012-05-14",32.41
"2012-05-15",32.240002
"2012-05-16",31.969999
"2012-05-17",31.440001
"2012-05-18",30.940001
"2012-05-21",31.4
"2012-05-22",31.67
"2012-05-23",31.74
"2012-05-24",31.809999
"2012-05-25",31.860001
"2012-05-29",32.25
"2012-05-30",31.700001
"2012-05-31",32.049999
"2012-06-01",30.16
"2012-06-04",30.049999
"2012-06-05",30.52
"2012-06-06",30.969999
"2012-06-07",31.18
"2012-06-08",31.43
"2012-06-11",30.99
"2012-06-12",31.299999
"2012-06-13",31.58
"2012-06-14",32.029999
"2012-06-15",32.450001
"2012-06-18",32.459999
"2012-06-19",32.959999
"2012-06-20",32.810001
"2012-06-21",32.34
"2012-06-22",32.810001
"2012-06-25",32.220001
"2012-06-26",32.330002
"2012-06-27",32.73
"2012-06-28",32.48
"2012-06-29",33.439999
"2012-07-02",33.549999
"2012-07-03",33.48
"2012-07-05",33.130001
"2012-07-06",33.049999
"2012-07-09",33.259998
"2012-07-10",32.970001
"2012-07-11",33.27
"2012-07-12",32.849998
"2012-07-13",33.91
"2012-07-16",34.02
"2012-07-17",34.119999
"2012-07-18",33.959999
"2012-07-19",34.150002
"2012-07-20",33.810001
"2012-07-23",33.439999
"2012-07-24",33.23
"2012-07-25",33.16
"2012-07-26",33.779999
"2012-07-27",34.150002
"2012-07-30",33.959999
"2012-07-31",33.810001
"2012-08-01",33.900002
"2012-08-02",33.34
"2012-08-03",34.34
"2012-08-06",34
"2012-08-07",33.959999
"2012-08-08",33.82
"2012-08-09",33.82
"2012-08-10",33.830002
"2012-08-13",33.959999
"2012-08-14",33.959999
"2012-08-15",33.970001
"2012-08-16",34.130001
"2012-08-17",34.029999
"2012-08-20",34.07
"2012-08-21",34.380001
"2012-08-22",34.18
"2012-08-23",33.919998
"2012-08-24",34.040001
"2012-08-27",34.02
"2012-08-28",34.099998
"2012-08-29",34.07
"2012-08-30",33.869999
"2012-08-31",34.029999
"2012-09-04",33.799999
"2012-09-05",33.75
"2012-09-06",34.84
"2012-09-07",35
"2012-09-10",34.59
"2012-09-11",34.150002
"2012-09-12",34.330002
"2012-09-13",35.549999
"2012-09-14",36.130001
"2012-09-17",35.330002
"2012-09-18",35.439999
"2012-09-19",35.25
"2012-09-20",35.200001
"2012-09-21",34.970001
"2012-09-24",35.099998
"2012-09-25",34.720001
"2012-09-26",34.419998
"2012-09-27",34.759998
"2012-09-28",34.529999
"2012-10-01",34.700001
"2012-10-02",34.82
"2012-10-03",35.439999
"2012-10-04",35.970001
"2012-10-05",35.84
"2012-10-08",35.799999
"2012-10-09",35.099998
"2012-10-10",35.23
"2012-10-11",35.18
"2012-10-12",34.25
"2012-10-15",33.900002
"2012-10-16",33.73
"2012-10-17",34.470001
"2012-10-18",34.57
"2012-10-19",34.34
"2012-10-22",34.5
"2012-10-23",33.869999
"2012-10-24",33.720001
"2012-10-25",34.060001
"2012-10-26",33.970001
"2012-10-31",33.689999
"2012-11-01",34.060001
"2012-11-02",33.740002
"2012-11-05",34.02
"2012-11-06",34.32
"2012-11-07",32.91
"2012-11-08",32.349998
"2012-11-09",32.349998
"2012-11-12",32.369999
"2012-11-13",32.02
"2012-11-14",31.43
"2012-11-15",31.57
"2012-11-16",31.940001
"2012-11-19",32.400002
"2012-11-20",32.919998
"2012-11-21",32.59
"2012-11-23",33.200001
"2012-11-26",32.900002
"2012-11-27",32.630001
"2012-11-28",32.810001
"2012-11-29",33.16
"2012-11-30",33.009998
"2012-12-03",32.75
"2012-12-04",32.740002
"2012-12-05",32.98
"2012-12-06",33.139999
"2012-12-07",33.23
"2012-12-10",33.049999
"2012-12-11",33.290001
"2012-12-12",33.5
"2012-12-13",33.259998
"2012-12-14",33.150002
"2012-12-17",34.380001
"2012-12-18",34.959999
"2012-12-19",34.619999
"2012-12-20",35.060001
"2012-12-21",34.48
"2012-12-24",34.419998
"2012-12-26",34.330002
"2012-12-27",34.18
"2012-12-28",33.91
"2012-12-31",34.18
"2013-01-02",35.049999
"2013-01-03",34.759998
"2013-01-04",34.939999
"2013-01-07",34.77
"2013-01-08",34.709999
"2013-01-09",34.709999
"2013-01-10",35.400002
"2013-01-11",35.099998
"2013-01-14",34.77
"2013-01-15",35.110001
"2013-01-16",35.09
"2013-01-17",35.029999
"2013-01-18",34.93
"2013-01-22",35.040001
"2013-01-23",34.950001
"2013-01-24",35.16
"2013-01-25",35.139999
"2013-01-28",35.110001
"2013-01-29",35.27
"2013-01-30",34.970001
"2013-01-31",34.830002
"2013-02-01",35.130001
"2013-02-04",34.759998
"2013-02-05",34.849998
"2013-02-06",34.970001
"2013-02-07",34.66
"2013-02-08",34.880001
"2013-02-11",35.259998
"2013-02-12",35.509998
"2013-02-13",35.130001
"2013-02-14",35.209999
"2013-02-15",35.16
"2013-02-19",35.139999
"2013-02-20",35.099998
"2013-02-21",35.459999
"2013-02-22",35.82
"2013-02-25",34.790001
"2013-02-26",34.75
"2013-02-27",35.130001
"2013-02-28",35.080002
"2013-03-01",35.389999
"2013-03-04",35.849998
"2013-03-05",35.880001
"2013-03-06",36.049999
"2013-03-07",36.419998
"2013-03-08",36.5
"2013-03-11",37.130001
"2013-03-12",36.66
"2013-03-13",36.77
"2013-03-14",36.970001
"2013-03-15",38.200001
"2013-03-18",37.759998
"2013-03-19",37.490002
"2013-03-20",37.439999
"2013-03-21",37.139999
"2013-03-22",37.200001
"2013-03-25",37.209999
"2013-03-26",37.299999
"2013-03-27",36.98
"2013-03-28",36.990002
"2013-04-01",36.93
"2013-04-02",36.880001
"2013-04-03",36.669998
"2013-04-04",37.419998
"2013-04-05",37.150002
"2013-04-08",37.02
"2013-04-09",37.450001
"2013-04-10",37.57
"2013-04-11",37.509998
"2013-04-12",37.209999
"2013-04-15",36.57
"2013-04-16",37.060001
"2013-04-17",36.560001
"2013-04-18",36.27
"2013-04-19",36.689999
"2013-04-22",36.73
"2013-04-23",37.130001
"2013-04-24",37.34
"2013-04-25",37.639999
"2013-04-26",37.880001
"2013-04-29",37.880001
"2013-04-30",37.98
"2013-05-01",37.459999
"2013-05-02",37.41
"2013-05-03",37.740002
"2013-05-06",37.900002
"2013-05-07",38.400002
"2013-05-08",38.450001
"2013-05-09",37.889999
"2013-05-10",38.029999
"2013-05-13",38.200001
"2013-05-14",38.759998
"2013-05-15",39.299999
"2013-05-16",39.259998
"2013-05-17",39.880001
"2013-05-20",40.200001
"2013-05-21",40.68
"2013-05-22",40.099998
"2013-05-23",40.009998
"2013-05-24",40.240002
"2013-05-28",40.52
"2013-05-29",40.75
"2013-05-30",41.25
"2013-05-31",40.549999
"2013-06-03",40.73
"2013-06-04",40.439999
"2013-06-05",39.82
"2013-06-06",40.720001
"2013-06-07",41.25
"2013-06-10",41.27
"2013-06-11",40.66
"2013-06-12",40.27
"2013-06-13",40.939999
"2013-06-14",40.16
"2013-06-17",40.610001
"2013-06-18",40.84
"2013-06-19",40.66
"2013-06-20",40.09
"2013-06-21",40.959999
"2013-06-24",39.799999
"2013-06-25",40.299999
"2013-06-26",41.02
"2013-06-27",41.560001
"2013-06-28",41.27
"2013-07-01",41.360001
"2013-07-02",41.220001
"2013-07-03",41.220001
"2013-07-05",42.07
"2013-07-08",42.830002
"2013-07-09",42.700001
"2013-07-10",42.07
"2013-07-11",41.889999
"2013-07-12",42.630001
"2013-07-15",43.349998
"2013-07-16",43.02
"2013-07-17",43.509998
"2013-07-18",44.41
"2013-07-19",44.450001
"2013-07-22",44.630001
"2013-07-23",44.57
"2013-07-24",44.310001
"2013-07-25",43.650002
"2013-07-26",43.509998
"2013-07-29",43.25
"2013-07-30",43.259998
"2013-07-31",43.5
"2013-08-01",44.259998
"2013-08-02",44.490002
"2013-08-05",44.34
"2013-08-06",44.029999
"2013-08-07",43.27
"2013-08-08",43.220001
"2013-08-09",43.23
"2013-08-12",43.200001
"2013-08-13",43.32
"2013-08-14",43.099998
"2013-08-15",42.990002
"2013-08-16",42.75
"2013-08-19",42.490002
"2013-08-20",42.59
"2013-08-21",42.360001
"2013-08-22",42.48
"2013-08-23",42.759998
"2013-08-26",42.389999
"2013-08-27",41.110001
"2013-08-28",41.25
"2013-08-29",41.25
"2013-08-30",41.080002
"2013-09-03",41.389999
"2013-09-04",41.5
"2013-09-05",41.82
"2013-09-06",41.43
"2013-09-09",41.720001
"2013-09-10",42.450001
"2013-09-11",42.5
"2013-09-12",42.259998
"2013-09-13",42.189999
"2013-09-16",42.889999
"2013-09-17",42.849998
"2013-09-18",43.310001
"2013-09-19",42.959999
"2013-09-20",42.849998
"2013-09-23",42.310001
"2013-09-24",41.73
"2013-09-25",41.810001
"2013-09-26",41.610001
"2013-09-27",41.59
"2013-09-30",41.32
"2013-10-01",41.490002
"2013-10-02",41.259998
"2013-10-03",41
"2013-10-04",41.299999
"2013-10-07",40.619999
"2013-10-08",40.240002
"2013-10-09",40.360001
"2013-10-10",41.439999
"2013-10-11",41.43
"2013-10-14",41.75
"2013-10-15",41.540001
"2013-10-16",42.209999
"2013-10-17",42.68
"2013-10-18",42.68
"2013-10-21",42.619999
"2013-10-22",42.939999
"2013-10-23",42.759998
"2013-10-24",42.689999
"2013-10-25",42.860001
"2013-10-28",42.830002
"2013-10-29",42.959999
"2013-10-30",43.099998
"2013-10-31",42.689999
"2013-11-01",42.669998
"2013-11-04",42.700001
"2013-11-05",42.630001
"2013-11-06",42.439999
"2013-11-07",41.709999
"2013-11-08",42.709999
"2013-11-11",42.75
"2013-11-12",42.279999
"2013-11-13",42.759998
"2013-11-14",43.09
"2013-11-15",43.540001
"2013-11-18",43.41
"2013-11-19",43.560001
"2013-11-20",43.619999
"2013-11-21",44.080002
"2013-11-22",44.360001
"2013-11-25",44.48
"2013-11-26",44.310001
"2013-11-27",44.27
"2013-11-29",44.02
"2013-12-02",44.18
"2013-12-03",43.73
"2013-12-04",43.75
"2013-12-05",43.25
"2013-12-06",44.110001
"2013-12-09",44.32
"2013-12-10",44.110001
"2013-12-11",43.52
"2013-12-12",43.5
"2013-12-13",43.73
"2013-12-16",43.98
"2013-12-17",43.59
"2013-12-18",44.93
"2013-12-19",45.02
"2013-12-20",44.959999
"2013-12-23",45.209999
"2013-12-24",45.389999
"2013-12-26",45.540001
"2013-12-27",45.5
"2013-12-30",45.5
"2013-12-31",45.400002
"2014-01-02",45.02
"2014-01-03",45.34
"2014-01-06",45.419998
"2014-01-07",45.400002
"2014-01-08",45.919998
"2014-01-09",46.16
"2014-01-10",45.939999
"2014-01-13",45.560001
"2014-01-14",45.59
"2014-01-15",46.400002
"2014-01-16",46.389999
"2014-01-17",46.389999
"2014-01-21",46.5
"2014-01-22",46.669998
"2014-01-23",46.349998
"2014-01-24",45.48
"2014-01-27",45.529999
"2014-01-28",45.959999
"2014-01-29",45.59
"2014-01-30",46.049999
"2014-01-31",45.34
"2014-02-03",44.43
"2014-02-04",44.77
"2014-02-05",44.23
"2014-02-06",44.779999
"2014-02-07",45.369999
"2014-02-10",45.52
"2014-02-11",45.970001
"2014-02-12",45.990002
"2014-02-13",45.98
"2014-02-14",46.130001
"2014-02-18",46.130001
"2014-02-19",45.529999
"2014-02-20",45.630001
"2014-02-21",45.599998
"2014-02-24",46.080002
"2014-02-25",46.080002
"2014-02-26",46.049999
"2014-02-27",46.049999
"2014-02-28",46.419998
"2014-03-03",46.150002
"2014-03-04",46.740002
"2014-03-05",47.09
"2014-03-06",47.34
"2014-03-07",47.950001
"2014-03-10",48.150002
"2014-03-11",47.810001
"2014-03-12",48.119999
"2014-03-13",47.84
"2014-03-14",47.400002
"2014-03-17",48.130001
"2014-03-18",48.400002
"2014-03-19",47.810001
"2014-03-20",49.029999
"2014-03-21",49.119999
"2014-03-24",48.98
"2014-03-25",48.959999
"2014-03-26",48.5
"2014-03-27",49.099998
"2014-03-28",49.290001
"2014-03-31",49.740002
"2014-04-01",49.77
"2014-04-02",49.759998
"2014-04-03",49.830002
"2014-04-04",49.560001
"2014-04-07",48.66
"2014-04-08",48.830002
"2014-04-09",49.099998
"2014-04-10",47.709999
"2014-04-11",48.080002
"2014-04-14",48.110001
"2014-04-15",48.779999
"2014-04-16",49.09
"2014-04-17",48.93
"2014-04-21",49.119999
"2014-04-22",49.23
"2014-04-23",49.59
"2014-04-24",49.32
"2014-04-25",49.049999
"2014-04-28",48.939999
"2014-04-29",49.470001
"2014-04-30",49.639999
"2014-05-01",49.639999
"2014-05-02",49.580002
"2014-05-05",49.560001
"2014-05-06",49.09
"2014-05-07",49.389999
"2014-05-08",49.330002
"2014-05-09",49.080002
"2014-05-12",49.759998
"2014-05-13",49.810001
"2014-05-14",49.290001
"2014-05-15",49.029999
"2014-05-16",49.080002
"2014-05-19",49.490002
"2014-05-20",48.959999
"2014-05-21",49.669998
"2014-05-22",49.990002
"2014-05-23",50.16
"2014-05-27",50.549999
"2014-05-28",50.439999
"2014-05-29",50.27
"2014-05-30",50.779999
"2014-06-02",51.09
"2014-06-03",51.09
"2014-06-04",51.040001
"2014-06-05",51.630001
"2014-06-06",51.98
"2014-06-09",52.509998
"2014-06-10",52.59
"2014-06-11",52.240002
"2014-06-12",51.709999
"2014-06-13",51.900002
"2014-06-16",51.09
"2014-06-17",51.66
"2014-06-18",52.040001
"2014-06-19",52.02
"2014-06-20",52.889999
"2014-06-23",52.98
"2014-06-24",52.490002
"2014-06-25",52.599998
"2014-06-26",52.369999
"2014-06-27",52.900002
"2014-06-30",52.560001
"2014-07-01",52.720001
"2014-07-02",52.66
"2014-07-03",53
"2014-07-07",52.5
"2014-07-08",52.25
"2014-07-09",52.189999
"2014-07-10",51.810001
"2014-07-11",51.490002
"2014-07-14",51.310001
"2014-07-15",51.349998
"2014-07-16",51.169998
"2014-07-17",50.68
"2014-07-18",51.279999
"2014-07-21",51.049999
"2014-07-22",51.349998
"2014-07-23",51.330002
"2014-07-24",51.59
"2014-07-25",51.599998
"2014-07-28",51.599998
"2014-07-29",51.540001
"2014-07-30",52.099998
"2014-07-31",50.900002
"2014-08-01",50.349998
"2014-08-04",50.990002
"2014-08-05",50.400002
"2014-08-06",50.060001
"2014-08-07",49.700001
"2014-08-08",50
"2014-08-11",49.889999
"2014-08-12",49.779999
"2014-08-13",49.990002
"2014-08-14",50.380001
"2014-08-15",50.209999
"2014-08-18",50.689999
"2014-08-19",50.860001
"2014-08-20",50.849998
"2014-08-21",51.290001
"2014-08-22",51.18
"2014-08-25",51.450001
"2014-08-26",51.560001
"2014-08-27",51.34
"2014-08-28",51.150002
"2014-08-29",51.439999
"2014-09-02",51.57
"2014-09-03",51.549999
"2014-09-04",51.57
"2014-09-05",51.650002
"2014-09-08",51.470001
"2014-09-09",51.07
"2014-09-10",51.52
"2014-09-11",51.59
"2014-09-12",51.700001
"2014-09-15",51.939999
"2014-09-16",52.310001
"2014-09-17",52.509998
"2014-09-18",53.240002
"2014-09-19",53.360001
"2014-09-22",52.900002
"2014-09-23",52.099998
"2014-09-24",52.130001
"2014-09-25",51.41
"2014-09-26",51.869999
"2014-09-29",51.689999
"2014-09-30",51.869999
"2014-10-01",51.259998
"2014-10-02",51.400002
"2014-10-03",52.099998
"2014-10-06",52.029999
"2014-10-07",51.080002
"2014-10-08",52.150002
"2014-10-09",51.119999
"2014-10-10",50.639999
"2014-10-13",50.200001
"2014-10-14",48.830002
"2014-10-15",47.849998
"2014-10-16",48.130001
"2014-10-17",48.689999
"2014-10-20",49.18
"2014-10-21",50.450001
"2014-10-22",50.169998
"2014-10-23",50.599998
"2014-10-24",51.200001
"2014-10-27",51.310001
"2014-10-28",51.779999
"2014-10-29",52.169998
"2014-10-30",52.459999
"2014-10-31",53.09
"2014-11-03",53.369999
"2014-11-04",53.27
"2014-11-05",53.529999
"2014-11-06",54.060001
"2014-11-07",53.84
"2014-11-10",53.830002
"2014-11-11",53.580002
"2014-11-12",53.540001
"2014-11-13",53.389999
"2014-11-14",53.349998
"2014-11-17",53.439999
"2014-11-18",53.27
"2014-11-19",53.360001
"2014-11-20",53.48
"2014-11-21",53.810001
"2014-11-24",54.099998
"2014-11-25",53.880001
"2014-11-26",54.279999
"2014-11-28",54.48
"2014-12-01",53.82
"2014-12-02",54.220001
"2014-12-03",54.389999
"2014-12-04",54.5
"2014-12-05",55.029999
"2014-12-08",54.77
"2014-12-09",54.830002
"2014-12-10",54.259998
"2014-12-11",54.43
"2014-12-12",53.700001
"2014-12-15",53.189999
"2014-12-16",52.77
"2014-12-17",53.790001
"2014-12-18",55.209999
"2014-12-19",54.450001
"2014-12-22",54.970001
"2014-12-23",55.470001
"2014-12-24",55.34
"2014-12-26",55.279999
"2014-12-29",55.709999
"2014-12-30",55.419998
"2014-12-31",54.82
"2015-01-02",54.700001
"2015-01-05",53.200001
"2015-01-06",52.09
"2015-01-07",52.400002
"2015-01-08",53.560001
"2015-01-09",52.68
"2015-01-12",52.049999
"2015-01-13",51.849998
"2015-01-14",51.25
"2015-01-15",50.720001
"2015-01-16",51.639999
"2015-01-20",52
"2015-01-21",52.099998
"2015-01-22",53.77
"2015-01-23",53.259998
"2015-01-26",53.580002
"2015-01-27",52.970001
"2015-01-28",52.16
"2015-01-29",52.759998
"2015-01-30",51.919998
"2015-02-02",52.810001
"2015-02-03",53.450001
"2015-02-04",53.029999
"2015-02-05",53.669998
"2015-02-06",54.450001
"2015-02-09",54.209999
"2015-02-10",54.57
"2015-02-11",53.900002
"2015-02-12",54.860001
"2015-02-13",55.330002
"2015-02-17",55.369999
"2015-02-18",54.52
"2015-02-19",54.560001
"2015-02-20",54.830002
"2015-02-23",55.099998
"2015-02-24",55.369999
"2015-02-25",55.330002
"2015-02-26",55.150002
"2015-02-27",54.790001
"2015-03-02",55.549999
"2015-03-03",55.450001
"2015-03-04",54.82
"2015-03-05",54.84
"2015-03-06",54.59
"2015-03-09",54.669998
"2015-03-10",53.290001
"2015-03-11",53.700001
"2015-03-12",55.59
"2015-03-13",55.34
"2015-03-16",55.73
"2015-03-17",55.91
"2015-03-18",56.169998
"2015-03-19",55.509998
"2015-03-20",56.009998
"2015-03-23",55.779999
"2015-03-24",55.349998
"2015-03-25",54.540001
"2015-03-26",54.5
"2015-03-27",54.119999
"2015-03-30",54.77
"2015-03-31",54.400002
"2015-04-01",53.939999
"2015-04-02",54.369999
"2015-04-06",54.080002
"2015-04-07",54.02
"2015-04-08",54
"2015-04-09",54.189999
"2015-04-10",54.32
"2015-04-13",54.59
"2015-04-14",54.189999
"2015-04-15",54.810001
"2015-04-16",54.810001
"2015-04-17",54.049999
"2015-04-20",54.360001
"2015-04-21",54.279999
"2015-04-22",54.669998
"2015-04-23",54.860001
"2015-04-24",54.700001
"2015-04-27",54.970001
"2015-04-28",55.41
"2015-04-29",55.459999
"2015-04-30",55.099998
"2015-05-01",55.189999
"2015-05-04",55.73
"2015-05-05",55.720001
"2015-05-06",54.919998
"2015-05-07",54.810001
"2015-05-08",56.049999
"2015-05-11",55.509998
"2015-05-12",55.470001
"2015-05-13",55.599998
"2015-05-14",56.040001
"2015-05-15",55.52
"2015-05-18",55.75
"2015-05-19",56.400002
"2015-05-20",56.080002
"2015-05-21",56.009998
"2015-05-22",56
"2015-05-26",55.66
"2015-05-27",56.07
"2015-05-28",56.209999
"2015-05-29",55.959999
"2015-06-01",56.040001
"2015-06-02",56.18
"2015-06-03",56.91
"2015-06-04",56.139999
"2015-06-05",56.610001
"2015-06-08",56.119999
"2015-06-09",56.700001
"2015-06-10",57.209999
"2015-06-11",57.259998
"2015-06-12",57.09
"2015-06-15",56.98
"2015-06-16",57.220001
"2015-06-17",57.169998
"2015-06-18",57.700001
"2015-06-19",57.049999
"2015-06-22",57.91
"2015-06-23",57.889999
"2015-06-24",57.540001
"2015-06-25",57.169998
"2015-06-26",57.439999
"2015-06-29",56.060001
"2015-06-30",56.240002
"2015-07-01",56.91
"2015-07-02",56.740002
"2015-07-06",56.439999
"2015-07-07",56.25
"2015-07-08",55.25
"2015-07-09",55.5
"2015-07-10",56.080002
"2015-07-13",56.740002
"2015-07-14",57.25
"2015-07-15",57.779999
"2015-07-16",58.169998
"2015-07-17",57.939999
"2015-07-20",58.049999
"2015-07-21",57.950001
"2015-07-22",58.52
"2015-07-23",58.209999
"2015-07-24",57.779999
"2015-07-27",57.59
"2015-07-28",57.400002
"2015-07-29",57.959999
"2015-07-30",58.150002
"2015-07-31",57.869999
"2015-08-03",57.91
"2015-08-04",57.82
"2015-08-05",57.650002
"2015-08-06",57.529999
"2015-08-07",57.470001
"2015-08-10",57.939999
"2015-08-11",57.209999
"2015-08-12",56.720001
"2015-08-13",56.889999
"2015-08-14",57.330002
"2015-08-17",57.349998
"2015-08-18",57.540001
"2015-08-19",57.060001
"2015-08-20",56.119999
"2015-08-21",53.970001
"2015-08-24",51.25
"2015-08-25",50.02
"2015-08-26",52.299999
"2015-08-27",54.029999
"2015-08-28",53.540001
"2015-08-31",53.330002
"2015-09-01",50.990002
"2015-09-02",51.990002
"2015-09-03",52.43
"2015-09-04",51.290001
"2015-09-08",52.93
"2015-09-09",52.189999
"2015-09-10",52.560001
"2015-09-11",52.619999
"2015-09-14",52.77
"2015-09-15",53.470001
"2015-09-16",53.720001
"2015-09-17",52.209999
"2015-09-18",51.040001
"2015-09-21",51.549999
"2015-09-22",50.689999
"2015-09-23",50.779999
"2015-09-24",50.549999
"2015-09-25",51.48
"2015-09-28",50.369999
"2015-09-29",50.889999
"2015-09-30",51.349998
"2015-10-01",51.439999
"2015-10-02",51.259998
"2015-10-05",52.41
"2015-10-06",52.029999
"2015-10-07",52.189999
"2015-10-08",52.540001
"2015-10-09",52.139999
"2015-10-12",52.18
"2015-10-13",51.860001
"2015-10-14",51.5
"2015-10-15",52.689999
"2015-10-16",52.880001
"2015-10-19",52.560001
"2015-10-20",53.080002
"2015-10-21",53.119999
"2015-10-22",54.060001
"2015-10-23",54.75
"2015-10-26",54.290001
"2015-10-27",54.119999
"2015-10-28",55.450001
"2015-10-29",55.09
"2015-10-30",54.139999
"2015-11-02",54.849998
"2015-11-03",54.93
"2015-11-04",54.580002
"2015-11-05",54.860001
"2015-11-06",55.849998
"2015-11-09",55.470001
"2015-11-10",55.91
"2015-11-11",55.799999
"2015-11-12",55.169998
"2015-11-13",54.57
"2015-11-16",55.27
"2015-11-17",54.959999
"2015-11-18",55.669998
"2015-11-19",55.970001
"2015-11-20",55.82
"2015-11-23",55.599998
"2015-11-24",55.279999
"2015-11-25",55.220001
"2015-11-27",55.389999
"2015-11-30",55.099998
"2015-12-01",55.709999
"2015-12-02",55.080002
"2015-12-03",54.200001
"2015-12-04",55.669998
"2015-12-07",55.419998
"2015-12-08",54.400002
"2015-12-09",54.119999
"2015-12-10",54.34
"2015-12-11",53.310001
"2015-12-14",53.200001
"2015-12-15",54.91
"2015-12-16",55.849998
"2015-12-17",55.470001
"2015-12-18",53.790001
"2015-12-21",54.02
"2015-12-22",54.34
"2015-12-23",55.040001
"2015-12-24",54.82
"2015-12-28",54.68
"2015-12-29",55.290001
"2015-12-30",54.889999
"2015-12-31",54.360001
"2016-01-04",52.91
"2016-01-05",52.889999
"2016-01-06",51.880001
"2016-01-07",50.400002
"2016-01-08",49.560001
"2016-01-11",50.09
"2016-01-12",51.360001
"2016-01-13",49.73
"2016-01-14",50.639999
"2016-01-15",48.82
"2016-01-19",48.209999
"2016-01-20",47.869999
"2016-01-21",48.009998
"2016-01-22",49.02
"2016-01-25",47.66
"2016-01-26",48.259998
"2016-01-27",48.57
"2016-01-28",48.919998
"2016-01-29",50.23
"2016-02-01",49.939999
"2016-02-02",48.830002
"2016-02-03",47.599998
"2016-02-04",48.25
"2016-02-05",47.860001
"2016-02-08",46.5
"2016-02-09",46.450001
"2016-02-10",46.169998
"2016-02-11",45.16
"2016-02-12",47.310001
"2016-02-16",48.240002
"2016-02-17",48.130001
"2016-02-18",47.73
"2016-02-19",48.09
"2016-02-22",49.189999
"2016-02-23",48.099998
"2016-02-24",47.610001
"2016-02-25",47.75
"2016-02-26",48.07
"2016-02-29",46.919998
"2016-03-01",48.720001
"2016-03-02",49.57
"2016-03-03",49.77
"2016-03-04",50.110001
"2016-03-07",50.07
"2016-03-08",49.049999
"2016-03-09",48.790001
"2016-03-10",48.509998
"2016-03-11",50.07
"2016-03-14",49.880001
"2016-03-15",49.98
"2016-03-16",49.540001
"2016-03-17",49.73
"2016-03-18",50.540001
"2016-03-21",50.669998
"2016-03-22",50.369999
"2016-03-23",49.759998
"2016-03-24",48.900002
"2016-03-28",48.700001
"2016-03-29",48.049999
"2016-03-30",48.650002
"2016-03-31",48.360001
"2016-04-01",48.450001
"2016-04-04",48.5
"2016-04-05",47.509998
"2016-04-06",48.080002
"2016-04-07",46.93
"2016-04-08",47.07
"2016-04-11",47.029999
"2016-04-12",47.77
"2016-04-13",49.029999
"2016-04-14",48.790001
"2016-04-15",48.25
"2016-04-18",48.84
"2016-04-19",49.880001
"2016-04-20",50.450001
"2016-04-21",50.049999
"2016-04-22",50.619999
"2016-04-25",50.509998
"2016-04-26",50.919998
"2016-04-27",50.93
"2016-04-28",50.41
"2016-04-29",49.98
"2016-05-02",50.59
"2016-05-03",50
"2016-05-04",48.939999
"2016-05-05",48.959999
"2016-05-06",49.02
"2016-05-09",48.880001
"2016-05-10",49.400002
"2016-05-11",49.080002
"2016-05-12",49.200001
"2016-05-13",48.240002
"2016-05-16",48.27
"2016-05-17",47.619999
"2016-05-18",48.650002
"2016-05-19",48.380001
"2016-05-20",48.75
"2016-05-23",48.700001
"2016-05-24",49.200001
"2016-05-25",50.5
"2016-05-26",50.549999
"2016-05-27",50.849998
"2016-05-31",50.720001
"2016-06-01",51
"2016-06-02",51.110001
"2016-06-03",50.189999
"2016-06-06",50.490002
"2016-06-07",50.27
"2016-06-08",50
"2016-06-09",49.139999
"2016-06-10",48.34
"2016-06-13",47.970001
"2016-06-14",46.880001
"2016-06-15",46.779999
"2016-06-16",46.849998
"2016-06-17",46.599998
"2016-06-20",46.93
"2016-06-21",47.23
"2016-06-22",46.970001
"2016-06-23",47.91
"2016-06-24",45.709999
"2016-06-27",45.009998
"2016-06-28",46.099998
"2016-06-29",46.970001
"2016-06-30",47.330002
"2016-07-01",47.029999
"2016-07-05",46.209999
"2016-07-06",46.650002
"2016-07-07",46.799999
"2016-07-08",47.790001
"2016-07-11",48.080002
"2016-07-12",48.349998
"2016-07-13",48.27
"2016-07-14",48.939999
"2016-07-15",47.709999
"2016-07-18",48.279999
"2016-07-19",48.369999
"2016-07-20",48.610001
"2016-07-21",48.299999
"2016-07-22",48.32
"2016-07-25",48.119999
"2016-07-26",47.970001
"2016-07-27",48
"2016-07-28",48.130001
"2016-07-29",47.970001
"2016-08-01",47.810001
"2016-08-02",47.700001
"2016-08-03",47.57
"2016-08-04",47.84
"2016-08-05",48.68
"2016-08-08",48.91
"2016-08-09",48.93
"2016-08-10",48.18
"2016-08-11",48.240002
"2016-08-12",47.900002
"2016-08-15",48.27
"2016-08-16",48.439999
"2016-08-17",48.610001
"2016-08-18",48.529999
"2016-08-19",48.650002
"2016-08-22",48.630001
"2016-08-23",48.41
"2016-08-24",48.630001
"2016-08-25",48.380001
"2016-08-26",48.509998
"2016-08-29",49.560001
"2016-08-30",50.619999
"2016-08-31",50.799999
"2016-09-01",50.43
"2016-09-02",50.549999
"2016-09-06",49.990002
"2016-09-07",49.77
"2016-09-08",49.900002
"2016-09-09",48.720001
"2016-09-12",48.540001
"2016-09-13",46.959999
"2016-09-14",46.52
"2016-09-15",46.150002
"2016-09-16",45.43
"2016-09-19",46.009998
"2016-09-20",46.560001
"2016-09-21",45.830002
"2016-09-22",45.720001
"2016-09-23",45.740002
"2016-09-26",44.880001
"2016-09-27",45.09
"2016-09-28",45.310001
"2016-09-29",44.369999
"2016-09-30",44.279999
"2016-10-03",43.830002
"2016-10-04",43.75
"2016-10-05",44.990002
"2016-10-06",45.18
"2016-10-07",45.330002
"2016-10-10",45.650002
"2016-10-11",45.450001
"2016-10-12",45.32
"2016-10-13",44.75
"2016-10-14",44.709999
"2016-10-17",44.5
"2016-10-18",44.950001
"2016-10-19",45.259998
"2016-10-20",44.93
"2016-10-21",45.09
"2016-10-24",45.52
"2016-10-25",45.720001
"2016-10-26",46.150002
"2016-10-27",46.41
"2016-10-28",46.23
"2016-10-31",46.009998
"2016-11-01",45.990002
"2016-11-02",45.240002
"2016-11-03",45.34
"2016-11-04",44.599998
"2016-11-07",45.400002
"2016-11-08",45.540001
"2016-11-09",47.990002
"2016-11-10",51.630001
"2016-11-11",51.73
"2016-11-14",53.220001
"2016-11-15",52.59
"2016-11-16",51.68
"2016-11-17",52.490002
"2016-11-18",52.82
"2016-11-21",52.119999
"2016-11-22",52.220001
"2016-11-23",52.16
"2016-11-25",52.619999
"2016-11-28",51.580002
"2016-11-29",51.860001
"2016-11-30",52.919998
"2016-12-01",54.34
"2016-12-02",53.580002
"2016-12-05",54.349998
"2016-12-06",55.549999
"2016-12-07",57.279999
"2016-12-08",57.290001
"2016-12-09",57.139999
"2016-12-12",55.779999
"2016-12-13",55.84
"2016-12-14",54.700001
"2016-12-15",55.189999
"2016-12-16",55.34
"2016-12-19",55.220001
"2016-12-20",56.099998
"2016-12-21",55.709999
"2016-12-22",55.75
"2016-12-23",55.959999
"2016-12-27",55.950001
"2016-12-28",55.32
"2016-12-29",54.84
"2016-12-30",55.110001
"2017-01-03",56
"2017-01-04",56.049999
"2017-01-05",55.18
"2017-01-06",55.040001
"2017-01-09",54.240002
"2017-01-10",54.619999
"2017-01-11",54.799999
"2017-01-12",54.5
"2017-01-13",55.310001
"2017-01-17",53.779999
"2017-01-18",54.27
"2017-01-19",54.580002
"2017-01-20",55.07
"2017-01-23",54.25
"2017-01-24",54.700001
"2017-01-25",56.619999
"2017-01-26",57.18
"2017-01-27",56.59
"2017-01-30",56.080002
"2017-01-31",56.330002
"2017-02-01",55.91
"2017-02-02",55.75
"2017-02-03",57.27
"2017-02-06",56.549999
"2017-02-07",56.34
"2017-02-08",55.630001
"2017-02-09",56.73
"2017-02-10",56.860001
"2017-02-13",57.080002
"2017-02-14",57.98
"2017-02-15",58.549999
"2017-02-16",58.119999
"2017-02-17",58.09
"2017-02-21",58.25
"2017-02-22",58.360001
"2017-02-23",58.490002
"2017-02-24",57.810001
"2017-02-27",58.060001
"2017-02-28",57.880001
"2017-03-01",59.73
"2017-03-02",58.709999
"2017-03-03",58.889999
"2017-03-06",58.610001
"2017-03-07",58.299999
"2017-03-08",58.209999
"2017-03-09",58.700001
"2017-03-10",58.849998
"2017-03-13",58.700001
"2017-03-14",58.759998
"2017-03-15",58.709999
"2017-03-16",59.32
"2017-03-17",58.669998
"2017-03-20",57.630001
"2017-03-21",55.849998
"2017-03-22",55.330002
"2017-03-23",55.25
"2017-03-24",55.830002
"2017-03-27",55.389999
"2017-03-28",55.959999
"2017-03-29",55.669998
"2017-03-30",56.240002
"2017-03-31",55.66
"2017-04-03",55.490002
"2017-04-04",55.200001
"2017-04-05",54.98
"2017-04-06",55.369999
"2017-04-07",54.84
"2017-04-10",54.540001
"2017-04-11",54.16
"2017-04-12",53.119999
"2017-04-13",51.349998
"2017-04-17",52.720001
"2017-04-18",52.450001
"2017-04-19",52.150002
"2017-04-20",53.5
"2017-04-21",53
"2017-04-24",53.650002
"2017-04-25",54.560001
"2017-04-26",54.540001
"2017-04-27",54.439999
"2017-04-28",53.84
"2017-05-01",54.459999
"2017-05-02",54.540001
"2017-05-03",54.849998
"2017-05-04",55.18
"2017-05-05",55.110001
"2017-05-08",55.040001
"2017-05-09",54.68
"2017-05-10",54.720001
"2017-05-11",53.740002
"2017-05-12",53.02
"2017-05-15",53.32
"2017-05-16",53.259998
"2017-05-17",52.240002
"2017-05-18",52.380001
"2017-05-19",53.060001
"2017-05-22",53.009998
"2017-05-23",53.389999
"2017-05-24",53.09
"2017-05-25",52.779999
"2017-05-26",52.41
"2017-05-30",52.16
"2017-05-31",51.139999
"2017-06-01",52.080002
"2017-06-02",51.810001
"2017-06-05",51.720001
"2017-06-06",51.810001
"2017-06-07",52.09
"2017-06-08",52.560001
"2017-06-09",53.799999
"2017-06-12",54.09
"2017-06-13",54.450001
"2017-06-14",54.529999
"2017-06-15",53.900002
"2017-06-16",53.889999
"2017-06-19",54.240002
"2017-06-20",53.459999
"2017-06-21",52.98
"2017-06-22",52.490002
"2017-06-23",52.450001
"2017-06-26",52.900002
"2017-06-27",53.16
"2017-06-28",54.330002
"2017-06-29",55.779999
"2017-06-30",55.41
"2017-07-03",55.779999
"2017-07-05",55.779999
"2017-07-06",55.560001
"2017-07-07",55.740002
"2017-07-10",55.59
"2017-07-11",55.040001
"2017-07-12",55.169998
"2017-07-13",55.599998
"2017-07-14",54.990002
"2017-07-17",54.709999
"2017-07-18",54.799999
"2017-07-19",54.939999
"2017-07-20",54.880001
"2017-07-21",54.169998
"2017-07-24",54.27
"2017-07-25",55.060001
"2017-07-26",54.91
"2017-07-27",54.709999
"2017-07-28",53.299999
"2017-07-31",53.939999
"2017-08-01",54.080002
"2017-08-02",53.619999
"2017-08-03",53.400002
"2017-08-04",52.84
"2017-08-07",52.540001
"2017-08-08",52.709999
"2017-08-09",52.790001
"2017-08-10",51.950001
"2017-08-11",51.939999
"2017-08-14",52.84
"2017-08-15",52.849998
"2017-08-16",52.689999
"2017-08-17",51.799999
"2017-08-18",51.68
"2017-08-21",51.82
"2017-08-22",52.220001
"2017-08-23",52.029999
"2017-08-24",52.16
"2017-08-25",51.77
"2017-08-28",51.630001
"2017-08-29",51.419998
"2017-08-30",51.360001
"2017-08-31",51.07
"2017-09-01",50.970001
"2017-09-05",50.099998
"2017-09-06",49.880001
"2017-09-07",49.68
"2017-09-08",49.580002
"2017-09-11",50.66
"2017-09-12",51.57
"2017-09-13",51.459999
"2017-09-14",51.290001
"2017-09-15",51.66
"2017-09-18",52.709999
"2017-09-19",53.360001
"2017-09-20",53.75
"2017-09-21",54.060001
"2017-09-22",54.25
"2017-09-25",54.029999
"2017-09-26",53.799999
"2017-09-27",54.209999
"2017-09-28",54.25
"2017-09-29",55.150002
"2017-10-02",55.470001
"2017-10-03",55.580002
"2017-10-04",54.959999
"2017-10-05",55.389999
"2017-10-06",55.580002
"2017-10-09",55.139999
"2017-10-10",55.610001
"2017-10-11",55.66
"2017-10-12",55.209999
"2017-10-13",53.689999
"2017-10-16",53.799999
"2017-10-17",53.189999
"2017-10-18",53.41
"2017-10-19",53.75
"2017-10-20",54.919998
"2017-10-23",54.91
"2017-10-24",55.419998
"2017-10-25",55.25
"2017-10-26",55.619999
"2017-10-27",55.869999
"2017-10-30",55.849998
"2017-10-31",56.139999
"2017-11-01",56.209999
"2017-11-02",56.48
"2017-11-03",56.349998
"2017-11-06",56.18
"2017-11-07",55.049999
"2017-11-08",54.259998
"2017-11-09",54
"2017-11-10",53.810001
"2017-11-13",53.720001
"2017-11-14",54.040001
"2017-11-15",53.75
"2017-11-16",54.599998
"2017-11-17",54.150002
"2017-11-20",54.049999
"2017-11-21",54.52
"2017-11-22",54.060001
"2017-11-24",54.09
"2017-11-27",53.950001
"2017-11-28",55.57
"2017-11-29",56.68
"2017-11-30",56.470001
"2017-12-01",56.200001
"2017-12-04",57.389999
"2017-12-05",58.549999
"2017-12-06",58.57
"2017-12-07",59.360001
"2017-12-08",59.310001
"2017-12-11",58.869999
"2017-12-12",60.330002
"2017-12-13",59.400002
"2017-12-14",59.220001
"2017-12-15",59.869999
"2017-12-18",60.919998
"2017-12-19",60.360001
"2017-12-20",60.139999
"2017-12-21",61.610001
"2017-12-22",61.549999
"2017-12-26",61.130001
"2017-12-27",60.950001
"2017-12-28",61.299999
"2017-12-29",60.669998
"2018-01-02",61.09
"2018-01-03",61.560001
"2018-01-04",62.330002
"2018-01-05",62.75
"2018-01-08",62.040001
"2018-01-09",62.259998
"2018-01-10",63.119999
"2018-01-11",63.009998
"2018-01-12",62.549999
"2018-01-16",62.5
"2018-01-17",63.880001
"2018-01-18",63.950001
"2018-01-19",64.220001
"2018-01-22",64.730003
"2018-01-23",64.489998
"2018-01-24",65.480003
"2018-01-25",65.650002
"2018-01-26",65.93
"2018-01-29",65.82
"2018-01-30",65.279999
"2018-01-31",65.779999
"2018-02-01",65.510002
"2018-02-02",64.07
"2018-02-05",58.16
"2018-02-06",57.279999
"2018-02-07",57.540001
"2018-02-08",55.400002
"2018-02-09",56.130001
"2018-02-12",56.5
"2018-02-13",58
"2018-02-14",59.549999
"2018-02-15",60.02
"2018-02-16",59.950001
"2018-02-20",59.950001
"2018-02-21",59.73
"2018-02-22",58.810001
"2018-02-23",59.169998
"2018-02-26",59.970001
"2018-02-27",59.209999
"2018-02-28",58.41
"2018-03-01",57.310001
"2018-03-02",57.41
"2018-03-05",57.59
"2018-03-06",57.07
"2018-03-07",56.599998
"2018-03-08",56.720001
"2018-03-09",58.23
"2018-03-12",58.02
"2018-03-13",57.560001
"2018-03-14",56.630001
"2018-03-15",56.830002
"2018-03-16",55.900002
"2018-03-19",55.48
"2018-03-20",54.900002
"2018-03-21",54.790001
"2018-03-22",52.529999
"2018-03-23",50.98
"2018-03-26",52.290001
"2018-03-27",51.099998
"2018-03-28",51.48
"2018-03-29",52.41
"2018-04-02",51.349998
"2018-04-03",52.080002
"2018-04-04",52.91
"2018-04-05",53.259998
"2018-04-06",52.23
"2018-04-09",52.25
"2018-04-10",52.619999
"2018-04-11",51.93
"2018-04-12",52.700001
"2018-04-13",50.889999
"2018-04-16",50.799999
"2018-04-17",50.57
"2018-04-18",50.389999
"2018-04-19",51.540001
"2018-04-20",52.560001
"2018-04-23",52.610001
"2018-04-24",52.509998
"2018-04-25",53.110001
"2018-04-26",52.439999
"2018-04-27",52.360001
"2018-04-30",51.959999
"2018-05-01",52.560001
"2018-05-02",52.189999
"2018-05-03",51.540001
"2018-05-04",52.41
"2018-05-07",52.66
"2018-05-08",53.189999
"2018-05-09",53.759998
"2018-05-10",54.650002
"2018-05-11",54.450001
"2018-05-14",54.48
"2018-05-15",54.75
"2018-05-16",55.040001
"2018-05-17",54.220001
"2018-05-18",53.700001
"2018-05-21",54.540001
"2018-05-22",55.259998
"2018-05-23",56.18
"2018-05-24",54.669998
"2018-05-25",54.900002
"2018-05-29",52.950001
"2018-05-30",54.23
"2018-05-31",53.990002
"2018-06-01",54.689999
"2018-06-04",54.830002
"2018-06-05",54.5
"2018-06-06",55.580002
"2018-06-07",55.630001
"2018-06-08",55.68
"2018-06-11",55.509998
"2018-06-12",55.380001
"2018-06-13",55.16
"2018-06-14",54.740002
"2018-06-15",54.98
"2018-06-18",55.080002
"2018-06-19",55.080002
"2018-06-20",54.48
"2018-06-21",54.369999
"2018-06-22",53.939999
"2018-06-25",53.959999
"2018-06-26",53.43
"2018-06-27",53.279999
"2018-06-28",53.630001
"2018-06-29",55.439999
"2018-07-02",56.32
"2018-07-03",55.560001
"2018-07-05",55.240002
"2018-07-06",55.889999
"2018-07-09",56.77
"2018-07-10",56.619999
"2018-07-11",56.07
"2018-07-12",56.029999
"2018-07-13",55.360001
"2018-07-16",56.990002
"2018-07-17",56.560001
"2018-07-18",56.57
"2018-07-19",56.330002
"2018-07-20",56.41
"2018-07-23",58
"2018-07-24",58.349998
"2018-07-25",58.23
"2018-07-26",58.310001
"2018-07-27",58.630001
"2018-07-30",58.490002
"2018-07-31",57.290001
"2018-08-01",57.650002
"2018-08-02",58.290001
"2018-08-03",58.830002
"2018-08-06",58.889999
"2018-08-07",58.82
"2018-08-08",59.189999
"2018-08-09",58.439999
"2018-08-10",58.049999
"2018-08-13",57.610001
"2018-08-14",58.07
"2018-08-15",57.990002
"2018-08-16",58.66
"2018-08-17",58.860001
"2018-08-20",59.029999
"2018-08-21",58.959999
"2018-08-22",59.169998
"2018-08-23",58.619999
"2018-08-24",58.689999
"2018-08-27",59.099998
"2018-08-28",59.07
"2018-08-29",58.959999
"2018-08-30",58.459999
"2018-08-31",58.48
"2018-09-04",58.799999
"2018-09-05",58.950001
"2018-09-06",57.93
"2018-09-07",57.400002
"2018-09-10",57.459999
"2018-09-11",57.380001
"2018-09-12",55.939999
"2018-09-13",55
"2018-09-14",54.73
"2018-09-17",54.310001
"2018-09-18",54.5
"2018-09-19",55.220001
"2018-09-20",55.549999
"2018-09-21",54.990002
"2018-09-24",54.259998
"2018-09-25",54.23
"2018-09-26",53.16
"2018-09-27",52.82
"2018-09-28",52.560001
"2018-10-01",52.25
"2018-10-02",52.130001
"2018-10-03",52.650002
"2018-10-04",53.509998
"2018-10-05",53.189999
"2018-10-08",53.669998
"2018-10-09",53.529999
"2018-10-10",52.43
"2018-10-11",51.439999
"2018-10-12",52.110001
"2018-10-15",53.240002
"2018-10-16",53.73
"2018-10-17",54.459999
"2018-10-18",53.099998
"2018-10-19",52.889999
"2018-10-22",51.650002
"2018-10-23",51.560001
"2018-10-24",50.189999
"2018-10-25",51.860001
"2018-10-26",51.25
"2018-10-29",52.23
"2018-10-30",52.689999
"2018-10-31",53.23
"2018-11-01",53.560001
"2018-11-02",53.610001
"2018-11-05",53.66
"2018-11-06",53.549999
"2018-11-07",53.580002
"2018-11-08",53.16
"2018-11-09",53.040001
"2018-11-12",52.349998
"2018-11-13",52.740002
"2018-11-14",52.150002
"2018-11-15",52.82
"2018-11-16",52.939999
"2018-11-19",53.32
"2018-11-20",52.540001
"2018-11-21",52.43
"2018-11-23",51.830002
"2018-11-26",52.880001
"2018-11-27",53.189999
"2018-11-28",54.349998
"2018-11-29",54.040001
"2018-11-30",54.279999
"2018-12-03",54.240002
"2018-12-04",51.779999
"2018-12-06",51.09
"2018-12-07",50.259998
"2018-12-10",48.799999
"2018-12-11",47.759998
"2018-12-12",47.740002
"2018-12-13",47.029999
"2018-12-14",46.540001
"2018-12-17",46.610001
"2018-12-18",46.52
"2018-12-19",45.669998
"2018-12-20",46.040001
"2018-12-21",45.119999
"2018-12-24",43.599998
"2018-12-26",45.59
"2018-12-27",45.529999
"2018-12-28",45.779999
"2018-12-31",46.080002
"2019-01-02",46.939999
"2019-01-03",46.57
"2019-01-04",47.950001
"2019-01-07",47.639999
"2019-01-08",47.540001
"2019-01-09",47.799999
"2019-01-10",47.75
"2019-01-11",47.869999
"2019-01-14",48.419998
"2019-01-15",47.669998
"2019-01-16",48.939999
"2019-01-17",49.23
"2019-01-18",50.009998
"2019-01-22",49.860001
"2019-01-23",50.119999
"2019-01-24",49.98
"2019-01-25",50.130001
"2019-01-28",49.82
"2019-01-29",49.849998
"2019-01-30",50.09
"2019-01-31",48.91
"2019-02-01",48.91
"2019-02-04",49.060001
"2019-02-05",49.27
"2019-02-06",49.220001
"2019-02-07",48.080002
"2019-02-08",47.650002
"2019-02-11",47.650002
"2019-02-12",49.049999
"2019-02-13",49.02
"2019-02-14",48.52
"2019-02-15",49.220001
"2019-02-19",49.380001
"2019-02-20",49.810001
"2019-02-21",49.560001
"2019-02-22",49.02
"2019-02-25",49.66
"2019-02-26",49.59
"2019-02-27",49.900002
"2019-02-28",49.889999
"2019-03-01",50.029999
"2019-03-04",50.110001
"2019-03-05",49.889999
"2019-03-06",49.82
"2019-03-07",49.68
"2019-03-08",49.799999
"2019-03-11",49.759998
"2019-03-12",49.650002
"2019-03-13",49.919998
"2019-03-14",50.349998
"2019-03-15",50.66
"2019-03-18",51.73
"2019-03-19",51.41
"2019-03-20",50.400002
"2019-03-21",49.860001
"2019-03-22",48.310001
"2019-03-25",48.080002
"2019-03-26",49.009998
"2019-03-27",48.77
"2019-03-28",49.09
"2019-03-29",48.32
"2019-04-01",48.810001
"2019-04-02",48.209999
"2019-04-03",48.860001
"2019-04-04",49.169998
"2019-04-05",48.779999
"2019-04-08",48.880001
"2019-04-09",48.139999
"2019-04-10",47.790001
"2019-04-11",47.740002
"2019-04-12",46.490002
"2019-04-15",46.77
"2019-04-16",47.650002
"2019-04-17",47.549999
"2019-04-18",47.580002
"2019-04-22",47.259998
"2019-04-23",47.349998
"2019-04-24",47.48
"2019-04-25",47.509998
"2019-04-26",47.959999
"2019-04-29",48.27
"2019-04-30",48.41
"2019-05-01",48.23
"2019-05-02",48.299999
"2019-05-03",48.650002
"2019-05-06",48.43
"2019-05-07",47.169998
"2019-05-08",47
"2019-05-09",46.740002
"2019-05-10",47.150002
"2019-05-13",46.330002
"2019-05-14",46.490002
"2019-05-15",45.84
"2019-05-16",45.900002
"2019-05-17",45.700001
"2019-05-20",45.450001
"2019-05-21",46.330002
"2019-05-22",46.099998
"2019-05-23",45.560001
"2019-05-24",46.169998
"2019-05-28",45.59
"2019-05-29",45.48
"2019-05-30",45.049999
"2019-05-31",44.369999
"2019-06-03",44.52
"2019-06-04",45.68
"2019-06-05",45.860001
"2019-06-06",45.919998
"2019-06-07",45.630001
"2019-06-10",46.27
"2019-06-11",46.259998
"2019-06-12",44.91
"2019-06-13",45.290001
"2019-06-14",45.59
"2019-06-17",45.27
"2019-06-18",46.099998
"2019-06-19",45.650002
"2019-06-20",45.860001
"2019-06-21",46.889999
"2019-06-24",46.27
"2019-06-25",46.139999
"2019-06-26",45.799999
"2019-06-27",46.290001
"2019-06-28",47.32
"2019-07-01",47.689999
"2019-07-02",47.23
"2019-07-03",47.66
"2019-07-05",47.77
"2019-07-08",47.529999
"2019-07-09",47.830002
"2019-07-10",47.150002
"2019-07-11",47.139999
"2019-07-12",47.360001
"2019-07-15",46.709999
"2019-07-16",45.299999
"2019-07-17",45.209999
"2019-07-18",45.82
"2019-07-19",46.029999
"2019-07-22",46.48
"2019-07-23",47.200001
"2019-07-24",48.450001
"2019-07-25",48.09
"2019-07-26",49.299999
"2019-07-29",48.279999
"2019-07-30",48.549999
"2019-07-31",48.41
"2019-08-01",47.060001
"2019-08-02",47.439999
"2019-08-05",46.139999
"2019-08-06",46.93
"2019-08-07",45.810001
"2019-08-08",46.400002
"2019-08-09",46.299999
"2019-08-12",45.43
"2019-08-13",45.959999
"2019-08-14",43.970001
"2019-08-15",43.380001
"2019-08-16",44.389999
"2019-08-19",45.25
"2019-08-20",44.68
"2019-08-21",45
"2019-08-22",45.619999
"2019-08-23",44.419998
"2019-08-26",44.98
"2019-08-27",44.75
"2019-08-28",45.470001
"2019-08-29",46.189999
"2019-08-30",46.57
"2019-09-03",46.09
"2019-09-04",46.5
"2019-09-05",47.619999
"2019-09-06",47.150002
"2019-09-09",48.41
"2019-09-10",48.310001
"2019-09-11",48.849998
"2019-09-12",48.650002
"2019-09-13",48.919998
"2019-09-16",48.98
"2019-09-17",48.759998
"2019-09-18",48.93
"2019-09-19",48.91
"2019-09-20",48.630001
"2019-09-23",48.959999
"2019-09-24",48.650002
"2019-09-25",49.259998
"2019-09-26",48.869999
"2019-09-27",50.709999
"2019-09-30",50.439999
"2019-10-01",49.060001
"2019-10-02",48.470001
"2019-10-03",48.48
"2019-10-04",49.209999
"2019-10-07",48.810001
"2019-10-08",47.82
"2019-10-09",48.150002
"2019-10-10",48.650002
"2019-10-11",49.209999
"2019-10-14",49.27
"2019-10-15",50.110001
"2019-10-16",49.59
"2019-10-17",49.610001
"2019-10-18",49.970001
"2019-10-21",50.459999
"2019-10-22",50.619999
"2019-10-23",50.93
"2019-10-24",51.099998
"2019-10-25",51.57
"2019-10-28",51.650002
"2019-10-29",52.169998
"2019-10-30",52.029999
"2019-10-31",51.630001
"2019-11-01",52.18
"2019-11-04",52.720001
"2019-11-05",53.299999
"2019-11-06",53.799999
"2019-11-07",54
"2019-11-08",54.099998
"2019-11-11",54.049999
"2019-11-12",54.220001
"2019-11-13",53.290001
"2019-11-14",53.490002
"2019-11-15",53.799999
"2019-11-18",54
"2019-11-19",54.029999
"2019-11-20",53.540001
"2019-11-21",53.560001
"2019-11-22",54.279999
"2019-11-25",54.209999
"2019-11-26",53.810001
"2019-11-27",54.34
"2019-11-29",54.459999
"2019-12-02",53.619999
"2019-12-03",52.580002
"2019-12-04",53.240002
"2019-12-05",53.23
"2019-12-06",54.369999
"2019-12-09",53.919998
"2019-12-10",53.689999
"2019-12-11",53.169998
"2019-12-12",54.360001
"2019-12-13",53.790001
"2019-12-16",54.220001
"2019-12-17",54.34
"2019-12-18",53.669998
"2019-12-19",53.630001
"2019-12-20",53.330002
"2019-12-23",53.810001
"2019-12-24",53.82
"2019-12-26",54.150002
"2019-12-27",53.919998
"2019-12-30",53.599998
"2019-12-31",53.799999
"2020-01-02",53.75
"2020-01-03",53.419998
"2020-01-06",53.099998
"2020-01-07",52.66
"2020-01-08",52.82
"2020-01-09",52.73
"2020-01-10",52.5
"2020-01-13",52.110001
"2020-01-14",49.299999
"2020-01-15",48.32
"2020-01-16",49.25
"2020-01-17",49.18
"2020-01-21",48.939999
"2020-01-22",48.560001
"2020-01-23",48.220001
"2020-01-24",47.57
"2020-01-27",47.099998
"2020-01-28",47.369999
"2020-01-29",47.27
"2020-01-30",47.91
"2020-01-31",46.939999
"2020-02-03",47.119999
"2020-02-04",47.259998
"2020-02-05",48.310001
"2020-02-06",47.98
"2020-02-07",47.84
"2020-02-10",47.77
"2020-02-11",47.990002
"2020-02-12",47.790001
"2020-02-13",48.119999
"2020-02-14",48.220001
"2020-02-18",46.990002
"2020-02-19",47.09
"2020-02-20",47.34
"2020-02-21",47.700001
"2020-02-24",46.389999
"2020-02-25",45.119999
"2020-02-26",44.139999
"2020-02-27",42.470001
"2020-02-28",40.849998
"2020-03-02",42.259998
"2020-03-03",40.529999
"2020-03-04",41.400002
"2020-03-05",38.900002
"2020-03-06",37.09
"2020-03-09",32.48
"2020-03-10",35.080002
"2020-03-11",32.330002
"2020-03-12",27.200001
"2020-03-13",30.889999
"2020-03-16",26.5
"2020-03-17",29.629999
"2020-03-18",28.120001
"2020-03-19",28.290001
"2020-03-20",26.5
"2020-03-23",25.25
"2020-03-24",28.92
"2020-03-25",28.969999
"2020-03-26",30.9
"2020-03-27",30.280001
"2020-03-30",29.92
"2020-03-31",28.700001
"2020-04-01",26.57
"2020-04-02",27.219999
"2020-04-03",26.23
"2020-04-06",28.629999
"2020-04-07",28.77
"2020-04-08",30.280001
"2020-04-09",33.200001
"2020-04-13",31.43
"2020-04-14",30.18
"2020-04-15",28.440001
"2020-04-16",26.889999
"2020-04-17",28.379999
"2020-04-20",27.68
"2020-04-21",26.84
"2020-04-22",26.799999
"2020-04-23",26.530001
"2020-04-24",26.92
"2020-04-27",28.41
"2020-04-28",28.870001
"2020-04-29",30
"2020-04-30",29.049999
"2020-05-01",27.59
"2020-05-04",27.35
"2020-05-05",26.32
"2020-05-06",25.610001
"2020-05-07",25.23
"2020-05-08",25.43
"2020-05-11",24.780001
"2020-05-12",24.040001
"2020-05-13",22.530001
"2020-05-14",24.059999
"2020-05-15",23.360001
"2020-05-18",25.41
"2020-05-19",23.950001
"2020-05-20",24.52
"2020-05-21",24.459999
"2020-05-22",24.17
"2020-05-26",26.26
"2020-05-27",27.950001
"2020-05-28",27.219999
"2020-05-29",26.469999
"2020-06-01",27.09
"2020-06-02",27.4
"2020-06-03",28.83
"2020-06-04",30.219999
"2020-06-05",31.67
"2020-06-08",33.32
"2020-06-09",32.630001
"2020-06-10",29.709999
"2020-06-11",26.790001
"2020-06-12",27.969999
"2020-06-15",28.209999
"2020-06-16",28.52
"2020-06-17",27.450001
"2020-06-18",27.549999
"2020-06-19",27.6
"2020-06-22",27.35
"2020-06-23",27.23
"2020-06-24",26.120001
"2020-06-25",27.370001
"2020-06-26",25.34
"2020-06-29",25.700001
"2020-06-30",25.6
"2020-07-01",25.09
"2020-07-02",25.34
"2020-07-06",25.49
"2020-07-07",24.459999
"2020-07-08",24.549999
"2020-07-09",24.040001
"2020-07-10",25.469999
"2020-07-13",25.41
"2020-07-14",24.25
"2020-07-15",25.35
"2020-07-16",25.459999
"2020-07-17",24.950001
"2020-07-20",24.57
"2020-07-21",26.200001
"2020-07-22",26.26
"2020-07-23",26.35
"2020-07-24",26.26
"2020-07-27",25.49
"2020-07-28",25.530001
"2020-07-29",25.780001
"2020-07-30",24.65
"2020-07-31",24.26
"2020-08-03",24.290001
"2020-08-04",24.219999
"2020-08-05",24.4
"2020-08-06",24.24
"2020-08-07",25.07
"2020-08-10",24.700001
"2020-08-11",25.32
"2020-08-12",25.190001
"2020-08-13",25.02
"2020-08-14",25.299999
"2020-08-17",24.469999
"2020-08-18",24.040001
"2020-08-19",24.07
"2020-08-20",23.75
"2020-08-21",23.639999
"2020-08-24",24.49
"2020-08-25",24.610001
"2020-08-26",24.040001
"2020-08-27",24.59
"2020-08-28",24.690001
"2020-08-31",24.15
"2020-09-01",24.049999
"2020-09-02",24.57
"2020-09-03",24.52
"2020-09-04",24.790001
"2020-09-08",23.969999
"2020-09-09",23.84
"2020-09-10",23.950001
"2020-09-11",24.27
"2020-09-14",24.809999
"2020-09-15",24.879999
"2020-09-16",25.709999
"2020-09-17",25.110001
"2020-09-18",25.129999
"2020-09-21",24.040001
"2020-09-22",23.65
"2020-09-23",22.83
"2020-09-24",23.32
"2020-09-25",23.639999
"2020-09-28",23.82
"2020-09-29",23.26
"2020-09-30",23.51
"2020-10-01",23.559999
"2020-10-02",23.99
"2020-10-05",24.450001
"2020-10-06",24.18
"2020-10-07",24.809999
"2020-10-08",25.299999
"2020-10-09",25.299999
"2020-10-12",25.68
"2020-10-13",24.74
"2020-10-14",23.25
"2020-10-15",22.950001
"2020-10-16",22.860001
"2020-10-19",22.540001
"2020-10-20",22.809999
"2020-10-21",22.700001
"2020-10-22",23.25
"2020-10-23",23.280001
"2020-10-26",22.700001
"2020-10-27",21.82
"2020-10-28",21.18
"2020-10-29",21.139999
"2020-10-30",21.450001
"2020-11-02",21.9
"2020-11-03",22.09
"2020-11-04",21.879999
"2020-11-05",22.33
"2020-11-06",21.91
"2020-11-09",24.219999
"2020-11-10",24.190001
"2020-11-11",24.190001
"2020-11-12",23.809999
"2020-11-13",24.07
"2020-11-16",24.9
"2020-11-17",25.040001
"2020-11-18",25.059999
"2020-11-19",26.16
"2020-11-20",25.48
"2020-11-23",26.299999
"2020-11-24",28.610001
"2020-11-25",28.59
"2020-11-27",28.459999
"2020-11-30",27.35
"2020-12-01",28.059999
"2020-12-02",28.870001
"2020-12-03",29.16
"2020-12-04",29.549999
"2020-12-07",29.34
"2020-12-08",28.940001
"2020-12-09",29.049999
"2020-12-10",29.49
"2020-12-11",29.08
"2020-12-14",28.639999
"2020-12-15",29.73
"2020-12-16",29.65
"2020-12-17",29.469999
"2020-12-18",29.01
"2020-12-21",29.549999
"2020-12-22",28.959999
"2020-12-23",30.35
"2020-12-24",29.84
"2020-12-28",29.93
"2020-12-29",29.780001
"2020-12-30",29.75
"2020-12-31",30.18
"2021-01-04",29.700001
"2021-01-05",30.530001
"2021-01-06",32.689999
"2021-01-07",33.43
"2021-01-08",33.189999
"2021-01-11",33.240002
"2021-01-12",33.939999
"2021-01-13",33.799999
"2021-01-14",34.75
"2021-01-15",32.040001
"2021-01-19",32.630001
"2021-01-20",32.459999
"2021-01-21",32
"2021-01-22",31.9
"2021-01-25",32.240002
"2021-01-26",31.379999
"2021-01-27",30.17
"2021-01-28",30.809999
"2021-01-29",29.879999
"2021-02-01",29.99
"2021-02-02",30.75
"2021-02-03",31.700001
"2021-02-04",32.66
"2021-02-05",32.560001
"2021-02-08",33.400002
"2021-02-09",33.259998
"2021-02-10",33.200001
"2021-02-11",32.720001
"2021-02-12",33.529999
"2021-02-16",34.790001
"2021-02-17",36.59
"2021-02-18",36.959999
"2021-02-19",37.830002
"2021-02-22",37.259998
"2021-02-23",37.139999
"2021-02-24",38.290001
"2021-02-25",37.560001
"2021-02-26",36.169998
"2021-03-01",37.09
"2021-03-02",37.139999
"2021-03-03",37.689999
"2021-03-04",37.16
"2021-03-05",37.43
"2021-03-08",38.669998
"2021-03-09",38.130001
"2021-03-10",39.580002
