"Index","XOM.Close"
"2010-01-04",69.150002
"2010-01-05",69.419998
"2010-01-06",70.019997
"2010-01-07",69.800003
"2010-01-08",69.519997
"2010-01-11",70.300003
"2010-01-12",69.949997
"2010-01-13",69.669998
"2010-01-14",69.68
"2010-01-15",69.110001
"2010-01-19",69.269997
"2010-01-20",68.029999
"2010-01-21",66.699997
"2010-01-22",66.099998
"2010-01-25",65.849998
"2010-01-26",65.919998
"2010-01-27",65.540001
"2010-01-28",64.959999
"2010-01-29",64.43
"2010-02-01",66.18
"2010-02-02",66.959999
"2010-02-03",66.599998
"2010-02-04",64.720001
"2010-02-05",64.800003
"2010-02-08",64.349998
"2010-02-09",65.199997
"2010-02-10",64.849998
"2010-02-11",65.239998
"2010-02-12",64.800003
"2010-02-16",66.279999
"2010-02-17",65.760002
"2010-02-18",65.959999
"2010-02-19",65.870003
"2010-02-22",65.400002
"2010-02-23",64.940002
"2010-02-24",65.550003
"2010-02-25",65.139999
"2010-02-26",65
"2010-03-01",65.400002
"2010-03-02",65.489998
"2010-03-03",65.43
"2010-03-04",65.400002
"2010-03-05",66.470001
"2010-03-08",66.480003
"2010-03-09",66.779999
"2010-03-10",67.220001
"2010-03-11",67.220001
"2010-03-12",66.800003
"2010-03-15",66.300003
"2010-03-16",66.57
"2010-03-17",67.360001
"2010-03-18",67.389999
"2010-03-19",67.040001
"2010-03-22",66.970001
"2010-03-23",66.949997
"2010-03-24",66.5
"2010-03-25",66.300003
"2010-03-26",66.540001
"2010-03-29",67.300003
"2010-03-30",67.050003
"2010-03-31",66.980003
"2010-04-01",67.610001
"2010-04-05",68.190002
"2010-04-06",67.900002
"2010-04-07",67.339996
"2010-04-08",67.860001
"2010-04-09",68.760002
"2010-04-12",68.709999
"2010-04-13",68.660004
"2010-04-14",68.610001
"2010-04-15",68.260002
"2010-04-16",67.93
"2010-04-19",68.230003
"2010-04-20",68.970001
"2010-04-21",68.919998
"2010-04-22",68.559998
"2010-04-23",69.239998
"2010-04-26",69.290001
"2010-04-27",68.269997
"2010-04-28",69.190002
"2010-04-29",68.660004
"2010-04-30",67.769997
"2010-05-03",67.839996
"2010-05-04",66.470001
"2010-05-05",66.169998
"2010-05-06",63.889999
"2010-05-07",63.700001
"2010-05-10",65.230003
"2010-05-11",64.459999
"2010-05-12",64.910004
"2010-05-13",64.739998
"2010-05-14",63.599998
"2010-05-17",63.27
"2010-05-18",62.790001
"2010-05-19",62.450001
"2010-05-20",60.330002
"2010-05-21",60.880001
"2010-05-24",60.189999
"2010-05-25",59.709999
"2010-05-26",59.310001
"2010-05-27",61.459999
"2010-05-28",60.459999
"2010-06-01",59.25
"2010-06-02",60.77
"2010-06-03",61.560001
"2010-06-04",59.529999
"2010-06-07",59.299999
"2010-06-08",61.240002
"2010-06-09",60.029999
"2010-06-10",61.889999
"2010-06-11",61.860001
"2010-06-14",61.369999
"2010-06-15",62.509998
"2010-06-16",62.509998
"2010-06-17",62.599998
"2010-06-18",63.099998
"2010-06-21",63.130001
"2010-06-22",61.939999
"2010-06-23",61.099998
"2010-06-24",60.07
"2010-06-25",59.099998
"2010-06-28",58.470001
"2010-06-29",57.290001
"2010-06-30",57.07
"2010-07-01",56.610001
"2010-07-02",56.57
"2010-07-06",57.459999
"2010-07-07",58.43
"2010-07-08",58.810001
"2010-07-09",58.779999
"2010-07-12",58.939999
"2010-07-13",59.419998
"2010-07-14",59.259998
"2010-07-15",59.27
"2010-07-16",57.959999
"2010-07-19",58.43
"2010-07-20",58.950001
"2010-07-21",58.169998
"2010-07-22",59.380001
"2010-07-23",59.720001
"2010-07-26",60.389999
"2010-07-27",60.810001
"2010-07-28",60.91
"2010-07-29",60.34
"2010-07-30",59.68
"2010-08-02",61.939999
"2010-08-03",62.720001
"2010-08-04",62.720001
"2010-08-05",62.709999
"2010-08-06",61.970001
"2010-08-09",62.450001
"2010-08-10",61.93
"2010-08-11",60.389999
"2010-08-12",60.23
"2010-08-13",59.91
"2010-08-16",59.880001
"2010-08-17",60.82
"2010-08-18",60.150002
"2010-08-19",59.290001
"2010-08-20",58.889999
"2010-08-23",59.5
"2010-08-24",58.939999
"2010-08-25",58.91
"2010-08-26",58.48
"2010-08-27",59.799999
"2010-08-30",59
"2010-08-31",59.110001
"2010-09-01",60.91
"2010-09-02",61.060001
"2010-09-03",61.32
"2010-09-07",60.549999
"2010-09-08",60.75
"2010-09-09",61.049999
"2010-09-10",61.200001
"2010-09-13",61
"2010-09-14",61.009998
"2010-09-15",61
"2010-09-16",60.970001
"2010-09-17",60.779999
"2010-09-20",61.549999
"2010-09-21",61.540001
"2010-09-22",61.450001
"2010-09-23",61.150002
"2010-09-24",61.75
"2010-09-27",61.709999
"2010-09-28",62.060001
"2010-09-29",61.59
"2010-09-30",61.790001
"2010-10-01",62.540001
"2010-10-04",62.189999
"2010-10-05",63.259998
"2010-10-06",63.939999
"2010-10-07",63.849998
"2010-10-08",64.379997
"2010-10-11",64.550003
"2010-10-12",64.699997
"2010-10-13",65.040001
"2010-10-14",65.300003
"2010-10-15",65.190002
"2010-10-18",66.279999
"2010-10-19",65.120003
"2010-10-20",66.010002
"2010-10-21",66.32
"2010-10-22",66.339996
"2010-10-25",66.199997
"2010-10-26",66.529999
"2010-10-27",65.669998
"2010-10-28",66.220001
"2010-10-29",66.489998
"2010-11-01",66.949997
"2010-11-02",67.839996
"2010-11-03",67.970001
"2010-11-04",69.379997
"2010-11-05",70
"2010-11-08",70.32
"2010-11-09",70.629997
"2010-11-10",71.129997
"2010-11-11",71.830002
"2010-11-12",70.989998
"2010-11-15",70.480003
"2010-11-16",68.940002
"2010-11-17",69.010002
"2010-11-18",70.309998
"2010-11-19",70.540001
"2010-11-22",70.190002
"2010-11-23",68.980003
"2010-11-24",69.879997
"2010-11-26",69.230003
"2010-11-29",69.449997
"2010-11-30",69.559998
"2010-12-01",71.330002
"2010-12-02",71.480003
"2010-12-03",71.190002
"2010-12-06",71.309998
"2010-12-07",71.459999
"2010-12-08",71.849998
"2010-12-09",72
"2010-12-10",72.18
"2010-12-13",72.360001
"2010-12-14",72.18
"2010-12-15",71.849998
"2010-12-16",72.220001
"2010-12-17",72.169998
"2010-12-20",72.220001
"2010-12-21",72.720001
"2010-12-22",72.800003
"2010-12-23",73.199997
"2010-12-27",73.010002
"2010-12-28",73.419998
"2010-12-29",73.370003
"2010-12-30",73.360001
"2010-12-31",73.120003
"2011-01-03",74.550003
"2011-01-04",74.900002
"2011-01-05",74.699997
"2011-01-06",75.18
"2011-01-07",75.589996
"2011-01-10",75.129997
"2011-01-11",75.690002
"2011-01-12",76.580002
"2011-01-13",76.709999
"2011-01-14",77.839996
"2011-01-18",78.709999
"2011-01-19",78.239998
"2011-01-20",77.75
"2011-01-21",78.980003
"2011-01-24",78.589996
"2011-01-25",78.68
"2011-01-26",79.660004
"2011-01-27",79.879997
"2011-01-28",78.989998
"2011-01-31",80.68
"2011-02-01",83.910004
"2011-02-02",83.410004
"2011-02-03",83.440002
"2011-02-04",83.279999
"2011-02-07",83.93
"2011-02-08",82.980003
"2011-02-09",82.550003
"2011-02-10",83.199997
"2011-02-11",82.82
"2011-02-14",84.910004
"2011-02-15",82.970001
"2011-02-16",83.690002
"2011-02-17",83.879997
"2011-02-18",84.5
"2011-02-22",85.440002
"2011-02-23",87.07
"2011-02-24",85.970001
"2011-02-25",85.339996
"2011-02-28",85.529999
"2011-03-01",84.800003
"2011-03-02",85.080002
"2011-03-03",85.82
"2011-03-04",85.080002
"2011-03-07",84.720001
"2011-03-08",84.599998
"2011-03-09",84.379997
"2011-03-10",81.379997
"2011-03-11",82.120003
"2011-03-14",82.379997
"2011-03-15",81.389999
"2011-03-16",79.309998
"2011-03-17",81.160004
"2011-03-18",80.849998
"2011-03-21",82.839996
"2011-03-22",82.559998
"2011-03-23",82.599998
"2011-03-24",82.730003
"2011-03-25",83.620003
"2011-03-28",83.470001
"2011-03-29",83.25
"2011-03-30",84.489998
"2011-03-31",84.129997
"2011-04-01",84.68
"2011-04-04",84.870003
"2011-04-05",85.419998
"2011-04-06",85.18
"2011-04-07",85.760002
"2011-04-08",85.949997
"2011-04-11",85.160004
"2011-04-12",83.18
"2011-04-13",83.160004
"2011-04-14",83.440002
"2011-04-15",84.290001
"2011-04-18",83.099998
"2011-04-19",83.800003
"2011-04-20",85.650002
"2011-04-21",86.360001
"2011-04-25",86.220001
"2011-04-26",87.419998
"2011-04-27",87.779999
"2011-04-28",87.339996
"2011-04-29",87.980003
"2011-05-02",86.970001
"2011-05-03",85.620003
"2011-05-04",84.809998
"2011-05-05",82.620003
"2011-05-06",82.690002
"2011-05-09",83.18
"2011-05-10",83.339996
"2011-05-11",81.120003
"2011-05-12",81.050003
"2011-05-13",80.870003
"2011-05-16",80.239998
"2011-05-17",80.410004
"2011-05-18",81.739998
"2011-05-19",82.330002
"2011-05-20",81.57
"2011-05-23",80.669998
"2011-05-24",81.290001
"2011-05-25",81.959999
"2011-05-26",82.389999
"2011-05-27",82.629997
"2011-05-31",83.470001
"2011-06-01",82.029999
"2011-06-02",81.330002
"2011-06-03",81.18
"2011-06-06",80.290001
"2011-06-07",80
"2011-06-08",80.760002
"2011-06-09",81.18
"2011-06-10",79.779999
"2011-06-13",79.230003
"2011-06-14",80.379997
"2011-06-15",78.660004
"2011-06-16",79.220001
"2011-06-17",79.019997
"2011-06-20",79.709999
"2011-06-21",80.57
"2011-06-22",79.82
"2011-06-23",78.440002
"2011-06-24",76.779999
"2011-06-27",77.919998
"2011-06-28",79.629997
"2011-06-29",80.25
"2011-06-30",81.379997
"2011-07-01",82.010002
"2011-07-05",81.599998
"2011-07-06",81.57
"2011-07-07",82.360001
"2011-07-08",82.419998
"2011-07-11",81.900002
"2011-07-12",81.889999
"2011-07-13",82.480003
"2011-07-14",82.239998
"2011-07-15",83
"2011-07-18",82.650002
"2011-07-19",83.629997
"2011-07-20",83.300003
"2011-07-21",85.019997
"2011-07-22",85.220001
"2011-07-25",84.57
"2011-07-26",84.370003
"2011-07-27",83.309998
"2011-07-28",81.459999
"2011-07-29",79.790001
"2011-08-01",79.599998
"2011-08-02",77.839996
"2011-08-03",77.720001
"2011-08-04",73.839996
"2011-08-05",74.82
"2011-08-08",70.190002
"2011-08-09",71.639999
"2011-08-10",68.029999
"2011-08-11",71.580002
"2011-08-12",72
"2011-08-15",74.290001
"2011-08-16",73.5
"2011-08-17",74.160004
"2011-08-18",70.940002
"2011-08-19",69.800003
"2011-08-22",70.18
"2011-08-23",73.660004
"2011-08-24",73.540001
"2011-08-25",71.769997
"2011-08-26",72.639999
"2011-08-29",74.120003
"2011-08-30",73.910004
"2011-08-31",74.019997
"2011-09-01",73.489998
"2011-09-02",72.139999
"2011-09-06",71.150002
"2011-09-07",73.650002
"2011-09-08",72.82
"2011-09-09",71.010002
"2011-09-12",71.839996
"2011-09-13",71.650002
"2011-09-14",72.639999
"2011-09-15",74.010002
"2011-09-16",74.550003
"2011-09-19",73.699997
"2011-09-20",74.010002
"2011-09-21",71.970001
"2011-09-22",69.239998
"2011-09-23",69.309998
"2011-09-26",71.720001
"2011-09-27",72.910004
"2011-09-28",72.07
"2011-09-29",73.879997
"2011-09-30",72.629997
"2011-10-03",71.150002
"2011-10-04",72.830002
"2011-10-05",73.949997
"2011-10-06",73.889999
"2011-10-07",73.559998
"2011-10-10",76.279999
"2011-10-11",76.269997
"2011-10-12",77.160004
"2011-10-13",76.370003
"2011-10-14",78.110001
"2011-10-17",77.470001
"2011-10-18",78.889999
"2011-10-19",78.43
"2011-10-20",78.709999
"2011-10-21",80.129997
"2011-10-24",80.169998
"2011-10-25",79.440002
"2011-10-26",81.07
"2011-10-27",81.879997
"2011-10-28",81.480003
"2011-10-31",78.089996
"2011-11-01",75.940002
"2011-11-02",77.370003
"2011-11-03",78.860001
"2011-11-04",78.519997
"2011-11-07",79.349998
"2011-11-08",79.760002
"2011-11-09",77.389999
"2011-11-10",78.699997
"2011-11-11",79.720001
"2011-11-14",78.959999
"2011-11-15",79.089996
"2011-11-16",78.25
"2011-11-17",77.860001
"2011-11-18",77.900002
"2011-11-21",76.910004
"2011-11-22",76.029999
"2011-11-23",74.580002
"2011-11-25",73.900002
"2011-11-28",75.839996
"2011-11-29",76.93
"2011-11-30",80.440002
"2011-12-01",79.790001
"2011-12-02",79.790001
"2011-12-05",80.449997
"2011-12-06",80.82
"2011-12-07",81.080002
"2011-12-08",79.870003
"2011-12-09",81.339996
"2011-12-12",80.050003
"2011-12-13",80.529999
"2011-12-14",79.440002
"2011-12-15",80.029999
"2011-12-16",80.160004
"2011-12-19",79.529999
"2011-12-20",82
"2011-12-21",83.120003
"2011-12-22",84.290001
"2011-12-23",85.220001
"2011-12-27",85.279999
"2011-12-28",84.18
"2011-12-29",85.269997
"2011-12-30",84.760002
"2012-01-03",86
"2012-01-04",86.019997
"2012-01-05",85.760002
"2012-01-06",85.120003
"2012-01-09",85.5
"2012-01-10",85.720001
"2012-01-11",85.080002
"2012-01-12",84.739998
"2012-01-13",84.879997
"2012-01-17",85.690002
"2012-01-18",86.449997
"2012-01-19",87.029999
"2012-01-20",87.489998
"2012-01-23",87.470001
"2012-01-24",87.18
"2012-01-25",87.220001
"2012-01-26",86.769997
"2012-01-27",85.830002
"2012-01-30",85.489998
"2012-01-31",83.739998
"2012-02-01",83.970001
"2012-02-02",83.529999
"2012-02-03",84.919998
"2012-02-06",85.75
"2012-02-07",86.339996
"2012-02-08",85.32
"2012-02-09",84.879997
"2012-02-10",83.800003
"2012-02-13",84.419998
"2012-02-14",84.669998
"2012-02-15",84.120003
"2012-02-16",85.410004
"2012-02-17",85.620003
"2012-02-21",86.57
"2012-02-22",86.919998
"2012-02-23",87.019997
"2012-02-24",87.339996
"2012-02-27",87.230003
"2012-02-28",87.139999
"2012-02-29",86.5
"2012-03-01",86.830002
"2012-03-02",86.330002
"2012-03-05",87.010002
"2012-03-06",85.860001
"2012-03-07",85.830002
"2012-03-08",84.830002
"2012-03-09",84.300003
"2012-03-12",85.550003
"2012-03-13",86.860001
"2012-03-14",86.019997
"2012-03-15",86.089996
"2012-03-16",86.440002
"2012-03-19",86.989998
"2012-03-20",86.599998
"2012-03-21",86.010002
"2012-03-22",85.330002
"2012-03-23",85.550003
"2012-03-26",87.029999
"2012-03-27",86.620003
"2012-03-28",85.860001
"2012-03-29",86.080002
"2012-03-30",86.730003
"2012-04-02",87.07
"2012-04-03",85.830002
"2012-04-04",84.980003
"2012-04-05",84.82
"2012-04-09",83.879997
"2012-04-10",82.169998
"2012-04-11",82.699997
"2012-04-12",83.599998
"2012-04-13",82.949997
"2012-04-16",84.010002
"2012-04-17",85.449997
"2012-04-18",85.75
"2012-04-19",85.279999
"2012-04-20",85.300003
"2012-04-23",85.690002
"2012-04-24",86.309998
"2012-04-25",86.849998
"2012-04-26",86.07
"2012-04-27",86.080002
"2012-04-30",86.339996
"2012-05-01",87.040001
"2012-05-02",86.199997
"2012-05-03",85.650002
"2012-05-04",84.57
"2012-05-07",84.480003
"2012-05-08",84.019997
"2012-05-09",83.309998
"2012-05-10",82.839996
"2012-05-11",83.099998
"2012-05-14",82.120003
"2012-05-15",81.790001
"2012-05-16",82.169998
"2012-05-17",81.910004
"2012-05-18",81.470001
"2012-05-21",82.040001
"2012-05-22",81.949997
"2012-05-23",82.040001
"2012-05-24",82.610001
"2012-05-25",82.080002
"2012-05-29",81.93
"2012-05-30",79.790001
"2012-05-31",78.629997
"2012-06-01",77.919998
"2012-06-04",77.830002
"2012-06-05",77.599998
"2012-06-06",80.18
"2012-06-07",80.690002
"2012-06-08",80.839996
"2012-06-11",80.269997
"2012-06-12",81.260002
"2012-06-13",80.629997
"2012-06-14",82.129997
"2012-06-15",83.220001
"2012-06-18",83.110001
"2012-06-19",84.480003
"2012-06-20",84.970001
"2012-06-21",82.110001
"2012-06-22",82.110001
"2012-06-25",81.239998
"2012-06-26",82.400002
"2012-06-27",83.199997
"2012-06-28",83.099998
"2012-06-29",85.57
"2012-07-02",85.339996
"2012-07-03",86.279999
"2012-07-05",85.57
"2012-07-06",84.800003
"2012-07-09",83.650002
"2012-07-10",83.110001
"2012-07-11",84.379997
"2012-07-12",84.120003
"2012-07-13",85.470001
"2012-07-16",85.050003
"2012-07-17",85.730003
"2012-07-18",86.209999
"2012-07-19",86.209999
"2012-07-20",85.949997
"2012-07-23",85.209999
"2012-07-24",84.580002
"2012-07-25",85.239998
"2012-07-26",86.519997
"2012-07-27",87.449997
"2012-07-30",87.559998
"2012-07-31",86.849998
"2012-08-01",86.910004
"2012-08-02",85.879997
"2012-08-03",87.550003
"2012-08-06",87.449997
"2012-08-07",87.919998
"2012-08-08",88.279999
"2012-08-09",88.199997
"2012-08-10",88.440002
"2012-08-13",88.139999
"2012-08-14",88.199997
"2012-08-15",88
"2012-08-16",88.669998
"2012-08-17",88.400002
"2012-08-20",87.949997
"2012-08-21",87.459999
"2012-08-22",87.730003
"2012-08-23",87.309998
"2012-08-24",88.050003
"2012-08-27",87.739998
"2012-08-28",88.099998
"2012-08-29",87.900002
"2012-08-30",87.199997
"2012-08-31",87.300003
"2012-09-04",87.120003
"2012-09-05",87.330002
"2012-09-06",88.989998
"2012-09-07",89.919998
"2012-09-10",89.480003
"2012-09-11",89.620003
"2012-09-12",89.550003
"2012-09-13",91.230003
"2012-09-14",92.300003
"2012-09-17",91.910004
"2012-09-18",91.650002
"2012-09-19",90.57
"2012-09-20",91.519997
"2012-09-21",91.919998
"2012-09-24",91.879997
"2012-09-25",91.739998
"2012-09-26",91.230003
"2012-09-27",91.800003
"2012-09-28",91.449997
"2012-10-01",91.800003
"2012-10-02",91.720001
"2012-10-03",91.699997
"2012-10-04",92.220001
"2012-10-05",92.550003
"2012-10-08",92.68
"2012-10-09",92.129997
"2012-10-10",91.029999
"2012-10-11",91.169998
"2012-10-12",91.029999
"2012-10-15",91.510002
"2012-10-16",92.379997
"2012-10-17",93.389999
"2012-10-18",93.480003
"2012-10-19",92.150002
"2012-10-22",92.190002
"2012-10-23",90.18
"2012-10-24",89.879997
"2012-10-25",90.43
"2012-10-26",90.620003
"2012-10-31",91.169998
"2012-11-01",91.599998
"2012-11-02",90.269997
"2012-11-05",90.629997
"2012-11-06",91.610001
"2012-11-07",88.18
"2012-11-08",87.07
"2012-11-09",87.209999
"2012-11-12",87.32
"2012-11-13",86.470001
"2012-11-14",86.07
"2012-11-15",86.139999
"2012-11-16",86.449997
"2012-11-19",87.669998
"2012-11-20",87.5
"2012-11-21",88.010002
"2012-11-23",89.089996
"2012-11-26",88.620003
"2012-11-27",87.349998
"2012-11-28",88.099998
"2012-11-29",88.120003
"2012-11-30",88.139999
"2012-12-03",87.610001
"2012-12-04",87.190002
"2012-12-05",87.730003
"2012-12-06",88
"2012-12-07",88.599998
"2012-12-10",88.410004
"2012-12-11",88.989998
"2012-12-12",89.449997
"2012-12-13",88.580002
"2012-12-14",88.080002
"2012-12-17",88.870003
"2012-12-18",89.559998
"2012-12-19",88.440002
"2012-12-20",88.889999
"2012-12-21",87.230003
"2012-12-24",86.919998
"2012-12-26",87.07
"2012-12-27",86.860001
"2012-12-28",85.099998
"2012-12-31",86.550003
"2013-01-02",88.709999
"2013-01-03",88.550003
"2013-01-04",88.959999
"2013-01-07",87.93
"2013-01-08",88.480003
"2013-01-09",88.139999
"2013-01-10",89.099998
"2013-01-11",89.610001
"2013-01-14",89.580002
"2013-01-15",89.529999
"2013-01-16",89.470001
"2013-01-17",90.199997
"2013-01-18",90.800003
"2013-01-22",90.919998
"2013-01-23",90.699997
"2013-01-24",91.349998
"2013-01-25",91.730003
"2013-01-28",91.110001
"2013-01-29",91.760002
"2013-01-30",90.669998
"2013-01-31",89.970001
"2013-02-01",90.040001
"2013-02-04",89.150002
"2013-02-05",89.739998
"2013-02-06",89.790001
"2013-02-07",88.25
"2013-02-08",88.610001
"2013-02-11",88.279999
"2013-02-12",88.459999
"2013-02-13",88.669998
"2013-02-14",88.519997
"2013-02-15",88.360001
"2013-02-19",89.32
"2013-02-20",88.970001
"2013-02-21",88.589996
"2013-02-22",89.199997
"2013-02-25",87.699997
"2013-02-26",88.510002
"2013-02-27",89.529999
"2013-02-28",89.550003
"2013-03-01",89.43
"2013-03-04",88.949997
"2013-03-05",89.610001
"2013-03-06",89.559998
"2013-03-07",88.709999
"2013-03-08",88.970001
"2013-03-11",89.160004
"2013-03-12",89.160004
"2013-03-13",89.260002
"2013-03-14",89.830002
"2013-03-15",89.370003
"2013-03-18",88.769997
"2013-03-19",88.580002
"2013-03-20",88.629997
"2013-03-21",88.169998
"2013-03-22",89.290001
"2013-03-25",89.019997
"2013-03-26",90.129997
"2013-03-27",90.580002
"2013-03-28",90.110001
"2013-04-01",90.769997
"2013-04-02",90.580002
"2013-04-03",89.93
"2013-04-04",89.769997
"2013-04-05",89.010002
"2013-04-08",88.599998
"2013-04-09",88.769997
"2013-04-10",88.68
"2013-04-11",89.220001
"2013-04-12",88.989998
"2013-04-15",86.489998
"2013-04-16",86.610001
"2013-04-17",86.080002
"2013-04-18",86.620003
"2013-04-19",87.449997
"2013-04-22",88.089996
"2013-04-23",89.300003
"2013-04-24",89.43
"2013-04-25",88.07
"2013-04-26",88
"2013-04-29",88.209999
"2013-04-30",88.989998
"2013-05-01",87.510002
"2013-05-02",88.629997
"2013-05-03",90.019997
"2013-05-06",90.580002
"2013-05-07",91.150002
"2013-05-08",91.699997
"2013-05-09",91.029999
"2013-05-10",90.139999
"2013-05-13",90.099998
"2013-05-14",91.110001
"2013-05-15",91.239998
"2013-05-16",90.699997
"2013-05-17",91.760002
"2013-05-20",92.519997
"2013-05-21",92.800003
"2013-05-22",92.190002
"2013-05-23",91.790001
"2013-05-24",91.529999
"2013-05-28",92.379997
"2013-05-29",92.080002
"2013-05-30",92.089996
"2013-05-31",90.470001
"2013-06-03",91.459999
"2013-06-04",90.790001
"2013-06-05",89.650002
"2013-06-06",90.230003
"2013-06-07",91.449997
"2013-06-10",91.120003
"2013-06-11",90.459999
"2013-06-12",89.739998
"2013-06-13",91.330002
"2013-06-14",90.580002
"2013-06-17",91.510002
"2013-06-18",91.93
"2013-06-19",91
"2013-06-20",89.050003
"2013-06-21",89.480003
"2013-06-24",88.480003
"2013-06-25",89.110001
"2013-06-26",89.800003
"2013-06-27",90.040001
"2013-06-28",90.349998
"2013-07-01",90.300003
"2013-07-02",90.639999
"2013-07-03",90.690002
"2013-07-05",91.57
"2013-07-08",92.25
"2013-07-09",93.339996
"2013-07-10",92.82
"2013-07-11",93.269997
"2013-07-12",93.400002
"2013-07-15",93.25
"2013-07-16",93.300003
"2013-07-17",93.459999
"2013-07-18",94.379997
"2013-07-19",95.169998
"2013-07-22",94.830002
"2013-07-23",95.199997
"2013-07-24",94.989998
"2013-07-25",94.970001
"2013-07-26",94.790001
"2013-07-29",94.029999
"2013-07-30",93.809998
"2013-07-31",93.75
"2013-08-01",92.730003
"2013-08-02",91.949997
"2013-08-05",91.589996
"2013-08-06",91.470001
"2013-08-07",91.339996
"2013-08-08",91.779999
"2013-08-09",90.720001
"2013-08-12",89.889999
"2013-08-13",89.400002
"2013-08-14",88.949997
"2013-08-15",88.160004
"2013-08-16",87.910004
"2013-08-19",86.919998
"2013-08-20",86.830002
"2013-08-21",86.419998
"2013-08-22",86.980003
"2013-08-23",87.519997
"2013-08-26",87.089996
"2013-08-27",86.82
"2013-08-28",88.839996
"2013-08-29",87.269997
"2013-08-30",87.160004
"2013-09-03",87.150002
"2013-09-04",87.760002
"2013-09-05",87.349998
"2013-09-06",87.25
"2013-09-09",88.040001
"2013-09-10",87.82
"2013-09-11",88.839996
"2013-09-12",87.980003
"2013-09-13",88.400002
"2013-09-16",88.669998
"2013-09-17",88.940002
"2013-09-18",89.580002
"2013-09-19",89.279999
"2013-09-20",88.660004
"2013-09-23",87.75
"2013-09-24",87.360001
"2013-09-25",87.139999
"2013-09-26",87.07
"2013-09-27",86.900002
"2013-09-30",86.040001
"2013-10-01",86
"2013-10-02",86.080002
"2013-10-03",85.5
"2013-10-04",86.32
"2013-10-07",85.900002
"2013-10-08",85.510002
"2013-10-09",85.160004
"2013-10-10",86.040001
"2013-10-11",86.949997
"2013-10-14",87.599998
"2013-10-15",86.790001
"2013-10-16",87.309998
"2013-10-17",87.480003
"2013-10-18",87.550003
"2013-10-21",87.230003
"2013-10-22",87.980003
"2013-10-23",87.610001
"2013-10-24",88.419998
"2013-10-25",87.970001
"2013-10-28",88.230003
"2013-10-29",88.93
"2013-10-30",88.809998
"2013-10-31",89.620003
"2013-11-01",89.82
"2013-11-04",92.099998
"2013-11-05",91.989998
"2013-11-06",93.220001
"2013-11-07",91.959999
"2013-11-08",92.730003
"2013-11-11",92.959999
"2013-11-12",92.669998
"2013-11-13",92.589996
"2013-11-14",93.220001
"2013-11-15",95.269997
"2013-11-18",95.449997
"2013-11-19",95.419998
"2013-11-20",94.68
"2013-11-21",94.690002
"2013-11-22",95.010002
"2013-11-25",95.089996
"2013-11-26",94.269997
"2013-11-27",93.800003
"2013-11-29",93.480003
"2013-12-02",93.519997
"2013-12-03",94.389999
"2013-12-04",94.669998
"2013-12-05",94.129997
"2013-12-06",95.650002
"2013-12-09",95.839996
"2013-12-10",95.709999
"2013-12-11",94.260002
"2013-12-12",95.360001
"2013-12-13",95.309998
"2013-12-16",97.220001
"2013-12-17",96.75
"2013-12-18",99.540001
"2013-12-19",99.43
"2013-12-20",98.68
"2013-12-23",98.510002
"2013-12-24",99.220001
"2013-12-26",100.900002
"2013-12-27",101.510002
"2013-12-30",100.309998
"2013-12-31",101.199997
"2014-01-02",99.75
"2014-01-03",99.510002
"2014-01-06",99.660004
"2014-01-07",101.07
"2014-01-08",100.739998
"2014-01-09",99.760002
"2014-01-10",100.519997
"2014-01-13",98.550003
"2014-01-14",99.120003
"2014-01-15",98.779999
"2014-01-16",98.940002
"2014-01-17",99.160004
"2014-01-21",98.5
"2014-01-22",97.879997
"2014-01-23",96.970001
"2014-01-24",94.849998
"2014-01-27",94.919998
"2014-01-28",95.650002
"2014-01-29",95.110001
"2014-01-30",93.989998
"2014-01-31",92.160004
"2014-02-03",90.050003
"2014-02-04",90.019997
"2014-02-05",89.580002
"2014-02-06",89.800003
"2014-02-07",90.580002
"2014-02-10",89.519997
"2014-02-11",90.839996
"2014-02-12",91.080002
"2014-02-13",91.43
"2014-02-14",94.110001
"2014-02-18",94.07
"2014-02-19",93.949997
"2014-02-20",95.370003
"2014-02-21",95.029999
"2014-02-24",96.440002
"2014-02-25",96.309998
"2014-02-26",95.790001
"2014-02-27",95.839996
"2014-02-28",96.269997
"2014-03-03",95.5
"2014-03-04",96.519997
"2014-03-05",93.800003
"2014-03-06",93.760002
"2014-03-07",94.989998
"2014-03-10",95.5
"2014-03-11",94.010002
"2014-03-12",94.209999
"2014-03-13",93.639999
"2014-03-14",93.470001
"2014-03-17",94.32
"2014-03-18",94.709999
"2014-03-19",93.730003
"2014-03-20",94.580002
"2014-03-21",94.309998
"2014-03-24",94.639999
"2014-03-25",94.910004
"2014-03-26",94.699997
"2014-03-27",96.239998
"2014-03-28",97.699997
"2014-03-31",97.68
"2014-04-01",97.730003
"2014-04-02",97.949997
"2014-04-03",97.93
"2014-04-04",97.360001
"2014-04-07",96.779999
"2014-04-08",97.449997
"2014-04-09",97.330002
"2014-04-10",96.779999
"2014-04-11",96.720001
"2014-04-14",97.860001
"2014-04-15",98.68
"2014-04-16",99.940002
"2014-04-17",100.419998
"2014-04-21",100.93
"2014-04-22",100.370003
"2014-04-23",100.5
"2014-04-24",100.010002
"2014-04-25",100.410004
"2014-04-28",101.169998
"2014-04-29",101.449997
"2014-04-30",102.410004
"2014-05-01",101.410004
"2014-05-02",102.010002
"2014-05-05",102.910004
"2014-05-06",102.669998
"2014-05-07",103.110001
"2014-05-08",102.32
"2014-05-09",101.949997
"2014-05-12",102.230003
"2014-05-13",102.360001
"2014-05-14",102.290001
"2014-05-15",100.779999
"2014-05-16",100.739998
"2014-05-19",100.870003
"2014-05-20",100.669998
"2014-05-21",102.029999
"2014-05-22",101.5
"2014-05-23",101.32
"2014-05-27",101.360001
"2014-05-28",101.059998
"2014-05-29",101.269997
"2014-05-30",100.529999
"2014-06-02",99.940002
"2014-06-03",100.389999
"2014-06-04",100.040001
"2014-06-05",100.550003
"2014-06-06",101.599998
"2014-06-09",101.519997
"2014-06-10",101.459999
"2014-06-11",101.949997
"2014-06-12",101.660004
"2014-06-13",102.650002
"2014-06-16",102.919998
"2014-06-17",102.419998
"2014-06-18",102.730003
"2014-06-19",102.629997
"2014-06-20",103.830002
"2014-06-23",104.379997
"2014-06-24",102.730003
"2014-06-25",102.139999
"2014-06-26",102.029999
"2014-06-27",101.209999
"2014-06-30",100.68
"2014-07-01",101.360001
"2014-07-02",101.57
"2014-07-03",102.589996
"2014-07-07",102.650002
"2014-07-08",102.830002
"2014-07-09",103.550003
"2014-07-10",102.57
"2014-07-11",101.739998
"2014-07-14",102.68
"2014-07-15",102.389999
"2014-07-16",103.769997
"2014-07-17",102.309998
"2014-07-18",102.730003
"2014-07-21",103.080002
"2014-07-22",103.540001
"2014-07-23",104.25
"2014-07-24",104.279999
"2014-07-25",103.18
"2014-07-28",104.370003
"2014-07-29",103.550003
"2014-07-30",103.25
"2014-07-31",98.940002
"2014-08-01",98.800003
"2014-08-04",100.129997
"2014-08-05",98.199997
"2014-08-06",98.980003
"2014-08-07",98.269997
"2014-08-08",99.739998
"2014-08-11",98.730003
"2014-08-12",98.489998
"2014-08-13",99.089996
"2014-08-14",99.089996
"2014-08-15",99.029999
"2014-08-18",99.519997
"2014-08-19",99.489998
"2014-08-20",99.699997
"2014-08-21",99.279999
"2014-08-22",98.5
"2014-08-25",98.75
"2014-08-26",99.639999
"2014-08-27",99.529999
"2014-08-28",99.57
"2014-08-29",99.459999
"2014-09-02",98.489998
"2014-09-03",99.110001
"2014-09-04",98.360001
"2014-09-05",99.260002
"2014-09-08",97.769997
"2014-09-09",97.389999
"2014-09-10",96.809998
"2014-09-11",97.029999
"2014-09-12",95.779999
"2014-09-15",96.290001
"2014-09-16",97.43
"2014-09-17",97.080002
"2014-09-18",96.610001
"2014-09-19",97.120003
"2014-09-22",96.540001
"2014-09-23",96.029999
"2014-09-24",95.82
"2014-09-25",94.25
"2014-09-26",95.43
"2014-09-29",94.43
"2014-09-30",94.050003
"2014-10-01",92.860001
"2014-10-02",93.300003
"2014-10-03",93.919998
"2014-10-06",94.519997
"2014-10-07",93.370003
"2014-10-08",94.610001
"2014-10-09",91.82
"2014-10-10",91.599998
"2014-10-13",90.839996
"2014-10-14",90.550003
"2014-10-15",90.220001
"2014-10-16",90.599998
"2014-10-17",91.209999
"2014-10-20",91.769997
"2014-10-21",93.650002
"2014-10-22",93.129997
"2014-10-23",94.110001
"2014-10-24",94.489998
"2014-10-27",93.709999
"2014-10-28",95.099998
"2014-10-29",94.589996
"2014-10-30",94.449997
"2014-10-31",96.709999
"2014-11-03",95.260002
"2014-11-04",94.519997
"2014-11-05",95.07
"2014-11-06",96.260002
"2014-11-07",96.589996
"2014-11-10",96.279999
"2014-11-11",96.410004
"2014-11-12",95.379997
"2014-11-13",94.660004
"2014-11-14",95.089996
"2014-11-17",95.110001
"2014-11-18",94.870003
"2014-11-19",95.610001
"2014-11-20",95.82
"2014-11-21",96.809998
"2014-11-24",95.720001
"2014-11-25",94.779999
"2014-11-26",94.480003
"2014-11-28",90.540001
"2014-12-01",92.349998
"2014-12-02",94.190002
"2014-12-03",94.949997
"2014-12-04",94.370003
"2014-12-05",93.82
"2014-12-08",91.699997
"2014-12-09",91.379997
"2014-12-10",88.669998
"2014-12-11",89.199997
"2014-12-12",86.599998
"2014-12-15",86.900002
"2014-12-16",86.410004
"2014-12-17",89.019997
"2014-12-18",91.160004
"2014-12-19",93.639999
"2014-12-22",93.330002
"2014-12-23",94.589996
"2014-12-24",93.779999
"2014-12-26",93.209999
"2014-12-29",93.07
"2014-12-30",93.019997
"2014-12-31",92.449997
"2015-01-02",92.830002
"2015-01-05",90.290001
"2015-01-06",89.809998
"2015-01-07",90.720001
"2015-01-08",92.230003
"2015-01-09",92.099998
"2015-01-12",90.330002
"2015-01-13",90
"2015-01-14",89.739998
"2015-01-15",88.959999
"2015-01-16",91.120003
"2015-01-20",91.089996
"2015-01-21",91.870003
"2015-01-22",92.870003
"2015-01-23",90.889999
"2015-01-26",91.760002
"2015-01-27",90.949997
"2015-01-28",87.949997
"2015-01-29",87.580002
"2015-01-30",87.419998
"2015-02-02",89.580002
"2015-02-03",92.25
"2015-02-04",91.459999
"2015-02-05",92.360001
"2015-02-06",91.5
"2015-02-09",91.559998
"2015-02-10",91.010002
"2015-02-11",90.599998
"2015-02-12",92.370003
"2015-02-13",93.370003
"2015-02-17",93.050003
"2015-02-18",91.010002
"2015-02-19",89.440002
"2015-02-20",89.919998
"2015-02-23",89.010002
"2015-02-24",89.419998
"2015-02-25",89.599998
"2015-02-26",88.650002
"2015-02-27",88.540001
"2015-03-02",88.040001
"2015-03-03",87.620003
"2015-03-04",87.18
"2015-03-05",86.739998
"2015-03-06",85.629997
"2015-03-09",85.160004
"2015-03-10",84.260002
"2015-03-11",84.019997
"2015-03-12",84.220001
"2015-03-13",83.870003
"2015-03-16",84.760002
"2015-03-17",84.080002
"2015-03-18",86.07
"2015-03-19",84.410004
"2015-03-20",84.540001
"2015-03-23",85.43
"2015-03-24",84.519997
"2015-03-25",84.860001
"2015-03-26",84.32
"2015-03-27",83.580002
"2015-03-30",85.629997
"2015-03-31",85
"2015-04-01",84.459999
"2015-04-02",84.300003
"2015-04-06",85.129997
"2015-04-07",85.75
"2015-04-08",84.059998
"2015-04-09",84.650002
"2015-04-10",85.559998
"2015-04-13",85.339996
"2015-04-14",86.629997
"2015-04-15",88.080002
"2015-04-16",87.730003
"2015-04-17",86.93
"2015-04-20",87.239998
"2015-04-21",86.879997
"2015-04-22",87.459999
"2015-04-23",87.540001
"2015-04-24",86.970001
"2015-04-27",87.010002
"2015-04-28",87.800003
"2015-04-29",87.870003
"2015-04-30",87.370003
"2015-05-01",88.849998
"2015-05-04",89.110001
"2015-05-05",88.610001
"2015-05-06",88.190002
"2015-05-07",87.599998
"2015-05-08",88.989998
"2015-05-11",86.779999
"2015-05-12",87.019997
"2015-05-13",86.559998
"2015-05-14",86.970001
"2015-05-15",87.349998
"2015-05-18",86.849998
"2015-05-19",86.989998
"2015-05-20",87.129997
"2015-05-21",87.209999
"2015-05-22",86.519997
"2015-05-26",85.349998
"2015-05-27",85.110001
"2015-05-28",85.110001
"2015-05-29",85.199997
"2015-06-01",85.129997
"2015-06-02",85.139999
"2015-06-03",84.949997
"2015-06-04",84.220001
"2015-06-05",84.279999
"2015-06-08",84.849998
"2015-06-09",84.580002
"2015-06-10",85.209999
"2015-06-11",85.089996
"2015-06-12",84.019997
"2015-06-15",83.720001
"2015-06-16",84.68
"2015-06-17",84.730003
"2015-06-18",85.480003
"2015-06-19",85.209999
"2015-06-22",85.169998
"2015-06-23",85.07
"2015-06-24",84.68
"2015-06-25",83.93
"2015-06-26",83.860001
"2015-06-29",82.82
"2015-06-30",83.199997
"2015-07-01",82.370003
"2015-07-02",83.139999
"2015-07-06",82.529999
"2015-07-07",82.870003
"2015-07-08",81.970001
"2015-07-09",81.599998
"2015-07-10",82.220001
"2015-07-13",82.419998
"2015-07-14",83.110001
"2015-07-15",82.760002
"2015-07-16",82.910004
"2015-07-17",82.610001
"2015-07-20",81.760002
"2015-07-21",81.660004
"2015-07-22",81.790001
"2015-07-23",81.139999
"2015-07-24",79.940002
"2015-07-27",79.260002
"2015-07-28",82.480003
"2015-07-29",83.139999
"2015-07-30",83.010002
"2015-07-31",79.209999
"2015-08-03",78.059998
"2015-08-04",77.169998
"2015-08-05",77.169998
"2015-08-06",78.089996
"2015-08-07",76.830002
"2015-08-10",78.75
"2015-08-11",77.489998
"2015-08-12",78.790001
"2015-08-13",78.650002
"2015-08-14",78.360001
"2015-08-17",78.769997
"2015-08-18",77.900002
"2015-08-19",76.230003
"2015-08-20",74.57
"2015-08-21",72.129997
"2015-08-24",68.720001
"2015-08-25",68.709999
"2015-08-26",72.5
"2015-08-27",74.849998
"2015-08-28",75.07
"2015-08-31",75.239998
"2015-09-01",72.080002
"2015-09-02",73.230003
"2015-09-03",73.790001
"2015-09-04",72.459999
"2015-09-08",73.5
"2015-09-09",72
"2015-09-10",72.519997
"2015-09-11",72.690002
"2015-09-14",72.489998
"2015-09-15",72.860001
"2015-09-16",74.300003
"2015-09-17",74.459999
"2015-09-18",72.68
"2015-09-21",73.389999
"2015-09-22",72.739998
"2015-09-23",72.300003
"2015-09-24",72.730003
"2015-09-25",73.230003
"2015-09-28",72.599998
"2015-09-29",72.970001
"2015-09-30",74.349998
"2015-10-01",74.059998
"2015-10-02",75.879997
"2015-10-05",76.809998
"2015-10-06",77.889999
"2015-10-07",79.199997
"2015-10-08",80.029999
"2015-10-09",79.260002
"2015-10-12",79.300003
"2015-10-13",79.160004
"2015-10-14",80.160004
"2015-10-15",81.480003
"2015-10-16",82.480003
"2015-10-19",80.989998
"2015-10-20",80.830002
"2015-10-21",80.209999
"2015-10-22",82.889999
"2015-10-23",82.980003
"2015-10-26",81.220001
"2015-10-27",81.089996
"2015-10-28",82.279999
"2015-10-29",82.230003
"2015-10-30",82.739998
"2015-11-02",85.279999
"2015-11-03",86.849998
"2015-11-04",85.980003
"2015-11-05",84.809998
"2015-11-06",84.470001
"2015-11-09",81.949997
"2015-11-10",82.349998
"2015-11-11",81.620003
"2015-11-12",79.410004
"2015-11-13",78.099998
"2015-11-16",80.900002
"2015-11-17",79.959999
"2015-11-18",80.739998
"2015-11-19",80.300003
"2015-11-20",79.790001
"2015-11-23",80.279999
"2015-11-24",81.879997
"2015-11-25",81.25
"2015-11-27",81.230003
"2015-11-30",81.660004
"2015-12-01",81.889999
"2015-12-02",79.550003
"2015-12-03",78.410004
"2015-12-04",78.860001
"2015-12-07",76.800003
"2015-12-08",74.629997
"2015-12-09",75.629997
"2015-12-10",75.690002
"2015-12-11",74.339996
"2015-12-14",76.029999
"2015-12-15",79.43
"2015-12-16",79.150002
"2015-12-17",77.959999
"2015-12-18",77.279999
"2015-12-21",77.260002
"2015-12-22",77.650002
"2015-12-23",80.190002
"2015-12-24",79.330002
"2015-12-28",78.739998
"2015-12-29",79.160004
"2015-12-30",78.110001
"2015-12-31",77.949997
"2016-01-04",77.459999
"2016-01-05",78.120003
"2016-01-06",77.470001
"2016-01-07",76.230003
"2016-01-08",74.690002
"2016-01-11",73.690002
"2016-01-12",75.199997
"2016-01-13",75.650002
"2016-01-14",79.120003
"2016-01-15",77.580002
"2016-01-19",76.400002
"2016-01-20",73.18
"2016-01-21",74.099998
"2016-01-22",76.57
"2016-01-25",73.980003
"2016-01-26",76.699997
"2016-01-27",75.290001
"2016-01-28",76.989998
"2016-01-29",77.849998
"2016-02-01",76.290001
"2016-02-02",74.589996
"2016-02-03",78.480003
"2016-02-04",79.830002
"2016-02-05",80.080002
"2016-02-08",81.160004
"2016-02-09",80.080002
"2016-02-10",79.349998
"2016-02-11",79.599998
"2016-02-12",81.029999
"2016-02-16",81.220001
"2016-02-17",82
"2016-02-18",82.449997
"2016-02-19",82.5
"2016-02-22",82.389999
"2016-02-23",81.230003
"2016-02-24",81.519997
"2016-02-25",82.010002
"2016-02-26",81.75
"2016-02-29",80.150002
"2016-03-01",81.279999
"2016-03-02",82.699997
"2016-03-03",82.400002
"2016-03-04",82.290001
"2016-03-07",84.459999
"2016-03-08",82.629997
"2016-03-09",82.400002
"2016-03-10",82.18
"2016-03-11",82.190002
"2016-03-14",82.410004
"2016-03-15",82.82
"2016-03-16",82.870003
"2016-03-17",84.099998
"2016-03-18",84.199997
"2016-03-21",83.620003
"2016-03-22",84.120003
"2016-03-23",83.75
"2016-03-24",83.980003
"2016-03-28",84.220001
"2016-03-29",84.529999
"2016-03-30",84.519997
"2016-03-31",83.589996
"2016-04-01",82.959999
"2016-04-04",83.160004
"2016-04-05",82.209999
"2016-04-06",83.309998
"2016-04-07",82.370003
"2016-04-08",83.209999
"2016-04-11",83.32
"2016-04-12",84.349998
"2016-04-13",84.830002
"2016-04-14",85.43
"2016-04-15",84.970001
"2016-04-18",85.779999
"2016-04-19",86.209999
"2016-04-20",86.800003
"2016-04-21",86.790001
"2016-04-22",87.529999
"2016-04-25",87.330002
"2016-04-26",87.629997
"2016-04-27",88.459999
"2016-04-28",88.029999
"2016-04-29",88.400002
"2016-05-02",89.129997
"2016-05-03",88.110001
"2016-05-04",87.940002
"2016-05-05",88.040001
"2016-05-06",88.510002
"2016-05-09",88.57
"2016-05-10",89.989998
"2016-05-11",88.809998
"2016-05-12",89.669998
"2016-05-13",88.660004
"2016-05-16",89.57
"2016-05-17",89.529999
"2016-05-18",89.349998
"2016-05-19",90.110001
"2016-05-20",89.739998
"2016-05-23",89.599998
"2016-05-24",89.669998
"2016-05-25",90.260002
"2016-05-26",89.800003
"2016-05-27",90.010002
"2016-05-31",89.019997
"2016-06-01",89.239998
"2016-06-02",88.529999
"2016-06-03",88.370003
"2016-06-06",89.339996
"2016-06-07",90.709999
"2016-06-08",90.790001
"2016-06-09",90.669998
"2016-06-10",89.980003
"2016-06-13",90.589996
"2016-06-14",90.43
"2016-06-15",90.160004
"2016-06-16",91.220001
"2016-06-17",90.720001
"2016-06-20",91.120003
"2016-06-21",91.529999
"2016-06-22",91.169998
"2016-06-23",91.800003
"2016-06-24",89.389999
"2016-06-27",88.860001
"2016-06-28",90.910004
"2016-06-29",92.459999
"2016-06-30",93.739998
"2016-07-01",93.839996
"2016-07-05",93.019997
"2016-07-06",94.089996
"2016-07-07",92.959999
"2016-07-08",93.540001
"2016-07-11",93.889999
"2016-07-12",94.949997
"2016-07-13",94.879997
"2016-07-14",94.949997
"2016-07-15",95.120003
"2016-07-18",94.82
"2016-07-19",94.470001
"2016-07-20",93.93
"2016-07-21",93.849998
"2016-07-22",94.010002
"2016-07-25",92.199997
"2016-07-26",91.529999
"2016-07-27",90.910004
"2016-07-28",90.199997
"2016-07-29",88.949997
"2016-08-01",85.860001
"2016-08-02",87.040001
"2016-08-03",87.489998
"2016-08-04",87.480003
"2016-08-05",87.559998
"2016-08-08",88.589996
"2016-08-09",88.699997
"2016-08-10",86.410004
"2016-08-11",86.720001
"2016-08-12",87.849998
"2016-08-15",87.809998
"2016-08-16",87.919998
"2016-08-17",88.110001
"2016-08-18",88.910004
"2016-08-19",87.800003
"2016-08-22",87.989998
"2016-08-23",87.720001
"2016-08-24",88.019997
"2016-08-25",87.459999
"2016-08-26",87.269997
"2016-08-29",87.839996
"2016-08-30",87.519997
"2016-08-31",87.139999
"2016-09-01",86.839996
"2016-09-02",87.419998
"2016-09-06",88.57
"2016-09-07",88.239998
"2016-09-08",89.050003
"2016-09-09",86.839996
"2016-09-12",87.290001
"2016-09-13",85.209999
"2016-09-14",84.599998
"2016-09-15",85.080002
"2016-09-16",84.029999
"2016-09-19",83.830002
"2016-09-20",82.540001
"2016-09-21",83.300003
"2016-09-22",83.540001
"2016-09-23",83.449997
"2016-09-26",83.059998
"2016-09-27",83.239998
"2016-09-28",86.900002
"2016-09-29",86.459999
"2016-09-30",87.279999
"2016-10-03",87.050003
"2016-10-04",86.25
"2016-10-05",87
"2016-10-06",87.040001
"2016-10-07",86.739998
"2016-10-10",88.440002
"2016-10-11",87.739998
"2016-10-12",87.129997
"2016-10-13",86.559998
"2016-10-14",86.540001
"2016-10-17",86.540001
"2016-10-18",86.769997
"2016-10-19",87.169998
"2016-10-20",87.209999
"2016-10-21",86.620003
"2016-10-24",86.910004
"2016-10-25",86.720001
"2016-10-26",87.089996
"2016-10-27",86.919998
"2016-10-28",84.779999
"2016-10-31",83.32
"2016-11-01",83.650002
"2016-11-02",83.449997
"2016-11-03",83.660004
"2016-11-04",83.57
"2016-11-07",85.449997
"2016-11-08",85.309998
"2016-11-09",86.25
"2016-11-10",87.050003
"2016-11-11",85.669998
"2016-11-14",85.279999
"2016-11-15",86.82
"2016-11-16",85.75
"2016-11-17",85.230003
"2016-11-18",85.279999
"2016-11-21",86.489998
"2016-11-22",86.68
"2016-11-23",86.919998
"2016-11-25",87.120003
"2016-11-28",86.470001
"2016-11-29",85.900002
"2016-11-30",87.300003
"2016-12-01",87.239998
"2016-12-02",87.040001
"2016-12-05",87.480003
"2016-12-06",87.559998
"2016-12-07",88.07
"2016-12-08",88.32
"2016-12-09",89
"2016-12-12",90.980003
"2016-12-13",92.580002
"2016-12-14",90.580002
"2016-12-15",90.889999
"2016-12-16",91.18
"2016-12-19",90.419998
"2016-12-20",90.43
"2016-12-21",90.279999
"2016-12-22",90.870003
"2016-12-23",90.709999
"2016-12-27",90.75
"2016-12-28",90.300003
"2016-12-29",90.349998
"2016-12-30",90.260002
"2017-01-03",90.889999
"2017-01-04",89.889999
"2017-01-05",88.550003
"2017-01-06",88.5
"2017-01-09",87.040001
"2017-01-10",85.93
"2017-01-11",86.809998
"2017-01-12",86.339996
"2017-01-13",86.349998
"2017-01-17",87.360001
"2017-01-18",86.279999
"2017-01-19",84.730003
"2017-01-20",85.889999
"2017-01-23",84.970001
"2017-01-24",85.089996
"2017-01-25",85.339996
"2017-01-26",85.599998
"2017-01-27",85.510002
"2017-01-30",84.860001
"2017-01-31",83.889999
"2017-02-01",82.940002
"2017-02-02",83.449997
"2017-02-03",83.540001
"2017-02-06",83.309998
"2017-02-07",82.769997
"2017-02-08",81.480003
"2017-02-09",81.839996
"2017-02-10",82.519997
"2017-02-13",83
"2017-02-14",82.82
"2017-02-15",83.160004
"2017-02-16",82.300003
"2017-02-17",81.760002
"2017-02-21",81.889999
"2017-02-22",80.93
"2017-02-23",81.779999
"2017-02-24",81.080002
"2017-02-27",81.540001
"2017-02-28",81.32
"2017-03-01",83.019997
"2017-03-02",83.300003
"2017-03-03",82.459999
"2017-03-06",82.830002
"2017-03-07",82.519997
"2017-03-08",81.029999
"2017-03-09",81.669998
"2017-03-10",81.610001
"2017-03-13",81.419998
"2017-03-14",80.989998
"2017-03-15",82
"2017-03-16",82.07
"2017-03-17",82
"2017-03-20",82
"2017-03-21",81.830002
"2017-03-22",81.760002
"2017-03-23",81.860001
"2017-03-24",81.230003
"2017-03-27",81.25
"2017-03-28",81.839996
"2017-03-29",82.019997
"2017-03-30",83.699997
"2017-03-31",82.010002
"2017-04-03",82.07
"2017-04-04",82.370003
"2017-04-05",82.529999
"2017-04-06",83.010002
"2017-04-07",82.760002
"2017-04-10",83.129997
"2017-04-11",82.839996
"2017-04-12",82.970001
"2017-04-13",81.690002
"2017-04-17",81.580002
"2017-04-18",81.050003
"2017-04-19",80.489998
"2017-04-20",81.010002
"2017-04-21",80.690002
"2017-04-24",81.110001
"2017-04-25",81.730003
"2017-04-26",81.400002
"2017-04-27",81.260002
"2017-04-28",81.650002
"2017-05-01",82.059998
"2017-05-02",82.050003
"2017-05-03",82.699997
"2017-05-04",81.639999
"2017-05-05",82.019997
"2017-05-08",82.889999
"2017-05-09",82.309998
"2017-05-10",81.910004
"2017-05-11",82.610001
"2017-05-12",82.550003
"2017-05-15",82.800003
"2017-05-16",82.550003
"2017-05-17",81.989998
"2017-05-18",81.75
"2017-05-19",81.93
"2017-05-22",82.290001
"2017-05-23",82.580002
"2017-05-24",82.290001
"2017-05-25",81.75
"2017-05-26",81.550003
"2017-05-30",81.099998
"2017-05-31",80.5
"2017-06-01",80.699997
"2017-06-02",79.5
"2017-06-05",80.120003
"2017-06-06",81.209999
"2017-06-07",80.910004
"2017-06-08",80.620003
"2017-06-09",82.129997
"2017-06-12",82.93
"2017-06-13",82.959999
"2017-06-14",82.07
"2017-06-15",82.260002
"2017-06-16",83.489998
"2017-06-19",82.760002
"2017-06-20",82.309998
"2017-06-21",81.440002
"2017-06-22",81.080002
"2017-06-23",81.610001
"2017-06-26",81.239998
"2017-06-27",81.110001
"2017-06-28",81.529999
"2017-06-29",80.699997
"2017-06-30",80.730003
"2017-07-03",82.099998
"2017-07-05",80.849998
"2017-07-06",80.120003
"2017-07-07",80.220001
"2017-07-10",80.160004
"2017-07-11",80.599998
"2017-07-12",80.959999
"2017-07-13",80.970001
"2017-07-14",81.279999
"2017-07-17",80.860001
"2017-07-18",80.599998
"2017-07-19",80.849998
"2017-07-20",80.860001
"2017-07-21",80.120003
"2017-07-24",79.870003
"2017-07-25",80.269997
"2017-07-26",80.370003
"2017-07-27",80.830002
"2017-07-28",79.599998
"2017-07-31",80.040001
"2017-08-01",80.169998
"2017-08-02",80.599998
"2017-08-03",80.489998
"2017-08-04",80.209999
"2017-08-07",80.160004
"2017-08-08",79.959999
"2017-08-09",80.209999
"2017-08-10",78.970001
"2017-08-11",78.209999
"2017-08-14",78.230003
"2017-08-15",78.040001
"2017-08-16",77.470001
"2017-08-17",76.260002
"2017-08-18",76.639999
"2017-08-21",76.379997
"2017-08-22",76.739998
"2017-08-23",76.610001
"2017-08-24",76.330002
"2017-08-25",76.720001
"2017-08-28",76.470001
"2017-08-29",76.449997
"2017-08-30",76.099998
"2017-08-31",76.330002
"2017-09-01",76.57
"2017-09-05",77.18
"2017-09-06",78.779999
"2017-09-07",79.029999
"2017-09-08",78.82
"2017-09-11",79.25
"2017-09-12",79.5
"2017-09-13",79.769997
"2017-09-14",80.089996
"2017-09-15",80.07
"2017-09-18",80.089996
"2017-09-19",80.220001
"2017-09-20",80.550003
"2017-09-21",79.889999
"2017-09-22",79.919998
"2017-09-25",80.980003
"2017-09-26",80.889999
"2017-09-27",81.43
"2017-09-28",82.190002
"2017-09-29",81.980003
"2017-10-02",81.629997
"2017-10-03",81.760002
"2017-10-04",81.790001
"2017-10-05",82.019997
"2017-10-06",81.709999
"2017-10-09",82.029999
"2017-10-10",82.260002
"2017-10-11",82.599998
"2017-10-12",82.43
"2017-10-13",82.410004
"2017-10-16",82.809998
"2017-10-17",82.959999
"2017-10-18",82.760002
"2017-10-19",82.739998
"2017-10-20",83.110001
"2017-10-23",83.239998
"2017-10-24",83.470001
"2017-10-25",83.169998
"2017-10-26",83.470001
"2017-10-27",83.709999
"2017-10-30",83.540001
"2017-10-31",83.349998
"2017-11-01",83.870003
"2017-11-02",83.529999
"2017-11-03",83.18
"2017-11-06",83.75
"2017-11-07",83.580002
"2017-11-08",83.470001
"2017-11-09",83.970001
"2017-11-10",82.940002
"2017-11-13",82.889999
"2017-11-14",82.239998
"2017-11-15",81.209999
"2017-11-16",80.559998
"2017-11-17",80.239998
"2017-11-20",80.550003
"2017-11-21",80.870003
"2017-11-22",81.099998
"2017-11-24",81.419998
"2017-11-27",81.110001
"2017-11-28",81.669998
"2017-11-29",82.269997
"2017-11-30",83.290001
"2017-12-01",83.459999
"2017-12-04",83.57
"2017-12-05",82.889999
"2017-12-06",82.279999
"2017-12-07",82.550003
"2017-12-08",82.660004
"2017-12-11",83.029999
"2017-12-12",82.760002
"2017-12-13",83.120003
"2017-12-14",82.900002
"2017-12-15",83.029999
"2017-12-18",82.940002
"2017-12-19",82.440002
"2017-12-20",82.870003
"2017-12-21",83.849998
"2017-12-22",83.970001
"2017-12-26",83.980003
"2017-12-27",83.900002
"2017-12-28",84.019997
"2017-12-29",83.639999
"2018-01-02",85.029999
"2018-01-03",86.699997
"2018-01-04",86.82
"2018-01-05",86.75
"2018-01-08",87.139999
"2018-01-09",86.769997
"2018-01-10",86.080002
"2018-01-11",86.93
"2018-01-12",87.519997
"2018-01-16",86.970001
"2018-01-17",88
"2018-01-18",87.43
"2018-01-19",87.150002
"2018-01-22",88.25
"2018-01-23",88.300003
"2018-01-24",88.529999
"2018-01-25",88.370003
"2018-01-26",89
"2018-01-29",88.010002
"2018-01-30",86.779999
"2018-01-31",87.300003
"2018-02-01",89.07
"2018-02-02",84.529999
"2018-02-05",79.720001
"2018-02-06",78.349998
"2018-02-07",76.940002
"2018-02-08",76.07
"2018-02-09",75.779999
"2018-02-12",76.419998
"2018-02-13",76.300003
"2018-02-14",76.459999
"2018-02-15",76.209999
"2018-02-16",76.540001
"2018-02-20",75.75
"2018-02-21",74.889999
"2018-02-22",75.860001
"2018-02-23",77.529999
"2018-02-26",78.839996
"2018-02-27",77.5
"2018-02-28",75.739998
"2018-03-01",75.199997
"2018-03-02",75.550003
"2018-03-05",76.269997
"2018-03-06",76.18
"2018-03-07",74.260002
"2018-03-08",74.120003
"2018-03-09",74.559998
"2018-03-12",75.239998
"2018-03-13",74.529999
"2018-03-14",73.599998
"2018-03-15",74.419998
"2018-03-16",75.120003
"2018-03-19",74.150002
"2018-03-20",73.989998
"2018-03-21",75.040001
"2018-03-22",73.5
"2018-03-23",72.889999
"2018-03-26",74
"2018-03-27",73.699997
"2018-03-28",72.809998
"2018-03-29",74.610001
"2018-04-02",73.220001
"2018-04-03",75.019997
"2018-04-04",74.870003
"2018-04-05",76.019997
"2018-04-06",74.870003
"2018-04-09",74.870003
"2018-04-10",77.07
"2018-04-11",77.43
"2018-04-12",77.220001
"2018-04-13",77.839996
"2018-04-16",78.540001
"2018-04-17",78.330002
"2018-04-18",79.220001
"2018-04-19",79.419998
"2018-04-20",79
"2018-04-23",79.57
"2018-04-24",78.349998
"2018-04-25",79.5
"2018-04-26",80.860001
"2018-04-27",77.790001
"2018-04-30",77.75
"2018-05-01",76.949997
"2018-05-02",76.800003
"2018-05-03",76.540001
"2018-05-04",76.900002
"2018-05-07",77.739998
"2018-05-08",78.089996
"2018-05-09",79.93
"2018-05-10",81.720001
"2018-05-11",81.279999
"2018-05-14",81.830002
"2018-05-15",81.790001
"2018-05-16",82.019997
"2018-05-17",81.879997
"2018-05-18",81.300003
"2018-05-21",82.279999
"2018-05-22",81.639999
"2018-05-23",82.150002
"2018-05-24",80.269997
"2018-05-25",78.709999
"2018-05-29",78.419998
"2018-05-30",81.5
"2018-05-31",81.239998
"2018-06-01",81.830002
"2018-06-04",80.970001
"2018-06-05",80.68
"2018-06-06",82.059998
"2018-06-07",82.879997
"2018-06-08",83.599998
"2018-06-11",83.099998
"2018-06-12",82.419998
"2018-06-13",81.510002
"2018-06-14",81.889999
"2018-06-15",80.660004
"2018-06-18",80.82
"2018-06-19",80.699997
"2018-06-20",80.449997
"2018-06-21",79.690002
"2018-06-22",81.379997
"2018-06-25",79.739998
"2018-06-26",80.639999
"2018-06-27",81.709999
"2018-06-28",81.970001
"2018-06-29",82.730003
"2018-07-02",81.760002
"2018-07-03",82.239998
"2018-07-05",82.309998
"2018-07-06",82.330002
"2018-07-09",82.900002
"2018-07-10",83.660004
"2018-07-11",82.589996
"2018-07-12",82.690002
"2018-07-13",83.309998
"2018-07-16",82.489998
"2018-07-17",82.309998
"2018-07-18",82.220001
"2018-07-19",82.010002
"2018-07-20",81.400002
"2018-07-23",81.400002
"2018-07-24",83.010002
"2018-07-25",83.589996
"2018-07-26",84.239998
"2018-07-27",81.919998
"2018-07-30",81.739998
"2018-07-31",81.510002
"2018-08-01",80.389999
"2018-08-02",79.910004
"2018-08-03",80.199997
"2018-08-06",80.18
"2018-08-07",81.269997
"2018-08-08",80.730003
"2018-08-09",80.32
"2018-08-10",79.419998
"2018-08-13",78.559998
"2018-08-14",78.309998
"2018-08-15",76.940002
"2018-08-16",78
"2018-08-17",78.260002
"2018-08-20",78.809998
"2018-08-21",78.830002
"2018-08-22",79.959999
"2018-08-23",79.080002
"2018-08-24",79.620003
"2018-08-27",80.400002
"2018-08-28",80.279999
"2018-08-29",80.860001
"2018-08-30",80.510002
"2018-08-31",80.169998
"2018-09-04",80.290001
"2018-09-05",81.360001
"2018-09-06",80.459999
"2018-09-07",81.830002
"2018-09-10",81.709999
"2018-09-11",82.860001
"2018-09-12",83.129997
"2018-09-13",82.32
"2018-09-14",82.919998
"2018-09-17",83.410004
"2018-09-18",83.629997
"2018-09-19",84.629997
"2018-09-20",84.82
"2018-09-21",85.169998
"2018-09-24",86.599998
"2018-09-25",86.5
"2018-09-26",85.779999
"2018-09-27",85.769997
"2018-09-28",85.019997
"2018-10-01",85.809998
"2018-10-02",86.459999
"2018-10-03",86.150002
"2018-10-04",85.580002
"2018-10-05",85.339996
"2018-10-08",86.129997
"2018-10-09",86.510002
"2018-10-10",84.519997
"2018-10-11",81.599998
"2018-10-12",81.379997
"2018-10-15",80.82
"2018-10-16",81.199997
"2018-10-17",81.5
"2018-10-18",81.849998
"2018-10-19",81.970001
"2018-10-22",81.150002
"2018-10-23",79.839996
"2018-10-24",77.620003
"2018-10-25",78.309998
"2018-10-26",77.529999
"2018-10-29",77.050003
"2018-10-30",78.779999
"2018-10-31",79.68
"2018-11-01",80.669998
"2018-11-02",81.949997
"2018-11-05",81.639999
"2018-11-06",81.989998
"2018-11-07",83.029999
"2018-11-08",81.709999
"2018-11-09",80.870003
"2018-11-12",79.830002
"2018-11-13",78
"2018-11-14",77.389999
"2018-11-15",78.190002
"2018-11-16",78.959999
"2018-11-19",79.220001
"2018-11-20",76.970001
"2018-11-21",77.559998
"2018-11-23",75.489998
"2018-11-26",76.980003
"2018-11-27",77.050003
"2018-11-28",78.449997
"2018-11-29",79.059998
"2018-11-30",79.5
"2018-12-03",81.220001
"2018-12-04",79.43
"2018-12-06",78.389999
"2018-12-07",77.639999
"2018-12-10",76.540001
"2018-12-11",76.68
"2018-12-12",76.019997
"2018-12-13",76.980003
"2018-12-14",75.580002
"2018-12-17",74.040001
"2018-12-18",72
"2018-12-19",70.779999
"2018-12-20",68.629997
"2018-12-21",68.120003
"2018-12-24",65.510002
"2018-12-26",68.639999
"2018-12-27",68.940002
"2018-12-28",68.169998
"2018-12-31",68.190002
"2019-01-02",69.690002
"2019-01-03",68.620003
"2019-01-04",71.150002
"2019-01-07",71.519997
"2019-01-08",72.040001
"2019-01-09",72.419998
"2019-01-10",72.050003
"2019-01-11",71.720001
"2019-01-14",71.629997
"2019-01-15",71.669998
"2019-01-16",71.639999
"2019-01-17",72.129997
"2019-01-18",72.989998
"2019-01-22",71.889999
"2019-01-23",71.300003
"2019-01-24",71.400002
"2019-01-25",71.720001
"2019-01-28",71.239998
"2019-01-29",71.510002
"2019-01-30",72.290001
"2019-01-31",73.279999
"2019-02-01",75.919998
"2019-02-04",74.82
"2019-02-05",75.589996
"2019-02-06",75.260002
"2019-02-07",74.68
"2019-02-08",73.980003
"2019-02-11",74.099998
"2019-02-12",75.400002
"2019-02-13",76.25
"2019-02-14",76.269997
"2019-02-15",77.709999
"2019-02-19",78.230003
"2019-02-20",78.529999
"2019-02-21",77.82
"2019-02-22",78.419998
"2019-02-25",78.5
"2019-02-26",78.660004
"2019-02-27",79.470001
"2019-02-28",79.029999
"2019-03-01",80
"2019-03-04",80.309998
"2019-03-05",80.190002
"2019-03-06",79.279999
"2019-03-07",80.160004
"2019-03-08",79.010002
"2019-03-11",79.779999
"2019-03-12",80
"2019-03-13",80.709999
"2019-03-14",80.440002
"2019-03-15",80.150002
"2019-03-18",81.080002
"2019-03-19",80.870003
"2019-03-20",81.32
"2019-03-21",81.790001
"2019-03-22",80.480003
"2019-03-25",79.919998
"2019-03-26",80.959999
"2019-03-27",80.339996
"2019-03-28",80.739998
"2019-03-29",80.800003
"2019-04-01",81.730003
"2019-04-02",81.379997
"2019-04-03",80.900002
"2019-04-04",82.050003
"2019-04-05",82.489998
"2019-04-08",83
"2019-04-09",81.93
"2019-04-10",81.559998
"2019-04-11",81.949997
"2019-04-12",80.919998
"2019-04-15",80.650002
"2019-04-16",81.199997
"2019-04-17",81.43
"2019-04-18",81.129997
"2019-04-22",82.900002
"2019-04-23",83.379997
"2019-04-24",81.760002
"2019-04-25",82.220001
"2019-04-26",80.489998
"2019-04-29",79.970001
"2019-04-30",80.279999
"2019-05-01",78.669998
"2019-05-02",77.290001
"2019-05-03",77.470001
"2019-05-06",77.129997
"2019-05-07",76.720001
"2019-05-08",76.839996
"2019-05-09",76.769997
"2019-05-10",76.559998
"2019-05-13",75.709999
"2019-05-14",75.809998
"2019-05-15",76.370003
"2019-05-16",76.360001
"2019-05-17",75.910004
"2019-05-20",75.900002
"2019-05-21",76.25
"2019-05-22",75.559998
"2019-05-23",73.790001
"2019-05-24",74.099998
"2019-05-28",72.610001
"2019-05-29",72.160004
"2019-05-30",71.970001
"2019-05-31",70.769997
"2019-06-03",71.879997
"2019-06-04",73.589996
"2019-06-05",72.980003
"2019-06-06",74.309998
"2019-06-07",74.580002
"2019-06-10",74.910004
"2019-06-11",74.839996
"2019-06-12",74.029999
"2019-06-13",74.68
"2019-06-14",74.349998
"2019-06-17",75.089996
"2019-06-18",75.739998
"2019-06-19",75.32
"2019-06-20",76.610001
"2019-06-21",77.690002
"2019-06-24",76.949997
"2019-06-25",76.269997
"2019-06-26",76.599998
"2019-06-27",75.82
"2019-06-28",76.629997
"2019-07-01",76.559998
"2019-07-02",75.720001
"2019-07-03",76.440002
"2019-07-05",76.129997
"2019-07-08",76.480003
"2019-07-09",76.43
"2019-07-10",77.510002
"2019-07-11",77.57
"2019-07-12",77.629997
"2019-07-15",77.080002
"2019-07-16",75.93
"2019-07-17",75.480003
"2019-07-18",74.839996
"2019-07-19",74.989998
"2019-07-22",75.07
"2019-07-23",75.370003
"2019-07-24",75.360001
"2019-07-25",74.93
"2019-07-26",74.809998
"2019-07-29",75.339996
"2019-07-30",75.349998
"2019-07-31",74.360001
"2019-08-01",72.459999
"2019-08-02",71.75
"2019-08-05",70.279999
"2019-08-06",70.959999
"2019-08-07",70.5
"2019-08-08",72.379997
"2019-08-09",70.839996
"2019-08-12",69.629997
"2019-08-13",70.489998
"2019-08-14",67.650002
"2019-08-15",67.25
"2019-08-16",68.300003
"2019-08-19",69.449997
"2019-08-20",69.029999
"2019-08-21",69.720001
"2019-08-22",69.57
"2019-08-23",67.489998
"2019-08-26",67.849998
"2019-08-27",67.190002
"2019-08-28",67.68
"2019-08-29",68.43
"2019-08-30",68.480003
"2019-09-03",68.559998
"2019-09-04",69.290001
"2019-09-05",70.269997
"2019-09-06",70.93
"2019-09-09",71.489998
"2019-09-10",72.07
"2019-09-11",71.93
"2019-09-12",71.980003
"2019-09-13",72.639999
"2019-09-16",73.730003
"2019-09-17",73.169998
"2019-09-18",72.82
"2019-09-19",72.330002
"2019-09-20",72.080002
"2019-09-23",72.129997
"2019-09-24",71.139999
"2019-09-25",71.349998
"2019-09-26",70.970001
"2019-09-27",71.480003
"2019-09-30",70.610001
"2019-10-01",68.949997
"2019-10-02",67.150002
"2019-10-03",67.980003
"2019-10-04",68.970001
"2019-10-07",68.019997
"2019-10-08",66.699997
"2019-10-09",67.440002
"2019-10-10",68.25
"2019-10-11",68.980003
"2019-10-14",69.18
"2019-10-15",69.419998
"2019-10-16",68.230003
"2019-10-17",68.139999
"2019-10-18",67.610001
"2019-10-21",68.739998
"2019-10-22",69.089996
"2019-10-23",69.75
"2019-10-24",69.089996
"2019-10-25",69.25
"2019-10-28",68.639999
"2019-10-29",68.440002
"2019-10-30",67.720001
"2019-10-31",67.57
"2019-11-01",69.599998
"2019-11-04",71.669998
"2019-11-05",73.089996
"2019-11-06",71.489998
"2019-11-07",73.010002
"2019-11-08",70.769997
"2019-11-11",70.339996
"2019-11-12",69.370003
"2019-11-13",68.800003
"2019-11-14",68.5
"2019-11-15",69.190002
"2019-11-18",68.519997
"2019-11-19",67.82
"2019-11-20",68.029999
"2019-11-21",69.669998
"2019-11-22",69.370003
"2019-11-25",68.910004
"2019-11-26",68.739998
"2019-11-27",68.699997
"2019-11-29",68.129997
"2019-12-02",68.419998
"2019-12-03",67.879997
"2019-12-04",68.650002
"2019-12-05",68.410004
"2019-12-06",69.510002
"2019-12-09",69.660004
"2019-12-10",69.059998
"2019-12-11",68.959999
"2019-12-12",70.339996
"2019-12-13",69.230003
"2019-12-16",70
"2019-12-17",69.68
"2019-12-18",69.870003
"2019-12-19",69.389999
"2019-12-20",69.940002
"2019-12-23",70.290001
"2019-12-24",70.019997
"2019-12-26",70.129997
"2019-12-27",69.889999
"2019-12-30",69.480003
"2019-12-31",69.779999
"2020-01-02",70.900002
"2020-01-03",70.330002
"2020-01-06",70.870003
"2020-01-07",70.290001
"2020-01-08",69.230003
"2020-01-09",69.760002
"2020-01-10",69.139999
"2020-01-13",69.800003
"2020-01-14",69.199997
"2020-01-15",69.089996
"2020-01-16",68.82
"2020-01-17",68.559998
"2020-01-21",67.580002
"2020-01-22",67.190002
"2020-01-23",66.769997
"2020-01-24",66.32
"2020-01-27",64.739998
"2020-01-28",64.650002
"2020-01-29",64.110001
"2020-01-30",64.790001
"2020-01-31",62.119999
"2020-02-03",60.73
"2020-02-04",59.970001
"2020-02-05",62.73
"2020-02-06",61.880001
"2020-02-07",61.470001
"2020-02-10",59.959999
"2020-02-11",60.529999
"2020-02-12",61.27
"2020-02-13",60.93
"2020-02-14",60.650002
"2020-02-18",59.880001
"2020-02-19",60.34
"2020-02-20",59.860001
"2020-02-21",59.130001
"2020-02-24",56.360001
"2020-02-25",54.200001
"2020-02-26",53.009998
"2020-02-27",49.82
"2020-02-28",51.439999
"2020-03-02",53.880001
"2020-03-03",51.299999
"2020-03-04",52.419998
"2020-03-05",50.110001
"2020-03-06",47.689999
"2020-03-09",41.860001
"2020-03-10",43.41
"2020-03-11",41.98
"2020-03-12",37.18
"2020-03-13",38.119999
"2020-03-16",34.490002
"2020-03-17",36.810001
"2020-03-18",33.119999
"2020-03-19",34.43
"2020-03-20",32.740002
"2020-03-23",31.450001
"2020-03-24",35.439999
"2020-03-25",37.290001
"2020-03-26",38.82
"2020-03-27",36.950001
"2020-03-30",37.5
"2020-03-31",37.970001
"2020-04-01",37.529999
"2020-04-02",40.400002
"2020-04-03",39.209999
"2020-04-06",40.470001
"2020-04-07",41.240002
"2020-04-08",43.849998
"2020-04-09",43.130001
"2020-04-13",42.759998
"2020-04-14",42.43
"2020-04-15",40.48
"2020-04-16",39.150002
"2020-04-17",43.220001
"2020-04-20",41.18
"2020-04-21",40.959999
"2020-04-22",42.130001
"2020-04-23",43.450001
"2020-04-24",43.73
"2020-04-27",43.939999
"2020-04-28",44.970001
"2020-04-29",47.459999
"2020-04-30",46.470001
"2020-05-01",43.139999
"2020-05-04",44.880001
"2020-05-05",44.830002
"2020-05-06",43.990002
"2020-05-07",44.240002
"2020-05-08",46.18
"2020-05-11",45.740002
"2020-05-12",44.119999
"2020-05-13",41.93
"2020-05-14",42.299999
"2020-05-15",42
"2020-05-18",45.34
"2020-05-19",43.939999
"2020-05-20",45.369999
"2020-05-21",44.560001
"2020-05-22",44.599998
"2020-05-26",45.91
"2020-05-27",46.240002
"2020-05-28",45.040001
"2020-05-29",45.470001
"2020-06-01",46.279999
"2020-06-02",47.310001
"2020-06-03",49.240002
"2020-06-04",49.099998
"2020-06-05",53.080002
"2020-06-08",54.740002
"2020-06-09",53.52
"2020-06-10",50.650002
"2020-06-11",46.18
"2020-06-12",47.169998
"2020-06-15",47.139999
"2020-06-16",48.200001
"2020-06-17",46.630001
"2020-06-18",46.919998
"2020-06-19",45.98
"2020-06-22",46.419998
"2020-06-23",46.700001
"2020-06-24",44.5
"2020-06-25",45.169998
"2020-06-26",43.619999
"2020-06-29",44.32
"2020-06-30",44.720001
"2020-07-01",43.709999
"2020-07-02",44.080002
"2020-07-06",44.389999
"2020-07-07",43.240002
"2020-07-08",43.139999
"2020-07-09",41.360001
"2020-07-10",42.650002
"2020-07-13",42.66
"2020-07-14",44.07
"2020-07-15",44.630001
"2020-07-16",44.279999
"2020-07-17",43.52
"2020-07-20",42.5
"2020-07-21",44.650002
"2020-07-22",43.610001
"2020-07-23",43.700001
"2020-07-24",43.43
"2020-07-27",44.07
"2020-07-28",43.549999
"2020-07-29",44.029999
"2020-07-30",41.869999
"2020-07-31",42.080002
"2020-08-03",42.25
"2020-08-04",43.470001
"2020-08-05",43.849998
"2020-08-06",43.639999
"2020-08-07",43.439999
"2020-08-10",44.509998
"2020-08-11",44.970001
"2020-08-12",44.09
"2020-08-13",43.009998
"2020-08-14",43.200001
"2020-08-17",42.639999
"2020-08-18",42.43
"2020-08-19",41.959999
"2020-08-20",41.32
"2020-08-21",41.009998
"2020-08-24",42.220001
"2020-08-25",40.880001
"2020-08-26",40.009998
"2020-08-27",39.740002
"2020-08-28",40.689999
"2020-08-31",39.939999
"2020-09-01",39.43
"2020-09-02",39.189999
"2020-09-03",39.110001
"2020-09-04",39.080002
"2020-09-08",38.18
"2020-09-09",37.950001
"2020-09-10",37
"2020-09-11",36.900002
"2020-09-14",36.66
"2020-09-15",36.27
"2020-09-16",37.810001
"2020-09-17",37.799999
"2020-09-18",37.189999
"2020-09-21",36.43
"2020-09-22",35.529999
"2020-09-23",34.389999
"2020-09-24",34.32
"2020-09-25",34.639999
"2020-09-28",35.310001
"2020-09-29",34.279999
"2020-09-30",34.330002
"2020-10-01",33.130001
"2020-10-02",32.98
"2020-10-05",33.740002
"2020-10-06",33.389999
"2020-10-07",33.5
"2020-10-08",35.259998
"2020-10-09",34.740002
"2020-10-12",34.630001
"2020-10-13",34.220001
"2020-10-14",34.150002
"2020-10-15",34.450001
"2020-10-16",34.099998
"2020-10-19",33.419998
"2020-10-20",33.700001
"2020-10-21",33.16
"2020-10-22",34.860001
"2020-10-23",34.16
"2020-10-26",33.349998
"2020-10-27",32.82
"2020-10-28",31.57
"2020-10-29",32.970001
"2020-10-30",32.619999
"2020-11-02",33.990002
"2020-11-03",33.41
"2020-11-04",33.23
"2020-11-05",33.169998
"2020-11-06",32.779999
"2020-11-09",36.93
"2020-11-10",36.860001
"2020-11-11",36.48
"2020-11-12",35.23
"2020-11-13",36.080002
"2020-11-16",38.16
"2020-11-17",38.669998
"2020-11-18",37.209999
"2020-11-19",37.400002
"2020-11-20",36.939999
"2020-11-23",39.360001
"2020-11-24",41.98
"2020-11-25",40.810001
"2020-11-27",40.189999
"2020-11-30",38.130001
"2020-12-01",38.5
"2020-12-02",39.939999
"2020-12-03",40.209999
"2020-12-04",41.68
"2020-12-07",40.900002
"2020-12-08",42.240002
"2020-12-09",42.799999
"2020-12-10",44.009998
"2020-12-11",43.799999
"2020-12-14",42.220001
"2020-12-15",43.040001
"2020-12-16",43.700001
"2020-12-17",43.48
"2020-12-18",42.73
"2020-12-21",41.950001
"2020-12-22",41.240002
"2020-12-23",41.77
"2020-12-24",41.599998
"2020-12-28",41.740002
"2020-12-29",41.27
"2020-12-30",41.599998
"2020-12-31",41.220001
"2021-01-04",41.5
"2021-01-05",43.5
"2021-01-06",44.610001
"2021-01-07",44.959999
"2021-01-08",45.459999
"2021-01-11",46.84
"2021-01-12",47.880001
"2021-01-13",48.419998
"2021-01-14",50.310001
"2021-01-15",47.889999
"2021-01-19",48.84
"2021-01-20",49.529999
"2021-01-21",48.110001
"2021-01-22",47.43
"2021-01-25",46.900002
"2021-01-26",45.869999
"2021-01-27",45.349998
"2021-01-28",46.060001
"2021-01-29",44.84
"2021-02-01",44.919998
"2021-02-02",45.630001
"2021-02-03",47.419998
"2021-02-04",48.330002
"2021-02-05",49.950001
"2021-02-08",52.099998
"2021-02-09",50.630001
"2021-02-10",51.119999
"2021-02-11",49.84
"2021-02-12",50.52
"2021-02-16",52.040001
"2021-02-17",52.849998
"2021-02-18",52.02
"2021-02-19",52.369999
"2021-02-22",54.299999
"2021-02-23",55.049999
"2021-02-24",56.700001
"2021-02-25",55.759998
"2021-02-26",54.369999
"2021-03-01",56.400002
"2021-03-02",56.07
"2021-03-03",56.52
"2021-03-04",58.709999
"2021-03-05",60.93
"2021-03-08",60.869999
"2021-03-09",59.93
"2021-03-10",61.77
